slug,url,status,bytes,path
pakistans-groundwater-crisis-policy-lessons-and-a-framework-for-sustainable-resource-use,https://file.pide.org.pk/pdfpideresearch/wp-26-07-pakistans-groundwater-crisis-policy-lessons-and-a-framework-for-sustainable-resource-use.pdf,already_present,2383340,pdfs/2026/08/wp-26-07-pakistans-groundwater-crisis-policy-lessons-and-a-framework-for-sustainable-resource-use.pdf
border-closures-conflict-and-the-trade-of-perishable-goods,https://file.pide.org.pk/pdfpideresearch/pv-71-border-closures-conflict-and-the-trade-of-perishable-goods.pdf,already_present,1782868,pdfs/2026/08/pv-71-border-closures-conflict-and-the-trade-of-perishable-goods.pdf
the-first-cargo,https://file.pide.org.pk/pdfpideresearch/pv-70-the-first-cargo.pdf,already_present,52153849,pdfs/2026/08/pv-70-the-first-cargo.pdf
shrimp-aquaculture-as-pakistans-next-blue-economy-opportunity-lessons-from-dhabeji-farmk,https://file.pide.org.pk/pdfpideresearch/kb-160-shrimp-aquaculture-as-pakistans-next-blue-economy-opportunity-lessons-from-dhabeji-farmk.pdf,already_present,3797322,pdfs/2026/08/kb-160-shrimp-aquaculture-as-pakistans-next-blue-economy-opportunity-lessons-from-dhabeji-farmk.pdf
beyond-raw-exports-capturing-value-from-pakistans-himalayan-pink-salt,https://file.pide.org.pk/pdfpideresearch/pv-69-beyond-raw-exports-capturing-value-from-pakistans-himalayan-pink-salt.pdf,already_present,5205595,pdfs/2026/08/pv-69-beyond-raw-exports-capturing-value-from-pakistans-himalayan-pink-salt.pdf
decoding-joblessness-in-pakistan-a-generational-and-temporal-analysis,https://file.pide.org.pk/pdfpideresearch/wp-26-06-decoding-joblessness-in-pakistan-a-generational-and-temporal-analysis.pdf,already_present,1765607,pdfs/2026/08/wp-26-06-decoding-joblessness-in-pakistan-a-generational-and-temporal-analysis.pdf
completing-pakistans-white-oil-pipeline-backbone-promise-and-risks-of-mtt-wop,https://file.pide.org.pk/pdfpideresearch/kb-159-completing-pakistans-white-oil-pipeline-backbone-promise-and-risks-of-mtt-wop.pdf,already_present,3973969,pdfs/2026/07/kb-159-completing-pakistans-white-oil-pipeline-backbone-promise-and-risks-of-mtt-wop.pdf
an-analysis-of-the-determinants-of-national-savings-and-total-investment-in-pakistan,https://file.pide.org.pk/pdfpideresearch/wp-26-05-an-analysis-of-the-determinants-of-national-savings-and-total-investment-in-pakistan.pdf,already_present,2142200,pdfs/2026/07/wp-26-05-an-analysis-of-the-determinants-of-national-savings-and-total-investment-in-pakistan.pdf
energy-transition-what-it-means-what-the-evidence-shows-and-what-it-implies-for-pakistan,https://file.pide.org.pk/pdfpideresearch/kb-158-energy-transition-what-it-means-what-the-evidence-shows-and-what-it-implies-for-pakistan.pdf,already_present,4083296,pdfs/2026/07/kb-158-energy-transition-what-it-means-what-the-evidence-shows-and-what-it-implies-for-pakistan.pdf
stalled-transitions-constrained-choices-evidence-from-hies-2024-25-and-the-conditions-for-pakistans-demographic-dividend,https://file.pide.org.pk/pdfpideresearch/kb-157-stalled-transitions-constrained-choices.pdf,already_present,1129820,pdfs/2026/07/kb-157-stalled-transitions-constrained-choices.pdf
july-2026-monetary-policy-assessment-market-expectations-macroeconomic-conditions-and-policy-assessment,https://file.pide.org.pk/pdfpideresearch/pv-july-2026-monetary-policy-assessment-market-expectations-macroeconomic-conditions-and-policy-assessment.pdf,already_present,2391702,pdfs/2026/07/pv-july-2026-monetary-policy-assessment-market-expectations-macroeconomic-conditions-and-policy-assessment.pdf
protecting-developing-minds-in-the-digital-age-a-bibliometric-analysis-of-mobile-phone-use-and-child-well-being,https://file.pide.org.pk/pdfpideresearch/kb-156-protecting-developing-minds-in-the-digital-age-a-bibliometric-analysis-of-mobile-phone-use-and-child-well-being.pdf,already_present,9126796,pdfs/2026/07/kb-156-protecting-developing-minds-in-the-digital-age-a-bibliometric-analysis-of-mobile-phone-use-and-child-well-being.pdf
digital-literacy-in-pakistan-the-current-state-and-key-challenges,https://file.pide.org.pk/pdfpideresearch/kb-155-digital-literacy-in-pakistan-the-current-state-and-key-challenges.pdf,already_present,1711126,pdfs/2026/07/kb-155-digital-literacy-in-pakistan-the-current-state-and-key-challenges.pdf
understanding-fake-news-and-its-rise-amid-crisis,https://file.pide.org.pk/pdfpideresearch/kb-154-understanding-fake-news-and-its-rise-amid-crisis.pdf,already_present,13331352,pdfs/2026/07/kb-154-understanding-fake-news-and-its-rise-amid-crisis.pdf
automobile-policy-2026-2031-recommendations-from-pide-research,https://file.pide.org.pk/pdfpideresearch/pv-68-automobile-policy-2026-2031-recommendations-from-pide-research.pdf,already_present,4982059,pdfs/2026/07/pv-68-automobile-policy-2026-2031-recommendations-from-pide-research.pdf
capturing-the-middle-east-recovery,https://file.pide.org.pk/pdfpideresearch/pv-67-capturing-the-middle-east-recovery.pdf,already_present,7586350,pdfs/2026/07/pv-67-capturing-the-middle-east-recovery.pdf
managing-pakistans-rlng-exposure-declining-dispatch-rising-financial-risk,https://file.pide.org.pk/pdfpideresearch/pv-66-managing-pakistans-rlng-exposure-declining-dispatch-rising-financial-risk.pdf,already_present,1628048,pdfs/2026/07/pv-66-managing-pakistans-rlng-exposure-declining-dispatch-rising-financial-risk.pdf
media-coverage-pides-policy-viewpoint-on-mobilising-domestic-savings-a-finance-bill-and-institutional-reform-agenda-for-pakistan,https://file.pide.org.pk/pdfpideinpress/pip-media-coverage-pides-policy-viewpoint-on-mobilising-domestic-savings-a-finance-bill-and-institutional-reform-agenda-for-pakistan.pdf,already_present,1708468,pdfs/2026/06/pip-media-coverage-pides-policy-viewpoint-on-mobilising-domestic-savings-a-finance-bill-and-institutional-reform-agenda-for-pakistan.pdf
media-coverage-pides-policy-viewpoint-on-reforming-minimum-wage-determination-in-pakistan,https://file.pide.org.pk/pdfpideinpress/pip-media-coverage-pides-policy-viewpoint-on-reforming-minimum-wage-determination-in-pakistan.pdf,already_present,975665,pdfs/2026/06/pip-media-coverage-pides-policy-viewpoint-on-reforming-minimum-wage-determination-in-pakistan.pdf
media-coverage-pides-dialogue-on-climate-risk-and-agricultural-output-policy-pathways-for-monsoon-2026-and-beyond,https://file.pide.org.pk/pdfpideinpress/pip-media-coverage-pides-dialogue-on-climate-risk-and-agricultural-output-policy-pathways-for-monsoon-2026-and-beyond.pdf,already_present,1011654,pdfs/2026/06/pip-media-coverage-pides-dialogue-on-climate-risk-and-agricultural-output-policy-pathways-for-monsoon-2026-and-beyond.pdf
work-from-home-wfh-challenges-monitoring-and-shared-responsibility,https://file.pide.org.pk/pdfpideresearch/kb-153-work-from-home-wfh-challenges-monitoring-and-shared-responsibility.pdf,already_present,15621987,pdfs/2026/06/kb-153-work-from-home-wfh-challenges-monitoring-and-shared-responsibility.pdf
from-petrodollar-to-petro-yuan-global-macroeconomic-transformation-and-pakistans-economic-stability,https://file.pide.org.pk/pdfpideresearch/kb-152-from-petrodollar-to-petro-yuan-global-macroeconomic-transformation-and-pakistans-economic-stability.pdf,already_present,1381494,pdfs/2026/06/kb-152-from-petrodollar-to-petro-yuan-global-macroeconomic-transformation-and-pakistans-economic-stability.pdf
june-2026-monetary-policy-assessment,https://file.pide.org.pk/pdfpideresearch/pv-june-2026-monetary-policy-assessment.pdf,already_present,2026780,pdfs/2026/06/pv-june-2026-monetary-policy-assessment.pdf
urban-sprawl-and-haphazard-growth-in-karachi-a-reflection-of-poor-urban-planning,https://file.pide.org.pk/pdfpideresearch/kb-151-urban-sprawl-and-haphazard-growth-in-karachi-a-reflection-of-poor-urban-planning.pdf,already_present,4463674,pdfs/2026/06/kb-151-urban-sprawl-and-haphazard-growth-in-karachi-a-reflection-of-poor-urban-planning.pdf
improving-productivity-of-pakistans-economy,https://file.pide.org.pk/pdfpideresearch/pv-65-Improving-Productivity-of-Pakistans-Economy.pdf,already_present,1754314,pdfs/2026/06/pv-65-Improving-Productivity-of-Pakistans-Economy.pdf
the-policy-need-for-behavioral-analyses-theory-methods-and-nudges,https://file.pide.org.pk/pdfpideresearch/wp-26-04-the-policy-need-for-behavioral-analyses-theory-methods-and-nudges.pdf,already_present,1647889,pdfs/2026/06/wp-26-04-the-policy-need-for-behavioral-analyses-theory-methods-and-nudges.pdf
productivity-in-pakistan-trends-and-determinants,https://file.pide.org.pk/pdfpideresearch/kb-150-productivity-in-pakistan-trends-and-determinants.pdf,already_present,3328242,pdfs/2026/06/kb-150-productivity-in-pakistan-trends-and-determinants.pdf
register-to-earn-formalising-the-individual-through-incentives-the-fastest-runway-to-uraan-pakistans-trillion-dollar-economy,https://file.pide.org.pk/pdfpideresearch/pv-164-register-to-earn-formalising-the-individual-through-incentives-the-fastest-runway-to-uraan-pakistans-trillion-dollar-economy.pdf,already_present,5009105,pdfs/2026/06/pv-164-register-to-earn-formalising-the-individual-through-incentives-the-fastest-runway-to-uraan-pakistans-trillion-dollar-economy.pdf
mobilizing-domestic-savings-a-finance-bill-and-institutional-reform-agenda-for-pakistan,https://file.pide.org.pk/pdfpideresearch/pv-163-mobilizing-domestic-savings-a-finance-bill-and-institutional-reform-agenda-for-pakistan.pdf,already_present,9741733,pdfs/2026/06/pv-163-mobilizing-domestic-savings-a-finance-bill-and-institutional-reform-agenda-for-pakistan.pdf
from-net-metering-to-net-billing-tariff-design-and-distribution-sector-stress-in-pakistan,https://file.pide.org.pk/pdfpideresearch/kb-149-from-net-metering-to-net-billing-tariff-design-and-distribution-sector-stress-in-pakistan.pdf,already_present,3841989,pdfs/2026/06/kb-149-from-net-metering-to-net-billing-tariff-design-and-distribution-sector-stress-in-pakistan.pdf
reforming-minimum-wage-determination-in-pakistan-from-wage-announcements-to-wage-governance,https://file.pide.org.pk/pdfpideresearch/pv-162-reforming-minimum-wage-determination-in-pakistan-from-wage-announcements-to-wage-governance.pdf,already_present,8677782,pdfs/2026/06/pv-162-reforming-minimum-wage-determination-in-pakistan-from-wage-announcements-to-wage-governance.pdf
crisis-at-sea-strengthening-port-transparency-to-safeguard-trade-stability,https://file.pide.org.pk/pdfpideresearch/kb-148-crisis-at-sea-strengthening-port-transparency-to-safeguard-trade-stability.pdf,already_present,4342883,pdfs/2026/06/kb-148-crisis-at-sea-strengthening-port-transparency-to-safeguard-trade-stability.pdf
the-eu-india-fta-and-pakistans-export-competitiveness,https://file.pide.org.pk/pdfpideresearch/kb-147-the-eu-india-fta-and-pakistans-export-competitiveness.pdf,already_present,4602256,pdfs/2026/05/kb-147-the-eu-india-fta-and-pakistans-export-competitiveness.pdf
pakistan-and-the-iran-us-conflict,https://file.pide.org.pk/pdfpideresearch/kb-146-pakistan-and-the-iran-us-conflict.pdf,already_present,1050137,pdfs/2026/05/kb-146-pakistan-and-the-iran-us-conflict.pdf
beyond-the-remittance-shock-domestic-layoffs-and-the-coming-unemployment-crisis,https://file.pide.org.pk/pdfpideresearch/kb-145-beyond-the-remittance-shock-domestic-layoffs-and-the-coming-unemployment-crisis.pdf,already_present,2868674,pdfs/2026/05/kb-145-beyond-the-remittance-shock-domestic-layoffs-and-the-coming-unemployment-crisis.pdf
beyond-the-remittance-shock-domestic-layoffs-and-the-coming-unemployment-crisis,https://www.pacra.com/view/storage/app/PACRA%20Research%20-%20Construction%20-%20Apr%2725_1744627880.pdf,external_citation,0,
why-doesnt-industry-grow-structural-barriers-and-policy-failures,https://file.pide.org.pk/pdfpideresearch/discourse-2026-01-why-doesnt-industry-grow-structural-barriers-and-policy-failures-bidding-document.pdf,already_present,22731860,pdfs/2026/05/discourse-2026-01-why-doesnt-industry-grow-structural-barriers-and-policy-failures-bidding-document.pdf
protection-without-competition-rethinking-industrial-strategy-in-pakistan,https://file.pide.org.pk/pdfpideresearch/discourse-2026-01-01-protection-without-competition-rethinking-industrial-strategy-in-pakistan.pdf,already_present,1070861,pdfs/2026/05/discourse-2026-01-01-protection-without-competition-rethinking-industrial-strategy-in-pakistan.pdf
trade-exports-and-integration-pathways-to-sustainable-economic-growth,https://file.pide.org.pk/pdfpideresearch/discourse-2026-01-02-trade-exports-and-integration-pathways-to-sustainable-economic-growth.pdf,already_present,684334,pdfs/2026/05/discourse-2026-01-02-trade-exports-and-integration-pathways-to-sustainable-economic-growth.pdf
how-does-state-capacity-affect-industrial-performance-in-pakistan,https://file.pide.org.pk/pdfpideresearch/discourse-2026-01-03-how-does-state-capacity-affect-industrial-performance-in-pakistan.pdf,already_present,892843,pdfs/2026/05/discourse-2026-01-03-how-does-state-capacity-affect-industrial-performance-in-pakistan.pdf
does-pakistans-economy-offer-a-level-playing-field,https://file.pide.org.pk/pdfpideresearch/discourse-2026-01-04-does-pakistans-economy-offer-a-level-playing-field.pdf,already_present,1050468,pdfs/2026/05/discourse-2026-01-04-does-pakistans-economy-offer-a-level-playing-field.pdf
does-pakistans-economy-offer-a-level-playing-field,https://cc.gov.pk/assets/images/Downloads/competitionn_act_2010.pdf,external_citation,0,
pakistans-regulatory-quagmire-an-analysis-of-the-world-banks-b-ready-assessment,https://file.pide.org.pk/pdfpideresearch/discourse-2026-01-05-pakistans-regulatory-quagmire-an-analysis-of-the-world-banks-b-ready-assessment.pdf,already_present,482037,pdfs/2026/05/discourse-2026-01-05-pakistans-regulatory-quagmire-an-analysis-of-the-world-banks-b-ready-assessment.pdf
industrial-policy-at-a-crossroads-why-pakistan-must-shift-from-protection-to-comparative-advantage,https://file.pide.org.pk/pdfpideresearch/discourse-2026-01-06-industrial-policy-at-a-crossroads.pdf,already_present,1649951,pdfs/2026/05/discourse-2026-01-06-industrial-policy-at-a-crossroads.pdf
the-industrial-imperative-in-pakistan-choosing-between-a-trading-shop-and-a-global-factory,https://file.pide.org.pk/pdfpideresearch/discourse-2026-01-07-the-industrial-imperative-in-pakistan-choosing-between-a-trading-shop-and-a-global-factory.pdf,already_present,1512271,pdfs/2026/05/discourse-2026-01-07-the-industrial-imperative-in-pakistan-choosing-between-a-trading-shop-and-a-global-factory.pdf
why-pakistani-industry-does-not-upgrade-lessons-from-the-firm-level-evidence,https://file.pide.org.pk/pdfpideresearch/discourse-2026-01-08-why-pakistani-industry-does-not-upgrade-lessons-from-the-firm-level-evidence.pdf,already_present,774263,pdfs/2026/05/discourse-2026-01-08-why-pakistani-industry-does-not-upgrade-lessons-from-the-firm-level-evidence.pdf
greshams-law-of-scholarship-and-the-political-economy-of-rd-in-pakistan,https://file.pide.org.pk/pdfpideresearch/discourse-2026-01-09-greshams-law-of-scholarship-and-the-political-economy-of-rd-in-pakistan.pdf,already_present,1230784,pdfs/2026/05/discourse-2026-01-09-greshams-law-of-scholarship-and-the-political-economy-of-rd-in-pakistan.pdf
greshams-law-of-scholarship-and-the-political-economy-of-rd-in-pakistan,https://www.hec.gov.pk/english/services/faculty/journals/Documents/List%20of%20national%20journals%202024-25.pdf,external_citation,0,
productivity-the-missing-link-in-pakistans-export-ambitions,https://file.pide.org.pk/pdfpideresearch/discourse-2026-01-10-productivity-the-missing-link-in-pakistans-export-ambitions.pdf,already_present,261435,pdfs/2026/05/discourse-2026-01-10-productivity-the-missing-link-in-pakistans-export-ambitions.pdf
when-revenuecracy-out-taxes-export-growth,https://file.pide.org.pk/pdfpideresearch/discourse-2026-01-11-when-revenuecracy-out-taxes-export-growth.pdf,already_present,276927,pdfs/2026/05/discourse-2026-01-11-when-revenuecracy-out-taxes-export-growth.pdf
when-revenuecracy-out-taxes-export-growth,https://download1.fbr.gov.pk/Docs/2024630146346801FinanceAct-2024.pdf,external_citation,0,
when-revenuecracy-out-taxes-export-growth,https://download1.fbr.gov.pk/Docs/2026226162211364IncomeTaxOrdinance2001-Amended-20.02.2026.pdf,external_citation,0,
the-energy-trap-how-pricing-reliability-and-volatility-are-stalling-industrial-expansion,https://file.pide.org.pk/pdfpideresearch/discourse-2026-01-12-the-energy-trap-how-pricing-reliability-and-volatility-are-stalling-industrial-expansion.pdf,already_present,957969,pdfs/2026/05/discourse-2026-01-12-the-energy-trap-how-pricing-reliability-and-volatility-are-stalling-industrial-expansion.pdf
the-energy-trap-how-pricing-reliability-and-volatility-are-stalling-industrial-expansion,https://nepra.org.pk/tariff/Tariff/Ex-WAPDA%20DISCOS/2024/TRF-100%20XWDISCOS%20and%20KE%20REVIEW%20MOTION%20CONSUMER%20END%20TARIFF%2011-07-2024%2010607-26.PDF,external_citation,0,
the-energy-trap-how-pricing-reliability-and-volatility-are-stalling-industrial-expansion,https://www.nepra.org.pk/tariff/Tariff/Notifications/2025/07%20Jul/SRO%201287%20(I)%202025%2018-07-2025.pdf,external_citation,0,
energy-economy-nexus-for-industrialization-in-the-age-of-geopolitical-crisis,https://file.pide.org.pk/pdfpideresearch/discourse-2026-01-13-energy-economy-nexus-for-industrialization-in-the-age-of-geopolitical-crisis.pdf,already_present,3028472,pdfs/2026/05/discourse-2026-01-13-energy-economy-nexus-for-industrialization-in-the-age-of-geopolitical-crisis.pdf
why-does-our-trade-not-grow-how-pakistan-and-vietnam-diverged-in-participation-in-global-value-chains,https://file.pide.org.pk/pdfpideresearch/discourse-2026-01-14-why-does-our-trade-not-grow-how-pakistan-and-vietnam-diverged-in-participation-in-global-value-chains.pdf,already_present,2039305,pdfs/2026/05/discourse-2026-01-14-why-does-our-trade-not-grow-how-pakistan-and-vietnam-diverged-in-participation-in-global-value-chains.pdf
tax-expenditures-in-pakistan-business-facilitation-to-fiscal-burden,https://file.pide.org.pk/pdfpideresearch/discourse-2026-01-15-tax-expenditures-in-pakistan-business-facilitation-to-fiscal-burden.pdf,already_present,2390905,pdfs/2026/05/discourse-2026-01-15-tax-expenditures-in-pakistan-business-facilitation-to-fiscal-burden.pdf
property-rights-and-land-titling-unlocking-the-credit-pipeline-for-industrial-growth-in-pakistan,https://file.pide.org.pk/pdfpideresearch/discourse-2026-01-16-property-rights-and-land-titling-unlocking-the-credit-pipeline-for-industrial-growth-in-pakistan.pdf,already_present,1445064,pdfs/2026/05/discourse-2026-01-16-property-rights-and-land-titling-unlocking-the-credit-pipeline-for-industrial-growth-in-pakistan.pdf
digital-exports-analog-policies-barriers-to-pakistans-services-trade-and-global-integration,https://file.pide.org.pk/pdfpideresearch/discourse-2026-01-17-digital-exports-analog-policies-barriers-to-pakistans-services-trade-and-global-integration.pdf,already_present,1137041,pdfs/2026/05/discourse-2026-01-17-digital-exports-analog-policies-barriers-to-pakistans-services-trade-and-global-integration.pdf
digital-exports-analog-policies-barriers-to-pakistans-services-trade-and-global-integration,https://www.commerce.gov.pk/wp-content/uploads/2024/07/Final-STPF-2020-25.pdf,external_citation,0,
digital-exports-analog-policies-barriers-to-pakistans-services-trade-and-global-integration,https://pakistan.accountabilitylab.org/wp-content/uploads/2024/09/Policy-Brief-21st-Century-Employability-Skills.pdf,external_citation,0,
exploring-the-untapped-potential-of-the-dairy-sector-to-enhance-exports,https://file.pide.org.pk/pdfpideresearch/discourse-2026-01-18-exploring-the-untapped-potential-of-the-dairy-sector-to-enhance-exports.pdf,already_present,1732670,pdfs/2026/05/discourse-2026-01-18-exploring-the-untapped-potential-of-the-dairy-sector-to-enhance-exports.pdf
pakistans-balance-of-payments-constrained-growth-towards-export-led-production,https://file.pide.org.pk/pdfpideresearch/discourse-2026-01-19-pakistans-balance-of-payments-constrained-growth-towards-export-led-production.pdf,already_present,752798,pdfs/2026/05/discourse-2026-01-19-pakistans-balance-of-payments-constrained-growth-towards-export-led-production.pdf
talent-skills-and-competitiveness-where-pakistan-stands-in-gtci-2025,https://file.pide.org.pk/pdfpideresearch/discourse-2026-01-20-talent-skills-and-competitiveness-where-pakistan-stands-in-gtci-2025.pdf,already_present,1480622,pdfs/2026/05/discourse-2026-01-20-talent-skills-and-competitiveness-where-pakistan-stands-in-gtci-2025.pdf
a-dual-migration-strategy-for-pakistan,https://file.pide.org.pk/pdfpideresearch/discourse-2026-01-21-a-dual-migration-strategy-for-pakistan.pdf,already_present,472284,pdfs/2026/05/discourse-2026-01-21-a-dual-migration-strategy-for-pakistan.pdf
industrial-policy-in-pakistan,https://file.pide.org.pk/pdfpideresearch/discourse-2026-01-22-industrial-policy-in-pakistan.pdf,already_present,1849543,pdfs/2026/05/discourse-2026-01-22-industrial-policy-in-pakistan.pdf
media-coverage-pide-seminar-economics-of-war-and-interdependencies-iran-pakistan-and-the-middle-east,https://file.pide.org.pk/pdfpideinpress/pip-media-coverage-pide-seminar-economics-of-war-and-interdependencies-iran-pakistan-and-the-middle-east.pdf,already_present,700185,pdfs/2026/05/pip-media-coverage-pide-seminar-economics-of-war-and-interdependencies-iran-pakistan-and-the-middle-east.pdf
media-coverage-hold-the-policy-rate-at-10-5-percent-on-27-april-2026,https://file.pide.org.pk/pdfpideinpress/pip-media-coverage-hold-the-policy-rate-at-10-5-percent-on-27-april-2026.pdf,already_present,670526,pdfs/2026/05/pip-media-coverage-hold-the-policy-rate-at-10-5-percent-on-27-april-2026.pdf
iran-us-israel-conflict-induced-austerity-measures-in-pakistan-savings-accrued-costs-incurred,https://file.pide.org.pk/pdfpideresearch/pv-61-iran-us-israel-conflict-induced-austerity-measures-in-pakistan-savings-accrued-costs-incurred.pdf,already_present,1591462,pdfs/2026/04/pv-61-iran-us-israel-conflict-induced-austerity-measures-in-pakistan-savings-accrued-costs-incurred.pdf
road-safety-in-pakistan-a-critical-analysis-of-the-national-road-safety-strategy,https://file.pide.org.pk/pdfpideresearch/kb-144-road-safety-in-pakistan-a-critical-analysis-of-the-national-road-safety-strategy.pdf,already_present,2607347,pdfs/2026/04/kb-144-road-safety-in-pakistan-a-critical-analysis-of-the-national-road-safety-strategy.pdf
hold-the-policy-rate-at-10-5-percent-on-27-april-2026-why-war-driven-supply-risks-now-outweigh-the-case-for-further-easing,https://file.pide.org.pk/pdfpideresearch/pv-160-hold-the-policy-rate-at-10-5-percent-on-27-april-2026.pdf,already_present,14356665,pdfs/2026/04/pv-160-hold-the-policy-rate-at-10-5-percent-on-27-april-2026.pdf
shrinking-the-shadow-economy-how-financial-inclusion-can-shrink-the-shadow-economy,https://file.pide.org.pk/pdfpideresearch/kb-143-shrinking-the-shadow-economy-how-financial-inclusion-can-shrink-the-shadow-economy.pdf,already_present,2217495,pdfs/2026/04/kb-143-shrinking-the-shadow-economy-how-financial-inclusion-can-shrink-the-shadow-economy.pdf
pakistan-after-the-ceasefire-gains-vulnerabilities-and-the-policy-agenda,https://file.pide.org.pk/pdfpideresearch/pv-59-pakistan-after-the-ceasefire-gains-vulnerabilities-and-the-policy-agenda.pdf,already_present,4974842,pdfs/2026/04/pv-59-pakistan-after-the-ceasefire-gains-vulnerabilities-and-the-policy-agenda.pdf
a-critical-path-to-fiscal-federalism-policy-imperatives-for-the-nfc-award-remake,https://file.pide.org.pk/pdfpideresearch/wp-26-03-a-critical-path-to-fiscal-federalism-policy-imperatives-for-the-nfc-award-remake.pdf,already_present,1967944,pdfs/2026/04/wp-26-03-a-critical-path-to-fiscal-federalism-policy-imperatives-for-the-nfc-award-remake.pdf
capitalizing-on-conflict-reimagining-the-ports-of-pakistan-amid-gulf-war,https://file.pide.org.pk/pdfpideresearch/pv-58-capitalizing-on-conflict-reimagining-the-ports-of-pakistan-amid-gulf-war.pdf,already_present,26465382,pdfs/2026/04/pv-58-capitalizing-on-conflict-reimagining-the-ports-of-pakistan-amid-gulf-war.pdf
from-the-strait-of-hormuz-to-the-psx-what-the-iran-israel-war-reveals-about-pakistans-economic-vulnerability,https://file.pide.org.pk/pdfpideresearch/pv-57-from-the-strait-of-hormuz-to-the-psx.pdf,already_present,4601053,pdfs/2026/04/pv-57-from-the-strait-of-hormuz-to-the-psx.pdf
balochistans-skills-gap-and-cpec-job-potential-a-human-capital-assessment,https://file.pide.org.pk/pdfpideresearch/kb-142-balochistans-skills-gap-and-cpec-job-potential-a-human-capital-assessment.pdf,already_present,4775689,pdfs/2026/04/kb-142-balochistans-skills-gap-and-cpec-job-potential-a-human-capital-assessment.pdf
media-coverage-world-oil-price-volatility-middle-east-geopolitics-and-pakistans-inflation-dynamics,https://file.pide.org.pk/pdfpideinpress/pip-media-coverage-world-oil-price-volatility.pdf,already_present,563953,pdfs/2026/04/pip-media-coverage-world-oil-price-volatility.pdf
media-coverage-what-happens-when-women-suddenly-stop-receiving-cash-transfers,https://file.pide.org.pk/pdfpideinpress/pip-media-coverage-what-happens-when-women-suddenly-stop-receiving-cash-transfers.pdf,already_present,134002,pdfs/2026/04/pip-media-coverage-what-happens-when-women-suddenly-stop-receiving-cash-transfers.pdf
media-coverage-pakistans-exposure-to-a-strait-of-hormuz-shock,https://file.pide.org.pk/pdfpideinpress/pip-media-coverage-pakistans-exposure-to-a-strait-of-hormuz-shock.pdf,already_present,192293,pdfs/2026/04/pip-media-coverage-pakistans-exposure-to-a-strait-of-hormuz-shock.pdf
media-coverage-the-middle-east-crisis-impact-on-pakistans-trade,https://file.pide.org.pk/pdfpideinpress/pip-media-coverage-middle-east-crise-impact-on-pakistans-trade.pdf,already_present,566360,pdfs/2026/04/pip-media-coverage-middle-east-crise-impact-on-pakistans-trade.pdf
media-coverage-the-middle-east-conflict-and-its-implications-for-pakistani-migrant-workers,https://file.pide.org.pk/pdfpideinpress/pip-media-coverage-middle-east-conflict.pdf,already_present,945977,pdfs/2026/04/pip-media-coverage-middle-east-conflict.pdf
media-coverage-managing-oil-shocks-pakistans-fiscal-risks-and-policy-choices,https://file.pide.org.pk/pdfpideinpress/pip-media-coverage-managing-oil-shocks.pdf,already_present,833649,pdfs/2026/04/pip-media-coverage-managing-oil-shocks.pdf
media-coverage-economic-fallout-the-eu-india-free-trade-agreement-and-pakistans-trade-vulnerability,https://file.pide.org.pk/pdfpideinpress/pip-media-coverage-economic-fallout.pdf,already_present,512348,pdfs/2026/04/pip-media-coverage-economic-fallout.pdf
anthropology-in-or-of-development-on-tracing-pragmatic-relevance-of-anthropology-in-development-studies,https://file.pide.org.pk/pdfpideresearch/kb-141-anthropology-in-or-of-development-on-tracing-pragmatic-relevance-of-anthropology-in-development-studies.pdf,already_present,4749257,pdfs/2026/03/kb-141-anthropology-in-or-of-development-on-tracing-pragmatic-relevance-of-anthropology-in-development-studies.pdf
the-middle-east-crisis-impact-on-pakistans-trade,https://file.pide.org.pk/pdfpideresearch/pv-56-the-middle-east-crisis-impact-on-pakistans-trade.pdf,already_present,3286245,pdfs/2026/03/pv-56-the-middle-east-crisis-impact-on-pakistans-trade.pdf
the-middle-east-crisis-impact-on-pakistans-trade,https://file.pide.org.pk/uploads/https://file.pide.org.pk/pdfpideresearch/pv-56-the-middle-east-crisis-impact-on-pakistans-trade.pdf,already_present,3286245,pdfs/2026/03/pv-56-the-middle-east-crisis-impact-on-pakistans-trade.pdf
managing-oil-shocks-pakistans-fiscal-risks-and-policy-choices,https://file.pide.org.pk/pdfpideresearch/pv-55-managing-oil-shocks-pakistans-fiscal-risks-and-policy-choices.pdf,already_present,10771393,pdfs/2026/03/pv-55-managing-oil-shocks-pakistans-fiscal-risks-and-policy-choices.pdf
the-middle-east-conflict-and-its-implications-for-pakistani-migrant-workers,https://file.pide.org.pk/pdfpideresearch/pv-54-the-middle-east-conflict-and-its-implications-for-pakistani-migrant-workers.pdf,already_present,853172,pdfs/2026/03/pv-54-the-middle-east-conflict-and-its-implications-for-pakistani-migrant-workers.pdf
pakistans-exposure-to-a-strait-of-hormuz-shock-fuel-pricing-inflation-and-external-vulnerability,https://file.pide.org.pk/pdfpideresearch/wp-26-02-pakistans-exposure-to-a-strait-of-hormuz-shock-fuel-pricing-inflation-and-external-vulnerability.pdf,already_present,1685933,pdfs/2026/03/wp-26-02-pakistans-exposure-to-a-strait-of-hormuz-shock-fuel-pricing-inflation-and-external-vulnerability.pdf
world-oil-price-volatility-middle-east-geopolitics-and-pakistans-in%ef%ac%82ation-dynamics,https://file.pide.org.pk/pdfpideresearch/pv-53-world-oil-price-volatility-middle-east-geopolitics-and-pakistans-inflation-dynamics.pdf,already_present,2942044,pdfs/2026/03/pv-53-world-oil-price-volatility-middle-east-geopolitics-and-pakistans-inflation-dynamics.pdf
media-coverage-pide-x-ecp-mou-signing-ceremony,https://file.pide.org.pk/pdfpideresearch/media-coverage-pide-x-ecp-mou-signing-ceremony.pdf,already_present,630253,pdfs/2026/03/media-coverage-pide-x-ecp-mou-signing-ceremony.pdf
economic-fallout-the-eu-india-free-trade-agreement-and-pakistans-trade-vulnerability,https://file.pide.org.pk/pdfpideresearch/pv-52-economic-fallout-the-eu-india-free-trade-agreement-and-pakistans-trade-vulnerability.pdf,already_present,10266684,pdfs/2026/02/pv-52-economic-fallout-the-eu-india-free-trade-agreement-and-pakistans-trade-vulnerability.pdf
the-landscape-of-ai-in-education-and-research-knowledge-users-perspectives,https://file.pide.org.pk/pdfpideresearch/wp-26-01-the-landscape-of-ai-in-education-and-research-knowledge-users-perspectives.pdf,already_present,1969928,pdfs/2026/02/wp-26-01-the-landscape-of-ai-in-education-and-research-knowledge-users-perspectives.pdf
unlocking-asean-through-vietnam-a-strategic-path-for-pakistans-trade-diversification,https://file.pide.org.pk/pdfpideresearch/kb-140-unlocking-asean-through-vietnam-a-strategic-path-for-pakistans-trade-diversification.pdf,already_present,1076518,pdfs/2026/02/kb-140-unlocking-asean-through-vietnam-a-strategic-path-for-pakistans-trade-diversification.pdf
e-governance-in-pakistan-where-pakistan-stands-and-where-it-can-go,https://file.pide.org.pk/pdfpideresearch/kb-139-e-governance-in-pakistan-where-pakistan-stands-and-where-it-can-go.pdf,already_present,4965706,pdfs/2026/01/kb-139-e-governance-in-pakistan-where-pakistan-stands-and-where-it-can-go.pdf
e-governance-in-pakistan-where-pakistan-stands-and-where-it-can-go,http://www.adb.org/sites/default/ﬁles/publication/1067316/pakistan-digital-ecosystem-diagnostic-report.pdf,external_citation,0,
reclaiming-the-flow-a-new-urban-water-vision-for-pakistan,https://file.pide.org.pk/pdfpideresearch/kb-138-reclaiming-the-flow-a-new-urban-water-vision-for-pakistan.pdf,already_present,2914411,pdfs/2026/01/kb-138-reclaiming-the-flow-a-new-urban-water-vision-for-pakistan.pdf
media-coverage-53rd-csa-probationers-visit-to-pide,https://file.pide.org.pk/pdfpideinpress/pip-media-coverage-53rd-csa-probationers-visit-to-pide.pdf,already_present,470792,pdfs/2026/01/pip-media-coverage-53rd-csa-probationers-visit-to-pide.pdf
media-coverage-seminar-on-urbanization,https://file.pide.org.pk/pdfpideinpress/pip-media-coverage-seminar-on-urbanization.pdf,already_present,758056,pdfs/2026/01/pip-media-coverage-seminar-on-urbanization.pdf
media-coverage-whose-interest-conflicts-with-the-invisible-hand,https://file.pide.org.pk/pdfpideinpress/pip-media-coverage-whose-interest-conflicts-with-the-invisible-hand.pdf,already_present,252948,pdfs/2026/01/pip-media-coverage-whose-interest-conflicts-with-the-invisible-hand.pdf
media-coverage-national-housing-policy,https://file.pide.org.pk/pdfpideinpress/pip-media-coverage-national-housing-policy.pdf,already_present,556037,pdfs/2026/01/pip-media-coverage-national-housing-policy.pdf
media-coverage-pakistans-fisheries-and-aquaculture-policy-2025-2035,https://file.pide.org.pk/pdfpideinpress/pip-media-coverage-pakistans-fisheries-and-aquaculture-policy-2025-2035.pdf,already_present,491180,pdfs/2026/01/pip-media-coverage-pakistans-fisheries-and-aquaculture-policy-2025-2035.pdf
rasta-local-research-local-solutions-political-governance-volume-xxvi,https://file.pide.org.pk/pdfpideresearch/book-rasta-local-research-local-solutions-political-governance-volume-xxvi.pdf,already_present,10423758,pdfs/2026/01/book-rasta-local-research-local-solutions-political-governance-volume-xxvi.pdf
rasta-local-research-local-solutions-sustainable-development-volume-xxv,https://file.pide.org.pk/pdfpideresearch/book-rasta-local-research-local-solutions-sustainable-development-volume-xxv.pdf,already_present,14669410,pdfs/2026/01/book-rasta-local-research-local-solutions-sustainable-development-volume-xxv.pdf
rasta-local-research-local-solutions-human-capital-and-opportunities-volume-xxiv,https://file.pide.org.pk/pdfpideresearch/book-rasta-local-research-local-solutions-human-capital-and-opportunities-volume-xxiv.pdf,already_present,13996682,pdfs/2026/01/book-rasta-local-research-local-solutions-human-capital-and-opportunities-volume-xxiv.pdf
rasta-local-research-local-solutions-sludge-and-development-volume-xxiii,https://file.pide.org.pk/pdfpideresearch/book-rasta-local-research-local-solutions-sludge-and-development-volume-xxiii.pdf,already_present,23855383,pdfs/2026/01/book-rasta-local-research-local-solutions-sludge-and-development-volume-xxiii.pdf
rasta-local-research-local-solutions-fiscal-management-volume-xxii,https://file.pide.org.pk/pdfpideresearch/book-rasta-local-research-local-solutions-fiscal-management-volume-xxii.pdf,already_present,9787705,pdfs/2026/01/book-rasta-local-research-local-solutions-fiscal-management-volume-xxii.pdf
rasta-local-research-local-solutions-tech-for-competition-and-growth-volume-xxi,https://file.pide.org.pk/pdfpideresearch/book-rasta-local-research-local-solutions-tech-for-competition-and-growth-volume-xxi.pdf,already_present,34644887,pdfs/2026/01/book-rasta-local-research-local-solutions-tech-for-competition-and-growth-volume-xxi.pdf
cop-and-climate-change-pakistans-road-to-resilience,https://file.pide.org.pk/pdfpideresearch/discourse-2025-04-cop-and-climate-change-pakistans-road-to-resilience.pdf,already_present,4927555,pdfs/2026/01/discourse-2025-04-cop-and-climate-change-pakistans-road-to-resilience.pdf
cop-and-climate-change-pakistans-road-to-resilience,https://file.pide.org.pk/pdfpideresearch/discourse-2025-04-cop-and-climate-change-pakistans-road-to-resilience-high-resolution.pdf,already_present,392666153,pdfs/2026/01/discourse-2025-04-cop-and-climate-change-pakistans-road-to-resilience-high-resolution.pdf
navigating-asymmetrical-climate-vulnerabilities,https://file.pide.org.pk/pdfpideresearch/discourse-2025-04-01-navigating-asymmetrical-climate-vulnerabilities.pdf,already_present,338833,pdfs/2026/01/discourse-2025-04-01-navigating-asymmetrical-climate-vulnerabilities.pdf
leading-through-crisis-an-exclusive-interview-with-chairman-ndma-lieutenant,https://file.pide.org.pk/pdfpideresearch/discourse-2025-04-02-leading-through-crisis-an-exclusive-interview-with-chairman-ndma-lieutenant-general-inam-haider-malik.pdf,already_present,642624,pdfs/2026/01/discourse-2025-04-02-leading-through-crisis-an-exclusive-interview-with-chairman-ndma-lieutenant-general-inam-haider-malik.pdf
parametric-insurance-transforming-the-insurance-landscape-in-pakistan,https://file.pide.org.pk/pdfpideresearch/discourse-2025-04-03-parametric-insurance-transforming-the-insurance-landscape-in-pakistan.pdf,already_present,10237560,pdfs/2026/01/discourse-2025-04-03-parametric-insurance-transforming-the-insurance-landscape-in-pakistan.pdf
whats-new-at-cop30-and-how-developing-countries-especially-pakistan-can-negotiate-more-efficiently,https://file.pide.org.pk/pdfpideresearch/discourse-2025-04-04-whats-new-at-cop30-and-how-developing-countries-especially-pakistan-can-negotiate-more-efficiently.pdf,already_present,715545,pdfs/2026/01/discourse-2025-04-04-whats-new-at-cop30-and-how-developing-countries-especially-pakistan-can-negotiate-more-efficiently.pdf
cbam-and-the-need-for-an-emissions-trading-system-in-pakistan,https://file.pide.org.pk/pdfpideresearch/discourse-2025-04-05-cbam-and-the-need-for-an-emissions-trading-system-in-pakistan.pdf,already_present,7874796,pdfs/2026/01/discourse-2025-04-05-cbam-and-the-need-for-an-emissions-trading-system-in-pakistan.pdf
operationalizing-climate-justice-in-pakistan,https://file.pide.org.pk/pdfpideresearch/discourse-2025-04-06-operationalizing-climate-justice-in-pakistan.pdf,already_present,4547463,pdfs/2026/01/discourse-2025-04-06-operationalizing-climate-justice-in-pakistan.pdf
human-roots-of-resilience-how-local-knowledge-and-smart-farming-drive-climate-adaptation-in-pakistan,https://file.pide.org.pk/pdfpideresearch/discourse-2025-04-07-human-roots-of-resilience-how-local-knowledge-and-smart-farming-drive-climate-adaptation-in-pakistan.pdf,already_present,8717473,pdfs/2026/01/discourse-2025-04-07-human-roots-of-resilience-how-local-knowledge-and-smart-farming-drive-climate-adaptation-in-pakistan.pdf
pakistans-struggle-in-disaster-and-climate-governance,https://file.pide.org.pk/pdfpideresearch/discourse-2025-04-08-pakistans-struggle-in-disaster-and-climate-governance.pdf,already_present,16414561,pdfs/2026/01/discourse-2025-04-08-pakistans-struggle-in-disaster-and-climate-governance.pdf
climate-risk-and-vulnerability-assessment-of-pakistan,https://file.pide.org.pk/pdfpideresearch/discourse-2025-04-09-climate-risk-and-vulnerability-assessment-of-pakistan.pdf,already_present,4129366,pdfs/2026/01/discourse-2025-04-09-climate-risk-and-vulnerability-assessment-of-pakistan.pdf
why-policy-must-look-beyond-crop-burning-to-tackle-smog,https://file.pide.org.pk/pdfpideresearch/discourse-2025-04-10-why-policy-must-look-beyond-crop-burning-to-tackle-smog.pdf,already_present,5925289,pdfs/2026/01/discourse-2025-04-10-why-policy-must-look-beyond-crop-burning-to-tackle-smog.pdf
bridging-the-climate-finance-gap-pakistans-evolving-landscape-the-road-ahead,https://file.pide.org.pk/pdfpideresearch/discourse-2025-04-11-bridging-the-climate-finance-gap-pakistans-evolving-landscape-and-the-road-ahead.pdf,already_present,715332,pdfs/2026/01/discourse-2025-04-11-bridging-the-climate-finance-gap-pakistans-evolving-landscape-and-the-road-ahead.pdf
bridging-the-climate-finance-gap-pakistans-evolving-landscape-the-road-ahead,https://transparency.org.pk/PUBLICATION/Financing-Climate-Action-Enhancing-Effectiveness-And-Transparency-In-Pakistan%27s-Climate-Governance-Frameworks.pdf,external_citation,0,
pakistans-climate-finance-landscape-bridging-the-gap-between-commitments-and-capacity,https://file.pide.org.pk/pdfpideresearch/discourse-2025-04-12-pakistans-climate-finance-landscape-bridging-the-gap-between-commitments-and-capacity.pdf,already_present,6979025,pdfs/2026/01/discourse-2025-04-12-pakistans-climate-finance-landscape-bridging-the-gap-between-commitments-and-capacity.pdf
pakistans-climate-adaptation-dilemma-maladaptation-consequences-and-governing-gaps,https://file.pide.org.pk/pdfpideresearch/discourse-2025-04-13-pakistans-climate-adaptation-dilemma-maladaptation-consequences-and-governing-gaps.pdf,already_present,4908119,pdfs/2026/01/discourse-2025-04-13-pakistans-climate-adaptation-dilemma-maladaptation-consequences-and-governing-gaps.pdf
pakistans-climate-adaptation-dilemma-maladaptation-consequences-and-governing-gaps,https://unfccc.int/sites/default/files/resource/National_Adaptation_Plan_Pakistan.pdf,external_citation,0,
road-map-for-gilgit-baltistan-disaster-risk-reduction-policy-gb-drr-policy,https://file.pide.org.pk/pdfpideresearch/discourse-2025-04-14-road-map-for-gilgit-baltistan-disaster-risk-reduction-policy-gb-drr-policy.pdf,already_present,4418407,pdfs/2026/01/discourse-2025-04-14-road-map-for-gilgit-baltistan-disaster-risk-reduction-policy-gb-drr-policy.pdf
cop-30-and-pakistans-climate-diplomacy-strategy,https://file.pide.org.pk/pdfpideresearch/discourse-2025-04-15-cop-30-and-pakistans-climate-diplomacy-strategy.pdf,already_present,4147830,pdfs/2026/01/discourse-2025-04-15-cop-30-and-pakistans-climate-diplomacy-strategy.pdf
cop-30-and-pakistans-climate-diplomacy-strategy,https://pakistan.un.org/sites/default/files/2025-03/CCA%202024%20update_UN%20Pakistan_climate%20financing_CLEAN_ed_26feb25_.pdf,external_citation,0,
tourism-in-a-warming-world,https://file.pide.org.pk/pdfpideresearch/discourse-2025-04-16-tourism-in-a-warming-world.pdf,already_present,12352000,pdfs/2026/01/discourse-2025-04-16-tourism-in-a-warming-world.pdf
is-water-poverty-the-next-big-threat-to-urban-stability,https://file.pide.org.pk/pdfpideresearch/discourse-2025-04-17-is-water-poverty-the-next-big-threat-to-urban-stability.pdf,already_present,7574484,pdfs/2026/01/discourse-2025-04-17-is-water-poverty-the-next-big-threat-to-urban-stability.pdf
augmenting-cost-of-climate-inaction,https://file.pide.org.pk/pdfpideresearch/discourse-2025-04-18-augmenting-cost-of-climate-inaction.pdf,already_present,6298212,pdfs/2026/01/discourse-2025-04-18-augmenting-cost-of-climate-inaction.pdf
pakistans-environmental-pathways-insights-and-solutions-from-pides-research,https://file.pide.org.pk/pdfpideresearch/discourse-2025-04-19-pakistans-environmental-pathways-insights-and-solutions-from-pides-research.pdf,already_present,6884510,pdfs/2026/01/discourse-2025-04-19-pakistans-environmental-pathways-insights-and-solutions-from-pides-research.pdf
media-coverage-pide-policy-session-on-the-imf-extended-fund-facility-eff,https://file.pide.org.pk/pdfpideinpress/pip-media-coverage-pide-policy-session-on-the-imf-extended-fund-facility-eff.pdf,already_present,959471,pdfs/2025/12/pip-media-coverage-pide-policy-session-on-the-imf-extended-fund-facility-eff.pdf
media-coverage-pide-and-unicef-joint-conference-on-shaping-policy-through-evidence-strengthening-systems-for-children-in-pakistan,https://file.pide.org.pk/pdfpideinpress/pip-media-coverage-pide-and-unicef-joint-conference-on-shaping-policy.pdf,already_present,959268,pdfs/2025/12/pip-media-coverage-pide-and-unicef-joint-conference-on-shaping-policy.pdf
media-coverage-seminar-on-transition-to-student-learning-outcomes-based-curriculum-assessments,https://sgp1.digitaloceanspaces.com/file.pide.org.pk/pdfpideinpress/pip-media-coverage-seminar-on-transition-to-student-learning-outcomes-based-curriculum-assessments.pdf,external_citation,0,
media-coverage-high-level-national-leadership-dialogue,https://file.pide.org.pk/pdfpideinpress/pip-media-coverage-high-level-national-leadership-dialogue.pdf,already_present,649394,pdfs/2025/12/pip-media-coverage-high-level-national-leadership-dialogue.pdf
the-generation-of-poverty-in-pakistan-a-policy-perspective-from-2001-to-2024,https://file.pide.org.pk/pdfpideresearch/pv-51-the-generation-of-poverty-in-pakistan-a-policy-perspective-from-2001-to-2024.pdf,already_present,5869962,pdfs/2025/12/pv-51-the-generation-of-poverty-in-pakistan-a-policy-perspective-from-2001-to-2024.pdf
media-coverage-seminar-on-the-challenges-of-low-savings-in-pakistan,https://file.pide.org.pk/pdfpideinpress/pip-media-coverage-seminar-on-the-challenges-of-low-savings-in-pakistan.pdf,already_present,734291,pdfs/2025/12/pip-media-coverage-seminar-on-the-challenges-of-low-savings-in-pakistan.pdf
media-coverage-seminar-on-clean-air-green-future-smog-mitigation-resilience-and-carbon-credit-feasibility,https://file.pide.org.pk/pdfpideinpress/pip-media-coverage-seminar-on-clean-air-green-future-smog-mitigation-resilience-and-carbon-credit-feasibility.pdf,already_present,677195,pdfs/2025/12/pip-media-coverage-seminar-on-clean-air-green-future-smog-mitigation-resilience-and-carbon-credit-feasibility.pdf
beyond-access-rethinking-electricity-equity-in-pakistan,https://file.pide.org.pk/pdfpideresearch/kb-137-beyond-access-rethinking-electricity-equity-in-pakistan.pdf,already_present,1468396,pdfs/2025/12/kb-137-beyond-access-rethinking-electricity-equity-in-pakistan.pdf
media-coverage-knowledge-brief-circular-debt-and-electricity-tariffs-unequal-burdens-across-household-quintiles-in-pakistan,https://file.pide.org.pk/pdfpideinpress/pip-media-coverage-knowledge-brief-circular-debt-and-electricity-tariffs.pdf,already_present,624123,pdfs/2025/12/pip-media-coverage-knowledge-brief-circular-debt-and-electricity-tariffs.pdf
media-coverage-seminar-on-pide-pbs-deliberations-on-data-for-policy-research,https://file.pide.org.pk/pdfpideinpress/pip-media-coverage-seminar-on-pide-pbs-deliberations-on-data-for-policy-research.pdf,already_present,529635,pdfs/2025/12/pip-media-coverage-seminar-on-pide-pbs-deliberations-on-data-for-policy-research.pdf
pak-afghan-trade-policy-proposals-and-confidence-building-measures-for-institutional-arrangements,https://file.pide.org.pk/pdfpideresearch/rr-218-pak-afghan-trade-policy-proposals-and-confidence-building-measures-for-institutional-arrangements.pdf,already_present,2869383,pdfs/2025/12/rr-218-pak-afghan-trade-policy-proposals-and-confidence-building-measures-for-institutional-arrangements.pdf
rasta-local-research-local-solutions-fiscal-management-volume-xx,https://file.pide.org.pk/pdfpideresearch/book-rasta-local-research-local-solutions-fiscal-management-volume-xx.pdf,already_present,56117675,pdfs/2025/11/book-rasta-local-research-local-solutions-fiscal-management-volume-xx.pdf
rasta-local-research-local-solutions-food-agriculture-volume-xix,https://file.pide.org.pk/pdfpideresearch/book-rasta-local-research-local-solutions-food-agriculture-volume-xix.pdf,already_present,48661602,pdfs/2025/11/book-rasta-local-research-local-solutions-food-agriculture-volume-xix.pdf
rasta-local-research-local-solutions-investment-exports-volume-xviii,https://file.pide.org.pk/pdfpideresearch/book-rasta-local-research-local-solutions-investment-exports-volume-xviii.pdf,already_present,67153946,pdfs/2025/11/book-rasta-local-research-local-solutions-investment-exports-volume-xviii.pdf
rasta-local-research-local-solutions-education-healthcare-volume-xvii,https://file.pide.org.pk/pdfpideresearch/book-rasta-local-research-local-solutions-education-healthcare-volume-xvii.pdf,already_present,49083337,pdfs/2025/11/book-rasta-local-research-local-solutions-education-healthcare-volume-xvii.pdf
media-coverage-book-presentation-on-pakistan-india-relations-fractured-past-uncertain-future,https://file.pide.org.pk/pdfpideinpress/pip-media-coverage-book-presentation-on-pakistan-india-relations-fractured-past-uncertain-future.pdf,already_present,503191,pdfs/2025/11/pip-media-coverage-book-presentation-on-pakistan-india-relations-fractured-past-uncertain-future.pdf
will-ai-transform-pakistan-assessing-the-2025-national-policy,https://file.pide.org.pk/pdfpideresearch/kb-136-will-ai-transform-pakistan-assessing-the-2025-national-policy.pdf,already_present,1589563,pdfs/2025/11/kb-136-will-ai-transform-pakistan-assessing-the-2025-national-policy.pdf
media-coverage-knowledge-brief-tobacco-in-transition-global-practices-regional-insights-and-pakistans-policy-imperative,https://file.pide.org.pk/pdfpideinpress/pip-media-coverage-knowledge-brief-tobacco-in-transition-global-practices-regional-insights-and-pakistans-policy-imperative.pdf,already_present,1530970,pdfs/2025/11/pip-media-coverage-knowledge-brief-tobacco-in-transition-global-practices-regional-insights-and-pakistans-policy-imperative.pdf
media-coverage-pide-and-pie-meeting-on-national-curriculum,https://file.pide.org.pk/pdfpideinpress/pip-media-coverage-pide-and-pie-meeting.pdf,already_present,633377,pdfs/2025/11/pip-media-coverage-pide-and-pie-meeting.pdf
media-coverage-pide-seminar-on-automotive-value-chains-in-pakistan,https://file.pide.org.pk/pdfpideinpress/pip-media-coverage-seminar-on-automative-value-chain-in-pakistan.pdf,already_present,287221,pdfs/2025/11/pip-media-coverage-seminar-on-automative-value-chain-in-pakistan.pdf
media-coverage-pide-seminar-on-ground-water-emergency,https://file.pide.org.pk/pdfpideinpress/pip-media-coverage-ground-water-emegerncy.pdf,already_present,636388,pdfs/2025/11/pip-media-coverage-ground-water-emegerncy.pdf
dying-of-thirst-while-drowning,https://file.pide.org.pk/pdfpideinpress/pip-dying-of-thirst-while-drowning.pdf,already_present,269098,pdfs/2025/11/pip-dying-of-thirst-while-drowning.pdf
circular-debt-and-electricity-tariffs-unequal-burdens-across-household-quintiles-in-pakistan,https://file.pide.org.pk/pdfpideresearch/https://file.pide.org.pk/pdfpideresearch/kb-135-circular-debt-and-electricity-tariffs-unequal-burdens-across-household-quintiles-in-pakistan.pdf,already_present,712215,pdfs/2025/11/kb-135-circular-debt-and-electricity-tariffs-unequal-burdens-across-household-quintiles-in-pakistan.pdf
circular-debt-and-electricity-tariffs-unequal-burdens-across-household-quintiles-in-pakistan,https://file.pide.org.pk/pdfpideresearch/kb-135-circular-debt-and-electricity-tariffs-unequal-burdens-across-household-quintiles-in-pakistan.pdf,already_present,712215,pdfs/2025/11/kb-135-circular-debt-and-electricity-tariffs-unequal-burdens-across-household-quintiles-in-pakistan.pdf
media-coverage-pakistan-institute-of-development-economics-pide-hosted-a-delegation-from-the-pakistan-u-s-alumni-network-puan,https://file.pide.org.pk/pdfpideinpress/pip-media-coverage-pakistan-institute-of-development-economics-pide-hosted-a-delegation-from-the-pakistan-us-alumni-network-puan.pdf,already_present,666795,pdfs/2025/10/pip-media-coverage-pakistan-institute-of-development-economics-pide-hosted-a-delegation-from-the-pakistan-us-alumni-network-puan.pdf
media-coverage-pide-islamic-relief-talanoa-dialogue,https://file.pide.org.pk/pdfpideinpress/pip-media-coverage-pide-and-islamic-relief-talanoa-dialogue.pdf,already_present,989559,pdfs/2025/10/pip-media-coverage-pide-and-islamic-relief-talanoa-dialogue.pdf
transforming-real-estate-in-pakistan-through-blockchain-an-agent-based-simulations-study,https://file.pide.org.pk/pdfpideresearch/wp-25-12-transforming-real-estate-in-pakistan-through-blockchain-an-agent-based-simulations-study.pdf,already_present,1743080,pdfs/2025/10/wp-25-12-transforming-real-estate-in-pakistan-through-blockchain-an-agent-based-simulations-study.pdf
media-coverage-knowledge-brief-on-gendered-pathway-to-crime,https://file.pide.org.pk/pdfpideinpress/pip-media-coverage-knowledge-brief-on-gendered-pathway-to-crime.pdf,already_present,1167427,pdfs/2025/10/pip-media-coverage-knowledge-brief-on-gendered-pathway-to-crime.pdf
rationalizing-pakistans-tariff-regime-for-export-led-growth,https://file.pide.org.pk/pdfpideresearch/pv-50-rationalizing-pakistans-tariff-regime-for-export-led-growth.pdf,already_present,5807877,pdfs/2025/10/pv-50-rationalizing-pakistans-tariff-regime-for-export-led-growth.pdf
media-coverage-seminar-on-the-thirst-for-safety-water-quality-and-public-health-in-pakistan,https://file.pide.org.pk/pdfpideinpress/pip-media-coverage-seminar-on-the-thirst-for-safety-water-quality-and-public-health-in-pakistan.pdf,already_present,1211346,pdfs/2025/10/pip-media-coverage-seminar-on-the-thirst-for-safety-water-quality-and-public-health-in-pakistan.pdf
tobacco-in-transition-global-practices-regional-insights-and-pakistans-policy-imperative,https://file.pide.org.pk/pdfpideresearch/https://file.pide.org.pk/pdfpideresearch/kb-134-tobacco-in-transition-global-practices-regional-insights-and-pakistan’s-policy-imperative.pdf,already_present,892057,pdfs/2025/10/kb-134-tobacco-in-transition-global-practices-regional-insights-and-pakistan’s-policy-imperative.pdf
tobacco-in-transition-global-practices-regional-insights-and-pakistans-policy-imperative,https://file.pide.org.pk/pdfpideresearch/kb-134-tobacco-in-transition-global-practices-regional-insights-and-pakistan’s-policy-imperative.pdf,already_present,892057,pdfs/2025/10/kb-134-tobacco-in-transition-global-practices-regional-insights-and-pakistan’s-policy-imperative.pdf
media-coverage-pide-and-xinjiang-university-sign-mou,https://file.pide.org.pk/pdfpideinpress/pip-media-coverage-pide-and-xinjiang-university-sign-mou.pdf,already_present,729499,pdfs/2025/10/pip-media-coverage-pide-and-xinjiang-university-sign-mou.pdf
media-coverage-webinar-on-reform-programs-under-policy-loans-in-the-power-sector-and-tax-administration,https://file.pide.org.pk/pdfpideinpress/pip-media-coverage-media-coverage-webinar-on-reform-programs-under-policy-loans-in-the-power-sector-and-tax-administration.pdf,already_present,897689,pdfs/2025/10/pip-media-coverage-media-coverage-webinar-on-reform-programs-under-policy-loans-in-the-power-sector-and-tax-administration.pdf
gendered-pathways-to-crime,https://file.pide.org.pk/pdfpideresearch/kb-133-gendered-pathways-to-crime.pdf,already_present,1762786,pdfs/2025/10/kb-133-gendered-pathways-to-crime.pdf
media-coverage-pide-seminar-on-pphs-survey,https://file.pide.org.pk/pdfpideinpress/pip-media-coverage-pide-seminar-on-pphs-survey.pdf,already_present,879919,pdfs/2025/10/pip-media-coverage-pide-seminar-on-pphs-survey.pdf
media-coverage-bridging-gaps-in-pakistans-ai-roadmap-opportunities-challenges-and-the-way-forward,https://file.pide.org.pk/pdfpideinpress/pip-media-coverage-bridging-gaps-in-pakistans-ai-roadmap-opportunities-challenges-and-the-way-forward.pdf,already_present,1149223,pdfs/2025/10/pip-media-coverage-bridging-gaps-in-pakistans-ai-roadmap-opportunities-challenges-and-the-way-forward.pdf
its-time-to-renew-the-nfc-award-for-a-fairer-stronger-pakistan,https://file.pide.org.pk/pdfpideresearch/discourse-2025-03-01-Its-Time-to-Renew-the-NFC-Award-For-a-Fairer-Stronger-Pakistan.pdf,already_present,1581098,pdfs/2025/09/discourse-2025-03-01-Its-Time-to-Renew-the-NFC-Award-For-a-Fairer-Stronger-Pakistan.pdf
the-nfc-puzzle-balancing-equity-and-survival,https://file.pide.org.pk/pdfpideresearch/discourse-2025-03-02-the-nfc-puzzle-balancing-equity-and-survival.pdf,already_present,1700344,pdfs/2025/09/discourse-2025-03-02-the-nfc-puzzle-balancing-equity-and-survival.pdf
revisiting-fiscal-federalism-in-pakistan,https://file.pide.org.pk/pdfpideresearch/discourse-2025-03-03-revisiting-fiscal-federalism-in-pakistan.pdf,already_present,2975470,pdfs/2025/09/discourse-2025-03-03-revisiting-fiscal-federalism-in-pakistan.pdf
fiscal-federalism-in-pakistan-economic-impact-of-the-7th-nfc-award,https://file.pide.org.pk/pdfpideresearch/discourse-2025-03-04-fiscal-federalism-in-pakistan-economic-impact-of-the-7th-nfc-award.pdf,already_present,1721425,pdfs/2025/09/discourse-2025-03-04-fiscal-federalism-in-pakistan-economic-impact-of-the-7th-nfc-award.pdf
ethnic-cleavages-and-the-implementation-of-18th-amendment,https://file.pide.org.pk/pdfpideresearch/discourse-2025-03-05-ethnic-cleavages-and-the-implementation-of-18th-amendment.pdf,already_present,1196781,pdfs/2025/09/discourse-2025-03-05-ethnic-cleavages-and-the-implementation-of-18th-amendment.pdf
pakistans-fiscal-trap-breaking-free-from-endless-consolidation,https://file.pide.org.pk/pdfpideresearch/discourse-2025-03-06-pakistans-fiscal-trap-breaking-free-from-endless-consolidation.pdf,already_present,1463543,pdfs/2025/09/discourse-2025-03-06-pakistans-fiscal-trap-breaking-free-from-endless-consolidation.pdf
rethinking-nfc,https://file.pide.org.pk/pdfpideresearch/discourse-2025-03-07-rethinking-nfc.pdf,already_present,3005892,pdfs/2025/09/discourse-2025-03-07-rethinking-nfc.pdf
why-provincial-revenue-mobilisation-is-central-to-the-nfc-framework,https://file.pide.org.pk/pdfpideresearch/discourse-2025-03-08-why-provincial-revenue-mobilisation-is-central-to-the-nfc-framework.pdf,already_present,1368682,pdfs/2025/09/discourse-2025-03-08-why-provincial-revenue-mobilisation-is-central-to-the-nfc-framework.pdf
fiscal-resource-distribution-criteria-incentives-and-institutional-mechanism-a-comparison-between-neighbor,https://file.pide.org.pk/pdfpideresearch/discourse-2025-03-10-fiscal-resource-distribution-criteria-incentives-and-institutional-mechanism-a-comparison-between-neighbor.pdf,already_present,1156438,pdfs/2025/09/discourse-2025-03-10-fiscal-resource-distribution-criteria-incentives-and-institutional-mechanism-a-comparison-between-neighbor.pdf
a-case-for-climate-centric-nfc,https://file.pide.org.pk/pdfpideresearch/discourse-2025-03-11-a-case-for-climate-centric-nfc.pdf,already_present,2248593,pdfs/2025/09/discourse-2025-03-11-a-case-for-climate-centric-nfc.pdf
pakistans-fiscal-federalism-from-stalemate-to-solution-charting-a-cooperative-fiscal-future,https://file.pide.org.pk/pdfpideresearch/discourse-2025-03-12-pakistans-fiscal-federalism-from-stalemate-to-solution-charting-a-cooperative-fiscal-future.pdf,already_present,2255722,pdfs/2025/09/discourse-2025-03-12-pakistans-fiscal-federalism-from-stalemate-to-solution-charting-a-cooperative-fiscal-future.pdf
speech-of-president-on-the-11th-nfc-award-of-reformistan,https://file.pide.org.pk/pdfpideresearch/discourse-2025-03-13-speech-of-president-on-the-11th-nfc-award-of-reformistan.pdf,already_present,1036508,pdfs/2025/09/discourse-2025-03-13-speech-of-president-on-the-11th-nfc-award-of-reformistan.pdf
beyond-the-nfc-award-pakistans-unfinished-devolution-to-local-governments,https://file.pide.org.pk/pdfpideresearch/discourse-2025-03-09-beyond-the-nfc-award-pakistans-unfinished-devolution-to-local-governments.pdf,already_present,1159460,pdfs/2025/09/discourse-2025-03-09-beyond-the-nfc-award-pakistans-unfinished-devolution-to-local-governments.pdf
nfc-at-a-crossroads-revisiting-fiscal-federalism-in-pakistan,https://file.pide.org.pk/pdfpideresearch/discourse-2025-03-nfc-at-a-crossroads-revisiting-fiscal-federalism-in-pakistan-high-resolution.pdf,already_present,16051953,pdfs/2025/09/discourse-2025-03-nfc-at-a-crossroads-revisiting-fiscal-federalism-in-pakistan-high-resolution.pdf
media-coverage-seminar-on-graduation-programme-a-state-led-asset-transfer-programme,https://file.pide.org.pk/pdfpideinpress/pip-media-coverage-seminar-on-graduation-programme-a-state-led-asset-transfer-programme.pdf,already_present,942202,pdfs/2025/09/pip-media-coverage-seminar-on-graduation-programme-a-state-led-asset-transfer-programme.pdf
resource-distribution-mechanism-in-pakistan-a-critical-review,https://file.pide.org.pk/pdfpideresearch/wp-25-11-resource-distribution-mechanism-in-pakistan-a-critical-review.pdf,already_present,1452549,pdfs/2025/09/wp-25-11-resource-distribution-mechanism-in-pakistan-a-critical-review.pdf
media-coverage-pide-orientation-for-new-students,https://file.pide.org.pk/pdfpideinpress/pip-media-coverage-pide-orientation-for-new-students.pdf,already_present,1257990,pdfs/2025/09/pip-media-coverage-pide-orientation-for-new-students.pdf
media-coverage-civil-services-reforms-seminar,https://file.pide.org.pk/pdfpideinpress/pip-media-coverage-civil-services-reforms-seminar.pdf,already_present,897565,pdfs/2025/09/pip-media-coverage-civil-services-reforms-seminar.pdf
continuity-in-monetary-policy-balancing-stability-with-growth,https://file.pide.org.pk/pdfpideresearch/mpl-continuity-in-monetary-policy-balancing-stability-with-growth.pdf,already_present,18462622,pdfs/2025/09/mpl-continuity-in-monetary-policy-balancing-stability-with-growth.pdf
media-coverage-policy-viewpoint-impact-of-tariff-reduction-on-automobile-industry,https://file.pide.org.pk/pdfpideinpress/pip-media-coverage-policy-viewpoint-impact-of-tariff-reduction-on-automobile-industry.pdf,already_present,527360,pdfs/2025/09/pip-media-coverage-policy-viewpoint-impact-of-tariff-reduction-on-automobile-industry.pdf
pakistans-dismal-export-performance-a-survey-of-empirical-literature,https://file.pide.org.pk/pdfpideresearch/wp-25-10-pakistans-dismal-export-performance-a-survey-of-empirical-literature.pdf,already_present,1892182,pdfs/2025/09/wp-25-10-pakistans-dismal-export-performance-a-survey-of-empirical-literature.pdf
impact-of-tariff-reduction-on-automobile-industry,https://file.pide.org.pk/pdfpideresearch/pv-49-impact-of-tariff-reduction-on-automobile-industry.pdf,already_present,3300078,pdfs/2025/09/pv-49-impact-of-tariff-reduction-on-automobile-industry.pdf
tax-policy-of-pakistan-a-review-paper,https://file.pide.org.pk/pdfpideresearch/wp-25-09-tax-policy-of-pakistan-a-review-paper.pdf,already_present,1278621,pdfs/2025/09/wp-25-09-tax-policy-of-pakistan-a-review-paper.pdf
implementation-of-education-policy-in-pakistan-a-systematic-literature-review,https://file.pide.org.pk/pdfpideresearch/wp-25-08-implementation-of-education-policy-in-pakistan-a-systematic-literature-review.pdf,already_present,1365471,pdfs/2025/08/wp-25-08-implementation-of-education-policy-in-pakistan-a-systematic-literature-review.pdf
a-review-of-logistics-and-transport-studies-in-pakistan-hard-or-soft-infrastructure,https://file.pide.org.pk/pdfpideresearch/wp-25-07-a-review-of-logistics-and-transport-studies-in-pakistan-hard-or-soft-infrastructure.pdf,already_present,1264502,pdfs/2025/08/wp-25-07-a-review-of-logistics-and-transport-studies-in-pakistan-hard-or-soft-infrastructure.pdf
judicial-and-legal-reforms-in-pakistan-1947-2024-a-brief-review,https://file.pide.org.pk/pdfpideresearch/wp-25-06-judicial-and-legal-reforms-in-pakistan-1947-2024-a-brief-review.pdf,already_present,1383396,pdfs/2025/08/wp-25-06-judicial-and-legal-reforms-in-pakistan-1947-2024-a-brief-review.pdf
media-coverage-towards-a-free-market-a-blueprint-for-wheat-sector-deregulation-pide-in-press,https://file.pide.org.pk/pdfpideinpress/pip-media-coverage-towards-a-free-market-a-blueprint-for-wheat-sector-deregulation-pide-in-press.pdf,already_present,1461741,pdfs/2025/08/pip-media-coverage-towards-a-free-market-a-blueprint-for-wheat-sector-deregulation-pide-in-press.pdf
media-coverage-balancing-stabilization-and-growth-under-uraan-pakistan,https://file.pide.org.pk/pdfpideinpress/pip-media-coverage-balancing-stabilization-and-growth-under-uraan-pakistan.pdf,already_present,1250706,pdfs/2025/07/pip-media-coverage-balancing-stabilization-and-growth-under-uraan-pakistan.pdf
sbp-expected-to-cut-policy-rate-by-100-basis-points-amid-easing-inflation-and-economic-stabilization,https://file.pide.org.pk/pdfpideresearch/mpl-sbp-expected-to-cut-policy-rate.pdf,already_present,4406098,pdfs/2025/07/mpl-sbp-expected-to-cut-policy-rate.pdf
understanding-the-factors-behind-low-saving-rates-in-pakistan-insights-and-policy-recommendations,https://file.pide.org.pk/pdfpideresearch/wp-25-05-understanding-the-factors-behind-low-saving-rates-in-pakistan-insights-and-policy-recommendations.pdf,already_present,1294333,pdfs/2025/07/wp-25-05-understanding-the-factors-behind-low-saving-rates-in-pakistan-insights-and-policy-recommendations.pdf
automobile-industry-beyond-the-junction,https://file.pide.org.pk/pdfpideinpress/pip-automobile-industry-beyond-the-junction.pdf,already_present,229404,pdfs/2025/07/pip-automobile-industry-beyond-the-junction.pdf
weak-tariff-policies,https://file.pide.org.pk/pdfpideinpress/pip-weak-tariff-policies.pdf,already_present,186979,pdfs/2025/07/pip-weak-tariff-policies.pdf
a-new-appetite-for-change,https://file.pide.org.pk/pdfpideinpress/pip-a-new-appetite-for-change.pdf,already_present,435064,pdfs/2025/07/pip-a-new-appetite-for-change.pdf
towards-a-free-market-a-blueprint-for-wheat-sector-deregulation,https://file.pide.org.pk/pdfpideresearch/pv-48-towards-a-free-market-a-blueprint-for-wheat-sector-deregulation.pdf,already_present,17408090,pdfs/2025/07/pv-48-towards-a-free-market-a-blueprint-for-wheat-sector-deregulation.pdf
media-coverage-climate-change-and-responsible-tourism-in-pakistan,https://file.pide.org.pk/pdfpideinpress/pip-media-coverage-climate-change-and-responsible-tourism-in-pakistan.pdf,already_present,297294,pdfs/2025/07/pip-media-coverage-climate-change-and-responsible-tourism-in-pakistan.pdf
digital-rupee-set-to-transform-pakistans-financial-landscape,https://file.pide.org.pk/pdfpideinpress/pip-digital-rupee-set-to-transform-pakistans-financial-landscape.pdf,already_present,585806,pdfs/2025/07/pip-digital-rupee-set-to-transform-pakistans-financial-landscape.pdf
heatwaves-and-highways,https://file.pide.org.pk/pdfpideinpress/pip-heatwaves-and-highways.pdf,already_present,534804,pdfs/2025/07/pip-heatwaves-and-highways.pdf
time-for-reserves,https://file.pide.org.pk/pdfpideinpress/pip-time-for-reserves.pdf,already_present,191435,pdfs/2025/07/pip-time-for-reserves.pdf
scorching-pakistan-this-year-the-forgotten-frontline-of-heatwave,https://file.pide.org.pk/pdfpideinpress/pip-scorching-pakistan-this-year-the-forgotten-frontline-of-heatwave.pdf,already_present,496983,pdfs/2025/07/pip-scorching-pakistan-this-year-the-forgotten-frontline-of-heatwave.pdf
return-to-education-in-pakistan-a-brief-overview,https://file.pide.org.pk/pdfpideresearch/wp-25-04-return-to-education-in-pakistan-a-brief-overview.pdf,already_present,1290648,pdfs/2025/07/wp-25-04-return-to-education-in-pakistan-a-brief-overview.pdf
media-coverage-the-poverty-illusion-when-numbers-distort-reality,https://file.pide.org.pk/pdfpideinpress/pip-media-coverage-media-coverage-the-poverty-illusion-when-numbers-distort-reality.pdf,already_present,2032704,pdfs/2025/07/pip-media-coverage-media-coverage-the-poverty-illusion-when-numbers-distort-reality.pdf
pakistans-debt-quagmire-imf-dependence-and-budget-fy2025-26,https://file.pide.org.pk/pdfpideinpress/pip-pakistans-debt-quagmire-imf-dependence-and-budget-fy2025-26.pdf,already_present,236586,pdfs/2025/07/pip-pakistans-debt-quagmire-imf-dependence-and-budget-fy2025-26.pdf
failing-at-education,https://file.pide.org.pk/pdfpideinpress/pip-failing-at-education.pdf,already_present,193295,pdfs/2025/07/pip-failing-at-education.pdf
a-systematic-review-of-exchange-rate-studies-in-the-context-of-pakistan,https://file.pide.org.pk/pdfpideresearch/wp-25-03-a-systematic-review-of-exchange-rate-studies-in-the-context-of-pakistan.pdf,already_present,1732138,pdfs/2025/07/wp-25-03-a-systematic-review-of-exchange-rate-studies-in-the-context-of-pakistan.pdf
before-there-were-borders,https://file.pide.org.pk/pdfpideinpress/pip-before-there-were-borders.pdf,already_present,800617,pdfs/2025/07/pip-before-there-were-borders.pdf
media-coverage-budget-2025-26-a-blueprint-of-the-nations-ambition,https://file.pide.org.pk/pdfpideinpress/pip-media-coverage-budget-2025-26-a-blueprint-of-the-nations-ambition.pdf,already_present,1135901,pdfs/2025/07/pip-media-coverage-budget-2025-26-a-blueprint-of-the-nations-ambition.pdf
a-review-on-fiscal-and-debt-policies-in-pakistan,https://file.pide.org.pk/pdfpideresearch/wp-25-02-a-review-on-fiscal-and-debt-policies-in-pakistan.pdf,already_present,1452873,pdfs/2025/07/wp-25-02-a-review-on-fiscal-and-debt-policies-in-pakistan.pdf
a-brief-review-of-the-literature-on-hec-and-higher-education-in-pakistan,https://file.pide.org.pk/pdfpideresearch/wp-25-01-a-brief-review-of-the-literature-on-hec-and-higher-education-in-pakistan.pdf,already_present,1553509,pdfs/2025/07/wp-25-01-a-brief-review-of-the-literature-on-hec-and-higher-education-in-pakistan.pdf
the-poverty-illusion-when-numbers-distort-reality,https://file.pide.org.pk/pdfpideresearch/kb-132-the-poverty-illusion-when-numbers-distort-reality.pdf,already_present,793080,pdfs/2025/06/kb-132-the-poverty-illusion-when-numbers-distort-reality.pdf
the-legacy-behind-shikarpurs-historic-hospital,https://file.pide.org.pk/pdfpideinpress/pip-the-legacy-behind-shikarpurs-historic-hospital.pdf,already_present,848527,pdfs/2025/06/pip-the-legacy-behind-shikarpurs-historic-hospital.pdf
beyond-poverty-alleviation-crafting-a-comprehensive-social-policy-for-all,https://file.pide.org.pk/pdfpideinpress/pip-beyond-poverty-alleviation-crafting-a-comprehensive-social-policy-for-all.pdf,already_present,669876,pdfs/2025/06/pip-beyond-poverty-alleviation-crafting-a-comprehensive-social-policy-for-all.pdf
new-trade-order-aligning-policy-with-geopolitical-realities,https://file.pide.org.pk/pdfpideinpress/pip-new-trade-order-aligning-policy-with-geopolitical-realities.pdf,already_present,696498,pdfs/2025/06/pip-new-trade-order-aligning-policy-with-geopolitical-realities.pdf
is-education-a-budgetary-priority,https://file.pide.org.pk/pdfpideinpress/pip-is-education-a-budgetary-priority.pdf,already_present,467012,pdfs/2025/06/pip-is-education-a-budgetary-priority.pdf
tax-reforms-in-pakistan-progress-made-pitfalls-ahead-and-the-road-forward,https://file.pide.org.pk/pdfpideresearch/discourse-2025-02-01-tax-reforms-in-pakistan-progress-made-pitfalls-ahead-and-the-road-forward.pdf,already_present,996555,pdfs/2025/06/discourse-2025-02-01-tax-reforms-in-pakistan-progress-made-pitfalls-ahead-and-the-road-forward.pdf
budget-2025-26-a-business-growth-oriented-strategy,https://file.pide.org.pk/pdfpideresearch/discourse-2025-02-02-budget-2025-26-a-business-growth-oriented-strategy.pdf,already_present,200452,pdfs/2025/06/discourse-2025-02-02-budget-2025-26-a-business-growth-oriented-strategy.pdf
incentives-or-illusions-the-cost-of-tax-treaty-in-pakistan,https://file.pide.org.pk/pdfpideresearch/discourse-2025-02-03-incentives-or-illusions-the-cost-of-tax-treaty-in-pakistan.pdf,already_present,215109,pdfs/2025/06/discourse-2025-02-03-incentives-or-illusions-the-cost-of-tax-treaty-in-pakistan.pdf
revisiting-the-budget-cycle-fixing-the-foundation-for-fiscal-discipline,https://file.pide.org.pk/pdfpideresearch/discourse-2025-02-04-revisiting-the-budget-cycle-fixing-the-foundation-for-fiscal-discipline.pdf,already_present,1376260,pdfs/2025/06/discourse-2025-02-04-revisiting-the-budget-cycle-fixing-the-foundation-for-fiscal-discipline.pdf
pensions-crisis-in-pakistan-a-failure-of-public-policy-reforms,https://file.pide.org.pk/pdfpideresearch/discourse-2025-02-05-pensions-crisis-in-pakistan-a-failure-of-public-policy-reforms.pdf,already_present,280331,pdfs/2025/06/discourse-2025-02-05-pensions-crisis-in-pakistan-a-failure-of-public-policy-reforms.pdf
tax-collection-in-pakistan-its-challenges-and-road-to-improvement,https://file.pide.org.pk/pdfpideresearch/discourse-2025-02-06-tax-collection-in-pakistan-its-challenges-and-road-to-improvement.pdf,already_present,713390,pdfs/2025/06/discourse-2025-02-06-tax-collection-in-pakistan-its-challenges-and-road-to-improvement.pdf
exploring-the-forecasting-structure-of-federal-tax-revenue-in-pakistan,https://file.pide.org.pk/pdfpideresearch/discourse-2025-02-07-exploring-the-forecasting-structure-of-federal-tax-revenue-in-pakistan.pdf,already_present,321207,pdfs/2025/06/discourse-2025-02-07-exploring-the-forecasting-structure-of-federal-tax-revenue-in-pakistan.pdf
discretion-versus-development,https://file.pide.org.pk/pdfpideresearch/discourse-2025-02-08-discretion-versus-development.pdf,already_present,307270,pdfs/2025/06/discourse-2025-02-08-discretion-versus-development.pdf
economics-of-early-retirement,https://file.pide.org.pk/pdfpideresearch/discourse-2025-02-09-economics-of-early-retirement.pdf,already_present,151820,pdfs/2025/06/discourse-2025-02-09-economics-of-early-retirement.pdf
can-fiscal-policy-reduce-inequality-in-pakistan,https://file.pide.org.pk/pdfpideresearch/discourse-2025-02-10-can-fiscal-policy-reduce-inequality-in-pakistan.pdf,already_present,263984,pdfs/2025/06/discourse-2025-02-10-can-fiscal-policy-reduce-inequality-in-pakistan.pdf
gender-responsive-budgeting,https://file.pide.org.pk/pdfpideresearch/discourse-2025-02-11-gender-responsive-budgeting.pdf,already_present,164080,pdfs/2025/06/discourse-2025-02-11-gender-responsive-budgeting.pdf
budgeting-for-economic-decline,https://file.pide.org.pk/pdfpideresearch/discourse-2025-02-12-budgeting-for-economic-decline.pdf,already_present,200911,pdfs/2025/06/discourse-2025-02-12-budgeting-for-economic-decline.pdf
revenue-vs-expenditure-a-case-study-of-tobacco-taxes,https://file.pide.org.pk/pdfpideresearch/discourse-2025-02-13-revenue-vs-expenditure-a-case-study-of-tobacco-taxes.pdf,already_present,192411,pdfs/2025/06/discourse-2025-02-13-revenue-vs-expenditure-a-case-study-of-tobacco-taxes.pdf
carec-connectivity,https://file.pide.org.pk/pdfpideinpress/pip-carec-connectivity.pdf,already_present,556509,pdfs/2025/06/pip-carec-connectivity.pdf
how-to-modernise-governance,https://file.pide.org.pk/pdfpideinpress/pip-how-to-modernise-governance.pdf,already_present,546222,pdfs/2025/06/pip-how-to-modernise-governance.pdf
federal-budget-fy-2025-26-pakistans-opportunity-to-manage-fiscal-uncertainty,https://file.pide.org.pk/pdfpideresearch/discourse-2025-02-14-federal-budget-fy-2025-26-pakistans-opportunity-to-manage-fiscal-uncertainty.pdf,already_present,246666,pdfs/2025/06/discourse-2025-02-14-federal-budget-fy-2025-26-pakistans-opportunity-to-manage-fiscal-uncertainty.pdf
special-budgetary-allocation-enhancing-pakistans-network-centric-warfare-ncw-capabilities,https://file.pide.org.pk/pdfpideresearch/discourse-2025-02-15-special-budgetary-allocation-enhancing-pakistan’s-network-centric-warfare-ncw-capabilities.pdf,already_present,2220151,pdfs/2025/06/discourse-2025-02-15-special-budgetary-allocation-enhancing-pakistan’s-network-centric-warfare-ncw-capabilities.pdf
taxing-like-the-2020s-governing-like-1990s,https://file.pide.org.pk/pdfpideresearch/discourse-2025-02-16-taxing-like-the-2020s-governing-like-1990s.pdf,already_present,180224,pdfs/2025/06/discourse-2025-02-16-taxing-like-the-2020s-governing-like-1990s.pdf
taxing-like-the-2020s-governing-like-1990s,https://file-thesis.pide.org.pk/pdf/ms-management-sciences-2020-jawad-shabir--tax-policy-a-review-of-pakistans-tax-treaties-and-recommendations-for-actions.pdf,already_present,2345749,pdfs/2025/06/ms-management-sciences-2020-jawad-shabir--tax-policy-a-review-of-pakistans-tax-treaties-and-recommendations-for-actions.pdf
tax-audits-as-signals-designing-smarter-enforcement-in-pakistan,https://file.pide.org.pk/pdfpideresearch/discourse-2025-02-17-tax-audits-as-signals-designing-smarter-enforcement-in-pakistan.pdf,already_present,337183,pdfs/2025/06/discourse-2025-02-17-tax-audits-as-signals-designing-smarter-enforcement-in-pakistan.pdf
tax-audits-as-signals-designing-smarter-enforcement-in-pakistan,https://www.mazharwaseem.com/static/uploads/PakAudit_April2021.pdf,external_citation,0,
pakistans-tax-system-advancements-challenges-and-trillion-dollar-future,https://file.pide.org.pk/pdfpideresearch/discourse-2025-02-18-pakistans-tax-system-advancements-challenges-and-trillion-dollar-future.pdf,already_present,328001,pdfs/2025/06/discourse-2025-02-18-pakistans-tax-system-advancements-challenges-and-trillion-dollar-future.pdf
budget-2025-26-building-a-trillion-dollar-dream,https://file.pide.org.pk/pdfpideresearch/discourse-2025-02-building-a-trillion-dollar-dream.pdf,already_present,6251284,pdfs/2025/06/discourse-2025-02-building-a-trillion-dollar-dream.pdf
budget-2025-26-building-a-trillion-dollar-dream,https://file.pide.org.pk/pdfpideresearch/discourse-2025-02-building-a-trillion-dollar-dream-high-resolution.pdf,already_present,253090510,pdfs/2025/06/discourse-2025-02-building-a-trillion-dollar-dream-high-resolution.pdf
media-coverage-pide-aiib-report-launch,https://file.pide.org.pk/pdfpideinpress/pip-media-coverage-pide-aiib-report-launch.pdf,already_present,1004085,pdfs/2025/06/pip-media-coverage-pide-aiib-report-launch.pdf
breaking-the-tariff-trap,https://file.pide.org.pk/pdfpideinpress/pip-breaking-the-tariff-trap.pdf,already_present,497917,pdfs/2025/06/pip-breaking-the-tariff-trap.pdf
keeping-business-first,https://file.pide.org.pk/pdfpideinpress/pip-keeping-business-first.pdf,already_present,499533,pdfs/2025/06/pip-keeping-business-first.pdf
from-fragility-to-fidelity-why-pakistan-must-end-fiscal-policy-uncertainty,https://file.pide.org.pk/pdfpideinpress/pip-from-fragility-to-fidelity-why-pakistan-must-end-fiscal-policy-uncertainty.pdf,already_present,679769,pdfs/2025/05/pip-from-fragility-to-fidelity-why-pakistan-must-end-fiscal-policy-uncertainty.pdf
deterrence-by-design,https://file.pide.org.pk/pdfpideinpress/pip-deterrence-by-design.pdf,already_present,584979,pdfs/2025/05/pip-deterrence-by-design.pdf
water-wars-looming-indus-crisis-and-south-asian-stability,https://file.pide.org.pk/pdfpideinpress/pip-water-wars-looming-indus-crisis-and-south-asian-stability.pdf,already_present,684584,pdfs/2025/05/pip-water-wars-looming-indus-crisis-and-south-asian-stability.pdf
development-impact-bonds-a-possible-solution-to-curb-learning-poverty-in-pakistan,https://file.pide.org.pk/pdfpideinpress/pip-development-impact-bonds-a-possible-solution-to-curb-learning-poverty-in-pakistan.pdf,already_present,636243,pdfs/2025/05/pip-development-impact-bonds-a-possible-solution-to-curb-learning-poverty-in-pakistan.pdf
media-coverage-thai-envoy-visit-to-pide,https://file.pide.org.pk/pdfpideinpress/pip-media-coverage-thai-ambbasedor-visit-to-pide.pdf,already_present,952662,pdfs/2025/05/pip-media-coverage-thai-ambbasedor-visit-to-pide.pdf
media-coverage-pide-32nd-syndicate-meeting,https://file.pide.org.pk/pdfpideinpress/pip-media-coverage-pide-32nd-syndicate-meeting.pdf,already_present,931562,pdfs/2025/05/pip-media-coverage-pide-32nd-syndicate-meeting.pdf
china-pakistan-economic-corridor,https://file.pide.org.pk/pdfpideresearch/discourse-2025-01-china-pakistan-economic-corridor.pdf,already_present,49766009,pdfs/2025/05/discourse-2025-01-china-pakistan-economic-corridor.pdf
a-decade-of-cpec-lessons-challenges-and-the-road-ahead,https://file.pide.org.pk/pdfpideresearch/discourse-2025-01-01-a-decade-of-cpec-interview-with-mr-ahsan-iqbal.pdf,already_present,4804493,pdfs/2025/05/discourse-2025-01-01-a-decade-of-cpec-interview-with-mr-ahsan-iqbal.pdf
cpec-2-0-the-road-to-pakistans-tomorrow,https://file.pide.org.pk/pdfpideresearch/discourse-2025-01-02-cpec-2-0-the-road-to-pakistans-tomorrow.pdf,already_present,783580,pdfs/2025/05/discourse-2025-01-02-cpec-2-0-the-road-to-pakistans-tomorrow.pdf
cpec-unfulfilled-promise,https://file.pide.org.pk/pdfpideresearch/discourse-2025-01-03-cpec-unfulfilled-promise.pdf,already_present,714335,pdfs/2025/05/discourse-2025-01-03-cpec-unfulfilled-promise.pdf
can-pakistan-pick-up-its-industrialization-with-cpec,https://file.pide.org.pk/pdfpideresearch/discourse-2025-01-04-can-pakistan-pick-up-its-industrialization-with-cpec.pdf,already_present,4698727,pdfs/2025/05/discourse-2025-01-04-can-pakistan-pick-up-its-industrialization-with-cpec.pdf
can-cpec-boost-pakistans-manufacturing-and-trade,https://file.pide.org.pk/pdfpideresearch/discourse-2025-01-05-can-cpec-boost-pakistans-manufacturing-and-trade.pdf,already_present,998232,pdfs/2025/05/discourse-2025-01-05-can-cpec-boost-pakistans-manufacturing-and-trade.pdf
rethinking-sezs-as-instrument-of-fdi,https://file.pide.org.pk/pdfpideresearch/discourse-2025-01-06-rethinking-sezs-as-instrument-of-fdi.pdf,already_present,357409,pdfs/2025/05/discourse-2025-01-06-rethinking-sezs-as-instrument-of-fdi.pdf
pakistans-ev-potential-and-how-we-can-leverage-it-under-cpec,https://file.pide.org.pk/pdfpideresearch/discourse-2025-01-07-pakistans-ev-potential-and-how-we-can-leverage-it-under-cpec.pdf,already_present,398150,pdfs/2025/05/discourse-2025-01-07-pakistans-ev-potential-and-how-we-can-leverage-it-under-cpec.pdf
cpec-extensions-how-pakistan-can-get-more-from-bilateral-transit-agreements,https://file.pide.org.pk/pdfpideresearch/discourse-2025-01-08-cpec-extensions-how-pakistan-can-get-more-from-bilateral-transit-agreements.pdf,already_present,5169335,pdfs/2025/05/discourse-2025-01-08-cpec-extensions-how-pakistan-can-get-more-from-bilateral-transit-agreements.pdf
border-trade-woes-way-forward,https://file.pide.org.pk/pdfpideresearch/discourse-2025-01-09-border-trade-woes-and-way-forward.pdf,already_present,10031276,pdfs/2025/05/discourse-2025-01-09-border-trade-woes-and-way-forward.pdf
strengthening-pakistans-connectivity-with-regional-countries-through-cpec,https://file.pide.org.pk/pdfpideresearch/discourse-2025-01-10-strengthening-pakistans-connectivity-with-regional-countries-through-cpec.pdf,already_present,747268,pdfs/2025/05/discourse-2025-01-10-strengthening-pakistans-connectivity-with-regional-countries-through-cpec.pdf
enabling-business-to-business-b2b-prospects-in-cpec-2-0,https://file.pide.org.pk/pdfpideresearch/discourse-2025-01-11-enabling-business-to-business-b2b-prospects-in-cpec.pdf,already_present,944262,pdfs/2025/05/discourse-2025-01-11-enabling-business-to-business-b2b-prospects-in-cpec.pdf
enabling-business-to-business-b2b-prospects-in-cpec-2-0,https://finance.gov.pk/survey/chapter_24/Highlights.pdf,external_citation,0,
enabling-business-to-business-b2b-prospects-in-cpec-2-0,https://www.sbp.org.pk/press/2024/Pr-14-May-2024.pdf,external_citation,0,
energy-projects-under-cpec-a-game-changer,https://file.pide.org.pk/pdfpideresearch/discourse-2025-01-12-energy-projects-under-cpec-a-game-changer.pdf,already_present,1701235,pdfs/2025/05/discourse-2025-01-12-energy-projects-under-cpec-a-game-changer.pdf
cpecs-power-dilemmas-and-the-case-for-a-just-transition,https://file.pide.org.pk/pdfpideresearch/discourse-2025-01-13-cpecs-power-dilemmas-and-the-case-for-a-just-transition.pdf,already_present,4609233,pdfs/2025/05/discourse-2025-01-13-cpecs-power-dilemmas-and-the-case-for-a-just-transition.pdf
sustainable-energy-infrastructure-within-the-china-pakistan-economic-corridor-framework,https://file.pide.org.pk/pdfpideresearch/discourse-2025-01-14-sustainable-energy-infrastructure-within-the-china-pakistan-economic-corridor-framework.pdf,already_present,2164181,pdfs/2025/05/discourse-2025-01-14-sustainable-energy-infrastructure-within-the-china-pakistan-economic-corridor-framework.pdf
is-cpec-phase-2-0-a-game-changer-for-poverty-reduction-in-pakistan,https://file.pide.org.pk/pdfpideresearch/discourse-2025-01-15-is-cpec-phase-2-0-a-game-changer-for-poverty-reduction-in-pakistan.pdf,already_present,1657138,pdfs/2025/05/discourse-2025-01-15-is-cpec-phase-2-0-a-game-changer-for-poverty-reduction-in-pakistan.pdf
cpec-moving-beyond-infrastructure-to-economic-reforms,https://file.pide.org.pk/pdfpideresearch/discourse-2025-01-16-cpec--moving-beyond-infrastructure-to-economic-reforms.pdf,already_present,1722188,pdfs/2025/05/discourse-2025-01-16-cpec--moving-beyond-infrastructure-to-economic-reforms.pdf
cpec-sustainable-development-opportunities-and-challenges,https://file.pide.org.pk/pdfpideresearch/discourse-2025-01-17-cpec-sustainable-development-opportunities-and-challenges.pdf,already_present,275666,pdfs/2025/05/discourse-2025-01-17-cpec-sustainable-development-opportunities-and-challenges.pdf
cpec-taxes-imf,https://file.pide.org.pk/pdfpideresearch/discourse-2025-01-18-cpec-taxes-and-imf.pdf,already_present,535559,pdfs/2025/05/discourse-2025-01-18-cpec-taxes-and-imf.pdf
cpec-taxes-imf,https://www.finance.gov.pk/mefp/extended_Fund_Facility_October_2024.pdf,external_citation,0,
cpec-taxes-imf,https://www.jstor.org/stable/pdf/resrep24394.5.pdf,external_citation,0,
cpec-and-sustainable-development,https://file.pide.org.pk/pdfpideresearch/discourse-2025-01-19-cpec-and-sustainable-development.pdf,already_present,789392,pdfs/2025/05/discourse-2025-01-19-cpec-and-sustainable-development.pdf
punjabs-strategy-for-cpec-for-development-of-agriculture-sector-the-urban-unit,https://file.pide.org.pk/pdfpideresearch/discourse-2025-01-20-punjabs-strategy-for-cpec-for-development-of-agriculture-sector.pdf,already_present,3630430,pdfs/2025/05/discourse-2025-01-20-punjabs-strategy-for-cpec-for-development-of-agriculture-sector.pdf
punjabs-strategy-for-cpec-for-development-of-agriculture-sector-the-urban-unit,https://www.finance.gov.pk/survey/chapter_24/Highlights.pdf,external_citation,0,
punjabs-strategy-for-cpec-for-development-of-agriculture-sector-the-urban-unit,https://punjab.gov.pk/system/files/PGS_2023.pdf,external_citation,0,
punjabs-strategic-approach-to-cpec-for-livestock-sector-development-the-urban-unit,https://file.pide.org.pk/pdfpideresearch/discourse-2025-01-21-punjabs-strategic-approach-to-cpec-for-livestock-sector-development.pdf,already_present,1930642,pdfs/2025/05/discourse-2025-01-21-punjabs-strategic-approach-to-cpec-for-livestock-sector-development.pdf
punjabs-strategic-approach-to-cpec-for-livestock-sector-development-the-urban-unit,https://www.finance.gov.pk/survey/chapter_24/Economic_Survey_2023_24.pdf,external_citation,0,
cpec-2-0-as-a-corridor-of-innovation-revolutionizing-agriculture-through-chinas-5c-vision,https://file.pide.org.pk/pdfpideresearch/discourse-2025-01-22-cpec-2-0-as-a-corridor-of-innovation-revolutionizing-agriculture-through-chinas-5c-vision.pdf,already_present,629709,pdfs/2025/05/discourse-2025-01-22-cpec-2-0-as-a-corridor-of-innovation-revolutionizing-agriculture-through-chinas-5c-vision.pdf
cpec-2-0-as-a-corridor-of-innovation-revolutionizing-agriculture-through-chinas-5c-vision,https://finance.gov.pk/survey/chapter_24/2_agriculture.pdf,external_citation,0,
cpec-2-0-as-a-corridor-of-innovation-revolutionizing-agriculture-through-chinas-5c-vision,https://urbanunit.gov.pk/Download/publications/Files/22/2024/FINAL%20Agriculture_DGK_Development_Plan%20V2.pdf,external_citation,0,
cpec-2-0-as-a-corridor-of-innovation-revolutionizing-agriculture-through-chinas-5c-vision,https://www.sbp.org.pk/m_policy/2025/MPS-Jan-2025-Eng.pdf,external_citation,0,
cpec-2-0-as-a-corridor-of-innovation-revolutionizing-agriculture-through-chinas-5c-vision,https://www.irrigation.org/IA/FileUploads/IA/Resources/TechnicalPapers/2012/DripIrrigationForSustainingIrrigatedAgricultureInPunjabPakistanIssuesAndStrategy.pdf,external_citation,0,
cpecs-paradox-economic-aspirations-in-an-era-of-climate-crisis,https://file.pide.org.pk/pdfpideresearch/discourse-2025-01-23-cpecs-paradox-economic-aspirations-in-an-era-of-climate-crisis.pdf,already_present,2147936,pdfs/2025/05/discourse-2025-01-23-cpecs-paradox-economic-aspirations-in-an-era-of-climate-crisis.pdf
utilizing-cpec-for-benefitting-from-carbon-markets,https://file.pide.org.pk/pdfpideresearch/discourse-2025-01-24-utilizing-cpec-for-benefitting-from-carbon-markets.pdf,already_present,884252,pdfs/2025/05/discourse-2025-01-24-utilizing-cpec-for-benefitting-from-carbon-markets.pdf
when-public-servants-pollute-the-publics-air,https://file.pide.org.pk/pdfpideinpress/pip-when-public-servants-pollute-the-publics-air.pdf,already_present,632625,pdfs/2025/05/pip-when-public-servants-pollute-the-publics-air.pdf
improving-trade-and-technology-cooperation-among-shanghai-cooperation-organization-sco-member-countries-suggestions-and-way-forward,https://file.pide.org.pk/pdfpideresearch/rr-217-improving-trade-and-technology-cooperation-among-shanghai-cooperation-organization-sco-member-countries-suggestions-and-way-forward.pdf,already_present,5139658,pdfs/2025/05/rr-217-improving-trade-and-technology-cooperation-among-shanghai-cooperation-organization-sco-member-countries-suggestions-and-way-forward.pdf
reforming-gbs-disaster-management-for-a-safer-tomorrow,https://file.pide.org.pk/pdfpideinpress/pip-reforming-gbs-disaster-management-for-a-safer-tomorrow.pdf,already_present,647088,pdfs/2025/05/pip-reforming-gbs-disaster-management-for-a-safer-tomorrow.pdf
what-pakistan-needs-to-learn-from-saudi-arabia,https://file.pide.org.pk/pdfpideinpress/pip-what-pakistan-needs-to-learn-from-saudi-arabia.pdf,already_present,641422,pdfs/2025/05/pip-what-pakistan-needs-to-learn-from-saudi-arabia.pdf
the-pink-tax-trap,https://file.pide.org.pk/pdfpideinpress/pip-the-pink-tax-trap.pdf,already_present,577658,pdfs/2025/05/pip-the-pink-tax-trap.pdf
a-digital-solution-for-simplified-business-registration-in-pakistan,https://file.pide.org.pk/pdfpideresearch/pv-47-a-digital-solution-for-simplified-business-registration-in-pakistan.pdf,already_present,5902407,pdfs/2025/05/pv-47-a-digital-solution-for-simplified-business-registration-in-pakistan.pdf
building-a-skills-corridor,https://file.pide.org.pk/pdfpideinpress/pip-building-a-skills-corridor.pdf,already_present,629805,pdfs/2025/05/pip-building-a-skills-corridor.pdf
future-of-learning,https://file.pide.org.pk/pdfpideinpress/pip-future-of-learning.pdf,already_present,540155,pdfs/2025/05/pip-future-of-learning.pdf
can-we-register-a-business-in-18-minutes,https://file.pide.org.pk/pdfpideinpress/pip-can-we-register-a-business-in-18-minutes.pdf,already_present,468119,pdfs/2025/04/pip-can-we-register-a-business-in-18-minutes.pdf
impact-of-unilateral-tariff-increase-by-united-states-on-pakistani-exports,https://file.pide.org.pk/pdfpideresearch/pv-46-impact-of-unilateral-tariff-increase-by-united-states-on-pakistani-exports.pdf,already_present,4709700,pdfs/2025/04/pv-46-impact-of-unilateral-tariff-increase-by-united-states-on-pakistani-exports.pdf
path-to-inclusive-growth-and-innovation,https://file.pide.org.pk/pdfpideinpress/pip-path-to-inclusive-growth-and-innovation.pdf,already_present,504647,pdfs/2025/04/pip-path-to-inclusive-growth-and-innovation.pdf
pakistans-digital-leap-trillion-dollar-opportunity,https://file.pide.org.pk/pdfpideinpress/pip-pakistans-digital-leap-trillion-dollar-opportunity.pdf,already_present,646729,pdfs/2025/04/pip-pakistans-digital-leap-trillion-dollar-opportunity.pdf
media-coverage-uraan-pakistan,https://file.pide.org.pk/pdfpideinpress/pip-media-coverage-uraan-pakistan.pdf,already_present,3259587,pdfs/2025/04/pip-media-coverage-uraan-pakistan.pdf
media-coverage-policy-viewpoint-impact-of-unilateral-tariff-increase-by-united-states-on-pakistani-exports,https://file.pide.org.pk/pdfpideinpress/pip-media-coverage-policy-viewpoint-impact-of-unilateral-tariff-increase-by-united-states-on-pakistani-exports.pdf,already_present,1611223,pdfs/2025/04/pip-media-coverage-policy-viewpoint-impact-of-unilateral-tariff-increase-by-united-states-on-pakistani-exports.pdf
transforming-services-trade-through-digital-infrastructure,https://file.pide.org.pk/pdfpideinpress/pip-transforming-services-trade-through-digital-infrastructure.pdf,already_present,639849,pdfs/2025/04/pip-transforming-services-trade-through-digital-infrastructure.pdf
tariff-tensions,https://file.pide.org.pk/pdfpideinpress/pip-tariff-tensions.pdf,already_present,513675,pdfs/2025/04/pip-tariff-tensions.pdf
bridging-the-digital-divide,https://file.pide.org.pk/pdfpideinpress/pip-bridging-the-digital-divide.pdf,already_present,657862,pdfs/2025/04/pip-bridging-the-digital-divide.pdf
ramazan-and-revenue,https://file.pide.org.pk/pdfpideinpress/pip-ramazan-and-revenue.pdf,already_present,504905,pdfs/2025/04/pip-ramazan-and-revenue.pdf
a-budget-for-growth,https://file.pide.org.pk/pdfpideinpress/pip-a-budget-for-growth.pdf,already_present,478215,pdfs/2025/04/pip-a-budget-for-growth.pdf
corporate-window-carbon-tax-viability-for-pakistan,https://file.pide.org.pk/pdfpideinpress/pip-corporate-window-carbon-tax-viability-for-pakistan.pdf,already_present,722886,pdfs/2025/03/pip-corporate-window-carbon-tax-viability-for-pakistan.pdf
visionary-effort,https://file.pide.org.pk/pdfpideinpress/pip-visionary-effort.pdf,already_present,642407,pdfs/2025/03/pip-visionary-effort.pdf
media-coverage-pide-tsinghua-university-meeting,https://file.pide.org.pk/pdfpideinpress/pip-media-coverage-pide-tsinghua-university-meeting.pdf,already_present,912258,pdfs/2025/03/pip-media-coverage-pide-tsinghua-university-meeting.pdf
financing-climate-resilience-in-gilgit-baltistan,https://file.pide.org.pk/pdfpideinpress/pip-financing-climate-resilience-in-gilgit-baltistan.pdf,already_present,738101,pdfs/2025/03/pip-financing-climate-resilience-in-gilgit-baltistan.pdf
pakistans-energy-conundrum-challenges-and-elucidations,https://file.pide.org.pk/pdfpideinpress/pip-pakistans-energy-conundrum-challenges-and-elucidations.pdf,already_present,668243,pdfs/2025/03/pip-pakistans-energy-conundrum-challenges-and-elucidations.pdf
let-each-one-teach-one,https://file.pide.org.pk/pdfpideinpress/pip-let-each-one-teach-one.pdf,already_present,559759,pdfs/2025/03/pip-let-each-one-teach-one.pdf
making-balance-of-payments-sustainable,https://file.pide.org.pk/pdfpideinpress/pip-making-balance-of-payments-sustainable.pdf,already_present,683623,pdfs/2025/03/pip-making-balance-of-payments-sustainable.pdf
media-coverage-5th-rasta-conference,https://file.pide.org.pk/pdfpideinpress/pip-media-coverage-5th-rasta-conference.pdf,already_present,1437796,pdfs/2025/03/pip-media-coverage-5th-rasta-conference.pdf
conserving-water-smartly,https://file.pide.org.pk/pdfpideinpress/pip-conserving-water-smartly.pdf,already_present,733612,pdfs/2025/03/pip-conserving-water-smartly.pdf
a-generation-adrift,https://file.pide.org.pk/pdfpideinpress/pip-a-generation-adrift.pdf,already_present,659155,pdfs/2025/03/pip-a-generation-adrift.pdf
climate-risk-insurance-the-missing-links,https://file.pide.org.pk/pdfpideinpress/pip-climate-risk-insurance-the-missing-links.pdf,already_present,696646,pdfs/2025/03/pip-climate-risk-insurance-the-missing-links.pdf
vol-64-no-1-2025,https://file.pide.org.pk/pdfpdr/issue/pdr-2025-v64i1.pdf,already_present,7293860,pdfs/2025/03/pdr-2025-v64i1.pdf
vol-64-no-1-2025,https://file.pide.org.pk/pdfpdr/2025/1-23.pdf,already_present,913580,pdfs/2025/03/1-23.pdf
vol-64-no-1-2025,https://file.pide.org.pk/pdfpdr/2025/25-52.pdf,already_present,1239254,pdfs/2025/03/25-52.pdf
vol-64-no-1-2025,https://file.pide.org.pk/pdfpdr/2025/53-72.pdf,already_present,280763,pdfs/2025/03/53-72.pdf
vol-64-no-1-2025,https://file.pide.org.pk/pdfpdr/2025/73-95.pdf,already_present,748791,pdfs/2025/03/73-95.pdf
vol-64-no-1-2025,https://file.pide.org.pk/pdfpdr/2025/97-124.pdf,already_present,942754,pdfs/2025/03/97-124.pdf
vol-64-no-1-2025,https://file.pide.org.pk/pdfpdr/2025/125-128.pdf,already_present,207056,pdfs/2025/03/125-128.pdf
vol-64-no-1-2025,https://file.pide.org.pk/pdfpdr/2025/129-132.pdf,already_present,186416,pdfs/2025/03/129-132.pdf
improving-the-efficiency-of-the-electricity-billing-system-in-pakistan,https://file.pide.org.pk/pdfpideresearch/rr-216-improving-the-efficiency-of-the-electricity-billing-system-in-pakistan.pdf,already_present,4648534,pdfs/2025/02/rr-216-improving-the-efficiency-of-the-electricity-billing-system-in-pakistan.pdf
workers-remittances-a-pivotal-role-in-pakistans-economy,https://file.pide.org.pk/pdfpideinpress/pip-workers-remittances-a-pivotal-role-in-pakistans-economy.pdf,already_present,616765,pdfs/2025/02/pip-workers-remittances-a-pivotal-role-in-pakistans-economy.pdf
media-coverage-unlocking-climate-finance-potential-carbon-credits-from-renewable-energy,https://file.pide.org.pk/pdfpideinpress/pip-media-coverage-unlocking-climate-finance-potential-carbon-credits-from-renewable-energy.pdf,already_present,1347362,pdfs/2025/02/pip-media-coverage-unlocking-climate-finance-potential-carbon-credits-from-renewable-energy.pdf
crises-not-in-2035,https://file.pide.org.pk/pdfpideinpress/pip-crises-not-in-2035.pdf,already_present,549421,pdfs/2025/02/pip-crises-not-in-2035.pdf
ppps-a-new-mindset-for-pakistan,https://file.pide.org.pk/pdfpideinpress/pip-ppps-a-new-mindset-for-pakistan.pdf,already_present,225767,pdfs/2025/02/pip-ppps-a-new-mindset-for-pakistan.pdf
building-better-teachers-for-the-future,https://file.pide.org.pk/pdfpideinpress/pip-building-better-teachers-for-the-future.pdf,already_present,524431,pdfs/2025/02/pip-building-better-teachers-for-the-future.pdf
pakistans-next-leap,https://file.pide.org.pk/pdfpideinpress/pip-pakistans-next-leap.pdf,already_present,486692,pdfs/2025/02/pip-pakistans-next-leap.pdf
unlocking-climate-finance-potential-carbon-credits-from-renewable-energy,https://file.pide.org.pk/pdfpideresearch/kb-131-unlocking-climate-finance-potential-carbon-credits-from-renewable-energy.pdf,already_present,744366,pdfs/2025/02/kb-131-unlocking-climate-finance-potential-carbon-credits-from-renewable-energy.pdf
global-bargains-for-reducing-carbon-emissions,https://file.pide.org.pk/pdfpideresearch/wb-125-global-bargains-for-reducing-carbon-emissions.pdf,already_present,584812,pdfs/2025/02/wb-125-global-bargains-for-reducing-carbon-emissions.pdf
media-coverage-improving-grievance-redressal-system-for-service-delivery-lessons-and-learnings-from-sehat-sahulat-program-ssp,https://file.pide.org.pk/pdfpideinpress/pip-media-coverage-improving-grievance-redressal-system-for-service-delivery–lessons-and-learnings-from-sehat-sahulat-program.pdf,already_present,1389710,pdfs/2025/01/pip-media-coverage-improving-grievance-redressal-system-for-service-delivery–lessons-and-learnings-from-sehat-sahulat-program.pdf
the-missing-piece-local-governance-and-pakistans-nsp,https://file.pide.org.pk/pdfpideinpress/pip-the-missing-piece-local-governance-and-pakistans-nsp.pdf,already_present,578648,pdfs/2025/01/pip-the-missing-piece-local-governance-and-pakistans-nsp.pdf
fiscal-potential-of-agricultural-taxation,https://file.pide.org.pk/pdfpideinpress/pip-fiscal-potential-of-agricultural-taxation.pdf,already_present,452595,pdfs/2025/01/pip-fiscal-potential-of-agricultural-taxation.pdf
poultry-prospects-and-broiler-boom-in-pakistan,https://file.pide.org.pk/pdfpideinpress/pip-poultry-prospects-and-broiler-boom-in-pakistan.pdf,already_present,609755,pdfs/2025/01/pip-poultry-prospects-and-broiler-boom-in-pakistan.pdf
media-coverage-modernizing-pakistans-agricultural-economy-discourse,https://file.pide.org.pk/pdfpideinpress/pip-media-coverage-modernizing-pakistans-agricultural-economy–discourse.pdf,already_present,1186083,pdfs/2025/01/pip-media-coverage-modernizing-pakistans-agricultural-economy–discourse.pdf
empowering-lgs-for-better-public-service-delivery,https://file.pide.org.pk/pdfpideinpress/pip-empowering-lgs-for-better-public-service-delivery.pdf,already_present,567888,pdfs/2025/01/pip-empowering-lgs-for-better-public-service-delivery.pdf
advancing-sustainable-development-goals-sdgs-through-southern-punjab-poverty-alleviation-project-sppap-lessons-and-way-forward,https://file.pide.org.pk/pdfpideresearch/rr-advancing-sustainable-development-goals-through-southern-punjab-poverty-alleviation-project-lessons-and-way-forward.pdf,already_present,7267532,pdfs/2025/01/rr-advancing-sustainable-development-goals-through-southern-punjab-poverty-alleviation-project-lessons-and-way-forward.pdf
rasta-local-research-local-solutions-public-finance-managementvolume-xvi,https://file.pide.org.pk/pdfpideresearch/book-rasta-local-research-local-solutions-public-finance-management-volume-xvi.pdf,already_present,6160882,pdfs/2025/01/book-rasta-local-research-local-solutions-public-finance-management-volume-xvi.pdf
rasta-local-research-local-solutions-education-technology-volume-xv,https://file.pide.org.pk/pdfpideresearch/book-rasta-local-research-local-solutions-education-and-technology-volume-xv.pdf,already_present,12454613,pdfs/2025/01/book-rasta-local-research-local-solutions-education-and-technology-volume-xv.pdf
rasta-local-research-local-solutions-sludge-dead-capital-volume-xiv,https://file.pide.org.pk/pdfpideresearch/book-rasta-local-research-local-solutions-sludge-and-dead-capital-volume-xiv.pdf,already_present,44825307,pdfs/2025/01/book-rasta-local-research-local-solutions-sludge-and-dead-capital-volume-xiv.pdf
rasta-local-research-local-solutions-human-capital-opportunities-volume-xiii,https://file.pide.org.pk/pdfpideresearch/book-rasta-local-research-local-solutions-human-capital-and-opportunities-volume-xiii.pdf,already_present,17157204,pdfs/2025/01/book-rasta-local-research-local-solutions-human-capital-and-opportunities-volume-xiii.pdf
rasta-local-research-local-solutions-law-and-judiciary-volume-xii,https://file.pide.org.pk/pdfpideresearch/book-rasta-local-research-local-solutions-law-and-judiciary-volume-xii.pdf,already_present,27128826,pdfs/2025/01/book-rasta-local-research-local-solutions-law-and-judiciary-volume-xii.pdf
rasta-local-research-local-solutions-business-markets-volume-xi,https://file.pide.org.pk/pdfpideresearch/book-rasta-local-research-local-solutions-business-and-markets-volume-xi.pdf,already_present,25242342,pdfs/2025/01/book-rasta-local-research-local-solutions-business-and-markets-volume-xi.pdf
modernizing-pakistans-agricultural-economy,https://file.pide.org.pk/pdfpideresearch/discourse-2024-04.pdf,already_present,35937127,pdfs/2025/01/discourse-2024-04.pdf
pathways-to-prosperity-strategic-reforms-for-pakistans-agricultural-markets,https://file.pide.org.pk/pdfpideresearch/discourse-2024-04-2-pathways-to-prosperity--strategic-reforms-for-pakistan.pdf,already_present,302813,pdfs/2025/01/discourse-2024-04-2-pathways-to-prosperity--strategic-reforms-for-pakistan.pdf
deregulation-of-the-sugar-sector-critical-to-promote-efficiency,https://file.pide.org.pk/pdfpideresearch/discourse-2024-04-3-deregulation-of-the-sugar-sector-critical-to-promote-efficiency.pdf,already_present,830010,pdfs/2025/01/discourse-2024-04-3-deregulation-of-the-sugar-sector-critical-to-promote-efficiency.pdf
reforming-agricultural-land-markets-in-pakistan-overcoming-structural-inequities,https://file.pide.org.pk/pdfpideresearch/discourse-2024-04-4-reforming-agricultural-land-markets-in-pakistan.pdf,already_present,1778783,pdfs/2025/01/discourse-2024-04-4-reforming-agricultural-land-markets-in-pakistan.pdf
decoding-the-dynamics-of-pricing-in-the-fruit-and-vegetable-market-highlighting-the-government-imperfections,https://file.pide.org.pk/pdfpideresearch/discourse-2024-04-5-decoding-the-dynamics-of-pricing-in-the-fruit-and-vegetable-market-highlighting-the-government-imperfections.pdf,already_present,722491,pdfs/2025/01/discourse-2024-04-5-decoding-the-dynamics-of-pricing-in-the-fruit-and-vegetable-market-highlighting-the-government-imperfections.pdf
suparco-interventions-for-geospatial-monitoring-of-agricultural-crops,https://file.pide.org.pk/pdfpideresearch/discourse-2024-04-6-suparco-interventions-for-geospatial-monitoring-of-agricultural-crops.pdf,already_present,769948,pdfs/2025/01/discourse-2024-04-6-suparco-interventions-for-geospatial-monitoring-of-agricultural-crops.pdf
valuing-energy-efficiency-potential-in-the-agriculture-sector,https://file.pide.org.pk/pdfpideresearch/discourse-2024-04-7-valuing-energy-efficiency-potential-in-the-agriculture.pdf,already_present,649553,pdfs/2025/01/discourse-2024-04-7-valuing-energy-efficiency-potential-in-the-agriculture.pdf
revolutionizing-the-agricultural-sector-of-pakistan-sifcs-top-priority,https://file.pide.org.pk/pdfpideresearch/discourse-2024-04-8-revolutionizing-the-agricultural-sector-of-pakistan.pdf,already_present,1321135,pdfs/2025/01/discourse-2024-04-8-revolutionizing-the-agricultural-sector-of-pakistan.pdf
why-investment-in-rd-has-not-improved-agriculture-productivity,https://file.pide.org.pk/pdfpideresearch/discourse-2024-04-09-why-investment-in-r-d-has-not-improved-agriculture.pdf,already_present,4659510,pdfs/2025/01/discourse-2024-04-09-why-investment-in-r-d-has-not-improved-agriculture.pdf
unpacking-pakistans-wheat-crisis-risks-and-realities-for-future-food-security,https://file.pide.org.pk/pdfpideresearch/discourse-2024-04-10-unpacking-pakistans-wheat-crisis-risks-and-realities-for-future-food-security.pdf,already_present,762475,pdfs/2025/01/discourse-2024-04-10-unpacking-pakistans-wheat-crisis-risks-and-realities-for-future-food-security.pdf
use-of-artificial-intelligence-in-the-agriculture-supply-chains-of-pakistan,https://file.pide.org.pk/pdfpideresearch/discourse-2024-04-11-use-of-artificial-intelligence-in-the-agriculture.pdf,already_present,408697,pdfs/2025/01/discourse-2024-04-11-use-of-artificial-intelligence-in-the-agriculture.pdf
harnessing-ai-for-agricultural-transformation-a-prospect-of-pakistan,https://file.pide.org.pk/pdfpideresearch/discourse-2024-04-12-harnessing-ai-for-agricultural-transformation-a-prospect-of-pakistan.pdf,already_present,217990,pdfs/2025/01/discourse-2024-04-12-harnessing-ai-for-agricultural-transformation-a-prospect-of-pakistan.pdf
artificial-intelligence-ai-for-agricultural-advancement,https://file.pide.org.pk/pdfpideresearch/discourse-2024-04-13-artificial-intelligence-ai-for-agricultural-advancement.pdf,already_present,1535699,pdfs/2025/01/discourse-2024-04-13-artificial-intelligence-ai-for-agricultural-advancement.pdf
new-directions-in-precision-agriculture-how-the-rise-of-5g-networks-and-the-iot-can-affect-the-national-economy,https://file.pide.org.pk/pdfpideresearch/discourse-2024-04-14-new-directions-in-precision-agriculture-how-the--rise-of-5g-networks-and-the-iot-can-affect-the-national-economy.pdf,already_present,797348,pdfs/2025/01/discourse-2024-04-14-new-directions-in-precision-agriculture-how-the--rise-of-5g-networks-and-the-iot-can-affect-the-national-economy.pdf
new-directions-in-precision-agriculture-how-the-rise-of-5g-networks-and-the-iot-can-affect-the-national-economy,https://www.finance.gov.pk/survey/chapters_24/02-Agriculture.pdf,external_citation,0,
pakistans-agricultural-problem-and-its-solutions-using-artificial-intelligence,https://file.pide.org.pk/pdfpideresearch/discourse-2024-04-15-pakistans-agricultural-problem-and-its-solutions-using-artificial-intelligence.pdf,already_present,288487,pdfs/2025/01/discourse-2024-04-15-pakistans-agricultural-problem-and-its-solutions-using-artificial-intelligence.pdf
harnessing-technology-for-a-sustainable-agricultural-future,https://file.pide.org.pk/pdfpideresearch/discourse-2024-04-16-harnessing-technology-for-a-sustainable-agriculture.pdf,already_present,995396,pdfs/2025/01/discourse-2024-04-16-harnessing-technology-for-a-sustainable-agriculture.pdf
bring-on-drone-technology-in-pakistans-agriculture-regulatory-constraints,https://file.pide.org.pk/pdfpideresearch/discourse-2024-04-17-bring-on-drone-technology-in-pakistans-agriculture.pdf,already_present,1568739,pdfs/2025/01/discourse-2024-04-17-bring-on-drone-technology-in-pakistans-agriculture.pdf
regulatory-constraints-in-using-drone-technology,https://file.pide.org.pk/pdfpideresearch/discourse-2024-04-18-regulatory-constraints-in-using-drone-technology.pdf,already_present,2235073,pdfs/2025/01/discourse-2024-04-18-regulatory-constraints-in-using-drone-technology.pdf
sowing-the-seeds-of-change-pakistans-transition-from-green-to-gene,https://file.pide.org.pk/pdfpideresearch/discourse-2024-04-19-sowing-the-seeds-of-change-pakistans-transition-from-green-to-gene.pdf,already_present,607738,pdfs/2025/01/discourse-2024-04-19-sowing-the-seeds-of-change-pakistans-transition-from-green-to-gene.pdf
sowing-the-seeds-of-change-pakistans-transition-from-green-to-gene,https://paspk.org/wp-content/uploads/2015/12/Biotechnology-Report-2014.pdf,external_citation,0,
sowing-the-seeds-of-change-pakistans-transition-from-green-to-gene,https://thedocs.worldbank.org/en/doc/4a0114eb7d1cecbbbf2f65c5ce0789db-0310012022/original/Pakistan-Floods-2022-PDNA-Main-Report.pdf,external_citation,0,
sowing-the-seeds-of-change-pakistans-transition-from-green-to-gene,https://docs.vis.com.pk/Sector%20Update%202024/DairySector.pdf,external_citation,0,
moving-from-green-to-gene-revolution-scope-and-challenges-for-pakistan,https://file.pide.org.pk/pdfpideresearch/discourse-2024-04-20-moving-from-green-to-gene-revolution-scope-and-challenges-for-pakistan.pdf,already_present,478365,pdfs/2025/01/discourse-2024-04-20-moving-from-green-to-gene-revolution-scope-and-challenges-for-pakistan.pdf
why-pakistan-must-embrace-genetically-modified-crops,https://file.pide.org.pk/pdfpideresearch/discourse-2024-04-21-why-pakistan-must-embrace-genetically-modified-crops.pdf,already_present,2779571,pdfs/2025/01/discourse-2024-04-21-why-pakistan-must-embrace-genetically-modified-crops.pdf
the-scope-potential-and-challenges-to-move-from-the-green-revolution-to-the-gene-revolution-in-pakistan,https://file.pide.org.pk/pdfpideresearch/discourse-2024-04-22-the-scope-potential-and-challenges-to-move-from-the-green-revolution-to-the-gene-revolution-in-pakistan.pdf,already_present,869002,pdfs/2025/01/discourse-2024-04-22-the-scope-potential-and-challenges-to-move-from-the-green-revolution-to-the-gene-revolution-in-pakistan.pdf
valuing-lost-energy,https://file.pide.org.pk/pdfpideinpress/pip-valuing-lost-energy.pdf,already_present,596014,pdfs/2025/01/pip-valuing-lost-energy.pdf
the-exodus,https://file.pide.org.pk/pdfpideinpress/pip-the-exodus.pdf,already_present,596779,pdfs/2025/01/pip-the-exodus.pdf
corporate-window-untangling-the-gas-sector,https://file.pide.org.pk/pdfpideinpress/pip-corporate-window-untangling-the-gas-sector.pdf,already_present,700565,pdfs/2025/01/pip-corporate-window-untangling-the-gas-sector.pdf
the-economics-of-festivals,https://file.pide.org.pk/pdfpideinpress/pip-the-economics-of-festivals.pdf,already_present,505363,pdfs/2025/01/pip-the-economics-of-festivals.pdf
the-year-of-a-business-revolution,https://file.pide.org.pk/pdfpideinpress/pip-the-year-of-a-business-revolution.pdf,already_present,475778,pdfs/2025/01/pip-the-year-of-a-business-revolution.pdf
tackling-smog-in-pakistan-causes-impacts-and-way-forward,https://file.pide.org.pk/pdfpideresearch/wb-124-tackling-smog-in-pakistan-causes-impacts-and-way-forward.pdf,already_present,300187,pdfs/2025/01/wb-124-tackling-smog-in-pakistan-causes-impacts-and-way-forward.pdf
research-over-replication,https://file.pide.org.pk/pdfpideinpress/pip-research-over-replication.pdf,already_present,584041,pdfs/2025/01/pip-research-over-replication.pdf
improving-grievance-redressal-system-for-service-delivery-lessons-and-learnings-from-sehat-sahulat-program-ssp,https://file.pide.org.pk/pdfpideresearch/rr-214-improving-grievance-redressal-system-for-service-delivery-lessons-and-learnings-from-sehat-sahulat-program-ssp.pdf,already_present,10105117,pdfs/2024/12/rr-214-improving-grievance-redressal-system-for-service-delivery-lessons-and-learnings-from-sehat-sahulat-program-ssp.pdf
rethink-the-university,https://file.pide.org.pk/pdfpideinpress/pip-rethink-the-university.pdf,already_present,715466,pdfs/2024/12/pip-rethink-the-university.pdf
media-coverage-future-on-wheels-policy-brief,https://file.pide.org.pk/pdfpideinpress/pip-media-coverage-future-on-wheels-policy-brief.pdf,already_present,1546639,pdfs/2024/12/pip-media-coverage-future-on-wheels-policy-brief.pdf
pakistans-lifeline-for-survival,https://file.pide.org.pk/pdfpideinpress/pip-pakistans-lifeline-for-survival.pdf,already_present,593859,pdfs/2024/12/pip-pakistans-lifeline-for-survival.pdf
future-on-wheels,https://file.pide.org.pk/pdfpideresearch/pv-45-future-on-wheels.pdf,already_present,23829021,pdfs/2024/12/pv-45-future-on-wheels.pdf
from-ashes-to-assets,https://file.pide.org.pk/pdfpideinpress/pip-from-ashes-to-assets.pdf,already_present,613499,pdfs/2024/12/pip-from-ashes-to-assets.pdf
fiscal-policy-and-austerity-in-pakistan-reduce-expenditures-or-raise-taxes,https://file.pide.org.pk/pdfpideresearch/kb-130-fiscal-policy-and-austerity-in-pakistan-reduce-expenditures-or-raise-taxes.pdf,already_present,2078687,pdfs/2024/11/kb-130-fiscal-policy-and-austerity-in-pakistan-reduce-expenditures-or-raise-taxes.pdf
fiscal-policy-and-austerity-in-pakistan-reduce-expenditures-or-raise-taxes,https://www.finance.gov.pk/circulars/circular_15072021.pdf,external_citation,0,
fiscal-policy-and-austerity-in-pakistan-reduce-expenditures-or-raise-taxes,https://www.finance.gov.pk/circulars/circular_07072022_1.pdf,external_citation,0,
fiscal-policy-and-austerity-in-pakistan-reduce-expenditures-or-raise-taxes,https://www.ilo.org/wcmsp5/groups/public/---asia/---ro-bangkok/---ilo-islamabad/documents/briefingnote/wcms_893724.pdf,external_citation,0,
fiscal-policy-and-austerity-in-pakistan-reduce-expenditures-or-raise-taxes,https://download1.fbr.gov.pk/Docs/20237211773220909CircularNo.02of2023-24.pdf,external_citation,0,
gvcs-and-trade-reforms,https://file.pide.org.pk/pdfpideresearch/kb-129-gvcs-and-trade-reforms.pdf,already_present,1192849,pdfs/2024/11/kb-129-gvcs-and-trade-reforms.pdf
gvcs-and-trade-reforms,https://www.sbp.org.pk/reports/quarterly/fy20/First/Special-Section-1.pdf,external_citation,0,
unlocking-the-potential-of-pakistans-fisheries-sector,https://file.pide.org.pk/pdfpideinpress/pip-unlocking-the-potential-of-pakistans-fisheries-sector.pdf,already_present,643838,pdfs/2024/11/pip-unlocking-the-potential-of-pakistans-fisheries-sector.pdf
turn-trash-to-treasure,https://file.pide.org.pk/pdfpideinpress/pip-turn-trash-to-treasure.pdf,already_present,744831,pdfs/2024/11/pip-turn-trash-to-treasure.pdf
immovable-property-rights-a-case-for-law-reforms-in-punjab,https://file.pide.org.pk/pdfpideresearch/rr-213-2024-immovable-property-rights-a-case-for-law-reforms-in-punjab.pdf,already_present,5224138,pdfs/2024/11/rr-213-2024-immovable-property-rights-a-case-for-law-reforms-in-punjab.pdf
blushing-golden-apples,https://file.pide.org.pk/pdfpideinpress/pip-blushing-golden-apples.pdf,already_present,698545,pdfs/2024/11/pip-blushing-golden-apples.pdf
pakistans-economic-opportunities-in-the-sco,https://file.pide.org.pk/pdfpideinpress/pip-pakistans-economic-opportunities-in-the-sco.pdf,already_present,626008,pdfs/2024/10/pip-pakistans-economic-opportunities-in-the-sco.pdf
fleeting-calm-here-comes-the-smog,https://file.pide.org.pk/pdfpideinpress/pip-fleeting-calm-here-comes-the-smog.pdf,already_present,656144,pdfs/2024/10/pip-fleeting-calm-here-comes-the-smog.pdf
unveiling-the-smog-crisis-solutions-ahead,https://file.pide.org.pk/pdfpideresearch/rr-unveiling-the-smog-crisis-solutions-ahead.pdf,already_present,20943111,pdfs/2024/10/rr-unveiling-the-smog-crisis-solutions-ahead.pdf
pides-vision-for-reforming-agricultural-markets,https://file.pide.org.pk/pdfpideinpress/pip-pides-vision-for-reforming-agricultural-markets.pdf,already_present,674518,pdfs/2024/10/pip-pides-vision-for-reforming-agricultural-markets.pdf
brain-drain-in-pakistan-analyzing-trend-causes-and-consequences,https://file.pide.org.pk/pdfpideresearch/book-60-14-brain-drain-in-pakistan-analyzing-trend-causes-and-consequences.pdf,already_present,259890,pdfs/2024/10/book-60-14-brain-drain-in-pakistan-analyzing-trend-causes-and-consequences.pdf
transforming-education-in-pakistan-pides-research-perspectives,https://file.pide.org.pk/pdfpideresearch/book-60-15-transforming-education-in-pakistan-pides-research.pdf,already_present,306581,pdfs/2024/10/book-60-15-transforming-education-in-pakistan-pides-research.pdf
analysis-of-research-and-development-in-pakistan,https://file.pide.org.pk/pdfpideresearch/book-60-16-analysis-of-research-and-development-in-pakistan.pdf,already_present,234707,pdfs/2024/10/book-60-16-analysis-of-research-and-development-in-pakistan.pdf
energy-policy-directions-seeking-the-right-path,https://file.pide.org.pk/pdfpideresearch/book-60-17-energy-policy-directions-seeking-the-right-path.pdf,already_present,539275,pdfs/2024/10/book-60-17-energy-policy-directions-seeking-the-right-path.pdf
pides-vision-on-environmental-issues,https://file.pide.org.pk/pdfpideresearch/book-60-18-pides-vision-on-environmental-issues-a-concise.pdf,already_present,282217,pdfs/2024/10/book-60-18-pides-vision-on-environmental-issues-a-concise.pdf
celebrating-five-years-of-reason-rigor-research,https://file.pide.org.pk/pdfpideresearch/book-celebrating-five-years-of-reason-rigor-research.pdf,already_present,11319013,pdfs/2024/10/book-celebrating-five-years-of-reason-rigor-research.pdf
unlocking-state-captured-real-estate,https://file.pide.org.pk/pdfpideresearch/book-60-19-unlocking-state-captured-real-estate.pdf,already_present,409644,pdfs/2024/10/book-60-19-unlocking-state-captured-real-estate.pdf
unlocking-state-captured-real-estate,https://file.pide.org.pk/pdfpideresearch/rr-unlocking-state-captured-real-estate%E2%80%93the-case-of-islamabad.pdf,already_present,19619198,pdfs/2024/10/rr-unlocking-state-captured-real-estate%E2%80%93the-case-of-islamabad.pdf
misunderstanding-markets-the-case-for-a-market-friendly-government-in-pakistan,https://file.pide.org.pk/pdfpideresearch/book-60-20-misunderstanding-markets-the-case-for-a-market-friendly-government.pdf,already_present,321387,pdfs/2024/10/book-60-20-misunderstanding-markets-the-case-for-a-market-friendly-government.pdf
pides-prescription-for-better-agriculture-in-pakistan,https://file.pide.org.pk/pdfpideresearch/book-60-21-pides-prescription-for-better-agriculture-in-pakistan.pdf,already_present,181033,pdfs/2024/10/book-60-21-pides-prescription-for-better-agriculture-in-pakistan.pdf
key-takeaways-from-research-on-cities,https://file.pide.org.pk/pdfpideresearch/book-60-22-key-takeaways-from-research-on-cities.pdf,already_present,260256,pdfs/2024/10/book-60-22-key-takeaways-from-research-on-cities.pdf
doing-development-better-2,https://file.pide.org.pk/pdfpideresearch/book-60-01-doing-development-better.pdf,already_present,236413,pdfs/2024/10/book-60-01-doing-development-better.pdf
reer-as-a-measure-of-exchange-rate-misalignment,https://file.pide.org.pk/pdfpideresearch/book-60-02-reer-as-a-measure-of-exchange-rate-misalignment.pdf,already_present,724052,pdfs/2024/10/book-60-02-reer-as-a-measure-of-exchange-rate-misalignment.pdf
export-subsidies-and-import-substitution-steering-mercantilism-in-the-modern-time,https://file.pide.org.pk/pdfpideresearch/book-60-03-export-subsidies-and-import-substitution-steering.pdf,already_present,290591,pdfs/2024/10/book-60-03-export-subsidies-and-import-substitution-steering.pdf
assessing-fiscal-resource-distribution-in-pakistan-the-nfc-awards,https://file.pide.org.pk/pdfpideresearch/book-60-04-assessing-fiscal-resource-distribution-in-pakistan.pdf,already_present,261563,pdfs/2024/10/book-60-04-assessing-fiscal-resource-distribution-in-pakistan.pdf
a-case-for-domestic-commerce-led-growth,https://file.pide.org.pk/pdfpideresearch/book-60-05-a-case-for-domestic-commerce-led-growth.pdf,already_present,735297,pdfs/2024/10/book-60-05-a-case-for-domestic-commerce-led-growth.pdf
the-import-substitution-policy-and-strong-domestic-commerce-case-study-of-mobile-phones,https://file.pide.org.pk/pdfpideresearch/book-60-06-the-import-substitution-policy-and-strong-domestic.pdf,already_present,351621,pdfs/2024/10/book-60-06-the-import-substitution-policy-and-strong-domestic.pdf
hard-vs-soft-infrastructure-blue-print-of-paradigm-shift,https://file.pide.org.pk/pdfpideresearch/book-60-23-hard-vs-soft-infrastructure-blue-print-of-paradigm-shift.pdf,already_present,262621,pdfs/2024/10/book-60-23-hard-vs-soft-infrastructure-blue-print-of-paradigm-shift.pdf
sludge-economy-of-pakistan-a-dynamic-cge-sludge-framework,https://file.pide.org.pk/pdfpideresearch/book-60-07-sludge-economy-of-pakistan-a-dynamic-cge-sludge-framework.pdf,already_present,359095,pdfs/2024/10/book-60-07-sludge-economy-of-pakistan-a-dynamic-cge-sludge-framework.pdf
stunted-seth-state-owned-companies,https://file.pide.org.pk/pdfpideresearch/book-60-08-stunted-seth-state-owned-companies.pdf,already_present,301740,pdfs/2024/10/book-60-08-stunted-seth-state-owned-companies.pdf
business-community-problems-in-pakistan-an-overview,https://file.pide.org.pk/pdfpideresearch/book-60-09-business-community-problems-in-pakistan-an-overview.pdf,already_present,168870,pdfs/2024/10/book-60-09-business-community-problems-in-pakistan-an-overview.pdf
seth-owned-unlisted-non-corporatised-stagnant-enterprises-of-pakistan,https://file.pide.org.pk/pdfpideresearch/book-60-10-seth-owned-unlisted-non-corporatized-stagnant-enterprises.pdf,already_present,391000,pdfs/2024/10/book-60-10-seth-owned-unlisted-non-corporatized-stagnant-enterprises.pdf
the-paradox-of-elite-capture-a-double-edged-sword,https://file.pide.org.pk/pdfpideresearch/book-60-11-the-paradox-of-elite-capture-a-double-edged-sword.pdf,already_present,190746,pdfs/2024/10/book-60-11-the-paradox-of-elite-capture-a-double-edged-sword.pdf
opportunities-not-relief,https://file.pide.org.pk/pdfpideresearch/book-60-12-opportunities-not-relief.pdf,already_present,224881,pdfs/2024/10/book-60-12-opportunities-not-relief.pdf
internet-for-all-a-vision-and-a-mission,https://file.pide.org.pk/pdfpideresearch/book-60-13-internet-for-all-a-vision-and-a-mission.pdf,already_present,368340,pdfs/2024/10/book-60-13-internet-for-all-a-vision-and-a-mission.pdf
urban-engines-or-elite-enclaves-a-reflection-on-pides-insights,https://file.pide.org.pk/pdfpideresearch/book-60-24-urban-engines-or-elite-enclaves-a-reflection.pdf,already_present,486848,pdfs/2024/10/book-60-24-urban-engines-or-elite-enclaves-a-reflection.pdf
reshape-cities-into-economic-machines,https://file.pide.org.pk/pdfpideresearch/book-60-25-reshape-cities-into-economic-machines.pdf,already_present,246179,pdfs/2024/10/book-60-25-reshape-cities-into-economic-machines.pdf
people-versus-cars-rethinking-pakistans-urban-mobility,https://file.pide.org.pk/pdfpideresearch/book-60-26-people-versus-cars-rethinking-pakistans-urban.pdf,already_present,698476,pdfs/2024/10/book-60-26-people-versus-cars-rethinking-pakistans-urban.pdf
vol-63-no-3-2024,https://file.pide.org.pk/pdfpdr/issue/pdr-2024-v63i3.pdf,already_present,5398215,pdfs/2024/10/pdr-2024-v63i3.pdf
vol-63-no-3-2024,https://file.pide.org.pk/pdfpdr/2024/357-382.pdf,already_present,938853,pdfs/2024/10/357-382.pdf
vol-63-no-3-2024,https://file.pide.org.pk/pdfpdr/2024/383-398.pdf,already_present,773006,pdfs/2024/10/383-398.pdf
vol-63-no-3-2024,https://file.pide.org.pk/pdfpdr/2024/399-416.pdf,already_present,629901,pdfs/2024/10/399-416.pdf
vol-63-no-3-2024,https://file.pide.org.pk/pdfpdr/2024/417-428.pdf,already_present,619971,pdfs/2024/10/417-428.pdf
vol-63-no-3-2024,https://file.pide.org.pk/pdfpdr/2024/429-448.pdf,already_present,667814,pdfs/2024/10/429-448.pdf
vol-63-no-3-2024,https://file.pide.org.pk/pdfpdr/2024/449-462.pdf,already_present,664034,pdfs/2024/10/449-462.pdf
vol-63-no-3-2024,https://file.pide.org.pk/pdfpdr/2024/463-474.pdf,already_present,307248,pdfs/2024/10/463-474.pdf
vol-63-no-3-2024,https://file.pide.org.pk/pdfpdr/2024/475-477.pdf,already_present,126141,pdfs/2024/10/475-477.pdf
building-bridges,https://file.pide.org.pk/pdfpideinpress/pip-building-bridges.pdf,already_present,611047,pdfs/2024/10/pip-building-bridges.pdf
pakistans-stunted-business-landscape-needs-a-revamp,https://file.pide.org.pk/pdfpideinpress/pip-pakistans-stunted-business-landscape-needs-a-revamp.pdf,already_present,756418,pdfs/2024/10/pip-pakistans-stunted-business-landscape-needs-a-revamp.pdf
why-the-sco-meeting-matters,https://file.pide.org.pk/pdfpideinpress/pip-why-the-sco-meeting-matters.pdf,already_present,555475,pdfs/2024/10/pip-why-the-sco-meeting-matters.pdf
lifeline-of-balochistan,https://file.pide.org.pk/pdfpideinpress/pip-lifeline-of-balochistan.pdf,already_present,652602,pdfs/2024/10/pip-lifeline-of-balochistan.pdf
reimagining-the-poverty-debate,https://file.pide.org.pk/pdfpideinpress/pip-reimagining-the-poverty-debate.pdf,already_present,600269,pdfs/2024/10/pip-reimagining-the-poverty-debate.pdf
pakistans-population-boom-shaping-a-future-powerhouse,https://file.pide.org.pk/pdfpideinpress/pip-pakistans-population-boom-shaping-a-future-powerhouse.pdf,already_present,624234,pdfs/2024/10/pip-pakistans-population-boom-shaping-a-future-powerhouse.pdf
media-coverage-pide-festschrift-celebrating-five-years-of-reason-rigor-research,https://file.pide.org.pk/pdfpideinpress/pip-media-coverage-pide-festschrift-celebrating-five-years-of-reason-rigor-research.pdf,already_present,1553714,pdfs/2024/10/pip-media-coverage-pide-festschrift-celebrating-five-years-of-reason-rigor-research.pdf
driving-backwards-what-is-wrong-with-pakistans-automobile-industry,https://file.pide.org.pk/pdfpideresearch/book-driving-backwards-what-is-wrong-with-pakistans-automobile-industry.pdf,already_present,17250213,pdfs/2024/10/book-driving-backwards-what-is-wrong-with-pakistans-automobile-industry.pdf
the-untapped-value-of-water,https://file.pide.org.pk/pdfpideinpress/pip-the-untapped-value-of-water.pdf,already_present,644846,pdfs/2024/10/pip-the-untapped-value-of-water.pdf
brain-drain-in-pakistan-causes-consequences-and-way-forward,https://file.pide.org.pk/pdfpideinpress/pip-brain-drain-in-pakistan-causes-consequences-and-way-forward.pdf,already_present,565601,pdfs/2024/10/pip-brain-drain-in-pakistan-causes-consequences-and-way-forward.pdf
investigating-the-role-of-formal-credit-in-promoting-rural-regional-transformation-in-pakistan-suggestions-and-way-forward,https://file.pide.org.pk/pdfpideresearch/pv-2024-investigating-the-role-of-formal-credit-in-promoting-rural-regional-transformation-in-pakistan-suggestions-and-way-forward.pdf,already_present,806728,pdfs/2024/10/pv-2024-investigating-the-role-of-formal-credit-in-promoting-rural-regional-transformation-in-pakistan-suggestions-and-way-forward.pdf
special-policy-supplement,https://file.pide.org.pk/pdfpdr/issue/pdr-2024-special-policy-supplement.pdf,already_present,7909702,pdfs/2024/10/pdr-2024-special-policy-supplement.pdf
special-policy-supplement,https://file.pide.org.pk/pdfpdr/2024/special-policy-supplement/1-8.pdf,already_present,540060,pdfs/2024/10/1-8.pdf
special-policy-supplement,https://file.pide.org.pk/pdfpdr/2024/special-policy-supplement/9-12.pdf,already_present,333675,pdfs/2024/10/9-12.pdf
special-policy-supplement,https://file.pide.org.pk/pdfpdr/2024/special-policy-supplement/13-16.pdf,already_present,412769,pdfs/2024/10/13-16.pdf
special-policy-supplement,https://file.pide.org.pk/pdfpdr/2024/special-policy-supplement/17-20.pdf,already_present,379675,pdfs/2024/10/17-20.pdf
special-policy-supplement,https://file.pide.org.pk/pdfpdr/2024/special-policy-supplement/21-24.pdf,already_present,358465,pdfs/2024/10/21-24.pdf
special-policy-supplement,https://file.pide.org.pk/pdfpdr/2024/special-policy-supplement/25-32.pdf,already_present,621610,pdfs/2024/10/25-32.pdf
special-policy-supplement,https://file.pide.org.pk/pdfpdr/2024/special-policy-supplement/33-40.pdf,already_present,646439,pdfs/2024/10/33-40.pdf
special-policy-supplement,https://file.pide.org.pk/pdfpdr/2024/special-policy-supplement/41-46.pdf,already_present,640847,pdfs/2024/10/41-46.pdf
special-policy-supplement,https://file.pide.org.pk/pdfpdr/2024/special-policy-supplement/47-52.pdf,already_present,606566,pdfs/2024/10/47-52.pdf
special-policy-supplement,https://file.pide.org.pk/pdfpdr/2024/special-policy-supplement/53-56.pdf,already_present,292179,pdfs/2024/10/53-56.pdf
special-policy-supplement,https://file.pide.org.pk/pdfpdr/2024/special-policy-supplement/57-62.pdf,already_present,434034,pdfs/2024/10/57-62.pdf
special-policy-supplement,https://file.pide.org.pk/pdfpdr/2024/special-policy-supplement/63-66.pdf,already_present,398560,pdfs/2024/10/63-66.pdf
special-policy-supplement,https://file.pide.org.pk/pdfpdr/2024/special-policy-supplement/67-72.pdf,already_present,309118,pdfs/2024/10/67-72.pdf
special-policy-supplement,https://file.pide.org.pk/pdfpdr/2024/special-policy-supplement/73-76.pdf,already_present,620907,pdfs/2024/10/73-76.pdf
special-policy-supplement,https://file.pide.org.pk/pdfpdr/2024/special-policy-supplement/77-81.pdf,already_present,475385,pdfs/2024/10/77-81.pdf
special-policy-supplement,https://file.pide.org.pk/pdfpdr/2024/special-policy-supplement/83-88.pdf,already_present,396650,pdfs/2024/10/83-88.pdf
review-of-major-development-initiatives-in-punjab,https://file.pide.org.pk/pdfpideresearch/ms-12-review-of-major-development-initiatives-in-punjab.pdf,already_present,7603350,pdfs/2024/09/ms-12-review-of-major-development-initiatives-in-punjab.pdf
stunted-governance-stunted-economy,https://file.pide.org.pk/pdfpideinpress/pip-stunted-governance-stunted-economy.pdf,already_present,634654,pdfs/2024/09/pip-stunted-governance-stunted-economy.pdf
media-coverage-modernizing-governance-challenges-and-solutions-in-pakistans-rules-of-business-and-secretariat-instructions,https://file.pide.org.pk/pdfpideinpress/pip-media-coverage-modernizing-goverment.pdf,already_present,1840075,pdfs/2024/09/pip-media-coverage-modernizing-goverment.pdf
slow-and-unresponsive-governance,https://file.pide.org.pk/pdfpideinpress/pip-slow-and-unresponsive-governance.pdf,already_present,551972,pdfs/2024/09/pip-slow-and-unresponsive-governance.pdf
pakistans-dual-crisis-conflict-and-climate,https://file.pide.org.pk/pdfpideinpress/pip-pakistans-dual-crisis-conflict-and-climate.pdf,already_present,695274,pdfs/2024/09/pip-pakistans-dual-crisis-conflict-and-climate.pdf
a-collection-of-theses-on-sustainable-public-transport,https://file.pide.org.pk/pdfpideresearch/book-a-collection-of-theses-on-sustainable-public-transport.pdf,already_present,8261859,pdfs/2024/09/book-a-collection-of-theses-on-sustainable-public-transport.pdf
dairy-sector-facing-the-challenge-of-unsustainable-productivity,https://file.pide.org.pk/pdfpideinpress/pip-dairy-sector-facing-the-challenge-of-unsustainable-productivity.pdf,already_present,275454,pdfs/2024/09/pip-dairy-sector-facing-the-challenge-of-unsustainable-productivity.pdf
endless-cycle-of-relief,https://file.pide.org.pk/pdfpideinpress/pip-endless-cycle-of-relief.pdf,already_present,156748,pdfs/2024/09/pip-endless-cycle-of-relief.pdf
the-hidden-price-of-protectionism-pakistans-tariff-trap,https://file.pide.org.pk/pdfpideinpress/pip-the-hidden-price-of-protectionism-pakistans-tariff-trap.pdf,already_present,561792,pdfs/2024/09/pip-the-hidden-price-of-protectionism-pakistans-tariff-trap.pdf
pakistans-influence-from-regional-growth-to-global-shifts,https://file.pide.org.pk/uploads/ig-03-pakistans-influence-from-regional-growth-to-global-shifts.pdf,already_present,1340085,pdfs/2024/09/ig-03-pakistans-influence-from-regional-growth-to-global-shifts.pdf
unveiling-the-hidden-costs-of-economic-inefficiencies-in-pakistan,https://file.pide.org.pk/pdfpideresearch/ccr-unveiling-the-hidden-costs-of-economic-inefficiencies-in-pakistan.pdf,already_present,4063417,pdfs/2024/09/ccr-unveiling-the-hidden-costs-of-economic-inefficiencies-in-pakistan.pdf
from-crisis-to-reforms-in-argentina-learning-for-pakistan,https://file.pide.org.pk/pdfpideresearch/kb-128-from-crisis-to-reforms-in-argentina-learning-for-pakistan.pdf,already_present,3208546,pdfs/2024/09/kb-128-from-crisis-to-reforms-in-argentina-learning-for-pakistan.pdf
riding-the-gvc-wave,https://file.pide.org.pk/pdfpideinpress/pip-riding-the-gvc-wave.pdf,already_present,145934,pdfs/2024/09/pip-riding-the-gvc-wave.pdf
tax-reforms-revenue-with-growth,https://file.pide.org.pk/pdfpideresearch/rr-tax-reforms-revenue-with-growth.pdf,already_present,13979794,pdfs/2024/09/rr-tax-reforms-revenue-with-growth.pdf
energy-efficiency-prospects-in-the-textile-sector,https://file.pide.org.pk/pdfpideresearch/kb-127-energy-efficiency-prospects-in-the-textile-sector.pdf,already_present,2013950,pdfs/2024/09/kb-127-energy-efficiency-prospects-in-the-textile-sector.pdf
energy-efficiency-prospects-in-the-textile-sector,https://aptma.org.pk/wp-content/uploads/2023/07/APTMA-Management-Report-June-2023-without-Accounts-and-with-Attachments.pdf,external_citation,0,
energy-efficiency-prospects-in-the-textile-sector,https://www.pc.gov.pk/uploads/report/IEP_Outlook_Final.pdf,external_citation,0,
energy-efficiency-prospects-in-the-textile-sector,https://www.undp.org/sites/g/files/zskgke326/files/migration/pk/National-Action-Plan---Final-28th-Nov-2019.pdf,external_citation,0,
energy-efficiency-prospects-in-the-textile-sector,https://dukespace.lib.duke.edu/dspace/bitstream/handle/10161/24906/Assessing%20Industrial%20Energy%20Transition%20in%20Pakistan%27s%20Textile%20Sector.pdf,external_citation,0,
energy-efficiency-prospects-in-the-textile-sector,https://www.pide.org.pk/Research/Regionally-Competitive-Energy-Tariffs.pdf,already_present,2373605,pdfs/2024/09/Regionally-Competitive-Energy-Tariffs.pdf
energy-efficiency-prospects-in-the-textile-sector,https://neeca.gov.pk/SiteImage/Downloads/DRAFT%20NEEC%20ACTION%20PLAN%202023-2030.pdf,external_citation,0,
the-economy-of-sacrificed-animals,https://file.pide.org.pk/pdfpideresearch/kb-126-the-economy-of-sacrificed-animals.pdf,already_present,1236472,pdfs/2024/09/kb-126-the-economy-of-sacrificed-animals.pdf
border-trade-in-balochistan,https://file.pide.org.pk/pdfpideinpress/pip-border-trade-in-balochistan.pdf,already_present,647506,pdfs/2024/09/pip-border-trade-in-balochistan.pdf
modernizing-governance-challenges-and-solutions-in-pakistans-rules-of-business-and-secretariat-instructions,https://file.pide.org.pk/pdfpideresearch/rr-modernizing-governance-challenges-and-solutions-in-pakistans-rules-of-business-and-secretariat-instructions.pdf,already_present,6579660,pdfs/2024/09/rr-modernizing-governance-challenges-and-solutions-in-pakistans-rules-of-business-and-secretariat-instructions.pdf
media-coverage-of-4th-rasta-conference,https://file.pide.org.pk/pdfpideinpress/media-coverage-of-4th-rasta-conference.pdf,already_present,1579614,pdfs/2024/09/media-coverage-of-4th-rasta-conference.pdf
newsletter-may-june-july-2024,https://file.pide.org.pk/pdfpideresearch/nl-may-june-July-newsletter-2024.pdf,already_present,13995938,pdfs/2024/09/nl-may-june-July-newsletter-2024.pdf
echoes-from-twitter-x-public-opinion-on-pakistans-socio-economic-issues,https://file.pide.org.pk/pdfpideresearch/rr-echoes-from-twitter-x-public-opinion-on-pakistans-socio-economic-issues.pdf,already_present,15620737,pdfs/2024/09/rr-echoes-from-twitter-x-public-opinion-on-pakistans-socio-economic-issues.pdf
the-power-struggle-navigating-pakistans-energy-crisis,https://file.pide.org.pk/pdfpideinpress/pip-the-power-struggle-navigating-pakistan's-energy-crisis.pdf,already_present,242847,pdfs/2024/09/pip-the-power-struggle-navigating-pakistan's-energy-crisis.pdf
linchpin-reform,https://file.pide.org.pk/pdfpideinpress/pip-linchpin-reform.pdf,already_present,559537,pdfs/2024/08/pip-linchpin-reform.pdf
tech-glitches-economy-twitches,https://file.pide.org.pk/pdfpideinpress/pip-tech-glitches-economy-twitches.pdf,already_present,252262,pdfs/2024/08/pip-tech-glitches-economy-twitches.pdf
land-titles-a-missing-basic-elemental-of-the-real-estate-market,https://file.pide.org.pk/pdfpideresearch/kb-125-land-titles-a-missing-basic-elemental-of-the-real-estate-market.pdf,already_present,1696000,pdfs/2024/08/kb-125-land-titles-a-missing-basic-elemental-of-the-real-estate-market.pdf
unlocking-state-captured-real-estate-the-case-of-islamabad,https://file.pide.org.pk/pdfpideresearch/rr-unlocking-state-captured-real-estate–the-case-of-islamabad.pdf,already_present,19619198,pdfs/2024/08/rr-unlocking-state-captured-real-estate–the-case-of-islamabad.pdf
the-ipp-deals-that-keep-draining,https://file.pide.org.pk/pdfpideinpress/pip-the-ipp-deals-that-keep-draining.pdf,already_present,473822,pdfs/2024/08/pip-the-ipp-deals-that-keep-draining.pdf
unlocking-the-global-potential-of-pakistani-mangoes,https://file.pide.org.pk/pdfpideinpress/pip-unlocking-the-global-potential-of-pakistani-mangoes.pdf,already_present,595799,pdfs/2024/08/pip-unlocking-the-global-potential-of-pakistani-mangoes.pdf
wheels-of-change-tracing-pakistans-automotive-evolution-through-political-economy-and-technology-acquisition,https://file.pide.org.pk/pdfpideresearch/book-wheels-of-change-tracing-pakistans-automotive-evolution-through-political-economy-and-technology-acquisition.pdf,already_present,17197609,pdfs/2024/08/book-wheels-of-change-tracing-pakistans-automotive-evolution-through-political-economy-and-technology-acquisition.pdf
when-help-becomes-a-handicap,https://file.pide.org.pk/pdfpideinpress/pip-when-help-becomes-a-handicap.pdf,already_present,471285,pdfs/2024/08/pip-when-help-becomes-a-handicap.pdf
an-enigma-of-net-metering,https://file.pide.org.pk/pdfpideresearch/kb-124-an-enigma-of-net-metering.pdf,already_present,2393785,pdfs/2024/08/kb-124-an-enigma-of-net-metering.pdf
the-cost-of-government-interference-in-agricultural-markets,https://file.pide.org.pk/pdfpideresearch/ccr-cost-of-government-interference-in-agricultural-markets.pdf,already_present,952901,pdfs/2024/08/ccr-cost-of-government-interference-in-agricultural-markets.pdf
cost-of-a-non-competitive-economy,https://file.pide.org.pk/pdfpideresearch/rrc-cost-of-a-non-competitive-economy.pdf,already_present,858133,pdfs/2024/08/rrc-cost-of-a-non-competitive-economy.pdf
no-more-saturdays,https://file.pide.org.pk/pdfpideinpress/pip-no-more-saturdays.pdf,already_present,753691,pdfs/2024/08/pip-no-more-saturdays.pdf
costs-of-lost-talent-in-pakistan,https://file.pide.org.pk/pdfpideresearch/rrc-costs-of-lost-talent-in-pakistan.pdf,already_present,1165032,pdfs/2024/08/rrc-costs-of-lost-talent-in-pakistan.pdf
cost-of-protectionism,https://file.pide.org.pk/pdfpideresearch/rrc-cost-of-protectionism.pdf,already_present,733667,pdfs/2024/08/rrc-cost-of-protectionism.pdf
cost-of-contesting-elections-from-multiple-constituencies,https://file.pide.org.pk/pdfpideresearch/rrc-cost-of-contesting-elections-from-multiple-constituencies.pdf,already_present,1219953,pdfs/2024/08/rrc-cost-of-contesting-elections-from-multiple-constituencies.pdf
the-power-equation-a-comprehensive-review-of-ntdc,https://file.pide.org.pk/pdfpideresearch/rr-the-power-equation-a-comprehensive-review-of-ntdc.pdf,already_present,3937484,pdfs/2024/08/rr-the-power-equation-a-comprehensive-review-of-ntdc.pdf
media-coverage-memorial-of-prof-dr-naqvi,https://file.pide.org.pk/pdfpideinpress/Media%20Coverage-%20Memorial-of-Prof-Dr-Naqvi.pdf,already_present,776697,pdfs/2024/08/Media%20Coverage-%20Memorial-of-Prof-Dr-Naqvi.pdf
made-in-pakistan,https://file.pide.org.pk/pdfpideinpress/pip-made-in-pakistan.pdf,already_present,578418,pdfs/2024/08/pip-made-in-pakistan.pdf
media-coverage-chines-delegation-visit-to-pakistan,https://file.pide.org.pk/pdfpideinpress/Media%20Coverage%20-%20Chines%20Delegation%20Visit%20to%20Pakistan.pdf,already_present,1470546,pdfs/2024/08/Media%20Coverage%20-%20Chines%20Delegation%20Visit%20to%20Pakistan.pdf
redefining-urban-spaces,https://file.pide.org.pk/pdfpideinpress/pip-redefining-urban-spaces.pdf,already_present,529464,pdfs/2024/08/pip-redefining-urban-spaces.pdf
elite-capture-gatekeeping-elites-meritocracy,https://file.pide.org.pk/pdfpideresearch/discourse-2024-03.pdf,already_present,19037518,pdfs/2024/08/discourse-2024-03.pdf
clarifying-elite-capture,https://file.pide.org.pk/pdfpideresearch/discourse-2024-3-10-clarifying-elite-capture.pdf,already_present,186247,pdfs/2024/08/discourse-2024-3-10-clarifying-elite-capture.pdf
a-conversation-with-michael-sandel,https://file.pide.org.pk/pdfpideresearch/discourse-2024-3-11-pide-conversation-michael-sandel.pdf,already_present,267005,pdfs/2024/08/discourse-2024-3-11-pide-conversation-michael-sandel.pdf
the-elite-network-blocking-pakistans-progress,https://file.pide.org.pk/pdfpideresearch/discourse-2024-3-12-the-elite-network-blocking-pakistans-progress.pdf,already_present,149158,pdfs/2024/08/discourse-2024-3-12-the-elite-network-blocking-pakistans-progress.pdf
how-elite-capture-is-choking-pakistans-economic-potential,https://file.pide.org.pk/pdfpideresearch/discourse-2024-3-13-how-elite-capture-is-choking-pakistans-economic-potential.pdf,already_present,166063,pdfs/2024/08/discourse-2024-3-13-how-elite-capture-is-choking-pakistans-economic-potential.pdf
elite-capture-on-steroids,https://file.pide.org.pk/pdfpideresearch/discourse-2024-3-14-elite-capture-on-steroids.pdf,already_present,235822,pdfs/2024/08/discourse-2024-3-14-elite-capture-on-steroids.pdf
elite-capture-and-governance-in-pakistan-unravelling-historical-patterns,https://file.pide.org.pk/pdfpideresearch/discourse-2024-3-17-elite-capture-and-governance-in-pakistan-unravelling-historical-patterns.pdf,already_present,195596,pdfs/2024/08/discourse-2024-3-17-elite-capture-and-governance-in-pakistan-unravelling-historical-patterns.pdf
the-misleading-story-of-elite-capture-in-pakistan,https://file.pide.org.pk/pdfpideresearch/discourse-2024-3-18-the-misleading-story-of-elite-capture-in-pakistan.pdf,already_present,674464,pdfs/2024/08/discourse-2024-3-18-the-misleading-story-of-elite-capture-in-pakistan.pdf
elite-bargaining-in-pakistan-developments-saga,https://file.pide.org.pk/pdfpideresearch/discourse-2024-3-19-elite-bargaining-in-pakistan-developments.pdf,already_present,705676,pdfs/2024/08/discourse-2024-3-19-elite-bargaining-in-pakistan-developments.pdf
from-colonizers-to-corporatocrats-the-evolution-of-elite-capture,https://file.pide.org.pk/pdfpideresearch/discourse-2024-3-20-from-colonizers-to-corporatocrats-the-evolution-of-elite-capture.pdf,already_present,300488,pdfs/2024/08/discourse-2024-3-20-from-colonizers-to-corporatocrats-the-evolution-of-elite-capture.pdf
elites-and-the-modus-operandi-of-constructing-fear,https://file.pide.org.pk/pdfpideresearch/discourse-2024-3-22-elites-and-the-modus-operandi-of-constructing-fear.pdf,already_present,177122,pdfs/2024/08/discourse-2024-3-22-elites-and-the-modus-operandi-of-constructing-fear.pdf
sifarish-culture-a-form-of-elite-capture,https://file.pide.org.pk/pdfpideresearch/discourse-2024-3-23-sifarish-culture-a-form-of-elite-capture.pdf,already_present,196540,pdfs/2024/08/discourse-2024-3-23-sifarish-culture-a-form-of-elite-capture.pdf
conversation-tamkenat-mansoor,https://file.pide.org.pk/pdfpideresearch/discourse-2024-3-24-pide-conversation-tamkenat-mansoor.pdf,already_present,772659,pdfs/2024/08/discourse-2024-3-24-pide-conversation-tamkenat-mansoor.pdf
ai-and-educational-elitism,https://file.pide.org.pk/pdfpideresearch/discourse-2024-3-26-ai-and-educational-elitism.pdf,already_present,149844,pdfs/2024/08/discourse-2024-3-26-ai-and-educational-elitism.pdf
ai-and-educational-elitism,https://www.hec.gov.pk/english/services/faculty/Documents/Plagiarism/Guidelines%20on%20Turnitin.pdf,external_citation,0,
elite-capture-of-broadcast-and-social-media,https://file.pide.org.pk/pdfpideresearch/discourse-2024-3-28-elite-capture-of-broadcast-and-social-media.pdf,already_present,181782,pdfs/2024/08/discourse-2024-3-28-elite-capture-of-broadcast-and-social-media.pdf
elites-and-the-climate-change-accelerating-the-crisis-from-the-top-down,https://file.pide.org.pk/pdfpideresearch/discourse-2024-3-29-elites-and-the-climate-change-accelerating-the-crisis-from-the-top-down.pdf,already_present,183524,pdfs/2024/08/discourse-2024-3-29-elites-and-the-climate-change-accelerating-the-crisis-from-the-top-down.pdf
socialism-for-the-rich-and-capitalism-for-the-poor,https://file.pide.org.pk/pdfpideresearch/discourse-2024-3-30-socialism-for-the-rich-and-capitalism-for-the-poor.pdf,already_present,197956,pdfs/2024/08/discourse-2024-3-30-socialism-for-the-rich-and-capitalism-for-the-poor.pdf
elite-bargains-and-commoners-revisiting-the-two-nation-theory-in-pakistan,https://file.pide.org.pk/pdfpideresearch/discourse-2024-3-31-elite-bargains-and-commoners-revisiting-the-two-nation-theory-in-pakistan.pdf,already_present,259013,pdfs/2024/08/discourse-2024-3-31-elite-bargains-and-commoners-revisiting-the-two-nation-theory-in-pakistan.pdf
elite-capture-in-sports,https://file.pide.org.pk/pdfpideresearch/discourse-2024-3-32-elite-capture-in-sports.pdf,already_present,310130,pdfs/2024/08/discourse-2024-3-32-elite-capture-in-sports.pdf
islaah-for-public-administration,https://file.pide.org.pk/pdfpideresearch/discourse-2024-3-34-islaah-for-public-administration.pdf,already_present,277638,pdfs/2024/08/discourse-2024-3-34-islaah-for-public-administration.pdf
time-to-deregulate-2,https://file.pide.org.pk/pdfpideresearch/discourse-2024-3-35-time-to-deregulate.pdf,already_present,563009,pdfs/2024/08/discourse-2024-3-35-time-to-deregulate.pdf
building-wealth-through-investments,https://file.pide.org.pk/pdfpideresearch/discourse-2024-3-36-building-wealth-through-investments.pdf,already_present,150796,pdfs/2024/08/discourse-2024-3-36-building-wealth-through-investments.pdf
are-we-afraid-of-evaluation,https://file.pide.org.pk/pdfpideresearch/discourse-2024-3-37-are-we-afraid-of-evaluation.pdf,already_present,159489,pdfs/2024/08/discourse-2024-3-37-are-we-afraid-of-evaluation.pdf
agriculture-is-not-the-future-of-pakistan-2,https://file.pide.org.pk/pdfpideresearch/discourse-2024-3-38-agriculture-is-not-the-future-of-pakistan.pdf,already_present,217070,pdfs/2024/08/discourse-2024-3-38-agriculture-is-not-the-future-of-pakistan.pdf
essential-steps-for-pakistani-companies-to-compete-globally,https://file.pide.org.pk/pdfpideresearch/discourse-2024-3-39-essential-steps-for-pakistani-companies-to-compete.pdf,already_present,1344964,pdfs/2024/08/discourse-2024-3-39-essential-steps-for-pakistani-companies-to-compete.pdf
the-effects-of-culture-on-economic-outcomes,https://file.pide.org.pk/pdfpideresearch/discourse-2024-3-40-the-effects-of-culture-on-economic-outcomes.pdf,already_present,172129,pdfs/2024/08/discourse-2024-3-40-the-effects-of-culture-on-economic-outcomes.pdf
pakistans-energy-mess-2,https://file.pide.org.pk/pdfpideresearch/discourse-2024-3-41-pakistans-energy-mess.pdf,already_present,213020,pdfs/2024/08/discourse-2024-3-41-pakistans-energy-mess.pdf
econfest-2024-fostering-economic-discourse-and-youth-empowerment,https://file.pide.org.pk/pdfpideresearch/discourse-2024-3-42-econfest-2024-fostering-economic-discourse-and-youth-empowerment.pdf,already_present,204660,pdfs/2024/08/discourse-2024-3-42-econfest-2024-fostering-economic-discourse-and-youth-empowerment.pdf
electoral-reform-post-2024,https://file.pide.org.pk/pdfpideresearch/discourse-2024-3-43-electoral-reform-post-2024.pdf,already_present,204659,pdfs/2024/08/discourse-2024-3-43-electoral-reform-post-2024.pdf
the-costly-addiction-of-foreign-aid,https://file.pide.org.pk/pdfpideresearch/discourse-2024-3-44-the-costly-addiction-of-foreign-aid.pdf,already_present,179058,pdfs/2024/08/discourse-2024-3-44-the-costly-addiction-of-foreign-aid.pdf
24th-imf-program,https://file.pide.org.pk/pdfpideresearch/discourse-2024-3-45-24th-imf-program.pdf,already_present,134401,pdfs/2024/08/discourse-2024-3-45-24th-imf-program.pdf
ai-and-the-future-of-work-for-women-in-pakistan,https://file.pide.org.pk/pdfpideresearch/discourse-2024-3-46-ai-and-the-future-of-work-for-women-in-pakistan.pdf,already_present,147401,pdfs/2024/08/discourse-2024-3-46-ai-and-the-future-of-work-for-women-in-pakistan.pdf
revamping-ptv-a-blueprint-for-global-success,https://file.pide.org.pk/pdfpideresearch/discourse-2024-3-47-revamping-ptv-a-blueprint-for-global-success.pdf,already_present,3291305,pdfs/2024/08/discourse-2024-3-47-revamping-ptv-a-blueprint-for-global-success.pdf
geo-economic-dexterity-starts-at-home,https://file.pide.org.pk/pdfpideresearch/discourse-2024-3-48-geo-economic-dexterity-starts-at-home.pdf,already_present,150986,pdfs/2024/08/discourse-2024-3-48-geo-economic-dexterity-starts-at-home.pdf
stunted-growth-the-economic-stalemate-of-pakistans-business-landscape-2,https://file.pide.org.pk/pdfpideresearch/discourse-2024-3-49-stunted-growth-the-economic-stalemate-of-pakistans-business-landscape.pdf,already_present,2884688,pdfs/2024/08/discourse-2024-3-49-stunted-growth-the-economic-stalemate-of-pakistans-business-landscape.pdf
the-unbearable-cost-of-living,https://file.pide.org.pk/pdfpideresearch/discourse-2024-3-50-the-unbearable-cost-of-living.pdf,already_present,133161,pdfs/2024/08/discourse-2024-3-50-the-unbearable-cost-of-living.pdf
where-do-they-spend-my-taxes,https://file.pide.org.pk/pdfpideresearch/discourse-2024-3-51-where-do-they-spend-my-taxes.pdf,already_present,162774,pdfs/2024/08/discourse-2024-3-51-where-do-they-spend-my-taxes.pdf
islaah-beyond-imf-2,https://file.pide.org.pk/pdfpideresearch/discourse-2024-3-52-islaah-beyond-imf.pdf,already_present,300545,pdfs/2024/08/discourse-2024-3-52-islaah-beyond-imf.pdf
the-phenomenon-of-underdevelopment-a-case-of-pakistan,https://file.pide.org.pk/pdfpideresearch/discourse-2024-3-27-the-phenomenon-of-underdevelopment-a-case-of-pakistan.pdf,already_present,2338183,pdfs/2024/08/discourse-2024-3-27-the-phenomenon-of-underdevelopment-a-case-of-pakistan.pdf
elite-capture-by-meritocracy-the-meritocracy-paradox-in-pakistan,https://file.pide.org.pk/pdfpideresearch/discourse-2024-3-15-elite-capture-by-meritocracy-the-meritocracy-paradox-in-pakistan.pdf,already_present,196664,pdfs/2024/08/discourse-2024-3-15-elite-capture-by-meritocracy-the-meritocracy-paradox-in-pakistan.pdf
elite-capture-by-meritocracy-the-meritocracy-paradox-in-pakistan,https://aserpakistan.org/document/2024/aser_national_2023.pdf,external_citation,0,
elite-capture-or-elite-failure,https://file.pide.org.pk/pdfpideresearch/discourse-2024-3-9-elite-capture-or-elite-failure.pdf,already_present,176471,pdfs/2024/08/discourse-2024-3-9-elite-capture-or-elite-failure.pdf
pide-conversation-with-sania-saeed,https://file.pide.org.pk/pdfpideresearch/discourse-2024-3-7-pide-conversation-sania-saeed.pdf,already_present,717161,pdfs/2024/08/discourse-2024-3-7-pide-conversation-sania-saeed.pdf
not-elite-capture-but-capture-by-colonial-made-elite-2,https://file.pide.org.pk/pdfpideresearch/discourse-2024-3-6-not-elite-capture-but-capture-by-colonial-made-elite.pdf,already_present,293558,pdfs/2024/08/discourse-2024-3-6-not-elite-capture-but-capture-by-colonial-made-elite.pdf
stunted-growth-the-economic-stalemate-of-pakistans-business-landscape,https://file.pide.org.pk/pdfpideinpress/pip-stunted-growth-the-economic-stalemate-of-pakistan-business-landscape.pdf,already_present,231348,pdfs/2024/07/pip-stunted-growth-the-economic-stalemate-of-pakistan-business-landscape.pdf
a-laggards-economy,https://file.pide.org.pk/pdfpideinpress/pip-a-laggards-economy.pdf,already_present,698771,pdfs/2024/07/pip-a-laggards-economy.pdf
islaah-beyond-imf,https://file.pide.org.pk/pdfpideinpress/pip-islaah-beyond-imf.pdf,already_present,632070,pdfs/2024/07/pip-islaah-beyond-imf.pdf
path-to-trade-prosperity,https://file.pide.org.pk/pdfpideinpress/pip-path-to-trade-prosperity.pdf,already_present,165811,pdfs/2024/07/pip-path-to-trade-prosperity.pdf
corporate-window-ipps-and-capacity-payments,https://file.pide.org.pk/pdfpideinpress/pip-corporate-window-ipps-and-capacity-payments.pdf,already_present,384117,pdfs/2024/07/pip-corporate-window-ipps-and-capacity-payments.pdf
newsletter-april-2024,https://file.pide.org.pk/pdfpideresearch/nl-11-newsletter-april-2024.pdf,already_present,7983857,pdfs/2024/07/nl-11-newsletter-april-2024.pdf
taxes-for-extravagance,https://file.pide.org.pk/pdfpideinpress/pip-taxes-for-extravagance.pdf,already_present,574265,pdfs/2024/07/pip-taxes-for-extravagance.pdf
from-wheat-crisis-to-food-crisis-a-reality-check,https://file.pide.org.pk/pdfpideinpress/pip-from-wheat-crisis-to-food-crisis-a-reality-check.pdf,already_present,598409,pdfs/2024/07/pip-from-wheat-crisis-to-food-crisis-a-reality-check.pdf
data-for-development,https://file.pide.org.pk/pdfpideinpress/pip-data-for-development.pdf,already_present,535487,pdfs/2024/07/pip-data-for-development.pdf
political-party-manifestos-reform-paradox-in-pakistan-2,https://file.pide.org.pk/pdfpideresearch/rr-political-party-manifestos-reform-paradox-in-pakistan-july-2024.pdf,already_present,4950440,pdfs/2024/07/rr-political-party-manifestos-reform-paradox-in-pakistan-july-2024.pdf
taxation-in-pakistan-taxing-the-untaxed-elites,https://file.pide.org.pk/pdfpideinpress/pip-taxation-in-pakistan-taxing-the-untaxed-elites.pdf,already_present,584821,pdfs/2024/07/pip-taxation-in-pakistan-taxing-the-untaxed-elites.pdf
leadership-at-a-crossroads-prioritizing-long-term-prosperity-over-short-term-gains,https://file.pide.org.pk/pdfpideinpress/pip-leadership-at-a-crossroads-prioritizing-long-term-prosperity-over-short-term-gains.pdf,already_present,581599,pdfs/2024/07/pip-leadership-at-a-crossroads-prioritizing-long-term-prosperity-over-short-term-gains.pdf
developing-geo-economic-dexterity,https://file.pide.org.pk/pdfpideinpress/pip-developing-geo-economic%20dexterity.pdf,already_present,493414,pdfs/2024/06/pip-developing-geo-economic%20dexterity.pdf
72647,https://file.pide.org.pk/pdfpideinpress/pip-making-solar-accessible.pdf,already_present,541207,pdfs/2024/06/pip-making-solar-accessible.pdf
visionary-leadership-the-missing-ingredient-in-economic-transformation,https://file.pide.org.pk/pdfpideinpress/pip-visionary-leadership-the-missing-ingredient-in-economic-transformation.pdf,already_present,556640,pdfs/2024/06/pip-visionary-leadership-the-missing-ingredient-in-economic-transformation.pdf
how-to-ameliorate-drug-shortages,https://file.pide.org.pk/pdfpideresearch/kb-123-how-to-ameliorate-drug-shortages.pdf,already_present,736581,pdfs/2024/06/kb-123-how-to-ameliorate-drug-shortages.pdf
media-coverage-pide-prime-press-conference-at-national-press-club-islamabad,https://file.pide.org.pk/pdfpideinpress/pip-media-coverage-pide-prime-press-conference-at-national-press-club.pdf,already_present,2937863,pdfs/2024/06/pip-media-coverage-pide-prime-press-conference-at-national-press-club.pdf
pide-reform-manifesto-transforming-economy-and-society-urdu,https://file.pide.org.pk/pdfpideresearch/rr-pide-reform-manifesto-transforming-economy-and-society-urdu.pdf,already_present,17485674,pdfs/2024/06/rr-pide-reform-manifesto-transforming-economy-and-society-urdu.pdf
pide-commentary-pms-committee-on-ease-of-doing-business,https://file.pide.org.pk/pdfpideresearch/rr-pide-commentary-pms-committee-on-ease-of-doing-business.pdf,already_present,13176753,pdfs/2024/06/rr-pide-commentary-pms-committee-on-ease-of-doing-business.pdf
squid-game-of-css,https://file.pide.org.pk/pdfpideinpress/pip-squid-game-of-css.pdf,already_present,58446,pdfs/2024/06/pip-squid-game-of-css.pdf
local-puzzles-foreign-pieces,https://file.pide.org.pk/pdfpideinpress/pip-local-puzzles-foreign-pieces.pdf,already_present,63114,pdfs/2024/06/pip-local-puzzles-foreign-pieces.pdf
improving-state-owned-discos,https://file.pide.org.pk/pdfpideinpress/pip-improving-state-owned-discos.pdf,already_present,70146,pdfs/2024/06/pip-improving-state-owned-discos.pdf
vol-63-no-2-2024,https://file.pide.org.pk/pdfpdr/issue/pdr-2024-v63i2.pdf,already_present,11124973,pdfs/2024/06/pdr-2024-v63i2.pdf
vol-63-no-2-2024,https://file.pide.org.pk/pdfpdr/2024/135-160.pdf,already_present,2071194,pdfs/2024/06/135-160.pdf
vol-63-no-2-2024,https://file.pide.org.pk/pdfpdr/2024/161-184.pdf,already_present,620687,pdfs/2024/06/161-184.pdf
vol-63-no-2-2024,https://file.pide.org.pk/pdfpdr/2024/185-202.pdf,already_present,769581,pdfs/2024/06/185-202.pdf
vol-63-no-2-2024,https://file.pide.org.pk/pdfpdr/2024/203-220.pdf,already_present,673478,pdfs/2024/06/203-220.pdf
vol-63-no-2-2024,https://file.pide.org.pk/pdfpdr/2024/221-246.pdf,already_present,769757,pdfs/2024/06/221-246.pdf
vol-63-no-2-2024,https://file.pide.org.pk/pdfpdr/2024/247-288.pdf,already_present,1578894,pdfs/2024/06/247-288.pdf
vol-63-no-2-2024,https://file.pide.org.pk/pdfpdr/2024/289-306.pdf,already_present,1489927,pdfs/2024/06/289-306.pdf
vol-63-no-2-2024,https://file.pide.org.pk/pdfpdr/2024/307-324.pdf,already_present,416750,pdfs/2024/06/307-324.pdf
vol-63-no-2-2024,https://file.pide.org.pk/pdfpdr/2024/325-352.pdf,already_present,1170017,pdfs/2024/06/325-352.pdf
vol-63-no-2-2024,https://file.pide.org.pk/pdfpdr/2024/353-355.pdf,already_present,133475,pdfs/2024/06/353-355.pdf
pide-prime-tax-reforms-commission-revenue-with-growth,https://file.pide.org.pk/pdfpideresearch/rr-pide-prime-tax-reforms-commission-revenue-with-growth.pdf,already_present,943237,pdfs/2024/06/rr-pide-prime-tax-reforms-commission-revenue-with-growth.pdf
revisiting-govt-jobs,https://file.pide.org.pk/pdfpideinpress/pip-revisiting-govt-jobs.pdf,already_present,63137,pdfs/2024/06/pip-revisiting-govt-jobs.pdf
sustainable-wheat-crop-strategies,https://file.pide.org.pk/pdfpideinpress/pip-sustainable-wheat-crop-strategies.pdf,already_present,63304,pdfs/2024/06/pip-sustainable-wheat-crop-strategies.pdf
power-sector-debt-and-pakistans-economy,https://file.pide.org.pk/pdfpideresearch/wp-2024-2-power-sector-debt-and-pakistans-economy.pdf,already_present,2969077,pdfs/2024/06/wp-2024-2-power-sector-debt-and-pakistans-economy.pdf
why-is-productivity-low-in-pakistan,https://file.pide.org.pk/pdfpideinpress/pip-why-is-productivity-low-in-pakistan.pdf,already_present,65858,pdfs/2024/05/pip-why-is-productivity-low-in-pakistan.pdf
media-coverage-3rd-econfest-2024-islamabad,https://file.pide.org.pk/pdfpideinpress/pip-media-coverage-3rd-econfest-2024-islamabad.pdf,already_present,5759878,pdfs/2024/05/pip-media-coverage-3rd-econfest-2024-islamabad.pdf
auto-industry,https://file.pide.org.pk/pdfpideinpress/pip-auto-industry.pdf,already_present,57691,pdfs/2024/05/pip-auto-industry.pdf
privatisation-of-soes-a-focus-on-pia,https://file.pide.org.pk/pdfpideinpress/pip-privatisation-of-soes-a-focus-on-pia.pdf,already_present,65339,pdfs/2024/05/pip-privatisation-of-soes-a-focus-on-pia.pdf
media-coverage-revitalizing-pakistan-automobile-industry-karachi-lahore,https://file.pide.org.pk/pdfpideinpress/pip-media-coverage-revitalizing-pakistan-automobile-industry-karachi-and-lahore.pdf,already_present,4189232,pdfs/2024/05/pip-media-coverage-revitalizing-pakistan-automobile-industry-karachi-and-lahore.pdf
judicial-transformation-efficiency-transparency-depoliticisation,https://file.pide.org.pk/pdfpideresearch/discourse-2024-02.pdf,already_present,13676616,pdfs/2024/05/discourse-2024-02.pdf
developing-a-competent-energy-market,https://file.pide.org.pk/pdfpideinpress/pip-developing-a-competent-energy-market.pdf,already_present,66966,pdfs/2024/05/pip-developing-a-competent-energy-market.pdf
cover-piece-4,https://file.pide.org.pk/pdfpideresearch/discourse-2024-02-04-cover-piece.pdf,already_present,460173,pdfs/2024/05/discourse-2024-02-04-cover-piece.pdf
conceptualising-judicial-reform-in-pakistan,https://file.pide.org.pk/pdfpideresearch/discourse-2024-02-07-conceptualising-judicial-reform-in-pakistan.pdf,already_present,741199,pdfs/2024/05/discourse-2024-02-07-conceptualising-judicial-reform-in-pakistan.pdf
need-for-judicial-reforms,https://file.pide.org.pk/pdfpideresearch/discourse-2024-02-08-need-for-judicial-reforms.pdf,already_present,177253,pdfs/2024/05/discourse-2024-02-08-need-for-judicial-reforms.pdf
economic-costs-of-judicial-weaponisation,https://file.pide.org.pk/pdfpideresearch/discourse-2024-02-09-economic-costs-of-judicial-weaponisation.pdf,already_present,377724,pdfs/2024/05/discourse-2024-02-09-economic-costs-of-judicial-weaponisation.pdf
aping-the-west-the-cost-of-multiple-judicial-streams,https://file.pide.org.pk/pdfpideresearch/discourse-2024-02-10-aping-the-west-the-cost-of-multiple-judicial.pdf,already_present,233206,pdfs/2024/05/discourse-2024-02-10-aping-the-west-the-cost-of-multiple-judicial.pdf
judicial-relics-and-the-quest-for-justice,https://file.pide.org.pk/pdfpideresearch/discourse-2024-02-11-judicial-relics-and-the-quest-for-justice.pdf,already_present,1010563,pdfs/2024/05/discourse-2024-02-11-judicial-relics-and-the-quest-for-justice.pdf
justices-of-the-peace,https://file.pide.org.pk/pdfpideresearch/discourse-2024-02-12-justice-of-the-peace.pdf,already_present,367848,pdfs/2024/05/discourse-2024-02-12-justice-of-the-peace.pdf
reviving-the-jirga-system-as-alternative-dispute-resolution-adr-in-pakistans-tribal-areas,https://file.pide.org.pk/pdfpideresearch/discourse-2024-02-13-reviving-the-jirga-systemas-alternative-dispute.pdf,already_present,808122,pdfs/2024/05/discourse-2024-02-13-reviving-the-jirga-systemas-alternative-dispute.pdf
esg-impact-lawyers-innovation-in-the-pakistani-legal-system,https://file.pide.org.pk/pdfpideresearch/discourse-2024-02-14-esg-impact-lawyers-and-innovation-in-the-pakistani-legel-system.pdf,already_present,235721,pdfs/2024/05/discourse-2024-02-14-esg-impact-lawyers-and-innovation-in-the-pakistani-legel-system.pdf
justonomics-justice-economics,https://file.pide.org.pk/pdfpideresearch/discourse-2024-02-15-justonomics-justice-economics.pdf,already_present,906702,pdfs/2024/05/discourse-2024-02-15-justonomics-justice-economics.pdf
misconceptions-that-impede-national-development,https://file.pide.org.pk/pdfpideresearch/discourse-2024-02-17-misconceptions-that-impede-national-development.pdf,already_present,862004,pdfs/2024/05/discourse-2024-02-17-misconceptions-that-impede-national-development.pdf
the-humanitarian-crisis-in-the-israel-gaza-war-what-needs-to-be-done,https://file.pide.org.pk/pdfpideresearch/discourse-2024-02-18-the-humanitarian-crisis-in-the-israel-gaza-war.pdf,already_present,742067,pdfs/2024/05/discourse-2024-02-18-the-humanitarian-crisis-in-the-israel-gaza-war.pdf
imf-and-the-pro-growth-strategy-2024,https://file.pide.org.pk/pdfpideresearch/discourse-2024-02-19-imf-and-the-pro-growth-strategy.pdf,already_present,97021,pdfs/2024/05/discourse-2024-02-19-imf-and-the-pro-growth-strategy.pdf
book-review-pakistans-institutional-instability-and-underdevelopment-state-people-and-consciousness-by-akmal-hussain,https://file.pide.org.pk/pdfpideresearch/discourse-2024-02-20-book-review-pakistans-institutional-instability.pdf,already_present,561028,pdfs/2024/05/discourse-2024-02-20-book-review-pakistans-institutional-instability.pdf
unlocking-success-the-power-play-of-politics-versus-economy,https://file.pide.org.pk/pdfpideresearch/discourse-2024-02-21-unlocking-success-the-power-play-of-politics.pdf,already_present,286121,pdfs/2024/05/discourse-2024-02-21-unlocking-success-the-power-play-of-politics.pdf
doubling-down-on-industrial-policy,https://file.pide.org.pk/pdfpideresearch/discourse-2024-02-24-doubling-down-on-industrial-policy.pdf,already_present,502412,pdfs/2024/05/discourse-2024-02-24-doubling-down-on-industrial-policy.pdf
rethinking-industrial-policy-in-pakistan-a-political-economy-view,https://file.pide.org.pk/pdfpideresearch/discourse-2024-02-25-rethinking-industrial-policy-in-pakistan.pdf,already_present,434098,pdfs/2024/05/discourse-2024-02-25-rethinking-industrial-policy-in-pakistan.pdf
public-choice-and-public-value,https://file.pide.org.pk/pdfpideresearch/discourse-2024-02-27-public-choice-and-public-value.pdf,already_present,284168,pdfs/2024/05/discourse-2024-02-27-public-choice-and-public-value.pdf
threats-across-the-borders-tackling-transboundary-environmental-injustice,https://file.pide.org.pk/pdfpideresearch/discourse-2024-02-28-threats-across-the-borders-tackling-transboundary.pdf,already_present,254744,pdfs/2024/05/discourse-2024-02-28-threats-across-the-borders-tackling-transboundary.pdf
revitalising-agriculture-road-to-green-revolution,https://file.pide.org.pk/pdfpideresearch/discourse-2024-02-29-revitalising-agriculture-road-to-green-revolution.pdf,already_present,563690,pdfs/2024/05/discourse-2024-02-29-revitalising-agriculture-road-to-green-revolution.pdf
greening-the-nation-pakistans-way-forward,https://file.pide.org.pk/pdfpideresearch/discourse-2024-02-30-greening-the-nation-pakistans-way-forward.pdf,already_present,225062,pdfs/2024/05/discourse-2024-02-30-greening-the-nation-pakistans-way-forward.pdf
children-and-working-class-women-trade-liberalisation-imf-and-international-law-protections,https://file.pide.org.pk/pdfpideresearch/discourse-2024-02-31-children-and-working-class-women.pdf,already_present,374548,pdfs/2024/05/discourse-2024-02-31-children-and-working-class-women.pdf
the-siraiki-province-imbroglio-two-steps-forward-one-step-back,https://file.pide.org.pk/pdfpideresearch/discourse-2024-02-33-the-siraiki-province-imbroglio-two-steps-forward.pdf,already_present,260613,pdfs/2024/05/discourse-2024-02-33-the-siraiki-province-imbroglio-two-steps-forward.pdf
echoes-of-wisdom-tracing-the-intellectual-heritage-of-old-delhis-madrasas,https://file.pide.org.pk/pdfpideresearch/discourse-2024-02-34-echoes-of-wisdom-tracing-the-intellectual-heritage.pdf,already_present,269123,pdfs/2024/05/discourse-2024-02-34-echoes-of-wisdom-tracing-the-intellectual-heritage.pdf
driving-pakistans-industrialisation-strategy-rethinking-import-of-capital-goods,https://file.pide.org.pk/pdfpideresearch/discourse-2024-02-36-driving-pakistans-industrialisation-strategy.pdf,already_present,837909,pdfs/2024/05/discourse-2024-02-36-driving-pakistans-industrialisation-strategy.pdf
pakistans-missing-95-trillion-rupees,https://file.pide.org.pk/pdfpideresearch/discourse-2024-02-37-pakistans-missing-95-trillion-rupees.pdf,already_present,505336,pdfs/2024/05/discourse-2024-02-37-pakistans-missing-95-trillion-rupees.pdf
reflections-of-society-the-role-of-pakistani-television-in-perpetuating-patriarchal-norms,https://file.pide.org.pk/pdfpideresearch/discourse-2024-02-39-reflections-of-society.pdf,already_present,311507,pdfs/2024/05/discourse-2024-02-39-reflections-of-society.pdf
statuesque-melodies-the-tale-of-the-golden-man-and-the-urban-beggars,https://file.pide.org.pk/pdfpideresearch/discourse-2024-02-40-statuesque-melodies-the-tale-of-the-golden-man.pdf,already_present,397973,pdfs/2024/05/discourse-2024-02-40-statuesque-melodies-the-tale-of-the-golden-man.pdf
reflections-on-the-political-economy-of-judicial-delay-in-pakistan,https://file.pide.org.pk/pdfpideresearch/discourse-2024-02-06-reﬂections-on-the-political-economy-of-Judicial.pdf,already_present,411160,pdfs/2024/05/discourse-2024-02-06-reﬂections-on-the-political-economy-of-Judicial.pdf
pide-bi-monthly-roundup-5,https://file.pide.org.pk/pdfpideresearch/discourse-2024-02-41-pide-bi-monthly-roundup.pdf,already_present,196910,pdfs/2024/05/discourse-2024-02-41-pide-bi-monthly-roundup.pdf
media-coverage-economy-of-azad-jammu-kashmir-unlocking-the-potential,https://file.pide.org.pk/pdfpideinpress/pip-media-coverage-economy-of-azad-jammu-kashmir-unlocking-the-potential.pdf,already_present,1617390,pdfs/2024/05/pip-media-coverage-economy-of-azad-jammu-kashmir-unlocking-the-potential.pdf
chakkar-istan-degree-attestation-is-a-new-business-in-pakistan,https://file.pide.org.pk/pdfpideinpress/pip-chakkar-istan-degree-attestation-is-a-new-business-in-pakistan.pdf,already_present,440341,pdfs/2024/05/pip-chakkar-istan-degree-attestation-is-a-new-business-in-pakistan.pdf
strategy-for-sustainable-growth-energy-efficient-textile-industry,https://file.pide.org.pk/pdfpideinpress/pip-strategy-for-sustainable-growth-energy-efficient-textile-industry.pdf,already_present,67154,pdfs/2024/05/pip-strategy-for-sustainable-growth-energy-efficient-textile-industry.pdf
the-mirage-of-financial-freedom,https://file.pide.org.pk/pdfpideinpress/pip-the-mirage-of-financial-freedom.pdf,already_present,59670,pdfs/2024/05/pip-the-mirage-of-financial-freedom.pdf
principal-accounting-officer-issues-challenges,https://file.pide.org.pk/pdfpideresearch/kb-122-principle-accounting-officer-issues-challenges.pdf,already_present,3845323,pdfs/2024/05/kb-122-principle-accounting-officer-issues-challenges.pdf
subsidies-vs-market-forces,https://file.pide.org.pk/pdfpideinpress/pip-subsidies-vs-market-forces.pdf,already_present,66453,pdfs/2024/05/pip-subsidies-vs-market-forces.pdf
media-coverage-pide-world-bank-debate-reform-priorities-for-pakistan-fiscal-governance-reforms,https://file.pide.org.pk/pdfpideinpress/pip-media-coverage-reform-priorities-for-pakistan-fiscal-and-governance-reforms.pdf,already_present,2296797,pdfs/2024/05/pip-media-coverage-reform-priorities-for-pakistan-fiscal-and-governance-reforms.pdf
pakistans-civil-service-dilemma,https://file.pide.org.pk/pdfpideinpress/pip-pakistans-civil-service-dilemma.pdf,already_present,57257,pdfs/2024/05/pip-pakistans-civil-service-dilemma.pdf
pide-sludge-audit-vol-3,https://file.pide.org.pk/pdfpideresearch/pide-sludge-audit-vol-3.pdf,already_present,10348986,pdfs/2024/04/pide-sludge-audit-vol-3.pdf
justice-at-a-standstill,https://file.pide.org.pk/pdfpideinpress/pip-justice-at-a-standstill.pdf,already_present,61436,pdfs/2024/04/pip-justice-at-a-standstill.pdf
foreign-aid-donors-and-consultants-analyzing-pakistans-foreign-aid-inflows-and-its-outcomes,https://file.pide.org.pk/pdfpideresearch/rr-foreign-aid-donors-and-consultants-analyzing-pakistans-foreign-aid-inflows-and-its-outcomes.pdf,already_present,11220603,pdfs/2024/04/rr-foreign-aid-donors-and-consultants-analyzing-pakistans-foreign-aid-inflows-and-its-outcomes.pdf
not-elite-capture-but-capture-by-colonial-made-elite,https://file.pide.org.pk/pdfpideresearch/kb-121-not-elite-capture-but-capture-by-colonial-made-elite.pdf,already_present,1785310,pdfs/2024/04/kb-121-not-elite-capture-but-capture-by-colonial-made-elite.pdf
media-coverage-islaah-the-immediate-reform-agenda-for-pakistan,https://file.pide.org.pk/pdfpideinpress/pip-media-coverage-islaah-the-immediate-reform-agenda-for-pakistan.pdf,already_present,3073862,pdfs/2024/04/pip-media-coverage-islaah-the-immediate-reform-agenda-for-pakistan.pdf
amidst-the-what-how-when-to-privatize,https://file.pide.org.pk/pdfpideinpress/pip-amidst-the-what-how-when-to-privatize.pdf,already_present,61368,pdfs/2024/04/pip-amidst-the-what-how-when-to-privatize.pdf
parliament-a-house-to-serve-the-national-interest,https://file.pide.org.pk/pdfpideinpress/pip-parliament-a-house-to-serve-the-national-interest.pdf,already_present,61050,pdfs/2024/04/pip-parliament-a-house-to-serve-the-national-interest.pdf
polls-the-environment,https://file.pide.org.pk/pdfpideinpress/pip-polls-and-the-environment.pdf,already_present,60329,pdfs/2024/04/pip-polls-and-the-environment.pdf
ineffective-measures,https://file.pide.org.pk/pdfpideinpress/pip-ineffective-measures.pdf,already_present,64624,pdfs/2024/04/pip-ineffective-measures.pdf
agricultural-commodity-markets-in-pakistan-analysis-of-issues,https://file.pide.org.pk/pdfpideresearch/rr-agricultural-commodity-markets-in-pakistan-analysis-of-issues.pdf,already_present,20432421,pdfs/2024/04/rr-agricultural-commodity-markets-in-pakistan-analysis-of-issues.pdf
an-evaluation-of-comparative-advantage-of-domestically-produced-edible-oil-crops-challenges-and-oportunities,https://file.pide.org.pk/pdfpideresearch/rr-an-evaluation-of-comparative-advantage-of-domestically-produced-edible-oil-crops-challenges-and-oportunities.pdf,already_present,6939174,pdfs/2024/04/rr-an-evaluation-of-comparative-advantage-of-domestically-produced-edible-oil-crops-challenges-and-oportunities.pdf
rasta-local-research-local-solutions-growth-taxation-volume-vii,https://file.pide.org.pk/pdfpideresearch/book-rasta-local-research-local-solutions-growth-and-taxation-volume-vii.pdf,already_present,5734299,pdfs/2024/04/book-rasta-local-research-local-solutions-growth-and-taxation-volume-vii.pdf
rasta-local-research-local-solutions-farm-productivity-food-prices-volume-viii,https://file.pide.org.pk/pdfpideresearch/book-rasta-local-research-local-solutions-farm-productivity-and-food-prices-volume-viii.pdf,already_present,110126397,pdfs/2024/04/book-rasta-local-research-local-solutions-farm-productivity-and-food-prices-volume-viii.pdf
rasta-local-research-local-solutions-public-service-delivery-volume-ix,https://file.pide.org.pk/pdfpideresearch/book-rasta-local-research-local-solutions-public-service-delivery-volume-ix.pdf,already_present,149042661,pdfs/2024/04/book-rasta-local-research-local-solutions-public-service-delivery-volume-ix.pdf
rasta-local-research-local-solutions-sugar-industry-water-cooperation-financial-inclusion-volume-x,https://file.pide.org.pk/pdfpideresearch/book-rasta-local-research-local-solutions-sugar-industry-water-cooperation-and-financial-inclusion-volume-x.pdf,already_present,166677880,pdfs/2024/04/book-rasta-local-research-local-solutions-sugar-industry-water-cooperation-and-financial-inclusion-volume-x.pdf
newsletter-march-2024,https://file.pide.org.pk/pdfpideresearch/nl-10-newsletter-march-2024.pdf,already_present,6324163,pdfs/2024/04/nl-10-newsletter-march-2024.pdf
rising-energy-prices-adverse-impact-on-masses,https://file.pide.org.pk/pdfpideinpress/pip-rising-energy-prices-adverse-impact-on-masses.pdf,already_present,55415,pdfs/2024/04/pip-rising-energy-prices-adverse-impact-on-masses.pdf
transports-and-logistics,https://file.pide.org.pk/pdfpideresearch/rr-transports-and-logistics.pdf,already_present,5057509,pdfs/2024/04/rr-transports-and-logistics.pdf
utilization-challenges-of-public-health-insurance-initiatives-evidences-from-sehat-sahulat-program-ssp-in-pakistan,https://file.pide.org.pk/pdfpideresearch/rr-utilization-challenges-of-%20public-health-insurance-initiatives.pdf,already_present,11163404,pdfs/2024/04/rr-utilization-challenges-of-%20public-health-insurance-initiatives.pdf
immediate-reform-agenda-imf-beyond,https://file.pide.org.pk/pdfpideresearch/rr-immediate-reform-agenda-imf-and-beyond.pdf,already_present,18879237,pdfs/2024/04/rr-immediate-reform-agenda-imf-and-beyond.pdf
file-culture-a-crippling-affliction-to-the-real-estate-market,https://file.pide.org.pk/pdfpideresearch/ms-11-file-culture-a-crippling-affliction-to-the-real-estate-market.pdf,already_present,5945083,pdfs/2024/04/ms-11-file-culture-a-crippling-affliction-to-the-real-estate-market.pdf
forestrys-economic-contribution-is-beyond-just-wood,https://file.pide.org.pk/pdfpideresearch/kb-forestrys-economic-contribution-is-beyond-just-wood.pdf,already_present,12015132,pdfs/2024/03/kb-forestrys-economic-contribution-is-beyond-just-wood.pdf
wood-demand-and-supply-in-pakistan,https://file.pide.org.pk/pdfpideresearch/kb-wood-demand-and-supply-in-pakistan.pdf,already_present,1712601,pdfs/2024/03/kb-wood-demand-and-supply-in-pakistan.pdf
forest-based-tourism-services-in-pakistan,https://file.pide.org.pk/pdfpideresearch/kb-forest-based-tourism-services-in-pakistan.pdf,already_present,2494592,pdfs/2024/03/kb-forest-based-tourism-services-in-pakistan.pdf
forests-indirect-services-for-watersheds-the-case-of-mangla-dam,https://file.pide.org.pk/pdfpideresearch/kb-forests-indirect-services-for-watersheds-the-case-of-mangla-dam.pdf,already_present,1708638,pdfs/2024/03/kb-forests-indirect-services-for-watersheds-the-case-of-mangla-dam.pdf
towards-sustainable-range-resource-management-in-pakistan,https://file.pide.org.pk/pdfpideresearch/kb-towards-sustainable-range-resource-management-in-pakistan.pdf,already_present,1818288,pdfs/2024/03/kb-towards-sustainable-range-resource-management-in-pakistan.pdf
rethinking-the-seed-industry-in-pakistan,https://file.pide.org.pk/pdfpideinpress/pip-rethinking-the-seed-industry-in-pakistan.pdf,already_present,62002,pdfs/2024/03/pip-rethinking-the-seed-industry-in-pakistan.pdf
media-modernisation-news-journalism-infotainment,https://file.pide.org.pk/pdfpideresearch/discourse-2024-01.pdf,already_present,12860626,pdfs/2024/03/discourse-2024-01.pdf
state-control-corporate-interests-and-media-independence-in-pakistan-raza-rumi,https://file.pide.org.pk/pdfpideresearch/discourse-2024-01-01-state-control-corporate-interests-and-media.pdf,already_present,264623,pdfs/2024/03/discourse-2024-01-01-state-control-corporate-interests-and-media.pdf
restoring-the-arbiter,https://file.pide.org.pk/pdfpideresearch/discourse-2024-01-02-restoring-the-arbiter.pdf,already_present,376276,pdfs/2024/03/discourse-2024-01-02-restoring-the-arbiter.pdf
restoring-the-arbiter,https://pemra.gov.pk/uploads/pub-rep/pemra_annual_report_19-20.pdf,external_citation,0,
reshaping-media-in-pakistan,https://file.pide.org.pk/pdfpideresearch/discourse-2024-01-03-reshaping-media-in-pakistan.pdf,already_present,770619,pdfs/2024/03/discourse-2024-01-03-reshaping-media-in-pakistan.pdf
the-precarious-path-of-pakistans-media-landscape-navigating-freedom-regulation-and-sustainability,https://file.pide.org.pk/pdfpideresearch/discourse-2024-01-04-the-precarious-path-of-pakistans-media-landscape.pdf,already_present,501070,pdfs/2024/03/discourse-2024-01-04-the-precarious-path-of-pakistans-media-landscape.pdf
the-precarious-path-of-pakistans-media-landscape-navigating-freedom-regulation-and-sustainability,https://www.fnpk.org/wp-content/uploads/2022/04/FINAL-Pakistan-Press-Freedom-Report-2022.pdf,external_citation,0,
the-precarious-path-of-pakistans-media-landscape-navigating-freedom-regulation-and-sustainability,https://pakistancode.gov.pk/pdffiles/administrator46c9a3c62acc16428e73999e7d30ba2a.pdf,external_citation,0,
walking-the-tightrope-of-journalism-in-pakistan,https://file.pide.org.pk/pdfpideresearch/discourse-2024-01-05-walking-the-tightrope-of-journalism-in-pakistan.pdf,already_present,404620,pdfs/2024/03/discourse-2024-01-05-walking-the-tightrope-of-journalism-in-pakistan.pdf
concerns-of-intelligentsia-in-pakistan-content-analysis-of-newspapers,https://file.pide.org.pk/pdfpideresearch/discourse-2024-01-06-concerns-of-intelligentsia-in-pakistan-content-an.pdf,already_present,3079317,pdfs/2024/03/discourse-2024-01-06-concerns-of-intelligentsia-in-pakistan-content-an.pdf
climate-and-media-reporting-based-on-conflict-theory-or-structural-functionalism,https://file.pide.org.pk/pdfpideresearch/discourse-2024-01-07-climate-and-media-reporting-based-on-conﬂict.pdf,already_present,364810,pdfs/2024/03/discourse-2024-01-07-climate-and-media-reporting-based-on-conﬂict.pdf
media-manipulation-terrorism-corruption-and-the-shifting-sands-of-perception,https://file.pide.org.pk/pdfpideresearch/discourse-2024-01-08-media-source-state-of-industry-report-nepra.pdf,already_present,171611,pdfs/2024/03/discourse-2024-01-08-media-source-state-of-industry-report-nepra.pdf
the-cult-of-digital-media,https://file.pide.org.pk/pdfpideresearch/discourse-2024-01-09-the-cult-of-digital-media.pdf,already_present,181737,pdfs/2024/03/discourse-2024-01-09-the-cult-of-digital-media.pdf
what-matters-most-votes-or-numbers,https://file.pide.org.pk/pdfpideresearch/discourse-2024-01-10-what-matters-most-votes-or-numbers.pdf,already_present,952978,pdfs/2024/03/discourse-2024-01-10-what-matters-most-votes-or-numbers.pdf
default-incentivising-cooperation-between-creditors,https://file.pide.org.pk/pdfpideresearch/discourse-2024-01-11-default-incentivising-cooperation-between.pdf,already_present,114605,pdfs/2024/03/discourse-2024-01-11-default-incentivising-cooperation-between.pdf
default-incentivising-cooperation-between-creditors,https://www.cbsl.gov.lk/sites/default/files/cbslweb_documents/national_accounts_estimates_2023_q2.pdf,external_citation,0,
unending-crises-of-unending-hybridity,https://file.pide.org.pk/pdfpideresearch/discourse-2024-01-12-unending-crises-of-unending-hybridity.pdf,already_present,401212,pdfs/2024/03/discourse-2024-01-12-unending-crises-of-unending-hybridity.pdf
making-sense-of-pakistans-retaliation-against-iran,https://file.pide.org.pk/pdfpideresearch/discourse-2024-01-13-making-sense-of-pakistans-retaliation-against-ira.pdf,already_present,269173,pdfs/2024/03/discourse-2024-01-13-making-sense-of-pakistans-retaliation-against-ira.pdf
making-sense-of-pakistans-retaliation-against-iran,https://file.pide.org.pk/pdfpideresearch/discourse-2024-01-14-grassroots-politics-the-only-way-forward.pdf,already_present,178357,pdfs/2024/03/discourse-2024-01-14-grassroots-politics-the-only-way-forward.pdf
electables-the-unsung-losers-of-the-2024-elections,https://file.pide.org.pk/pdfpideresearch/discourse-2024-01-16-electables-the-unsung-losers-of-the-2024-election.pdf,already_present,258440,pdfs/2024/03/discourse-2024-01-16-electables-the-unsung-losers-of-the-2024-election.pdf
2024-elections-the-end-of-electables,https://file.pide.org.pk/pdfpideresearch/discourse-2024-01-17-2024-elections-the-end-of-electables.pdf,already_present,543717,pdfs/2024/03/discourse-2024-01-17-2024-elections-the-end-of-electables.pdf
empowering-the-lowest-strata-a-vehicle-for-socioeconomic-transformation,https://file.pide.org.pk/pdfpideresearch/discourse-2024-01-18-empowering-the-lowest-strata-a-vehicle-for-socio.pdf,already_present,534395,pdfs/2024/03/discourse-2024-01-18-empowering-the-lowest-strata-a-vehicle-for-socio.pdf
how-the-imfs-structural-adjustment-programmes-in-pakistan-violate-ilo-conventions,https://file.pide.org.pk/pdfpideresearch/discourse-2024-01-19-how-imfs-structural-adjustment-programmes-violat.pdf,already_present,222355,pdfs/2024/03/discourse-2024-01-19-how-imfs-structural-adjustment-programmes-violat.pdf
political-reform-constitution-sans-implementation,https://file.pide.org.pk/pdfpideresearch/discourse-2024-01-20-political-reform-constitution-sans-implementation.pdf,already_present,411654,pdfs/2024/03/discourse-2024-01-20-political-reform-constitution-sans-implementation.pdf
countertrafficking-counterinsurgency-a-counter-productive-relationship,https://file.pide.org.pk/pdfpideresearch/discourse-2024-01-21-counter-trafficking-and-counterinsurgency.pdf,already_present,709110,pdfs/2024/03/discourse-2024-01-21-counter-trafficking-and-counterinsurgency.pdf
strategic-leadership-and-statecraft,https://file.pide.org.pk/pdfpideresearch/discourse-2024-01-22-strategic-leadership-and-statecraft.pdf,already_present,351837,pdfs/2024/03/discourse-2024-01-22-strategic-leadership-and-statecraft.pdf
the-significance-of-oral-histories-in-pakistan,https://file.pide.org.pk/pdfpideresearch/discourse-2024-01-23-the-significance-of-oral-histories-in-pakistan.pdf,already_present,333222,pdfs/2024/03/discourse-2024-01-23-the-significance-of-oral-histories-in-pakistan.pdf
half-human-the-bastardisation-of-science-via-standardisation,https://file.pide.org.pk/pdfpideresearch/discourse-2024-01-24-half-human-the-bastardisation-of-science-via-stan.pdf,already_present,298948,pdfs/2024/03/discourse-2024-01-24-half-human-the-bastardisation-of-science-via-stan.pdf
the-silent-crisis-how-climate-change-is-driving-food-inflation-in-pakistan,https://file.pide.org.pk/pdfpideresearch/discourse-2024-01-25-the-silent-crisis-how-climate-change-is-driving.pdf,already_present,829494,pdfs/2024/03/discourse-2024-01-25-the-silent-crisis-how-climate-change-is-driving.pdf
the-silent-crisis-how-climate-change-is-driving-food-inflation-in-pakistan,https://www.adb.org/sites/default/files/publication/357876/climate-change-profile-pakistan.pdf,external_citation,0,
the-silent-crisis-how-climate-change-is-driving-food-inflation-in-pakistan,https://www.pbs.gov.pk/sites/default/files/price_statistics/cpi/CPI_Review_May_2023.pdf,external_citation,0,
monumental-shifts-in-pakistans-startup-for-the-better-or-for-the-worse,https://file.pide.org.pk/pdfpideresearch/discourse-2024-01-26-monumental-shifts-in-pakistans-startup-landscape.pdf,already_present,498046,pdfs/2024/03/discourse-2024-01-26-monumental-shifts-in-pakistans-startup-landscape.pdf
olomopolo-ten-years-of-drive-discourse-and-dialogue,https://file.pide.org.pk/pdfpideresearch/discourse-2024-01-27-olomopolo-ten-years-of-drive-discourse-and-dia.pdf,already_present,208758,pdfs/2024/03/discourse-2024-01-27-olomopolo-ten-years-of-drive-discourse-and-dia.pdf
abstraction-in-art-aesthetic-excellence-or-elitist-farce,https://file.pide.org.pk/pdfpideresearch/discourse-2024-01-28-abstraction-in-art-aesthetic-excellence-or-elitis.pdf,already_present,903317,pdfs/2024/03/discourse-2024-01-28-abstraction-in-art-aesthetic-excellence-or-elitis.pdf
pide-bi-monthly-roundup-4,https://file.pide.org.pk/pdfpideresearch/discourse-2024-01-29-pide-bi-monthly-roundup.pdf,already_present,84886,pdfs/2024/03/discourse-2024-01-29-pide-bi-monthly-roundup.pdf
media-coverage-gors-everywhere,https://file.pide.org.pk/pdfpideinpress/pip-media-coverage-gors-everywhere.pdf,already_present,1899186,pdfs/2024/03/pip-media-coverage-gors-everywhere.pdf
what-do-we-know-about-the-online-freelancing-market-in-pakistan,https://file.pide.org.pk/pdfpideresearch/kb-116-what-do-we-know-about-the-online-freelancing-market-in-pakistan.pdf,already_present,2771344,pdfs/2024/03/kb-116-what-do-we-know-about-the-online-freelancing-market-in-pakistan.pdf
pakistans-urban-water-challenges-and-prospects,https://file.pide.org.pk/pdfpideresearch/kb-115-pakistans-urban-water-challenges-and-prospects.pdf,already_present,4703419,pdfs/2024/03/kb-115-pakistans-urban-water-challenges-and-prospects.pdf
batala-engineering-company-beco-a-tragic-story-of-plummet-from-the-apex,https://file.pide.org.pk/pdfpideresearch/kb-114-batala-engineering-company-beco-a-tragic-story-of-plummet-from-the-apex.pdf,already_present,2563057,pdfs/2024/03/kb-114-batala-engineering-company-beco-a-tragic-story-of-plummet-from-the-apex.pdf
evs-toys-for-the-rich,https://file.pide.org.pk/pdfpideinpress/pip-evs-toys-for-the-rich.pdf,already_present,63530,pdfs/2024/03/pip-evs-toys-for-the-rich.pdf
asserting-economic-sovereignty,https://file.pide.org.pk/pdfpideinpress/pip-asserting-economic-sovereignty.pdf,already_present,141766,pdfs/2024/03/pip-asserting-economic-sovereignty.pdf
ticket-to-a-better-future,https://file.pide.org.pk/pdfpideinpress/pip-ticket-to-a-better-future.pdf,already_present,533675,pdfs/2024/03/pip-ticket-to-a-better-future.pdf
the-economic-and-environmental-cost-of-election-2024,https://file.pide.org.pk/pdfpideresearch/rr-the-economic-and-environmental-cost-of-election-2024.pdf,already_present,1160575,pdfs/2024/03/rr-the-economic-and-environmental-cost-of-election-2024.pdf
gors-everywhere-university-land-for-public-housing,https://file.pide.org.pk/pdfpideresearch/rr-gors-everywhere-university-land-for-public-housing.pdf,already_present,23116878,pdfs/2024/03/rr-gors-everywhere-university-land-for-public-housing.pdf
reinventing-cities-as-catalyst-for-growth-a-collection-of-work-at-pide,https://file.pide.org.pk/pdfpideresearch/book-reinventing-cities-as-catalyst-for-growth-a-collection-of-work-at-pide.pdf,already_present,9021734,pdfs/2024/03/book-reinventing-cities-as-catalyst-for-growth-a-collection-of-work-at-pide.pdf
monetary-policy-crafting-a-path-for-pakistans-economic-stability,https://file.pide.org.pk/pdfpideresearch/book-monetary-policy-crafting-a-path-for-pakistans-economic-stability.pdf,already_present,4848605,pdfs/2024/03/book-monetary-policy-crafting-a-path-for-pakistans-economic-stability.pdf
evaluation-of-seed-industry-way-forward,https://file.pide.org.pk/pdfpideresearch/ms-10-evaluation-of-seed-industry-way-forward.pdf,already_present,5167068,pdfs/2024/03/ms-10-evaluation-of-seed-industry-way-forward.pdf
newsletter-february-2024,https://file.pide.org.pk/pdfpideresearch/nl-09-newsletter-February-2024.pdf,already_present,6291148,pdfs/2024/03/nl-09-newsletter-February-2024.pdf
article-63-a-the-delicate-dance,https://file.pide.org.pk/pdfpideinpress/pip-article-63-a-the-delicate-dance.pdf,already_present,172606,pdfs/2024/03/pip-article-63-a-the-delicate-dance.pdf
innovation-in-academia,https://file.pide.org.pk/pdfpideinpress/pip-innovation-in-academia.pdf,already_present,519370,pdfs/2024/03/pip-innovation-in-academia.pdf
vol-63-no-1-2024,https://file.pide.org.pk/pdfpdr/issue/pdr-2024-v63i1.pdf,already_present,10565019,pdfs/2024/02/pdr-2024-v63i1.pdf
vol-63-no-1-2024,https://file.pide.org.pk/pdfpdr/2024/1-18.pdf,already_present,892755,pdfs/2024/02/1-18.pdf
vol-63-no-1-2024,https://file.pide.org.pk/pdfpdr/2024/19-44.pdf,already_present,962958,pdfs/2024/02/19-44.pdf
vol-63-no-1-2024,https://file.pide.org.pk/pdfpdr/2024/45-64.pdf,already_present,538680,pdfs/2024/02/45-64.pdf
vol-63-no-1-2024,https://file.pide.org.pk/pdfpdr/2024/65-88.pdf,already_present,923542,pdfs/2024/02/65-88.pdf
vol-63-no-1-2024,https://file.pide.org.pk/pdfpdr/2024/89-100.pdf,already_present,516232,pdfs/2024/02/89-100.pdf
vol-63-no-1-2024,https://file.pide.org.pk/pdfpdr/2024/101-110.pdf,already_present,736916,pdfs/2024/02/101-110.pdf
vol-63-no-1-2024,https://file.pide.org.pk/pdfpdr/2024/111-122.pdf,already_present,818927,pdfs/2024/02/111-122.pdf
vol-63-no-1-2024,https://file.pide.org.pk/pdfpdr/2024/123-131.pdf,already_present,680461,pdfs/2024/02/123-131.pdf
vol-63-no-1-2024,https://file.pide.org.pk/pdfpdr/2024/133-134.pdf,already_present,520426,pdfs/2022/08/133-134.pdf
corporate-window-bureaucrats-on-soe-boards,https://file.pide.org.pk/pdfpideinpress/pip-corporate-window-bureaucrats-on-soe-boards.pdf,already_present,65974,pdfs/2024/02/pip-corporate-window-bureaucrats-on-soe-boards.pdf
pakistans-emigration-trends-insights,https://file.pide.org.pk/pdfpideresearch/kb-112-pakistans-emigration-trends-and-insights.pdf,already_present,1329474,pdfs/2024/02/kb-112-pakistans-emigration-trends-and-insights.pdf
political-party-manifestos-reform-paradox-in-pakistan,https://file.pide.org.pk/pdfpideresearch/rr-political-party-manifestos-reform-paradox-in-pakistan.pdf,already_present,1798346,pdfs/2024/02/rr-political-party-manifestos-reform-paradox-in-pakistan.pdf
a-tax-to-transform-the-auto-sector,https://file.pide.org.pk/uploads/pip-a-tax-to-transform-the-auto-sector.pdf,already_present,79308,pdfs/2024/02/pip-a-tax-to-transform-the-auto-sector.pdf
newsletter-january-2024,https://file.pide.org.pk/pdfpideresearch/nl-09-newsletter-january-2024.pdf,already_present,6402080,pdfs/2024/02/nl-09-newsletter-january-2024.pdf
readings-in-pakistans-energy-challenges,https://file.pide.org.pk/pdfpideresearch/book-readings-in-pakistans-energy-challenges.pdf,already_present,12248450,pdfs/2024/02/book-readings-in-pakistans-energy-challenges.pdf
preface-readings-in-pakistans-energy-challenges,https://file.pide.org.pk/pdfpideresearch/book-50-00a-preface-readings-in-pakistans-energy-challenges.pdf,already_present,483779,pdfs/2024/02/book-50-00a-preface-readings-in-pakistans-energy-challenges.pdf
pakistan-energy-sector,https://file.pide.org.pk/pdfpideresearch/book-50-00b-pakistan-energy-sector.pdf,already_present,894152,pdfs/2024/02/book-50-00b-pakistan-energy-sector.pdf
circular-debt-an-unfortunate-misnomer-2,https://file.pide.org.pk/pdfpideresearch/book-50-01-circular-debt-an-unfortunate-misnomer.pdf,already_present,1177173,pdfs/2024/02/book-50-01-circular-debt-an-unfortunate-misnomer.pdf
corporate-governance-in-the-state-owned-electricity-distribution-companies-2,https://file.pide.org.pk/pdfpideresearch/book-50-02-corporate-governance-in-the-state-owned-electricity-distribution-companies.pdf,already_present,638596,pdfs/2024/02/book-50-02-corporate-governance-in-the-state-owned-electricity-distribution-companies.pdf
privatisation-of-electricity-distribution-companies-a-way-forward-2,https://file.pide.org.pk/pdfpideresearch/book-50-03-privatisation-of-electricity-distribution-companies-a-way-forward.pdf,already_present,720465,pdfs/2024/02/book-50-03-privatisation-of-electricity-distribution-companies-a-way-forward.pdf
electricity-tariff-design-a-survey-2,https://file.pide.org.pk/pdfpideresearch/book-50-04-electricity-tariff-design-a-survey.pdf,already_present,868009,pdfs/2024/02/book-50-04-electricity-tariff-design-a-survey.pdf
urban-resilience-and-its-impact-on-electricity-provision-in-karachi-islamabad-and-peshawar-2,https://file.pide.org.pk/pdfpideresearch/book-50-05-urban-resilience-and-its-impact-on-electricity-provision-in-karachi-islamabad-and-peshawar.pdf,already_present,2352074,pdfs/2024/02/book-50-05-urban-resilience-and-its-impact-on-electricity-provision-in-karachi-islamabad-and-peshawar.pdf
national-electric-power-regulatory-authority-nepra-2,https://file.pide.org.pk/pdfpideresearch/book-50-06-national-electric-power-regulatory-authority-nepra.pdf,already_present,2104673,pdfs/2024/02/book-50-06-national-electric-power-regulatory-authority-nepra.pdf
effectiveness-of-oil-and-gas-regulatory-authority-2,https://file.pide.org.pk/pdfpideresearch/book-50-07-effectiveness-of-oil-and-gas-regulatory-authority.pdf,already_present,1638296,pdfs/2024/02/book-50-07-effectiveness-of-oil-and-gas-regulatory-authority.pdf
power-sector-effective-regulation-not-regulatory-burden-3,https://file.pide.org.pk/pdfpideresearch/book-50-08-power-sector-effective-regulation-not-regulatory-burden.pdf,already_present,767888,pdfs/2024/02/book-50-08-power-sector-effective-regulation-not-regulatory-burden.pdf
energy-market-structure-oil-gas,https://file.pide.org.pk/pdfpideresearch/book-50-09-energy-market-structure-oil-and-gas.pdf,already_present,1641116,pdfs/2024/02/book-50-09-energy-market-structure-oil-and-gas.pdf
gas-crisis-in-pakistan-2,https://file.pide.org.pk/pdfpideresearch/book-50-10-gas-crisis-in-pakistan.pdf,already_present,1170443,pdfs/2024/02/book-50-10-gas-crisis-in-pakistan.pdf
petroleum-pricing-in-pakistan,https://file.pide.org.pk/pdfpideresearch/book-50-11-petroleum-pricing-in-pakistan.pdf,already_present,1967689,pdfs/2024/02/book-50-11-petroleum-pricing-in-pakistan.pdf
a-review-of-oil-marketing-companies-omcs-and-petroleum-dealers-margins-on-petroleum-products,https://file.pide.org.pk/pdfpideresearch/book-50-12-a-review-of-oil-marketing-companies-omcs-and-petroleum-dealers-margins-on-petroleum-products.pdf,already_present,938929,pdfs/2024/02/book-50-12-a-review-of-oil-marketing-companies-omcs-and-petroleum-dealers-margins-on-petroleum-products.pdf
local-coal-for-power-generation-in-pakistan-2,https://file.pide.org.pk/pdfpideresearch/book-50-13-local-coal-for-power-generation-in-pakistan.pdf,already_present,1056357,pdfs/2024/02/book-50-13-local-coal-for-power-generation-in-pakistan.pdf
pakistans-nuclear-energy-outlook-2,https://file.pide.org.pk/pdfpideresearch/book-50-14-pakistans-nuclear-energy-outlook.pdf,already_present,889201,pdfs/2024/02/book-50-14-pakistans-nuclear-energy-outlook.pdf
energy-efficient-buildings-to-save-energy-in-pakistan,https://file.pide.org.pk/pdfpideresearch/book-50-15-energy-efficient-buildings-to-save-energy-in-pakistan.pdf,already_present,1308779,pdfs/2024/02/book-50-15-energy-efficient-buildings-to-save-energy-in-pakistan.pdf
challenges-and-opportunities-of-the-ten-billion-tree-tsunami-project-tbttpp-a-case-study-of-the-ex-fata-pakistan,https://file.pide.org.pk/pdfpideresearch/kb-111-challenges-and-opportunities-of-the-ten-billion-tree-tsunami-project-tbttpp.pdf,already_present,1963270,pdfs/2024/01/kb-111-challenges-and-opportunities-of-the-ten-billion-tree-tsunami-project-tbttpp.pdf
government-training-development-endeavors,https://file.pide.org.pk/pdfpideresearch/rr-government-training-and-development-endeavors.pdf,already_present,23122386,pdfs/2024/01/rr-government-training-and-development-endeavors.pdf
plots-privileges-and-protocols,https://file.pide.org.pk/pdfpideresearch/kb-110-plots-privileges-and-protocols.pdf,already_present,3759681,pdfs/2024/01/kb-110-plots-privileges-and-protocols.pdf
media-coverage-pide-reform-manifesto,https://file.pide.org.pk/pdfpideinpress/pip-media-coverage-pide-reform-manifesto.pdf,already_present,3389688,pdfs/2024/01/pip-media-coverage-pide-reform-manifesto.pdf
a-manifesto-for-reform,https://file.pide.org.pk/pdfpideinpress/pip-a-manifesto-for-reform.pdf,already_present,411715,pdfs/2024/01/pip-a-manifesto-for-reform.pdf
the-true-costs-of-perks-and-privileges-of-government-employees,https://file.pide.org.pk/pdfpideinpress/pip-the-true-costs-of-perks-and-privileges-of-government-employees.pdf,already_present,559040,pdfs/2024/01/pip-the-true-costs-of-perks-and-privileges-of-government-employees.pdf
pide-reform-manifesto-transforming-economy-and-society,https://file.pide.org.pk/pdfpideresearch/rr-pide-reform-manifesto-transforming-economy-and-society.pdf,already_present,14614379,pdfs/2024/01/rr-pide-reform-manifesto-transforming-economy-and-society.pdf
media-coverage-4th-think-tanks-moot,https://file.pide.org.pk/pdfpideinpress/pip-media-coverage-4th-think-tanks-moot.pdf,already_present,1456798,pdfs/2024/01/pip-media-coverage-4th-think-tanks-moot.pdf
media-coverage-discourse,https://file.pide.org.pk/pdfpideinpress/pip-media-coverage-discourse-january-2024.pdf,already_present,1779356,pdfs/2024/01/pip-media-coverage-discourse-january-2024.pdf
media-coverage-memorial-sartaj-aziz,https://file.pide.org.pk/pdfpideinpress/pip-media-coverage-memorial-sartaj-aziz.pdf,already_present,2044506,pdfs/2024/01/pip-media-coverage-memorial-sartaj-aziz.pdf
message-from-reformistan,https://file.pide.org.pk/pdfpideinpress/pip-message-from-reformistan.pdf,already_present,589647,pdfs/2024/01/pip-message-from-reformistan.pdf
newsletter-december-2023,https://file.pide.org.pk/pdfpideresearch/nl-08-newsletter-december-2023.pdf,already_present,25160868,pdfs/2024/01/nl-08-newsletter-december-2023.pdf
reform-what-why-and-for-whom,https://file.pide.org.pk/pdfpideresearch/discourse-2023-06-02-reform-what-why-and-for-whom.pdf,already_present,122214,pdfs/2024/01/discourse-2023-06-02-reform-what-why-and-for-whom.pdf
a-possible-reform-agenda,https://file.pide.org.pk/pdfpideresearch/discourse-2023-06-03-a-possible-reform-agenda.pdf,already_present,191113,pdfs/2024/01/discourse-2023-06-03-a-possible-reform-agenda.pdf
governance-reform-in-pakistan,https://file.pide.org.pk/pdfpideresearch/discourse-2023-06-05-governance-reform-in-pakistan.pdf,already_present,980387,pdfs/2024/01/discourse-2023-06-05-governance-reform-in-pakistan.pdf
charting-the-course-at-a-nations-crossroads,https://file.pide.org.pk/pdfpideresearch/discourse-2023-06-06-charting-the-course-at-a-nations-crossroads.pdf,already_present,148905,pdfs/2024/01/discourse-2023-06-06-charting-the-course-at-a-nations-crossroads.pdf
agenda-for-the-incoming-government,https://file.pide.org.pk/pdfpideresearch/discourse-2023-06-07-agenda-for-the-incoming-government.pdf,already_present,343608,pdfs/2024/01/discourse-2023-06-07-agenda-for-the-incoming-government.pdf
need-for-constitutional-reforms,https://file.pide.org.pk/pdfpideresearch/discourse-2023-06-09-need-for-constitutional-reforms.pdf,already_present,240831,pdfs/2024/01/discourse-2023-06-09-need-for-constitutional-reforms.pdf
making-our-democracy-work-what-went-wrong-and-how-to-fix-it-a-lawyers-view,https://file.pide.org.pk/pdfpideresearch/discourse-2023-06-10-making-our-democracy-work.pdf,already_present,344363,pdfs/2024/01/discourse-2023-06-10-making-our-democracy-work.pdf
arbitrary-adjournments,https://file.pide.org.pk/pdfpideresearch/discourse-2023-06-11-arbitrary-adjournments.pdf,already_present,150265,pdfs/2024/01/discourse-2023-06-11-arbitrary-adjournments.pdf
labour-legislation,https://file.pide.org.pk/pdfpideresearch/discourse-2023-06-12-labour-legislation.pdf,already_present,124344,pdfs/2024/01/discourse-2023-06-12-labour-legislation.pdf
textual-mapping-of-gender-in-pakistans-constitution,https://file.pide.org.pk/pdfpideresearch/discourse-2023-06-13-textual-mapping-of-gender-in-pakistans-constitution.pdf,already_present,168524,pdfs/2024/01/discourse-2023-06-13-textual-mapping-of-gender-in-pakistans-constitution.pdf
constitutional-economics-development,https://file.pide.org.pk/pdfpideresearch/discourse-2023-06-14-constitutional-economics-and-development.pdf,already_present,164084,pdfs/2024/01/discourse-2023-06-14-constitutional-economics-and-development.pdf
electoral-reform-a-case-for-proportional-representation,https://file.pide.org.pk/pdfpideresearch/discourse-2023-06-16-electoral-reform-a-case-for-proportional-representation.pdf,already_present,448349,pdfs/2024/01/discourse-2023-06-16-electoral-reform-a-case-for-proportional-representation.pdf
cold-flesh-thanda-gosht,https://file.pide.org.pk/pdfpideresearch/discourse-2023-06-17-cold-flesh-thanda-gosht.pdf,already_present,213178,pdfs/2024/01/discourse-2023-06-17-cold-flesh-thanda-gosht.pdf
why-is-pakistani-politics-stuck-in-a-groove,https://file.pide.org.pk/pdfpideresearch/discourse-2023-06-18-why-is-pakistani-politics-stuck-in-a-groove.pdf,already_present,241137,pdfs/2024/01/discourse-2023-06-18-why-is-pakistani-politics-stuck-in-a-groove.pdf
enhancing-electoral-trust-for-economic-stability,https://file.pide.org.pk/pdfpideresearch/discourse-2023-06-19-enhancing-electoral-trust-for-economic-stability.pdf,already_present,276271,pdfs/2024/01/discourse-2023-06-19-enhancing-electoral-trust-for-economic-stability.pdf
rethinking-electoral-politics,https://file.pide.org.pk/pdfpideresearch/discourse-2023-06-20-rethinking-electoral-politics.pdf,already_present,171157,pdfs/2024/01/discourse-2023-06-20-rethinking-electoral-politics.pdf
the-three-year-political-term-benefits-challenges-and-staggered-elections-in-focus,https://file.pide.org.pk/pdfpideresearch/discourse-2023-06-21-the-three-year-political-term-benefits-challenge.pdf,already_present,207029,pdfs/2024/01/discourse-2023-06-21-the-three-year-political-term-benefits-challenge.pdf
civil-service-reform-in-pakistan-some-principles,https://file.pide.org.pk/pdfpideresearch/discourse-2023-06-23-civil-service-reform-in-pakistan-some-principles.pdf,already_present,218544,pdfs/2024/01/discourse-2023-06-23-civil-service-reform-in-pakistan-some-principles.pdf
governance-reforms-anchored-in-civil-service-reforms,https://file.pide.org.pk/pdfpideresearch/discourse-2023-06-24-governance-reforms-anchored-in-civil-service-reforms.pdf,already_present,170399,pdfs/2024/01/discourse-2023-06-24-governance-reforms-anchored-in-civil-service-reforms.pdf
bureaucratic-reform,https://file.pide.org.pk/pdfpideresearch/discourse-2023-06-25-bureaucratic-reform.pdf,already_present,273889,pdfs/2024/01/discourse-2023-06-25-bureaucratic-reform.pdf
bureaucratic-reform,https://securelivelihoods.org/wp-content/uploads/13.-Are-public-services-the-building-blocks-of-legitimacy_Input-to-the-World-Banks-2017-WDR.pdf,external_citation,0,
conceptualising-reform-political-economy-of-incremental-processes-versus-sudden-overhauls,https://file.pide.org.pk/pdfpideresearch/discourse-2023-06-26-conceptualising-reform-political-economy.pdf,already_present,239689,pdfs/2024/01/discourse-2023-06-26-conceptualising-reform-political-economy.pdf
the-unfinished-agenda-of-parliamentary-reforms,https://file.pide.org.pk/pdfpideresearch/discourse-2023-06-27-the-unfinished-agenda-of-parliamentary-reforms.pdf,already_present,191227,pdfs/2024/01/discourse-2023-06-27-the-unfinished-agenda-of-parliamentary-reforms.pdf
unmasking-the-hidden-costs,https://file.pide.org.pk/pdfpideresearch/discourse-2023-06-28-unmasking-the-hidden-costs.pdf,already_present,110614,pdfs/2024/01/discourse-2023-06-28-unmasking-the-hidden-costs.pdf
kill-transactions-kill-economic-growth,https://file.pide.org.pk/pdfpideresearch/discourse-2023-06-30-kill-transactions-kill-economic-growth.pdf,already_present,146169,pdfs/2024/01/discourse-2023-06-30-kill-transactions-kill-economic-growth.pdf
fiscal-management-in-pakistan-the-way-forward,https://file.pide.org.pk/pdfpideresearch/discourse-2023-06-31-fiscal-management-in-pakistan-the-way-forward.pdf,already_present,9123769,pdfs/2024/01/discourse-2023-06-31-fiscal-management-in-pakistan-the-way-forward.pdf
restructuring-and-rescheduling-of-external-and-domestic-debt,https://file.pide.org.pk/pdfpideresearch/discourse-2023-06-32-restructuring-and-rescheduling-of-external-and-dome.pdf,already_present,227519,pdfs/2024/01/discourse-2023-06-32-restructuring-and-rescheduling-of-external-and-dome.pdf
a-proactive-and-pro-people-policy-framework,https://file.pide.org.pk/pdfpideresearch/discourse-2023-06-33-a-proactive-and-pro-people-policy-framework.pdf,already_present,135979,pdfs/2024/01/discourse-2023-06-33-a-proactive-and-pro-people-policy-framework.pdf
reforms-monetary-and-fiscal,https://file.pide.org.pk/pdfpideresearch/discourse-2023-06-34-reforms-monetary-and-fiscal.pdf,already_present,12410934,pdfs/2024/01/discourse-2023-06-34-reforms-monetary-and-fiscal.pdf
fbr-tax-policy-and-performance-loopholes-in-federal-tax-revenue-forecasting,https://file.pide.org.pk/pdfpideresearch/discourse-2023-06-35-fbr-tax-policy-and-performance-loopholes-in-feder.pdf,already_present,317895,pdfs/2024/01/discourse-2023-06-35-fbr-tax-policy-and-performance-loopholes-in-feder.pdf
fiscal-policy-for-economic-growth,https://file.pide.org.pk/pdfpideresearch/discourse-2023-06-36-fiscal-policy-for-economic-growth.pdf,already_present,154037,pdfs/2024/01/discourse-2023-06-36-fiscal-policy-for-economic-growth.pdf
revitalising-pakistans-financial-landscape-a-call-for-comprehensive-reforms-in-the-stock-market,https://file.pide.org.pk/pdfpideresearch/discourse-2023-06-37-revitalising-pakistans-financial-landscape.pdf,already_present,232961,pdfs/2024/01/discourse-2023-06-37-revitalising-pakistans-financial-landscape.pdf
so-much-aid-so-little-development,https://file.pide.org.pk/pdfpideresearch/discourse-2023-06-39-so-much-aid-so-little-development.pdf,already_present,7208757,pdfs/2024/01/discourse-2023-06-39-so-much-aid-so-little-development.pdf
economic-self-determination-the-imf-and-pakistan,https://file.pide.org.pk/pdfpideresearch/discourse-2023-06-40-economic-self-determination-the-imf-and-pakistan.pdf,already_present,202510,pdfs/2024/01/discourse-2023-06-40-economic-self-determination-the-imf-and-pakistan.pdf
is-there-an-alternative-path-to-foreign-aid,https://file.pide.org.pk/pdfpideresearch/discourse-2023-06-41-is-there-an-alternative-path-to-foreign-aid.pdf,already_present,14097630,pdfs/2024/01/discourse-2023-06-41-is-there-an-alternative-path-to-foreign-aid.pdf
effective-aid-requires-a-locally-owned-development-vision,https://file.pide.org.pk/pdfpideresearch/discourse-2023-06-42-effective-aid-requires-a-locally-owned-development.pdf,already_present,263565,pdfs/2024/01/discourse-2023-06-42-effective-aid-requires-a-locally-owned-development.pdf
pakistan-and-the-imf,https://file.pide.org.pk/pdfpideresearch/discourse-2023-06-43-pakistan-and-the-imf.pdf,already_present,127608,pdfs/2024/01/discourse-2023-06-43-pakistan-and-the-imf.pdf
the-double-edged-sword-of-identity-capitalism-a-case-study-of-pakistans-khwajasira-community-based-organisations,https://file.pide.org.pk/pdfpideresearch/discourse-2023-06-44-the-double-edged-sword-of-identity-capitalism.pdf,already_present,280126,pdfs/2024/01/discourse-2023-06-44-the-double-edged-sword-of-identity-capitalism.pdf
revamping-energy-systems-for-a-sustainable-future,https://file.pide.org.pk/pdfpideresearch/discourse-2023-06-46-revamping-energy-systems-for-a-sustainable-future.pdf,already_present,4429717,pdfs/2024/01/discourse-2023-06-46-revamping-energy-systems-for-a-sustainable-future.pdf
the-tangled-web-of-energy-governance,https://file.pide.org.pk/pdfpideresearch/discourse-2023-06-47-the-tangled-web-of-energy-governance.pdf,already_present,4581121,pdfs/2024/01/discourse-2023-06-47-the-tangled-web-of-energy-governance.pdf
renegotiating-agreements-with-ipps-to-reform-the-energy-sector,https://file.pide.org.pk/pdfpideresearch/discourse-2023-06-48-renegotiating-agreements-with-ipps-to-reform.pdf,already_present,261980,pdfs/2024/01/discourse-2023-06-48-renegotiating-agreements-with-ipps-to-reform.pdf
meaningful-energy-transition-in-pakistan-microscale-to-macroscale,https://file.pide.org.pk/pdfpideresearch/discourse-2023-06-49-meaningful-energy-transition-in-pakistan.pdf,already_present,3006857,pdfs/2024/01/discourse-2023-06-49-meaningful-energy-transition-in-pakistan.pdf
revitalising-pakistans-industrial-sector-a-roadmap-for-resilience-and-innovation,https://file.pide.org.pk/pdfpideresearch/discourse-2023-06-51-revitalising-pakistans-industrial-sector-a-roadmap.pdf,already_present,301170,pdfs/2024/01/discourse-2023-06-51-revitalising-pakistans-industrial-sector-a-roadmap.pdf
can-domestic-trade-be-the-engine-of-pakistans-growth,https://file.pide.org.pk/pdfpideresearch/discourse-2023-06-52-can-domestic-trade-be-the-engine-of-pakistans.pdf,already_present,233416,pdfs/2024/01/discourse-2023-06-52-can-domestic-trade-be-the-engine-of-pakistans.pdf
industrial-policy-reform,https://file.pide.org.pk/pdfpideresearch/discourse-2023-06-53-industrial-policy-reform.pdf,already_present,296171,pdfs/2024/01/discourse-2023-06-53-industrial-policy-reform.pdf
the-need-for-trade-policy-reforms-in-pakistan,https://file.pide.org.pk/pdfpideresearch/discourse-2023-06-54-the-need-for-trade-policy-reforms-in-pakistan.pdf,already_present,256319,pdfs/2024/01/discourse-2023-06-54-the-need-for-trade-policy-reforms-in-pakistan.pdf
the-need-for-trade-policy-reforms-in-pakistan,https://pide.org.pk/Research/PIDE-Reform-Agenda-Report.pdf,already_present,4468982,pdfs/2024/01/PIDE-Reform-Agenda-Report.pdf
the-need-for-trade-policy-reforms-in-pakistan,https://file.pide.org.pk/uploads/rr-057-sectoral-total-factor-productivity-in-pakistan.pdf,already_present,12073302,pdfs/2023/01/rr-057-sectoral-total-factor-productivity-in-pakistan.pdf
the-need-for-trade-policy-reforms-in-pakistan,https://file.pide.org.pk/pdf/Policy-Viewpoint-14.pdf,already_present,1019416,pdfs/2024/01/Policy-Viewpoint-14.pdf
beyond-import-substitution-charting-pakistans-future-with-export-led-growth,https://file.pide.org.pk/pdfpideresearch/discourse-2023-06-55-beyond-import-substitution-charting-pakistans.pdf,already_present,9309353,pdfs/2024/01/discourse-2023-06-55-beyond-import-substitution-charting-pakistans.pdf
beyond-import-substitution-charting-pakistans-future-with-export-led-growth,https://cc.gov.pk/assets/images/Downloads/assessment_studies/competition_impact_assessment_report1.pdf,external_citation,0,
beyond-import-substitution-charting-pakistans-future-with-export-led-growth,https://www.sbp.org.pk/reports/quarterly/fy18/Third/SpecialSection-2.pdf,external_citation,0,
strengthening-institutions-and-simplifying-regulations-key-to-unleashing-pakistans-trade-and-industrial-potential,https://file.pide.org.pk/pdfpideresearch/discourse-2023-06-56-strengthening-institutions-and-simplifying-regulat.pdf,already_present,182037,pdfs/2024/01/discourse-2023-06-56-strengthening-institutions-and-simplifying-regulat.pdf
fostering-trade-and-industry,https://file.pide.org.pk/pdfpideresearch/discourse-2023-06-57-fostering-trade-and-industry.pdf,already_present,4406364,pdfs/2024/01/discourse-2023-06-57-fostering-trade-and-industry.pdf
revitalising-the-seed-industry-in-pakistan,https://file.pide.org.pk/pdfpideresearch/discourse-2023-06-59-revitalising-the-seed-industry-in-pakistan.pdf,already_present,200501,pdfs/2024/01/discourse-2023-06-59-revitalising-the-seed-industry-in-pakistan.pdf
agricultural-income-tax,https://file.pide.org.pk/pdfpideresearch/discourse-2023-06-60-agricultural-income-tax.pdf,already_present,241487,pdfs/2024/01/discourse-2023-06-60-agricultural-income-tax.pdf
agricultural-income-tax,http://na.gov.pk/uploads/documents/1566986522_519.pdf,external_citation,0,
agricultural-income-tax,http://download1.fbr.gov.pk/Docs/2020622186353342TaxExpenditureReport2020.pdf,external_citation,0,
agricultural-income-tax,https://www.finance.gov.pk/fiscal/July_June_2022_23.pdf,external_citation,0,
agricultural-income-tax,https://www.sbp.org.pk/reports/quarterly/fy10/first/specialsection2.pdf,external_citation,0,
land-reforms-through-agricultural-land-consolidation,https://file.pide.org.pk/pdfpideresearch/discourse-2023-06-61-land-reforms-through-agricultural-land-consolidation.pdf,already_present,3155275,pdfs/2024/01/discourse-2023-06-61-land-reforms-through-agricultural-land-consolidation.pdf
no-progress-without-land-reform,https://file.pide.org.pk/pdfpideresearch/discourse-2023-06-62-no-progress-without-land-reform.pdf,already_present,334252,pdfs/2024/01/discourse-2023-06-62-no-progress-without-land-reform.pdf
the-neglected-tale-of-agricultural-land-markets,https://file.pide.org.pk/pdfpideresearch/discourse-2023-06-63-the-neglected-tale-of-agricultural-land-markets.pdf,already_present,216939,pdfs/2024/01/discourse-2023-06-63-the-neglected-tale-of-agricultural-land-markets.pdf
incorporating-women-into-pakistans-labour-force,https://file.pide.org.pk/pdfpideresearch/discourse-2023-06-65-incorporating-women-into-pakistans-labour-force.pdf,already_present,626901,pdfs/2024/01/discourse-2023-06-65-incorporating-women-into-pakistans-labour-force.pdf
beneath-the-surface-unmasking-the-cost-of-public-servant-in-pakistan,https://file.pide.org.pk/pdfpideresearch/discourse-2023-06-66-beneath-the-surface-unmasking-the-cost-of-public.pdf,already_present,3648687,pdfs/2024/01/discourse-2023-06-66-beneath-the-surface-unmasking-the-cost-of-public.pdf
beneath-the-surface-unmasking-the-cost-of-public-servant-in-pakistan,https://establishment.gov.pk/SiteImage/Downloads/Annual%20Bulletin%20%0D2018-19.pdf,external_citation,0,
privoconomy-private-sectors-impact-on-pakistans-unemployment-shrinking-employability-of-human-capital,https://file.pide.org.pk/pdfpideresearch/discourse-2023-06-67-privoconomy-private-sectors-impact-on-pakistans.pdf,already_present,7250477,pdfs/2024/01/discourse-2023-06-67-privoconomy-private-sectors-impact-on-pakistans.pdf
a-case-for-unionisation,https://file.pide.org.pk/pdfpideresearch/discourse-2023-06-68-a-case-for-unionisation.pdf,already_present,233702,pdfs/2024/01/discourse-2023-06-68-a-case-for-unionisation.pdf
revitalising-labour-relations-in-pakistan-a-call-for-comprehensive-reforms,https://file.pide.org.pk/pdfpideresearch/discourse-2023-06-69-revitalising-labour-relations-in-pakistan.pdf,already_present,230164,pdfs/2024/01/discourse-2023-06-69-revitalising-labour-relations-in-pakistan.pdf
looking-beyond-the-mainstream-business-economic-approaches-restoring-acts-of-humanising-in-pakistan,https://file.pide.org.pk/pdfpideresearch/discourse-2023-06-70-looking-beyond-the-mainstream-business-and-economic.pdf,already_present,194593,pdfs/2024/01/discourse-2023-06-70-looking-beyond-the-mainstream-business-and-economic.pdf
akhuwat-university-a-paradigm-shift-in-education,https://file.pide.org.pk/pdfpideresearch/discourse-2023-06-72-akhuwat-university-a-paradigm-shift-in-education.pdf,already_present,297266,pdfs/2024/01/discourse-2023-06-72-akhuwat-university-a-paradigm-shift-in-education.pdf
education-some-thoughts-on-the-way-forward,https://file.pide.org.pk/pdfpideresearch/discourse-2023-06-73-education-some-thoughts-on-the-way-forward.pdf,already_present,212545,pdfs/2024/01/discourse-2023-06-73-education-some-thoughts-on-the-way-forward.pdf
latest-pisa-assessment-lessons-for-pakistan,https://file.pide.org.pk/pdfpideresearch/discourse-2023-06-74-latest-pisa-assessment-lessons-for-pakistan.pdf,already_present,171463,pdfs/2024/01/discourse-2023-06-74-latest-pisa-assessment-lessons-for-pakistan.pdf
education-priorities-access-vs-quality,https://file.pide.org.pk/pdfpideresearch/discourse-2023-06-75-education-priorities-access-vs-quality.pdf,already_present,152197,pdfs/2024/01/discourse-2023-06-75-education-priorities-access-vs-quality.pdf
where-are-the-opportunities-for-the-poor-3,https://file.pide.org.pk/pdfpideresearch/discourse-2023-06-77-where-are-the-opportunities-for-the-poor.pdf,already_present,162827,pdfs/2024/01/discourse-2023-06-77-where-are-the-opportunities-for-the-poor.pdf
social-protection-in-pakistan-reforms-for-inclusive-equity,https://file.pide.org.pk/pdfpideresearch/discourse-2023-06-78-social-protection-in-pakistan-reforms.pdf,already_present,2528535,pdfs/2024/01/discourse-2023-06-78-social-protection-in-pakistan-reforms.pdf
the-reality-of-housing-in-pakistan,https://file.pide.org.pk/pdfpideresearch/discourse-2023-06-79-the-reality-of-housing-in-pakistan.pdf,already_present,273261,pdfs/2024/01/discourse-2023-06-79-the-reality-of-housing-in-pakistan.pdf
public-health-crisis-a-cry-for-reforms,https://file.pide.org.pk/pdfpideresearch/discourse-2023-06-80-public-health-crisis-a-cry-for-reforms.pdf,already_present,261301,pdfs/2023/12/discourse-2023-06-80-public-health-crisis-a-cry-for-reforms.pdf
augmenting-universal-health-coverage-through-digital-technologies-in-pakistan,https://file.pide.org.pk/pdfpideresearch/discourse-2023-06-81-augmenting-universal-health-coverage-through-digit.pdf,already_present,6211526,pdfs/2024/01/discourse-2023-06-81-augmenting-universal-health-coverage-through-digit.pdf
decolonising-the-city-for-sustained-development-land-commerce-and-real-estate,https://file.pide.org.pk/pdfpideresearch/discourse-2023-06-83-decolonising-the-city-for-sustained-development.pdf,already_present,314008,pdfs/2024/01/discourse-2023-06-83-decolonising-the-city-for-sustained-development.pdf
beyond-code-and-control-reimagining-technology-in-urban-pakistan-for-collective-empowerment,https://file.pide.org.pk/pdfpideresearch/discourse-2023-06-84-beyond-code-and-control-reimagining-technology.pdf,already_present,282972,pdfs/2024/01/discourse-2023-06-84-beyond-code-and-control-reimagining-technology.pdf
urban-transit-and-transportation-service-in-pakistan-challenges-and-opportunities,https://file.pide.org.pk/pdfpideresearch/discourse-2023-06-85-urban-transit-and-transportation-service-in-pakistan.pdf,already_present,3477586,pdfs/2024/01/discourse-2023-06-85-urban-transit-and-transportation-service-in-pakistan.pdf
local-government-reforms-an-overview,https://file.pide.org.pk/pdfpideresearch/discourse-2023-06-86-local-government-reforms-an-overview.pdf,already_present,172476,pdfs/2024/01/discourse-2023-06-86-local-government-reforms-an-overview.pdf
the-song-remains-the-same,https://file.pide.org.pk/pdfpideresearch/discourse-2023-06-88-the-song-remains-the-same.pdf,already_present,185989,pdfs/2024/01/discourse-2023-06-88-the-song-remains-the-same.pdf
cop28-and-pakistans-energy-transition,https://file.pide.org.pk/pdfpideresearch/discourse-2023-06-89-cop28-and-pakistans-energy-transition.pdf,already_present,2870666,pdfs/2024/01/discourse-2023-06-89-cop28-and-pakistans-energy-transition.pdf
cop28-and-pakistans-energy-transition,https://www.finance.gov.pk/survey/chapters_23/14_Energy.pdf,external_citation,0,
cease-and-desist-would-a-carbon-tax-pave-the-way-to-a-sustainable-future-for-pakistan,https://file.pide.org.pk/pdfpideresearch/discourse-2023-06-90-cease-and-desist-would-a-carbon-tax-pave-the-way.pdf,already_present,168009,pdfs/2024/01/discourse-2023-06-90-cease-and-desist-would-a-carbon-tax-pave-the-way.pdf
air-pollution,https://file.pide.org.pk/pdfpideresearch/discourse-2023-06-91-air-pollution.pdf,already_present,594308,pdfs/2024/01/discourse-2023-06-91-air-pollution.pdf
incubating-community-centres-and-creative-industries,https://file.pide.org.pk/pdfpideresearch/discourse-2023-06-95-incubating-community-centres-and-creative.pdf,already_present,239198,pdfs/2024/01/discourse-2023-06-95-incubating-community-centres-and-creative.pdf
whats-in-a-name-the-indeterminacy-of-power-politics-and-people,https://file.pide.org.pk/pdfpideresearch/discourse-2023-06-96-whats-in-a-name-the-indeterminacy-of-power.pdf,already_present,206666,pdfs/2024/01/discourse-2023-06-96-whats-in-a-name-the-indeterminacy-of-power.pdf
the-vulgar-in-the-vernacular-from-meeraji-to-punjabi-theatre,https://file.pide.org.pk/pdfpideresearch/discourse-2023-06-97-the-vulgar-in-the-vernacular-from-meeraji-to-punja.pdf,already_present,186635,pdfs/2024/01/discourse-2023-06-97-the-vulgar-in-the-vernacular-from-meeraji-to-punja.pdf
online-communities-sense-of-belonging-and-beyond,https://file.pide.org.pk/pdfpideresearch/discourse-2023-06-98-online-communities-sense-of-belonging-and-beyond.pdf,already_present,208089,pdfs/2024/01/discourse-2023-06-98-online-communities-sense-of-belonging-and-beyond.pdf
leadership-pathologies,https://file.pide.org.pk/pdfpideresearch/discourse-2023-06-99-leadership-pathologies.pdf,already_present,209780,pdfs/2024/01/discourse-2023-06-99-leadership-pathologies.pdf
exploring-the-value-structure-of-pakistans-job-market,https://file.pide.org.pk/pdfpideresearch/discourse-2023-06-100-exploring-the-value-structure-of-pakistans-job.pdf,already_present,21921911,pdfs/2024/01/discourse-2023-06-100-exploring-the-value-structure-of-pakistans-job.pdf
impact-of-education-mismatch-on-earnings-evidence-from-pakistans-labor-market,https://file.pide.org.pk/pdfpideresearch/wp-2024-1-impact-of-education-mismatch-on-earnings-evidence-from-pakistans-labor-market.pdf,already_present,1560428,pdfs/2024/01/wp-2024-1-impact-of-education-mismatch-on-earnings-evidence-from-pakistans-labor-market.pdf
transforming-economy-society,https://file.pide.org.pk/pdfpideresearch/rr-transforming-economy-society.pdf,already_present,6421767,pdfs/2024/01/rr-transforming-economy-society.pdf
reconfiguring-pakistan-state-society-economy,https://file.pide.org.pk/pdfpideresearch/discourse-2023-06.pdf,already_present,21929703,pdfs/2023/12/discourse-2023-06.pdf
making-sehat-sahulat-program-sustainable,https://file.pide.org.pk/pdfpideresearch/pv-2023-44-making-sehat-sahulat-program-sustainable.pdf,already_present,3885858,pdfs/2023/12/pv-2023-44-making-sehat-sahulat-program-sustainable.pdf
media-coverage-the-state-of-commerce-in-pakistan-international-and-domestic,https://file.pide.org.pk/pdfpideinpress/pip-media-coverage-the-state-of-commerce-in-pakistan-international-and-domestic.pdf,already_present,2001495,pdfs/2023/12/pip-media-coverage-the-state-of-commerce-in-pakistan-international-and-domestic.pdf
farmers-are-not-the-main-culprits-of-smog,https://file.pide.org.pk/pdfpideinpress/pip-farmers-are-not-the-main-culprits-of-smog.pdf,already_present,63508,pdfs/2023/12/pip-farmers-are-not-the-main-culprits-of-smog.pdf
how-expensive-are-public-servants,https://file.pide.org.pk/pdfpideinpress/pip-how-expensive-are-public-servants.pdf,already_present,472080,pdfs/2023/12/pip-how-expensive-are-public-servants.pdf
students-in-2022,https://file.pide.org.pk/pdfpideinpress/pip-students-in-2022.pdf,already_present,795770,pdfs/2023/12/pip-students-in-2022.pdf
trade-industry-and-competition-in-pakistan,https://file.pide.org.pk/pdfpideresearch/wp-23-15-trade-industry-and-competition-in-pakistan.pdf,already_present,1669201,pdfs/2023/12/wp-23-15-trade-industry-and-competition-in-pakistan.pdf
the-state-of-commerce-in-pakistan-international-domestic,https://file.pide.org.pk/pdfpideresearch/rr-the-state-of-commerce-in-pakistan-international-and-domestic.pdf,already_present,27473152,pdfs/2023/12/rr-the-state-of-commerce-in-pakistan-international-and-domestic.pdf
educational-exclusion-of-children-with-special-needs,https://file.pide.org.pk/pdfpideresearch/kb-109-educational-exclusion-of-children-with-special-needs.pdf,already_present,1671442,pdfs/2023/12/kb-109-educational-exclusion-of-children-with-special-needs.pdf
farmers-not-the-principal-culprits,https://file.pide.org.pk/pdfpideinpress/pip-farmers-not-the-principal-culprits.pdf,already_present,61889,pdfs/2023/12/pip-farmers-not-the-principal-culprits.pdf
building-community-networks,https://file.pide.org.pk/pdfpideresearch/rr-building-community-and-networks.pdf,already_present,19454583,pdfs/2023/12/rr-building-community-and-networks.pdf
economic-contribution-of-forestry-sector,https://file.pide.org.pk/pdfpideresearch/rr-economic-contribution-of-forestry-sector.pdf,already_present,12236390,pdfs/2023/12/rr-economic-contribution-of-forestry-sector.pdf
provincial-transfer-accounts-generational-economy-in-punjab-sindh-khyber-pakhtunkhwa-and-balochistan,https://file.pide.org.pk/pdfpideresearch/rr-provincial-transfer-accounts-generational-economy-in-punjab-sindh-khyber-pakhtunkhwa-and-balochistan.pdf,already_present,159226784,pdfs/2023/12/rr-provincial-transfer-accounts-generational-economy-in-punjab-sindh-khyber-pakhtunkhwa-and-balochistan.pdf
making-womens-work-count-in-pakistan-measuring-the-gendered-economy,https://file.pide.org.pk/pdfpideresearch/rr-making-womens-work-count-in-pakistan-measuring-the-gendered-economy.pdf,already_present,57390907,pdfs/2023/12/rr-making-womens-work-count-in-pakistan-measuring-the-gendered-economy.pdf
understanding-the-provincial-generational-economy-for-improved-policymaking,https://file.pide.org.pk/pdfpideresearch/pv-understanding-the-provincial-generational-economy-for-improved-policymaking.pdf,already_present,19630226,pdfs/2023/12/pv-understanding-the-provincial-generational-economy-for-improved-policymaking.pdf
understanding-the-provincial-generational-economy-for-improved-policymaking,https://file.pide.org.pk/pdfpideresearch/pv-counting-womens-unpaid-care-work-in-pakistan.pdf,already_present,21242284,pdfs/2023/12/pv-counting-womens-unpaid-care-work-in-pakistan.pdf
media-coverage-of-pide-macro-policy-lab-policy-statement,https://file.pide.org.pk/pdfpideinpress/pip-media-coverage-of-pide-macro-policy-lab-policy-statement.pdf,already_present,1220756,pdfs/2023/12/pip-media-coverage-of-pide-macro-policy-lab-policy-statement.pdf
our-emigration-outlook,https://file.pide.org.pk/pdfpideinpress/pip-our-emigration-outlook.pdf,already_present,831012,pdfs/2023/12/pip-our-emigration-outlook.pdf
from-forced-migration-to-forced-repatriation,https://file.pide.org.pk/pdfpideinpress/pip-from-forced-migration-to-forced-repatriation.pdf,already_present,61145,pdfs/2023/12/pip-from-forced-migration-to-forced-repatriation.pdf
newsletter-november-2023,https://file.pide.org.pk/pdfpideresearch/nl-07-newsletter-november-2023.pdf,already_present,10998288,pdfs/2023/12/nl-07-newsletter-november-2023.pdf
media-coverage-of-37th-agm-conference,https://file.pide.org.pk/pdfpideinpress/pip-media-coverage-of-37th-agm-and-conference.pdf,already_present,12715213,pdfs/2023/11/pip-media-coverage-of-37th-agm-and-conference.pdf
media-coverage-of-world-bank-event-engagement-outreach-for-economic-policy-reform-in-pakistan,https://file.pide.org.pk/pdfpideinpress/pip-media-coverage-of-world-bank-event-engagement-and-outreach-for-economic-policy-reform-in-pakistan.pdf,already_present,441918,pdfs/2023/11/pip-media-coverage-of-world-bank-event-engagement-and-outreach-for-economic-policy-reform-in-pakistan.pdf
how-to-reform-trade,https://file.pide.org.pk/pdfpideinpress/pip-how-to-reform-trade.pdf,already_present,758826,pdfs/2023/11/pip-how-to-reform-trade.pdf
vol-62-no-4-2023,https://file.pide.org.pk/pdfpdr/issue/pdr-2023-v62i4.pdf,already_present,9794144,pdfs/2023/11/pdr-2023-v62i4.pdf
vol-62-no-4-2023,https://file.pide.org.pk/pdfpdr/2023/467-492.pdf,already_present,785322,pdfs/2023/11/467-492.pdf
vol-62-no-4-2023,https://file.pide.org.pk/pdfpdr/2023/493-520.pdf,already_present,1427948,pdfs/2023/11/493-520.pdf
vol-62-no-4-2023,https://file.pide.org.pk/pdfpdr/2023/521-537.pdf,already_present,606734,pdfs/2023/11/521-537.pdf
vol-62-no-4-2023,https://file.pide.org.pk/pdfpdr/2023/539-551.pdf,already_present,377904,pdfs/2023/11/539-551.pdf
vol-62-no-4-2023,https://file.pide.org.pk/pdfpdr/2023/553-572.pdf,already_present,691196,pdfs/2023/11/553-572.pdf
vol-62-no-4-2023,https://file.pide.org.pk/pdfpdr/2023/573-589.pdf,already_present,1150498,pdfs/2023/11/573-589.pdf
vol-62-no-4-2023,https://file.pide.org.pk/pdfpdr/2023/591-598.pdf,already_present,218125,pdfs/2023/11/591-598.pdf
vol-62-no-4-2023,https://file.pide.org.pk/pdfpdr/2023/599-603.pdf,already_present,266569,pdfs/2023/11/599-603.pdf
vol-62-no-4-2023,https://file.pide.org.pk/pdfpdr/2023/605-616.pdf,already_present,786839,pdfs/2023/11/605-616.pdf
pre-afghan-taliban-refugee-exodus-and-the-complexities-of-returning-home,https://file.pide.org.pk/pdfpideresearch/kb-108-pre-afghan-taliban-refugee-exodus-and-the-complexities-of-returning-home.pdf,already_present,3286901,pdfs/2023/11/kb-108-pre-afghan-taliban-refugee-exodus-and-the-complexities-of-returning-home.pdf
a-call-for-change-and-development,https://file.pide.org.pk/pdfpideinpress/pip-a-call-for-change-and-development.pdf,already_present,454172,pdfs/2023/11/pip-a-call-for-change-and-development.pdf
media-coverage-pide-basics-qualitative-report-1,https://file.pide.org.pk/pdfpideinpress/pip-media-coverage-pide-basics-qualitative-report-1.pdf,already_present,2591841,pdfs/2023/11/pip-media-coverage-pide-basics-qualitative-report-1.pdf
media-coverage-manifestoes-without-substance,https://file.pide.org.pk/pdfpideinpress/pip-media-coverage-manifestoes-without-substance.pdf,already_present,2434852,pdfs/2023/11/pip-media-coverage-manifestoes-without-substance.pdf
identity-inclusion-and-social-capital-in-upper-and-southern-punjab,https://file.pide.org.pk/pdfpideresearch/bqr-01-identity-inclusion-and-social-capital-in-upper-and-southern-punjab.pdf,already_present,4792573,pdfs/2023/11/bqr-01-identity-inclusion-and-social-capital-in-upper-and-southern-punjab.pdf
manifestoes-without-substance,https://file.pide.org.pk/pdfpideresearch/kb-107-manifestoes-without-substance.pdf,already_present,1373748,pdfs/2023/11/kb-107-manifestoes-without-substance.pdf
navigating-inland-water-transport-a-sustainable-solution-for-pakistans-water,https://file.pide.org.pk/pdfpideresearch/wb-123-navigating-inland-water-transport-a-sustainable-solution-for-pakistans-water.pdf,already_present,1154679,pdfs/2023/11/wb-123-navigating-inland-water-transport-a-sustainable-solution-for-pakistans-water.pdf
newsletter-october-2023,https://file.pide.org.pk/pdfpideresearch/nl-06-newsletter-october-2023.pdf,already_present,11541966,pdfs/2023/11/nl-06-newsletter-october-2023.pdf
newsletter-september-2023,https://file.pide.org.pk/pdfpideresearch/nl-05-newsletter-september-2023.pdf,already_present,4083252,pdfs/2023/11/nl-05-newsletter-september-2023.pdf
digital-dialogues-vs-paper-promises-manifesto-alignment,https://file.pide.org.pk/pdfpideresearch/kb-106-digital-dialogues-vs-paper-promises-manifesto-alignment.pdf,already_present,5128427,pdfs/2023/11/kb-106-digital-dialogues-vs-paper-promises-manifesto-alignment.pdf
fixing-fiscal-policy-in-pakistan,https://file.pide.org.pk/pdfpideresearch/rr-fixing-fiscal-policy-in-pakistan.pdf,already_present,922369,pdfs/2023/10/rr-fixing-fiscal-policy-in-pakistan.pdf
media-coverage-judiciary-and-human-resource-management-in-universities,https://file.pide.org.pk/pdfpideinpress/pip-media-coverage-judiciary-and-human-resource-management-in-universities.pdf,already_present,1549824,pdfs/2023/10/pip-media-coverage-judiciary-and-human-resource-management-in-universities.pdf
media-coverage-lifetime-cost-of-public-servants,https://file.pide.org.pk/pdfpideinpress/pip-media-coverage-lifetime-cost-of-public-servants.pdf,already_present,1978745,pdfs/2023/10/pip-media-coverage-lifetime-cost-of-public-servants.pdf
life-time-cost-of-public-servants,https://file.pide.org.pk/uploads/rr-life-time-cost-of-public-servants.pdf,already_present,4229872,pdfs/2023/10/rr-life-time-cost-of-public-servants.pdf
pakistans-nuclear-energy-outlook,https://file.pide.org.pk/pdfpideresearch/kb-105-pakistans-nuclear-energy-outlook.pdf,already_present,3374021,pdfs/2023/10/kb-105-pakistans-nuclear-energy-outlook.pdf
pakistans-nuclear-energy-outlook,https://inis.iaea.org/collection/NCLCollectionStore/_Public/33/003/33003346.pdf,external_citation,0,
agricultural-land-consolidation,https://file.pide.org.pk/pdfpideinpress/rir-agricultural-land-consolidation.pdf,already_present,98857,pdfs/2023/10/rir-agricultural-land-consolidation.pdf
media-coverage-of-the-economic-cost-of-internet-closure,https://file.pide.org.pk/pdfpideinpress/pip-media-coverage-of-the-economic-cost-of-internet-closure.pdf,already_present,3302802,pdfs/2023/10/pip-media-coverage-of-the-economic-cost-of-internet-closure.pdf
energy-reforms-for-export-oriented-units-in-pakistan,https://file.pide.org.pk/pdfpideresearch/rr-energy-reforms-for-export-oriented-units-in-pakistan.pdf,already_present,9021486,pdfs/2023/10/rr-energy-reforms-for-export-oriented-units-in-pakistan.pdf
the-research-and-development-imperative-for-businesses,https://file.pide.org.pk/pdfpideinpress/pip-the-research-and-development-imperative-for-businesses.pdf,already_present,73211,pdfs/2023/10/pip-the-research-and-development-imperative-for-businesses.pdf
media-coverage-of-third-think-tank-moot,https://file.pide.org.pk/pdfpideinpress/pip-media-coverage-of-third-think-tank-moot.pdf,already_present,2435586,pdfs/2023/10/pip-media-coverage-of-third-think-tank-moot.pdf
vol-62-no-3-2023,https://file.pide.org.pk/pdfpdr/issue/pdr-2023-v62i3.pdf,already_present,8458617,pdfs/2023/10/pdr-2023-v62i3.pdf
vol-62-no-3-2023,https://file.pide.org.pk/pdfpdr/2023/309-330.pdf,already_present,570254,pdfs/2023/10/309-330.pdf
vol-62-no-3-2023,https://file.pide.org.pk/pdfpdr/2023/331-356.pdf,already_present,978133,pdfs/2023/10/331-356.pdf
vol-62-no-3-2023,https://file.pide.org.pk/pdfpdr/2023/357-374.pdf,already_present,990708,pdfs/2023/10/357-374.pdf
vol-62-no-3-2023,https://file.pide.org.pk/pdfpdr/2023/375-394.pdf,already_present,902045,pdfs/2023/10/375-394.pdf
vol-62-no-3-2023,https://file.pide.org.pk/pdfpdr/2023/395-408.pdf,already_present,644147,pdfs/2023/10/395-408.pdf
vol-62-no-3-2023,https://file.pide.org.pk/pdfpdr/2023/409-430.pdf,already_present,1270148,pdfs/2023/10/409-430.pdf
vol-62-no-3-2023,https://file.pide.org.pk/pdfpdr/2023/437-444.pdf,already_present,343212,pdfs/2023/10/437-444.pdf
vol-62-no-3-2023,https://file.pide.org.pk/pdfpdr/2023/445-448.pdf,already_present,352782,pdfs/2023/10/445-448.pdf
vol-62-no-3-2023,https://file.pide.org.pk/pdfpdr/2023/449-460.pdf,already_present,589767,pdfs/2023/10/449-460.pdf
vol-62-no-3-2023,https://file.pide.org.pk/pdfpdr/2023/461-465.pdf,already_present,163845,pdfs/2023/10/461-465.pdf
an-evaluation-of-different-tax-reform-proposals-in-pakistan-using-cge-model-article,https://file.pide.org.pk/pdfpdr/2023/145-166.pdf,already_present,1072666,pdfs/2023/08/145-166.pdf
child-labour-among-afghan-refugee-children-investigating-the-underlying-drivers,https://file.pide.org.pk/pdfpideresearch/wp-23-14-child-labour-among-afghan-refugee-children-investigating-the-underlying-drivers.pdf,already_present,1448537,pdfs/2023/10/wp-23-14-child-labour-among-afghan-refugee-children-investigating-the-underlying-drivers.pdf
judiciary-and-human-resource-management-in-universities,https://file.pide.org.pk/pdfpideresearch/kb-104-judiciary-and-human-resource-management-in-universities.pdf,already_present,997964,pdfs/2023/10/kb-104-judiciary-and-human-resource-management-in-universities.pdf
local-coal-for-power-generation-in-pakistan,https://file.pide.org.pk/pdfpideresearch/kb-103-local-coal-for-power-generation-in-pakistan.pdf,already_present,6286131,pdfs/2023/10/kb-103-local-coal-for-power-generation-in-pakistan.pdf
tariff-reforms,https://file.pide.org.pk/pdfpideinpress/pip-tariff-reforms.pdf,already_present,41969,pdfs/2023/10/pip-tariff-reforms.pdf
energy-revitalisation-transmission-distribution-sustainability,https://file.pide.org.pk/pdfpideresearch/discourse-2023-05.pdf,already_present,19407165,pdfs/2023/10/discourse-2023-05.pdf
cover-piece-3,https://file.pide.org.pk/pdfpideresearch/discourse-2023-05-01-cover-piece.pdf,already_present,652032,pdfs/2023/10/discourse-2023-05-01-cover-piece.pdf
the-makeup-of-the-pakistan-power-sector,https://file.pide.org.pk/pdfpideresearch/discourse-2023-05-02-the-makeup-of-the-pakistan-power-sector.pdf,already_present,337032,pdfs/2023/10/discourse-2023-05-02-the-makeup-of-the-pakistan-power-sector.pdf
reforming-power-sector-good-intentions-bad-outcomes,https://file.pide.org.pk/pdfpideresearch/discourse-2023-05-03-reforming-power-sector-good-intentions-bad-outcome.pdf,already_present,252144,pdfs/2023/10/discourse-2023-05-03-reforming-power-sector-good-intentions-bad-outcome.pdf
challenges-and-reforms-in-pakistans-gas-sector,https://file.pide.org.pk/pdfpideresearch/discourse-2023-05-04-challenges-and-reforms-in-pakistans-gas-sector.pdf,already_present,254929,pdfs/2023/10/discourse-2023-05-04-challenges-and-reforms-in-pakistans-gas-sector.pdf
exports-collapsing-under-power-sector-burden,https://file.pide.org.pk/pdfpideresearch/discourse-2023-05-05-exports-collapsing-under-power-sector-burden.pdf,already_present,323613,pdfs/2023/10/discourse-2023-05-05-exports-collapsing-under-power-sector-burden.pdf
indigenisation-in-energy-sector-of-pakistan,https://file.pide.org.pk/pdfpideresearch/discourse-2023-05-06-indigenisation-in-energy-sector-of-pakistan.pdf,already_present,521499,pdfs/2023/10/discourse-2023-05-06-indigenisation-in-energy-sector-of-pakistan.pdf
how-operational-inefficiency-of-discos-shapes-circular-debt-in-the-power-sector,https://file.pide.org.pk/pdfpideresearch/discourse-2023-05-07-how-operational-inefficiency-of-discos-shapes-circular-debt.pdf,already_present,491654,pdfs/2023/10/discourse-2023-05-07-how-operational-inefficiency-of-discos-shapes-circular-debt.pdf
adopting-household-solar-in-pakistan,https://file.pide.org.pk/pdfpideresearch/discourse-2023-05-08-adopting-household-solar-in-pakistan.pdf,already_present,316296,pdfs/2023/10/discourse-2023-05-08-adopting-household-solar-in-pakistan.pdf
the-antecedents-of-pakistans-power-sector-mess,https://file.pide.org.pk/pdfpideresearch/discourse-2023-05-09-the-antecedents-of-pakistans-power-sector-mess.pdf,already_present,467998,pdfs/2023/10/discourse-2023-05-09-the-antecedents-of-pakistans-power-sector-mess.pdf
the-antecedents-of-pakistans-power-sector-mess,https://file.pide.org.pk/uploads/book_power-sector.pdf,already_present,2539156,pdfs/2022/12/book_power-sector.pdf
misunderstanding-multipolarity,https://file.pide.org.pk/pdfpideresearch/discourse-2023-05-10-misunderstanding-multipolarity.pdf,already_present,211424,pdfs/2023/10/discourse-2023-05-10-misunderstanding-multipolarity.pdf
escalating-radicalisation-in-pakistan-underlying-factors-and-emerging-concerns,https://file.pide.org.pk/pdfpideresearch/discourse-2023-05-11-escalating-radicalisation-in-pakistan.pdf,already_present,192470,pdfs/2023/10/discourse-2023-05-11-escalating-radicalisation-in-pakistan.pdf
fiscal-discipline-is-the-key-to-reforms,https://file.pide.org.pk/pdfpideresearch/discourse-2023-05-12-fiscal-discipline-is-the-key-to-reforms.pdf,already_present,391991,pdfs/2023/10/discourse-2023-05-12-fiscal-discipline-is-the-key-to-reforms.pdf
frustration-and-hopelessness-in-the-youth,https://file.pide.org.pk/pdfpideresearch/discourse-2023-05-13-frustration-and-hopelessness-in-the-youth.pdf,already_present,1007440,pdfs/2023/10/discourse-2023-05-13-frustration-and-hopelessness-in-the-youth.pdf
pakistans-constitution-reform-or-overhaul,https://file.pide.org.pk/pdfpideresearch/discourse-2023-05-14-reform-or-overhaul.pdf,already_present,1069670,pdfs/2023/10/discourse-2023-05-14-reform-or-overhaul.pdf
time-for-a-review-of-the-constitution-to-weed-out-anomalies,https://file.pide.org.pk/pdfpideresearch/discourse-2023-05-15-time-for-a-review-of-the-constitution-to-weed-out-anomalies.pdf,already_present,1235947,pdfs/2023/10/discourse-2023-05-15-time-for-a-review-of-the-constitution-to-weed-out-anomalies.pdf
rethinking-the-constitution,https://file.pide.org.pk/pdfpideresearch/discourse-2023-05-16-rethinking-the-constitution.pdf,already_present,151795,pdfs/2023/10/discourse-2023-05-16-rethinking-the-constitution.pdf
health-and-climate-change,https://file.pide.org.pk/pdfpideresearch/discourse-2023-05-17-health-and-climate-change.pdf,already_present,274895,pdfs/2023/10/discourse-2023-05-17-health-and-climate-change.pdf
reconfiguring-pakistans-economy,https://file.pide.org.pk/pdfpideresearch/discourse-2023-05-18-reconfiguring-pakistans-economy.pdf,already_present,264916,pdfs/2023/10/discourse-2023-05-18-reconfiguring-pakistans-economy.pdf
culture-conflict-and-the-monopolization-of-female-attention,https://file.pide.org.pk/pdfpideresearch/discourse-2023-05-19-culture-conflict-and-the-monopolisation-of-femal-attention.pdf,already_present,258290,pdfs/2023/10/discourse-2023-05-19-culture-conflict-and-the-monopolisation-of-femal-attention.pdf
village-government-a-concept-that-needs-attention,https://file.pide.org.pk/pdfpideresearch/discourse-2023-05-20-village-government-a-concept-that-needs-attention.pdf,already_present,560556,pdfs/2023/10/discourse-2023-05-20-village-government-a-concept-that-needs-attention.pdf
the-imf-putting-the-evil-back-in-necessary-evil,https://file.pide.org.pk/pdfpideresearch/discourse-2023-05-21-the-imf-putting-the-evil-back-in-necessary-evil.pdf,already_present,949320,pdfs/2023/10/discourse-2023-05-21-the-imf-putting-the-evil-back-in-necessary-evil.pdf
constitutional-evolution,https://file.pide.org.pk/pdfpideresearch/discourse-2023-05-22-constitutional-evolution.pdf,already_present,164377,pdfs/2023/10/discourse-2023-05-22-constitutional-evolution.pdf
psychogeographical-deceit-state-esque-narratology,https://file.pide.org.pk/pdfpideresearch/discourse-2023-05-23-psychogeographical-deceit-state-esque-narratology.pdf,already_present,250432,pdfs/2023/10/discourse-2023-05-23-psychogeographical-deceit-state-esque-narratology.pdf
a-dynamic-export-culture-is-imperative,https://file.pide.org.pk/pdfpideresearch/discourse-2023-05-24-a-dynamic-export-culture-is-imperative.pdf,already_present,787419,pdfs/2023/10/discourse-2023-05-24-a-dynamic-export-culture-is-imperative.pdf
formal-domestic-retail-and-the-story-of-chain-stores-in-pakistan,https://file.pide.org.pk/pdfpideresearch/discourse-2023-05-25-formal-domestic-retail-and-the-story-of-chain-stores-in-pakistan.pdf,already_present,649797,pdfs/2023/10/discourse-2023-05-25-formal-domestic-retail-and-the-story-of-chain-stores-in-pakistan.pdf
the-rise-of-womens-cricket-breaking-boundaries-and-shattering-stereotypes,https://file.pide.org.pk/pdfpideresearch/discourse-2023-05-26-the-rise-of-womens-cricket-breaking-boundaries-and-shattering-stereotypes.pdf,already_present,492385,pdfs/2023/10/discourse-2023-05-26-the-rise-of-womens-cricket-breaking-boundaries-and-shattering-stereotypes.pdf
a-comprehensive-overview-of-sports-and-its-potential,https://file.pide.org.pk/pdfpideresearch/discourse-2023-05-27-a-comprehensive-overview-of-sports-and-its-potential.pdf,already_present,249459,pdfs/2023/10/discourse-2023-05-27-a-comprehensive-overview-of-sports-and-its-potential.pdf
form-and-function-economics-and-the-musical-arts,https://file.pide.org.pk/pdfpideresearch/discourse-2023-05-28-forms-and-function-economics-and-the-musical-arts.pdf,already_present,3498361,pdfs/2023/10/discourse-2023-05-28-forms-and-function-economics-and-the-musical-arts.pdf
the-art-of-living-and-the-life-of-art-soul-searching-in-riffat-abbass-city-of-salt,https://file.pide.org.pk/pdfpideresearch/discourse-2023-05-29-the-art-of-living-and-the-life-of-art.pdf,already_present,4596980,pdfs/2023/10/discourse-2023-05-29-the-art-of-living-and-the-life-of-art.pdf
pide-bi-monthly-roundup-3,https://file.pide.org.pk/pdfpideresearch/discourse-2023-05-30-pide-bi-monthly-roundup.pdf,already_present,211656,pdfs/2023/10/discourse-2023-05-30-pide-bi-monthly-roundup.pdf
media-coverage-of-world-bank-event,https://file.pide.org.pk/pdfpideinpress/pip-media-coverage-of-world-bank-event.pdf,already_present,3695429,pdfs/2023/09/pip-media-coverage-of-world-bank-event.pdf
engineering-evolution-or-devolution,https://file.pide.org.pk/pdfpideinpress/pip-engineering-evolution-or-devolution.pdf,already_present,61493,pdfs/2023/09/pip-engineering-evolution-or-devolution.pdf
a-biased-index,https://file.pide.org.pk/pdfpideinpress/pip-a-biased-index.pdf,already_present,47887,pdfs/2023/09/pip-a-biased-index.pdf
impact-of-export-financing-schemes-on-export-performance-qualitative-approach,https://file.pide.org.pk/pdfpideresearch/wp-23-13-impact-of-export-financing-schemes-on-export-performance-qualitative-approach.pdf,already_present,1836059,pdfs/2023/09/wp-23-13-impact-of-export-financing-schemes-on-export-performance-qualitative-approach.pdf
3rd-rasta-conference-media-coverage,https://file.pide.org.pk/pdfpideinpress/pip-3rd-rasta-conference-media-coverage.pdf,already_present,4721762,pdfs/2023/09/pip-3rd-rasta-conference-media-coverage.pdf
unraveling-state-of-engineering-industry,https://file.pide.org.pk/pdfpideinpress/pip-unraveling-state-of-engineering-industry.pdf,already_present,63735,pdfs/2023/09/pip-unraveling-state-of-engineering-industry.pdf
economic-management-in-a-multiple-equilibria-economy,https://file.pide.org.pk/pdfpideresearch/wb-122-economic-management-in-a-multiple-equilibria-economy.pdf,already_present,1680394,pdfs/2023/09/wb-122-economic-management-in-a-multiple-equilibria-economy.pdf
decoupling-of-energy-and-growth-in-pakistan,https://file.pide.org.pk/pdfpideinpress/pip-decoupling-of-energy-and-growth-in-pakistan.pdf,already_present,64447,pdfs/2023/09/pip-decoupling-of-energy-and-growth-in-pakistan.pdf
federal-tax-revenue-forecasting-of-pakistan-alternative-approaches,https://file.pide.org.pk/pdfpideresearch/wp-23-12-federal-tax-revenue-forecasting-of-pakistan-alternative-approaches.pdf,already_present,1332067,pdfs/2023/09/wp-23-12-federal-tax-revenue-forecasting-of-pakistan-alternative-approaches.pdf
is-corruption-perception-index-biased-an-ethnicity-based-analysis,https://file.pide.org.pk/pdfpideresearch/wp-23-11-is-corruption-perception-index-biased-an-ethnicity-based-analysis.pdf,already_present,1679914,pdfs/2023/09/wp-23-11-is-corruption-perception-index-biased-an-ethnicity-based-analysis.pdf
timeworn-statistics,https://file.pide.org.pk/pdfpideinpress/pip-timeworn-statistics.pdf,already_present,47593,pdfs/2023/09/pip-timeworn-statistics.pdf
media-coverage-of-roundtable-meeting-on-fixing-fiscal-policy,https://file.pide.org.pk/pdfpideinpress/pip-media-coverage-of-roundtable-meeting-on-fixing-fiscal-policy.pdf,already_present,3110743,pdfs/2023/09/pip-media-coverage-of-roundtable-meeting-on-fixing-fiscal-policy.pdf
fixing-fiscal-policy,https://file.pide.org.pk/pdfpideinpress/pip-fixing-fiscal-policy.pdf,already_present,45731,pdfs/2023/09/pip-fixing-fiscal-policy.pdf
media-coverage-of-engineering-horizons-unraveling-the-state-of-industry-in-pakistan,https://file.pide.org.pk/pdfpideinpress/pip-media-coverage-of-engineering-horizons-unraveling-the-state-of-industry-in-pakistan.pdf,already_present,4592406,pdfs/2023/09/pip-media-coverage-of-engineering-horizons-unraveling-the-state-of-industry-in-pakistan.pdf
newsletter-august-2024,https://file.pide.org.pk/pdfpideresearch/nl-04-newsletter-august-2023.pdf,already_present,4897547,pdfs/2023/09/nl-04-newsletter-august-2023.pdf
energy-efficiency-in-buildings,https://file.pide.org.pk/pdfpideinpress/pip-energy-efficiency-n-buildings.pdf,already_present,62750,pdfs/2023/09/pip-energy-efficiency-n-buildings.pdf
situation-of-brain-drain-in-pakistan-with-a-focus-on-the-healthcare-sector,https://file.pide.org.pk/pdfpideresearch/kb-102-situation-of-brain-drain-in-pakistan-with-a-focus-on-the-healthcare-sector.pdf,already_present,258713,pdfs/2023/09/kb-102-situation-of-brain-drain-in-pakistan-with-a-focus-on-the-healthcare-sector.pdf
engineering-horizons-unraveling-the-state-of-industry-in-pakistan,https://file.pide.org.pk/pdfpideresearch/rr-engineering-horizons-unraveling-the-state-of-industry-in-pakistan.pdf,already_present,10377497,pdfs/2023/08/rr-engineering-horizons-unraveling-the-state-of-industry-in-pakistan.pdf
power-sector-woes,https://file.pide.org.pk/pdfpideinpress/pip-power-sector-woes.pdf,already_present,61059,pdfs/2023/08/pip-power-sector-woes.pdf
media-coverage-of-addressing-pakistans-trade-deficit-unraveling-factors-influencing-export-competitiveness,https://file.pide.org.pk/pdfpideinpress/pip-media-coverage-of-addressing-pakistans-trade-deficit.pdf,already_present,1685271,pdfs/2023/08/pip-media-coverage-of-addressing-pakistans-trade-deficit.pdf
indias-rice-export-ban-opportunities-for-pakistan,https://file.pide.org.pk/pdfpideinpress/pip-indias-rice-export-ban-opportunities-for-pakistan.pdf,already_present,62363,pdfs/2023/08/pip-indias-rice-export-ban-opportunities-for-pakistan.pdf
effective-electricity-regulation,https://file.pide.org.pk/pdfpideinpress/pip-effective-electricity-regulation.pdf,already_present,60647,pdfs/2023/08/pip-effective-electricity-regulation.pdf
media-coverage-of-ground-breaking-ceremony-of-pide-own-new-building,https://file.pide.org.pk/pdfpideinpress/pip-media-coverage-of-ground-breaking-ceremony-of-pide-own-new-building.pdf,already_present,1959765,pdfs/2023/08/pip-media-coverage-of-ground-breaking-ceremony-of-pide-own-new-building.pdf
reforming-the-federal-public-sector-development-programme,https://file.pide.org.pk/pdfpideresearch/wp-23-10-reforming-the-federal-public-sector-development-programme.pdf,already_present,2191074,pdfs/2023/08/wp-23-10-reforming-the-federal-public-sector-development-programme.pdf
newsletter-july-2023,https://file.pide.org.pk/pdfpideresearch/nl-03-newsletter-july-2023.pdf,already_present,5804262,pdfs/2023/08/nl-03-newsletter-july-2023.pdf
fiscally-sustainable-pensions-in-pakistan,https://file.pide.org.pk/pdfpideresearch/wp-23-9-fiscally-sustainable-pensions-in-pakistan.pdf,already_present,2069317,pdfs/2023/08/wp-23-9-fiscally-sustainable-pensions-in-pakistan.pdf
when-higher-education-goes-low,https://file.pide.org.pk/pdfpideinpress/pip-when-higher-education-goes-low.pdf,already_present,50035,pdfs/2023/08/pip-when-higher-education-goes-low.pdf
vol-62-no-2-2023,https://file.pide.org.pk/pdfpdr/issue/pdr-2023-v62i2.pdf,already_present,13924215,pdfs/2023/08/pdr-2023-v62i2.pdf
vol-62-no-2-2023,https://file.pide.org.pk/pdfpdr/2023/167-197.pdf,already_present,696796,pdfs/2023/08/167-197.pdf
vol-62-no-2-2023,https://file.pide.org.pk/pdfpdr/2023/199-222.pdf,already_present,1087772,pdfs/2023/08/199-222.pdf
vol-62-no-2-2023,https://file.pide.org.pk/pdfpdr/2023/223-234.pdf,already_present,767080,pdfs/2023/08/223-234.pdf
vol-62-no-2-2023,https://file.pide.org.pk/pdfpdr/2023/235-264.pdf,already_present,1028695,pdfs/2023/08/235-264.pdf
vol-62-no-2-2023,https://file.pide.org.pk/pdfpdr/2023/265-280.pdf,already_present,1174177,pdfs/2023/08/265-280.pdf
vol-62-no-2-2023,https://file.pide.org.pk/pdfpdr/2023/281-299.pdf,already_present,3946751,pdfs/2023/08/281-299.pdf
vol-62-no-2-2023,https://file.pide.org.pk/pdfpdr/2023/301-308.pdf,already_present,733496,pdfs/2023/08/301-308.pdf
devolution-of-power-delegation-localisation-decentralisation,https://file.pide.org.pk/pdfpideresearch/discourse-2023-04.pdf,already_present,19392575,pdfs/2023/08/discourse-2023-04.pdf
cover-piece-2,https://file.pide.org.pk/pdfpideresearch/discourse-2023-04-01-cover-piece.pdf,already_present,425840,pdfs/2023/08/discourse-2023-04-01-cover-piece.pdf
optimal-local-governance-for-pakistan-improving-what-we-have,https://file.pide.org.pk/pdfpideresearch/discourse-2023-04-02-Optimal-local-governance-for-pakistan-improving-what-we-have.pdf,already_present,153935,pdfs/2023/08/discourse-2023-04-02-Optimal-local-governance-for-pakistan-improving-what-we-have.pdf
decentralisation-and-its-prospects,https://file.pide.org.pk/pdfpideresearch/discourse-2023-04-03-decentralisation-and-its-prospects.pdf,already_present,382260,pdfs/2023/08/discourse-2023-04-03-decentralisation-and-its-prospects.pdf
devolution-missing-clarity-on-structures-and-systems-of-governance,https://file.pide.org.pk/pdfpideresearch/discourse-2023-04-04-devolution-missing-clarity-on-structures-and-systems-of-governance.pdf,already_present,301153,pdfs/2023/08/discourse-2023-04-04-devolution-missing-clarity-on-structures-and-systems-of-governance.pdf
power-to-the-provinces-devolution-of-power-in-pakistans-energy-sector,https://file.pide.org.pk/pdfpideresearch/discourse-2023-04-05-power-to-the-provinces-devolution-of-power-in-pakistans-energy-sector.pdf,already_present,528689,pdfs/2023/08/discourse-2023-04-05-power-to-the-provinces-devolution-of-power-in-pakistans-energy-sector.pdf
granting-autonomy-to-districts-a-proposal-in-brief,https://file.pide.org.pk/pdfpideresearch/discourse-2023-04-06-granting-autonomy-to-districts-a-proposal-in-brief.pdf,already_present,257604,pdfs/2023/08/discourse-2023-04-06-granting-autonomy-to-districts-a-proposal-in-brief.pdf
devolution-of-power-in-pakistan-challenges-and-opportunities-for-womens-participation-in-local-governance,https://file.pide.org.pk/pdfpideresearch/discourse-2023-04-07-devolution-of-power-in-pakistan-challenges-and-opportunities-for-womens-participation-in-local-governance.pdf,already_present,162759,pdfs/2023/08/discourse-2023-04-07-devolution-of-power-in-pakistan-challenges-and-opportunities-for-womens-participation-in-local-governance.pdf
devolution-of-power-in-pakistan-challenges-and-opportunities-for-womens-participation-in-local-governance,https://pdfs.semanticscholar.org/8180/0193d99e78f1ef15fb15c7b099d1a23e67bf.pdf,external_citation,0,
disappeared-but-never-forgotten,https://file.pide.org.pk/pdfpideresearch/discourse-2023-04-08-disappeared-but-never-forgotten.pdf,already_present,415153,pdfs/2023/08/discourse-2023-04-08-disappeared-but-never-forgotten.pdf
textiles-losing-the-plot,https://file.pide.org.pk/pdfpideresearch/discourse-2023-04-09-textiles-losing-the-plot.pdf,already_present,471052,pdfs/2023/08/discourse-2023-04-09-textiles-losing-the-plot.pdf
pakistans-three-quarter-long-miraculous-aversion-of-default,https://file.pide.org.pk/pdfpideresearch/discourse-2023-04-10-pakistans-three-quarter-long-miraculous-aversion-of-default.pdf,already_present,276292,pdfs/2023/08/discourse-2023-04-10-pakistans-three-quarter-long-miraculous-aversion-of-default.pdf
nota-on-the-ballot,https://file.pide.org.pk/pdfpideresearch/discourse-2023-04-11-nota-on-the-ballot.pdf,already_present,269150,pdfs/2023/08/discourse-2023-04-11-nota-on-the-ballot.pdf
elitist-economy-how-to-dismantle-it,https://file.pide.org.pk/pdfpideresearch/discourse-2023-04-12-elitist-economy-how-to-dismantle-it.pdf,already_present,538383,pdfs/2023/08/discourse-2023-04-12-elitist-economy-how-to-dismantle-it.pdf
inequality-and-elite-capture-unavoidable-costs-of-development,https://file.pide.org.pk/pdfpideresearch/discourse-2023-04-13-inequality-and-elite-capture-unavoidable-costs-of-development.pdf,already_present,721480,pdfs/2023/08/discourse-2023-04-13-inequality-and-elite-capture-unavoidable-costs-of-development.pdf
attitudes-and-behaviours-in-the-classroom,https://file.pide.org.pk/pdfpideresearch/discourse-2023-04-14-attitudes-and-behaviours-in-the-classroom.pdf,already_present,459573,pdfs/2023/08/discourse-2023-04-14-attitudes-and-behaviours-in-the-classroom.pdf
rethinking-investment-surplus-savings-capital-growth-and-inequality,https://file.pide.org.pk/pdfpideresearch/discourse-2023-04-15-rethinking-investment-surplus-savings-capital-growth-and-inequality.pdf,already_present,361297,pdfs/2023/08/discourse-2023-04-15-rethinking-investment-surplus-savings-capital-growth-and-inequality.pdf
reimagining-indus-water-treaty-for-future-sustainability-of-the-indus-basin,https://file.pide.org.pk/pdfpideresearch/discourse-2023-04-16-reimagining-indus-water-treaty-for-future-sustainability-of-the-indus-basin.pdf,already_present,1590248,pdfs/2023/08/discourse-2023-04-16-reimagining-indus-water-treaty-for-future-sustainability-of-the-indus-basin.pdf
rethinking-social-protection-the-case-for-a-universal-basic-income,https://file.pide.org.pk/pdfpideresearch/discourse-2023-04-17-rethinking-social-protection-the-case-for-a-universal-basic-income.pdf,already_present,278817,pdfs/2023/08/discourse-2023-04-17-rethinking-social-protection-the-case-for-a-universal-basic-income.pdf
rethinking-social-protection-the-case-for-a-universal-basic-income,http://www.iser.uaa.alaska.edu/Publications/bien_xiii_ak_pfd_lessons.pdf,external_citation,0,
rethinking-social-protection-the-case-for-a-universal-basic-income,http://www.logica-wb.org/PDFs/LOGICA_StudySeriesNo1_Uganda_hr.pdf,external_citation,0,
rethinking-social-protection-the-case-for-a-universal-basic-income,http://www.bien2012.org/sites/default/files/paper_156_en.pdf,external_citation,0,
rethinking-social-protection-the-case-for-a-universal-basic-income,http://www.developmentpathways.co.uk/resources/wp-content/uploads/2016/04/Indias-Basic-Income-Experiment-PP21.pdf,external_citation,0,
why-teach-critical-histories,https://file.pide.org.pk/pdfpideresearch/discourse-2023-04-18-why-teach-critical-histories.pdf,already_present,427109,pdfs/2023/08/discourse-2023-04-18-why-teach-critical-histories.pdf
daniel-ellsberg-and-the-pentagon-papers,https://file.pide.org.pk/pdfpideresearch/discourse-2023-04-19-daniel-ellsberg-and-the-pentagon-papers.pdf,already_present,602774,pdfs/2023/08/discourse-2023-04-19-daniel-ellsberg-and-the-pentagon-papers.pdf
the-case-for-export-led-growth,https://file.pide.org.pk/pdfpideresearch/discourse-2023-04-20-the-case-for-export-led-growth.pdf,already_present,755458,pdfs/2023/08/discourse-2023-04-20-the-case-for-export-led-growth.pdf
beyond-the-needle-and-thread-womens-empowerment-through-textile-exports,https://file.pide.org.pk/pdfpideresearch/discourse-2023-04-21-beyond-the-needle-and-thread-womens-empowerment-through-textile-exports.pdf,already_present,477729,pdfs/2023/08/discourse-2023-04-21-beyond-the-needle-and-thread-womens-empowerment-through-textile-exports.pdf
a-fireside-chat-with-zainab-abbas,https://file.pide.org.pk/pdfpideresearch/discourse-2023-04-22-a-fireside-chat-with-zainab-abbas.pdf,already_present,1482988,pdfs/2023/08/discourse-2023-04-22-a-fireside-chat-with-zainab-abbas.pdf
pcb-pakistan-cricket-board-or-political-cricket-board,https://file.pide.org.pk/pdfpideresearch/discourse-2023-04-23-pcb-pakistan-cricket-board-or-political-cricket-board.pdf,already_present,692091,pdfs/2023/08/discourse-2023-04-23-pcb-pakistan-cricket-board-or-political-cricket-board.pdf
the-pakistani-city-as-a-character-a-new-narrative-approach-to-pakistans-urbanisation-challenges,https://file.pide.org.pk/pdfpideresearch/discourse-2023-04-24-the-pakistani-city-as-a-character-a-new-narrative-approach-to-pakistans-urbanisation-challenges.pdf,already_present,4121620,pdfs/2023/08/discourse-2023-04-24-the-pakistani-city-as-a-character-a-new-narrative-approach-to-pakistans-urbanisation-challenges.pdf
the-little-mermaid-may-have-just-made-a-ground-breaking-statement-about-real-world-power-dynamics,https://file.pide.org.pk/pdfpideresearch/discourse-2023-04-25-the-little-mermaid-may-have-just-made-a-ground-breaking-statement-about-real-world-power-dynamics.pdf,already_present,2325806,pdfs/2023/08/discourse-2023-04-25-the-little-mermaid-may-have-just-made-a-ground-breaking-statement-about-real-world-power-dynamics.pdf
pide-bi-monthly-roundup-2,https://file.pide.org.pk/pdfpideresearch/discourse-2023-04-26-pide-bi-monthly-roundup.pdf,already_present,228766,pdfs/2023/08/discourse-2023-04-26-pide-bi-monthly-roundup.pdf
public-finance-management-reforms-in-pakistan-a-case-study-of-the-treasury-single-account-regimen,https://file.pide.org.pk/pdfpideresearch/wp-23-8-public-finance-management-reforms-in-pakistan.pdf,already_present,1299484,pdfs/2023/08/wp-23-8-public-finance-management-reforms-in-pakistan.pdf
the-biased-nature-of-the-corruption-perception-index,https://file.pide.org.pk/pdfpideresearch/pv-41-the-biased-nature-of-the-corruption-perception-index.pdf,already_present,1413055,pdfs/2023/07/pv-41-the-biased-nature-of-the-corruption-perception-index.pdf
energy-transition-green-dreams-brown-realities,https://file.pide.org.pk/pdfpideinpress/pip-energy-transition-green-dreams-brown-realities.pdf,already_present,62294,pdfs/2023/07/pip-energy-transition-green-dreams-brown-realities.pdf
assessment-of-policies-and-practices-for-e-waste-management-a-study-of-asia,https://file.pide.org.pk/pdfpideresearch/wp-23-7-assessment-of-policies-and-practices-for-e-waste-management-a-study-of-asia.pdf,already_present,1497434,pdfs/2023/07/wp-23-7-assessment-of-policies-and-practices-for-e-waste-management-a-study-of-asia.pdf
commentary-on-the-imf-standby-arrangement-with-pakistan-2023,https://file.pide.org.pk/pdfpideresearch/rr-commentary-on-the-imf-standby-arrangement-with-pakistan-2023.pdf,already_present,1107360,pdfs/2023/07/rr-commentary-on-the-imf-standby-arrangement-with-pakistan-2023.pdf
pakistans-energy-outlook,https://file.pide.org.pk/pdfpideinpress/pip-pakistans-energy-outlook.pdf,already_present,65251,pdfs/2023/07/pip-pakistans-energy-outlook.pdf
enhancing-the-delivery-of-financial-services-in-pakistan,https://file.pide.org.pk/pdfpideresearch/wb-121-enhancing-the-delivery-of-financial-services-in-pakistan.pdf,already_present,1289022,pdfs/2023/07/wb-121-enhancing-the-delivery-of-financial-services-in-pakistan.pdf
media-coverage-of-rasta-books-launch,https://file.pide.org.pk/pdfpideinpress/pip-media-coverage-of-rasta-books-launch.pdf,already_present,2372751,pdfs/2023/07/pip-media-coverage-of-rasta-books-launch.pdf
new-approach-to-investment,https://file.pide.org.pk/pdfpideinpress/pip-new-approach-to-investment.pdf,already_present,47521,pdfs/2023/07/pip-new-approach-to-investment.pdf
power-profits-plans-the-political-economy-of-housing-in-pakistan,https://file.pide.org.pk/pdfpideresearch/book-power-profits-and-plans-the-political-economy-of-housing-in-pakistan.pdf,already_present,35390558,pdfs/2023/07/book-power-profits-and-plans-the-political-economy-of-housing-in-pakistan.pdf
corporate-window-bridging-the-divide-in-revenue-systems,https://file.pide.org.pk/pdfpideinpress/pip-corporate-window-bridging-the-divide-in-revenue-systems.pdf,already_present,67821,pdfs/2023/07/pip-corporate-window-bridging-the-divide-in-revenue-systems.pdf
charter-of-power,https://file.pide.org.pk/pdfpideinpress/pip-charter-of-power.pdf,already_present,46285,pdfs/2023/07/pip-charter-of-power.pdf
the-economic-cost-of-internet-closure,https://file.pide.org.pk/pdfpideresearch/ig-02-the-economic-cost-of-internet-closure.pdf,already_present,2677130,pdfs/2023/07/ig-02-the-economic-cost-of-internet-closure.pdf
lost-dreams,https://file.pide.org.pk/pdfpideinpress/pip-lost-dreams.pdf,already_present,51449,pdfs/2023/07/pip-lost-dreams.pdf
newsletter-april-june-2023,https://file.pide.org.pk/pdfpideresearch/nl-02-newsletter-april-june-2023.pdf,already_present,7841464,pdfs/2023/07/nl-02-newsletter-april-june-2023.pdf
understanding-workplace-harassment-in-pakistan,https://file.pide.org.pk/pdfpideresearch/wb-120-understanding-workplace-harassment-in-pakistan.pdf,already_present,1505878,pdfs/2023/07/wb-120-understanding-workplace-harassment-in-pakistan.pdf
energy-measures-in-the-budget,https://file.pide.org.pk/pdfpideinpress/pip-energy-measures-in-the-budget.pdf,already_present,72976,pdfs/2023/07/pip-energy-measures-in-the-budget.pdf
path-to-prosperity-budget-priorities,https://file.pide.org.pk/uploads/pip-path-to-prosperity-budget-priorities.pdf,already_present,46922,pdfs/2023/06/pip-path-to-prosperity-budget-priorities.pdf
wheat-import-doors-not-closed-yet,https://file.pide.org.pk/uploads/pip-wheat-import-doors-not-closed-yet.pdf,already_present,67462,pdfs/2023/06/pip-wheat-import-doors-not-closed-yet.pdf
media-coverage-of-pide-basic-notes-8,https://file.pide.org.pk/pdfpideinpress/pip-media-coverage-of-pide-basic-notes-8.pdf,already_present,1696035,pdfs/2023/06/pip-media-coverage-of-pide-basic-notes-8.pdf
balancing-growth-and-inflation-targets-with-monetary-policy,https://file.pide.org.pk/uploads/rr-balancing-growth-and-inflation-targets-with-monetary-policy.pdf,already_present,1237429,pdfs/2023/06/rr-balancing-growth-and-inflation-targets-with-monetary-policy.pdf
language-homogamy-an-insight-into-marriage-and-language-in-pakistan,https://file.pide.org.pk/uploads/bn-08-language-homogamy-an-insight-into-marriage-and-language-in-pakistan.pdf,already_present,3202915,pdfs/2023/06/bn-08-language-homogamy-an-insight-into-marriage-and-language-in-pakistan.pdf
economics-is-always-political,https://file.pide.org.pk/pdfpideinpress/pip-economics-is-always-political.pdf,already_present,74330,pdfs/2023/06/pip-economics-is-always-political.pdf
managing-energy-imports-to-save-forex-reserves,https://file.pide.org.pk/pdfpideinpress/pip-managing-energy-imports-to-save-forex-reserves.pdf,already_present,68741,pdfs/2023/06/pip-managing-energy-imports-to-save-forex-reserves.pdf
traffic-management-congestion-mitigation-parking-policy-for-islamabad-capital-territory,https://file.pide.org.pk/pdfpideresearch/rr-traffic-management-and-congestion-mitigation-parking-policy-for-islamabad-capital-territory.pdf,already_present,267104311,pdfs/2023/06/rr-traffic-management-and-congestion-mitigation-parking-policy-for-islamabad-capital-territory.pdf
rethinking-trade,https://file.pide.org.pk/pdfpideinpress/pip-rethinking-trade.pdf,already_present,51620,pdfs/2023/06/pip-rethinking-trade.pdf
media-coverage-of-pide-macropolicy-lab-recommendation-for-budget-2023-24,https://file.pide.org.pk/pdfpideinpress/pip-media-coverage-of-pide-macropolicy-lab-recommendation-for-budget-2023-24.pdf,already_present,2894931,pdfs/2023/06/pip-media-coverage-of-pide-macropolicy-lab-recommendation-for-budget-2023-24.pdf
maximizing-the-impact-evaluating-the-fy-2023-24-budget-for-optimal-resource-allocation-socio-economic-addressal-and-sustainable-development,https://file.pide.org.pk/pdfpideresearch/rr-maximizing-the-impact-evaluating-the-fy-2023-24-budget.pdf,already_present,1654687,pdfs/2023/06/rr-maximizing-the-impact-evaluating-the-fy-2023-24-budget.pdf
media-coverage-of-malakand-conference,https://file.pide.org.pk/pdfpideinpress/pip-media-coverage-of-malakand-conference.pdf,already_present,6210577,pdfs/2023/06/pip-media-coverage-of-malakand-conference.pdf
catalyzing-urban-mobility,https://file.pide.org.pk/pdfpideinpress/pip-catalyzing-urban-mobility.pdf,already_present,47642,pdfs/2023/06/pip-catalyzing-urban-mobility.pdf
populism-the-illusion-of-change,https://file.pide.org.pk/pdfpideinpress/pip-populism-the-illusion-of-change.pdf,already_present,69977,pdfs/2023/06/pip-populism-the-illusion-of-change.pdf
the-pre-budget-policy-recommendations-optimizing-fiscal-resource-allocation-in-pakistan,https://file.pide.org.pk/pdfpideresearch/rr-the-pre-budget-policy-recommendations.pdf,already_present,1019092,pdfs/2023/06/rr-the-pre-budget-policy-recommendations.pdf
sovereign-debt-restructuring-reduction-conversion-rescheduling,https://file.pide.org.pk/pdfpideresearch/discourse-2023-03.pdf,already_present,37210624,pdfs/2023/06/discourse-2023-03.pdf
newsletter-january-march-2023,https://file.pide.org.pk/pdfpideresearch/nl-01-newsletter-january-march-2023.pdf,already_present,6640840,pdfs/2023/06/nl-01-newsletter-january-march-2023.pdf
pushed-to-the-outskirts-congestion-and-exclusion-in-the-twin-cities,https://file.pide.org.pk/pdfpideinpress/pip-pushed-to-the-outskirts-congestion-and-exclusion-in-the-twin-cities.pdf,already_present,800735,pdfs/2023/06/pip-pushed-to-the-outskirts-congestion-and-exclusion-in-the-twin-cities.pdf
cover-story,https://file.pide.org.pk/pdfpideresearch/discourse-2023-03-01-cover-piece.pdf,already_present,1350004,pdfs/2023/05/discourse-2023-03-01-cover-piece.pdf
how-to-avoid-a-lost-decade,https://file.pide.org.pk/pdfpideresearch/discourse-2023-03-02-how-to-avoid-a-lost-decade.pdf,already_present,1026008,pdfs/2023/05/discourse-2023-03-02-how-to-avoid-a-lost-decade.pdf
pakistans-political-business-cycle-and-external-debt-dilemma,https://file.pide.org.pk/pdfpideresearch/discourse-2023-03-03-pakistans-political-business-cycle-and-external-debt-dilemma.pdf,already_present,2437837,pdfs/2023/05/discourse-2023-03-03-pakistans-political-business-cycle-and-external-debt-dilemma.pdf
inflation-and-sovereign-debt-in-pakistan,https://file.pide.org.pk/pdfpideresearch/discourse-2023-03-04-inflation-and-sovereign-debt-in-pakistan.pdf,already_present,551094,pdfs/2023/05/discourse-2023-03-04-inflation-and-sovereign-debt-in-pakistan.pdf
inflation-and-sovereign-debt-in-pakistan,https://repository.graduateinstitute.ch/record/286974/files/hausmann2002.pdf,external_citation,0,
inflation-and-sovereign-debt-in-pakistan,https://eprints.soas.ac.uk/35254/1/DRGR%20Report%202021.pdf,external_citation,0,
debt-to-nature-swaps-and-the-triple-e-crises-of-pakistan,https://file.pide.org.pk/pdfpideresearch/discourse-2023-03-05-debt-to-nature-swaps-and-the-triple-e-crises-of-pakistan.pdf,already_present,934386,pdfs/2023/05/discourse-2023-03-05-debt-to-nature-swaps-and-the-triple-e-crises-of-pakistan.pdf
debt-restructuring-a-ruse-peddled-as-a-solution,https://file.pide.org.pk/pdfpideresearch/discourse-2023-03-06-debt-restructuring-a-ruse-peddled-as-a-solution.pdf,already_present,854093,pdfs/2023/05/discourse-2023-03-06-debt-restructuring-a-ruse-peddled-as-a-solution.pdf
sovereign-debt-restructuring-a-hard-pill-to-swallow-for-pakistan,https://file.pide.org.pk/pdfpideresearch/discourse-2023-03-07-sovereign-debt-restructuring-a-hard-pill-to-swallow-for-pakistan.pdf,already_present,368658,pdfs/2023/05/discourse-2023-03-07-sovereign-debt-restructuring-a-hard-pill-to-swallow-for-pakistan.pdf
the-saudi-iran-rapprochement-and-its-implications-for-pakistan,https://file.pide.org.pk/pdfpideresearch/discourse-2023-03-08-the-saudi-iran-rapprochement-and-its-implications-for-pakistan.pdf,already_present,421217,pdfs/2023/05/discourse-2023-03-08-the-saudi-iran-rapprochement-and-its-implications-for-pakistan.pdf
sucking-pakistan-into-a-whirlpool-of-rising-interest-rates,https://file.pide.org.pk/pdfpideresearch/discourse-2023-03-09-sucking-pakistan-into-a-whirlpool-of-rising-interest-rates.pdf,already_present,579309,pdfs/2023/05/discourse-2023-03-09-sucking-pakistan-into-a-whirlpool-of-rising-interest-rates.pdf
the-saudi-iranian-detente,https://file.pide.org.pk/pdfpideresearch/discourse-2023-03-10-the-saudi-iranian-detente.pdf,already_present,1727000,pdfs/2023/05/discourse-2023-03-10-the-saudi-iranian-detente.pdf
political-polarisation,https://file.pide.org.pk/pdfpideresearch/discourse-2023-03-11-political-polarisation.pdf,already_present,1544545,pdfs/2023/05/discourse-2023-03-11-political-polarisation.pdf
should-pakistan-move-towards-early-elections,https://file.pide.org.pk/pdfpideresearch/discourse-2023-03-12-should-pakistan-move-towards-early-elections.pdf,already_present,324256,pdfs/2023/05/discourse-2023-03-12-should-pakistan-move-towards-early-elections.pdf
is-delaying-elections-an-option,https://file.pide.org.pk/pdfpideresearch/discourse-2023-03-13-is-delaying-elections-an-option.pdf,already_present,269660,pdfs/2023/05/discourse-2023-03-13-is-delaying-elections-an-option.pdf
elections-should-under-no-circumstances-be-delayed,https://file.pide.org.pk/pdfpideresearch/discourse-2023-03-14-elections-should-under-no-circumstances-be-delayed.pdf,already_present,326562,pdfs/2023/05/discourse-2023-03-14-elections-should-under-no-circumstances-be-delayed.pdf
econ-fest,https://file.pide.org.pk/pdfpideresearch/discourse-2023-03-15-econfest.pdf,already_present,782417,pdfs/2023/05/discourse-2023-03-15-econfest.pdf
rethinking-economics,https://file.pide.org.pk/pdfpideresearch/discourse-2023-03-16-rethinking-economics.pdf,already_present,188459,pdfs/2023/05/discourse-2023-03-16-rethinking-economics.pdf
women-in-politics-the-trinity-of-men-military-mullah,https://file.pide.org.pk/pdfpideresearch/discourse-2023-03-17-women-in-politics-and-the-trinity-of-men-military-and-mullah.pdf,already_present,1045028,pdfs/2023/05/discourse-2023-03-17-women-in-politics-and-the-trinity-of-men-military-and-mullah.pdf
wanted-a-pakistani-community-of-economic-heterodoxy,https://file.pide.org.pk/pdfpideresearch/discourse-2023-03-18-wanted-a-pakistani-community-of-economic-heterodoxy.pdf,already_present,1152823,pdfs/2023/05/discourse-2023-03-18-wanted-a-pakistani-community-of-economic-heterodoxy.pdf
psdp-in-pakistan-a-history-of-unfulfilled-socio-economic-objectives,https://file.pide.org.pk/pdfpideresearch/discourse-2023-03-19-psdp-in-pakistan-a-history-of-unfulfilled-socio-economic-objectives.pdf,already_present,454029,pdfs/2023/05/discourse-2023-03-19-psdp-in-pakistan-a-history-of-unfulfilled-socio-economic-objectives.pdf
communalism-turned-inside-jinnahs-pakistan,https://file.pide.org.pk/pdfpideresearch/discourse-2023-03-20-communalism-turned-inside-jinnahs-pakistan.pdf,already_present,1168023,pdfs/2023/05/discourse-2023-03-20-communalism-turned-inside-jinnahs-pakistan.pdf
language-and-education-policies-and-power-in-pakistan,https://file.pide.org.pk/pdfpideresearch/discourse-2023-03-21-language-and-education-policies-and-power-in-pakistan.pdf,already_present,6491025,pdfs/2023/05/discourse-2023-03-21-language-and-education-policies-and-power-in-pakistan.pdf
why-scale-matters,https://file.pide.org.pk/pdfpideresearch/discourse-2023-03-22-why-scale-matters.pdf,already_present,5674016,pdfs/2023/05/discourse-2023-03-22-why-scale-matters.pdf
misguided-attack-on-terf,https://file.pide.org.pk/pdfpideresearch/discourse-2023-03-23-misguided-attack-on-terf.pdf,already_present,4591923,pdfs/2023/05/discourse-2023-03-23-misguided-attack-on-terf.pdf
the-evolution-and-future-of-pakistani-cricket-a-fireside-chat-with-mirza-iqbal-baig,https://file.pide.org.pk/pdfpideresearch/discourse-2023-03-24-the-evolution-and-future-of-pakistani-cricket-a-fireside-chat-with-mirza-iqbal-baig.pdf,already_present,1261508,pdfs/2023/05/discourse-2023-03-24-the-evolution-and-future-of-pakistani-cricket-a-fireside-chat-with-mirza-iqbal-baig.pdf
evolution-of-cricket-from-a-game-of-amateurs-to-a-billion-dollar-market,https://file.pide.org.pk/pdfpideresearch/discourse-2023-03-25-evolution-of-cricket-from-a-game-of-amateurs-to-a-billion-dollar-market.pdf,already_present,602321,pdfs/2023/05/discourse-2023-03-25-evolution-of-cricket-from-a-game-of-amateurs-to-a-billion-dollar-market.pdf
debating-festivals-do-we-need-more,https://file.pide.org.pk/pdfpideresearch/discourse-2023-03-26-debating-festivals-do-we-need-more.pdf,already_present,1180951,pdfs/2023/05/discourse-2023-03-26-debating-festivals-do-we-need-more.pdf
divided-curtains-and-sweet-symphonies-pre-partition-punjabs-contribution-to-indian-cinema,https://file.pide.org.pk/pdfpideresearch/discourse-2023-03-27-divided-curtains-and-sweet-symphonies.pdf,already_present,624476,pdfs/2023/05/discourse-2023-03-27-divided-curtains-and-sweet-symphonies.pdf
pide-bi-monthly-round-up-3,https://file.pide.org.pk/pdfpideresearch/discourse-2023-03-28-pide-bimonthly-roundup.pdf,already_present,730392,pdfs/2023/05/discourse-2023-03-28-pide-bimonthly-roundup.pdf
the-age-of-gvcs,https://file.pide.org.pk/pdfpideinpress/pip-the-age-of-gvcs.pdf,already_present,52093,pdfs/2023/05/pip-the-age-of-gvcs.pdf
path-to-competitive-trade-policy,https://file.pide.org.pk/pdfpideinpress/pip-path-to-competitive-trade-policy.pdf,already_present,328890,pdfs/2023/05/pip-path-to-competitive-trade-policy.pdf
empowering-smes-for-global-success,https://file.pide.org.pk/pdfpideinpress/pip-empowering-smes-for-global-success.pdf,already_present,392145,pdfs/2023/05/pip-empowering-smes-for-global-success.pdf
media-coverage-of-gb-conference,https://file.pide.org.pk/pdfpideinpress/pip-media-coverage-of-gb-conference.pdf,already_present,13334069,pdfs/2023/05/pip-media-coverage-of-gb-conference.pdf
reclaiming-the-realm-of-politics,https://file.pide.org.pk/pdfpideinpress/pip-reclaiming-the-realm-of-politics.pdf,already_present,70723,pdfs/2023/05/pip-reclaiming-the-realm-of-politics.pdf
vol-62-no-1-2023,https://file.pide.org.pk/pdfpdr/issue/pdr-2023-v62i1.pdf,already_present,8839561,pdfs/2023/05/pdr-2023-v62i1.pdf
vol-62-no-1-2023,https://file.pide.org.pk/pdfpdr/2023/1-14.pdf,already_present,451046,pdfs/2023/05/1-14.pdf
vol-62-no-1-2023,https://file.pide.org.pk/pdfpdr/2023/15-40.pdf,already_present,928193,pdfs/2023/05/15-40.pdf
vol-62-no-1-2023,https://file.pide.org.pk/pdfpdr/2023/41-59.pdf,already_present,858218,pdfs/2023/05/41-59.pdf
vol-62-no-1-2023,https://file.pide.org.pk/pdfpdr/2023/61-85.pdf,already_present,715254,pdfs/2023/05/61-85.pdf
vol-62-no-1-2023,https://file.pide.org.pk/pdfpdr/2023/87-104.pdf,already_present,469734,pdfs/2023/05/87-104.pdf
vol-62-no-1-2023,https://file.pide.org.pk/pdfpdr/2023/105-114.pdf,already_present,770104,pdfs/2023/05/105-114.pdf
vol-62-no-1-2023,https://file.pide.org.pk/pdfpdr/2023/115-124.pdf,already_present,391991,pdfs/2023/05/115-124.pdf
vol-62-no-1-2023,https://file.pide.org.pk/pdfpdr/2023/125-131.pdf,already_present,422610,pdfs/2023/05/125-131.pdf
vol-62-no-1-2023,https://file.pide.org.pk/pdfpdr/2023/133-143.pdf,already_present,679377,pdfs/2023/05/133-143.pdf
rise-ye-children,https://file.pide.org.pk/uploads/pip-rise-ye-children.pdf,already_present,96389,pdfs/2023/05/pip-rise-ye-children.pdf
a-reflection-on-spiritual-beliefs,https://file.pide.org.pk/uploads/bn-07-a-reflection-on-spiritual-beliefs.pdf,already_present,205942,pdfs/2023/05/bn-07-a-reflection-on-spiritual-beliefs.pdf
breaking-the-tanker-mafias-grip-on-pakistans-water-supply,https://file.pide.org.pk/uploads/pip-breaking-the-tanker-mafias-grip-on-pakistans-water-supply.pdf,already_present,425726,pdfs/2023/05/pip-breaking-the-tanker-mafias-grip-on-pakistans-water-supply.pdf
ranking-of-industrial-protection-in-pakistan,https://file.pide.org.pk/uploads/ig-01-ranking-of-industrial-protection-in-pakistan.pdf,already_present,424846,pdfs/2023/05/ig-01-ranking-of-industrial-protection-in-pakistan.pdf
media-coverage-of-basics-notes-6,https://file.pide.org.pk/uploads/pip-media-coverage-of-basics-notes-6.pdf,already_present,2446975,pdfs/2023/05/pip-media-coverage-of-basics-notes-6.pdf
governance-mutation,https://file.pide.org.pk/uploads/pip-governance-mutation.pdf,already_present,661868,pdfs/2023/05/pip-governance-mutation.pdf
shaping-minds-and-bodies-do-we-have-the-facilities,https://file.pide.org.pk/uploads/bn-06-shaping-minds-and-bodies-do-we-have-the-facilities.pdf,already_present,4702813,pdfs/2023/04/bn-06-shaping-minds-and-bodies-do-we-have-the-facilities.pdf
why-our-graduates-are-mass-migrating,https://file.pide.org.pk/uploads/pip-why-our-graduates-are-mass-migrating.pdf,already_present,464495,pdfs/2023/04/pip-why-our-graduates-are-mass-migrating.pdf
on-freedom,https://file.pide.org.pk/uploads/pip-on-freedom.pdf,already_present,70637,pdfs/2023/04/pip-on-freedom.pdf
the-political-is-all-personal,https://file.pide.org.pk/uploads/pip-the-political-is-all-personal.pdf,already_present,44167,pdfs/2023/04/pip-the-political-is-all-personal.pdf
investment-exports-and-governance,https://file.pide.org.pk/uploads/pip-investment-exports-and-governance.pdf,already_present,84878,pdfs/2023/04/pip-investment-exports-and-governance.pdf
is-the-decision-to-obtain-higher-education-in-pakistan-worth-repaying-new-evidence-from-returns-on-education-for-paid-employees,https://file.pide.org.pk/uploads/wp-23-6-is-the-decision-to-obtain-higher-education-in-pakistan-worth-repaying-new-evidence-from-returns-on-education-for-paid-employees.pdf,already_present,2479572,pdfs/2023/04/wp-23-6-is-the-decision-to-obtain-higher-education-in-pakistan-worth-repaying-new-evidence-from-returns-on-education-for-paid-employees.pdf
democratization-of-narrative-building,https://file.pide.org.pk/uploads/pip-democratization-of-narrative-building.pdf,already_present,58447,pdfs/2023/04/pip-democratization-of-narrative-building.pdf
whats-your-degree-worth-return-to-education-employability-and-upskilling-workforce-in-pakistan-2,https://file.pide.org.pk/uploads/kb-101-whats-your-degree-worth-return-to-education-employability-and-upskilling-workforce-in-pakistan.pdf,already_present,874465,pdfs/2023/04/kb-101-whats-your-degree-worth-return-to-education-employability-and-upskilling-workforce-in-pakistan.pdf
the-impact-of-railway-development-on-economic-growth-through-cpec,https://file.pide.org.pk/uploads/wp-23-5-the-impact-of-railway-development-on-economic-growth-through-cpec.pdf,already_present,2835523,pdfs/2023/04/wp-23-5-the-impact-of-railway-development-on-economic-growth-through-cpec.pdf
smes-and-economic-development,https://file.pide.org.pk/uploads/pip-smes-and-economic-development.pdf,already_present,84084,pdfs/2023/04/pip-smes-and-economic-development.pdf
urban-policy-for-intermediate-cities-the-neglected-middle-tier,https://file.pide.org.pk/uploads/pip-urban-policy-for-intermediate-cities-the-neglected-middle-tier.pdf,already_present,284783,pdfs/2023/03/pip-urban-policy-for-intermediate-cities-the-neglected-middle-tier.pdf
disaggregating-the-graduate-unemployment-in-pakistan,https://file.pide.org.pk/uploads/kb-100-disaggregating-the-graduate-unemployment-in-pakistan.pdf,already_present,476969,pdfs/2023/03/kb-100-disaggregating-the-graduate-unemployment-in-pakistan.pdf
elections-necessary-but-woefully-insufficient,https://file.pide.org.pk/uploads/pip-elections-necessary-but-woefully-insufficient.pdf,already_present,69428,pdfs/2023/03/pip-elections-necessary-but-woefully-insufficient.pdf
e-commerce-and-its-potential-in-pakistan,https://file.pide.org.pk/uploads/pip-e-commerce-and-its-potential-in-pakistan.pdf,already_present,61256,pdfs/2023/03/pip-e-commerce-and-its-potential-in-pakistan.pdf
the-holy-month-with-unholy-prices,https://file.pide.org.pk/uploads/pip-the-holy-month-with-unholy-prices.pdf,already_present,318829,pdfs/2023/03/pip-the-holy-month-with-unholy-prices.pdf
what-are-the-factors-making-pakistans-exports-stagnant-insight-from-literature-review,https://file.pide.org.pk/uploads/kb-099-what-are-the-factors-making-pakistans-exports-stagnant-insight-from-literature-review.pdf,already_present,798695,pdfs/2023/03/kb-099-what-are-the-factors-making-pakistans-exports-stagnant-insight-from-literature-review.pdf
the-structural-culpabilities-of-pakistans-economy,https://file.pide.org.pk/uploads/pip-the-structural-culpabilities-of-pakistans-economy.pdf,already_present,60661,pdfs/2023/03/pip-the-structural-culpabilities-of-pakistans-economy.pdf
pide-sludge-audit-vol-2,https://file.pide.org.pk/pdfpideresearch/pide-sludge-audit-vol-2.pdf,already_present,61012981,pdfs/2023/03/pide-sludge-audit-vol-2.pdf
tim-hortons-and-pakistani-mindset,https://file.pide.org.pk/uploads/pip-tim-hortons-and-pakistani-mindset.pdf,already_present,81104,pdfs/2023/03/pip-tim-hortons-and-pakistani-mindset.pdf
the-challenge-of-analysis-paralysis,https://file.pide.org.pk/uploads/pip-the-challenge-of-analysis-paralysis.pdf,already_present,60065,pdfs/2023/03/pip-the-challenge-of-analysis-paralysis.pdf
the-political-economy-of-higher-education-in-pakistan,https://file.pide.org.pk/uploads/wb-119-the-political-economy-of-higher-education-in-pakistan.pdf,already_present,2219048,pdfs/2023/03/wb-119-the-political-economy-of-higher-education-in-pakistan.pdf
education-quality,https://file.pide.org.pk/uploads/pip-education-quality.pdf,already_present,42152,pdfs/2023/03/pip-education-quality.pdf
structural-adjustment-flops,https://file.pide.org.pk/uploads/pip-structural-adjustment-flops.pdf,already_present,74306,pdfs/2023/03/pip-structural-adjustment-flops.pdf
inefficient-land-use,https://file.pide.org.pk/uploads/pip-inefficient-land-use.pdf,already_present,54463,pdfs/2023/03/pip-inefficient-land-use.pdf
developing-the-essential-skills-for-making-quality-decisions,https://file.pide.org.pk/uploads/wb-118-developing-the-essential-skills-for-making-quality-decisions.pdf,already_present,3826104,pdfs/2023/03/wb-118-developing-the-essential-skills-for-making-quality-decisions.pdf
how-mcdonalds-makes-money,https://file.pide.org.pk/uploads/pip-how-mcdonalds-makes-money.pdf,already_present,41835,pdfs/2023/03/pip-how-mcdonalds-makes-money.pdf
economic-recovery-investment-employment-productivity,https://file.pide.org.pk/uploads/discourse-2023-02.pdf,already_present,22345696,pdfs/2023/03/discourse-2023-02.pdf
cover-piece,https://file.pide.org.pk/uploads/discourse-2023-02-0001-cover-piece.pdf,already_present,560472,pdfs/2023/03/discourse-2023-02-0001-cover-piece.pdf
pides-charter-of-economy-petition-to-all-the-political-leaders-parties-of-pakistan-2,https://file.pide.org.pk/uploads/discourse-2023-02-001-pides-charter-of-economy.pdf,already_present,5636316,pdfs/2023/03/discourse-2023-02-001-pides-charter-of-economy.pdf
evolving-a-limited-and-responsible-federal-govt-14-point-fiscal-charter,https://file.pide.org.pk/uploads/discourse-2023-02-01-evolving-a-limited-and-responsible-federal-government.pdf,already_present,683390,pdfs/2023/03/discourse-2023-02-01-evolving-a-limited-and-responsible-federal-government.pdf
the-seven-deadly-sins-of-pakistans-economic-managers,https://file.pide.org.pk/uploads/discourse-2023-02-02-the-seven-deadly-sins-of-pakistans-economic-managers.pdf,already_present,841955,pdfs/2023/03/discourse-2023-02-02-the-seven-deadly-sins-of-pakistans-economic-managers.pdf
pakistans-economic-recovery-the-way-forward,https://file.pide.org.pk/uploads/discourse-2023-02-03-pakistans-economic-recovery-the-way-forward.pdf,already_present,196996,pdfs/2023/03/discourse-2023-02-03-pakistans-economic-recovery-the-way-forward.pdf
privatisation-and-power,https://file.pide.org.pk/uploads/discourse-2023-02-04-privatisation-and-power.pdf,already_present,1206929,pdfs/2023/03/discourse-2023-02-04-privatisation-and-power.pdf
adjustment-with-an-austere-face,https://file.pide.org.pk/uploads/discourse-2023-02-05-adjustment-with-an-austere-face.pdf,already_present,816794,pdfs/2023/03/discourse-2023-02-05-adjustment-with-an-austere-face.pdf
recovering-from-current-economic-woes,https://file.pide.org.pk/uploads/discourse-2023-02-06-recovering-from-current-economic-woes.pdf,already_present,1062172,pdfs/2023/03/discourse-2023-02-06-recovering-from-current-economic-woes.pdf
reimagining-economics-in-the-pakistan-context,https://file.pide.org.pk/uploads/discourse-2023-02-07-reimagining-economics-in-the-pakistan-context.pdf,already_present,494738,pdfs/2023/03/discourse-2023-02-07-reimagining-economics-in-the-pakistan-context.pdf
pakistans-historical-neglect-of-gilgit-baltistan,https://file.pide.org.pk/uploads/discourse-2023-02-08-pakistans-historical-neglect-of-gilgit-baltistan.pdf,already_present,1334163,pdfs/2023/03/discourse-2023-02-08-pakistans-historical-neglect-of-gilgit-baltistan.pdf
pakistans-freakonomics-words-woes-way-out,https://file.pide.org.pk/uploads/discourse-2023-02-09-pakistans-freakonomics-words-woes-and-way-out.pdf,already_present,965849,pdfs/2023/03/discourse-2023-02-09-pakistans-freakonomics-words-woes-and-way-out.pdf
reaping-the-benefits-of-consistent-policy-measures,https://file.pide.org.pk/uploads/discourse-2023-02-10-reaping-the-benefits-of-consistent-policy-measures.pdf,already_present,1141051,pdfs/2023/03/discourse-2023-02-10-reaping-the-benefits-of-consistent-policy-measures.pdf
intro-should-pakistans-institutions-be-depoliticised,https://file.pide.org.pk/uploads/discourse-2023-02-11-should-pakistans-institutions-be-depoliticised.pdf,already_present,784390,pdfs/2023/03/discourse-2023-02-11-should-pakistans-institutions-be-depoliticised.pdf
depoliticisation-of-institutions-the-way-forward,https://file.pide.org.pk/uploads/discourse-2023-02-12-depoliticisation-of-institutions-the-way-forward.pdf,already_present,748056,pdfs/2023/03/discourse-2023-02-12-depoliticisation-of-institutions-the-way-forward.pdf
no-pretending-about-politics,https://file.pide.org.pk/uploads/discourse-2023-02-13-no-pretending-about-politics.pdf,already_present,352523,pdfs/2023/03/discourse-2023-02-13-no-pretending-about-politics.pdf
policy-vs-technology,https://file.pide.org.pk/uploads/discourse-2023-02-14-policy-vs-technology.pdf,already_present,972003,pdfs/2023/03/discourse-2023-02-14-policy-vs-technology.pdf
a-case-for-student-unions-in-pakistan,https://file.pide.org.pk/uploads/discourse-2023-02-15-a-case-for-student-unions-in-pakistan.pdf,already_present,430194,pdfs/2023/03/discourse-2023-02-15-a-case-for-student-unions-in-pakistan.pdf
teach-them-the-truth-nothing-but-the-truth,https://file.pide.org.pk/uploads/discourse-2023-02-16-teach-them-the-truth-nothing-but-the-truth.pdf,already_present,625910,pdfs/2023/03/discourse-2023-02-16-teach-them-the-truth-nothing-but-the-truth.pdf
khandaan-khaanaa-and-finding-my-footing-in-the-pakistani-diaspora,https://file.pide.org.pk/uploads/discourse-2023-02-17-khandaan-khaanaa-and-finding-my-footing-in-the-pakistani-diaspora.pdf,already_present,252680,pdfs/2023/03/discourse-2023-02-17-khandaan-khaanaa-and-finding-my-footing-in-the-pakistani-diaspora.pdf
the-plight-of-persons-with-disabilities,https://file.pide.org.pk/uploads/discourse-2023-02-18-the-plight-of-persons-with-disabilities.pdf,already_present,375479,pdfs/2023/03/discourse-2023-02-18-the-plight-of-persons-with-disabilities.pdf
the-conundrum-of-711-ce,https://file.pide.org.pk/uploads/discourse-2023-02-19-the-conundrum-of-711-ce.pdf,already_present,512428,pdfs/2023/03/discourse-2023-02-19-the-conundrum-of-711-ce.pdf
contextualizing-literary-censorship-in-pakistan-the-legacy-of-colonial-penal-codes,https://file.pide.org.pk/uploads/discourse-2023-02-20-contextualizing-literary-censorship-in-pakistan.pdf,already_present,1027422,pdfs/2023/03/discourse-2023-02-20-contextualizing-literary-censorship-in-pakistan.pdf
the-european-unions-textile-waste-and-used-clothing-in-pakistan,https://file.pide.org.pk/uploads/discourse-2023-02-21-the-european-unions-textile-waste-and-used-clothing.pdf,already_present,1301045,pdfs/2023/03/discourse-2023-02-21-the-european-unions-textile-waste-and-used-clothing.pdf
the-european-unions-textile-waste-and-used-clothing-in-pakistan,https://planet-tracker.org/wp-content/uploads/2023/01/Greenwashing-Hydra-3.pdf,external_citation,0,
firm-productivity-in-pakistan-challenges-and-way-forward,https://file.pide.org.pk/uploads/discourse-2023-02-22-firm-productivity-in-pakistan-challenges-and-way.pdf,already_present,559169,pdfs/2023/03/discourse-2023-02-22-firm-productivity-in-pakistan-challenges-and-way.pdf
pakistans-complicated-relationship-with-diaspora-footballers,https://file.pide.org.pk/uploads/discourse-2023-02-23-pakistans-complicated-relationship-with-diaspora.pdf,already_present,252467,pdfs/2023/03/discourse-2023-02-23-pakistans-complicated-relationship-with-diaspora.pdf
pakistans-craft-industry-reflects-the-countrys-own-history,https://file.pide.org.pk/uploads/discourse-2023-02-24-pakistans-craft-industry-reflects-the-countrys.pdf,already_present,376388,pdfs/2023/03/discourse-2023-02-24-pakistans-craft-industry-reflects-the-countrys.pdf
tiktok-polis-a-city-for-gen-z,https://file.pide.org.pk/uploads/discourse-2023-02-25-tiktok-polis-a-city-for-gen-z.pdf,already_present,1200733,pdfs/2023/03/discourse-2023-02-25-tiktok-polis-a-city-for-gen-z.pdf
pide-bi-monthly-round-up-2,https://file.pide.org.pk/uploads/discourse-2023-02-26-pide-bi-monthly-roundup.pdf,already_present,621294,pdfs/2023/03/discourse-2023-02-26-pide-bi-monthly-roundup.pdf
price-statistics-methodology-in-pakistan,https://file.pide.org.pk/uploads/wb-117-price-statistics-methodology-in-pakistan.pdf,already_present,2763090,pdfs/2023/03/wb-117-price-statistics-methodology-in-pakistan.pdf
research-for-the-sake-of-research,https://file.pide.org.pk/uploads/pip-research-for-the-sake-of-research.pdf,already_present,528542,pdfs/2023/03/pip-research-for-the-sake-of-research.pdf
reforms-not-technocrats-are-needed-to-steer-pakistan-out-of-crisis,https://file.pide.org.pk/uploads/pip-reforms-not-technocrats-are-needed-to-steer-pakistan-out-of-crisis.pdf,already_present,853981,pdfs/2023/03/pip-reforms-not-technocrats-are-needed-to-steer-pakistan-out-of-crisis.pdf
pide-holds-webinar-on-future-of-public-education-in-pakistan,https://file.pide.org.pk/uploads/pip-pide-holds-webinar-on-future-of-public-education-in-pakistan.pdf,already_present,61088,pdfs/2023/03/pip-pide-holds-webinar-on-future-of-public-education-in-pakistan.pdf
imf-conditionalities-fiscal-reforms,https://file.pide.org.pk/uploads/pip-imf-conditionalities-fiscal-reforms.pdf,already_present,57629,pdfs/2023/03/pip-imf-conditionalities-fiscal-reforms.pdf
vol-61-no-4-2022,https://file.pide.org.pk/pdfpdr/issue/pdr-2022-v61i4.pdf,already_present,12315417,pdfs/2023/02/pdr-2022-v61i4.pdf
vol-61-no-4-2022,https://file.pide.org.pk/pdfpdr/2022/551-562.pdf,already_present,752043,pdfs/2023/02/551-562.pdf
vol-61-no-4-2022,https://file.pide.org.pk/pdfpdr/2022/563-581.pdf,already_present,979699,pdfs/2023/02/563-581.pdf
vol-61-no-4-2022,https://file.pide.org.pk/pdfpdr/2022/583-601.pdf,already_present,1212614,pdfs/2023/02/583-601.pdf
vol-61-no-4-2022,https://file.pide.org.pk/pdfpdr/2022/603-619.pdf,already_present,1071598,pdfs/2023/02/603-619.pdf
vol-61-no-4-2022,https://file.pide.org.pk/pdfpdr/2022/621-641.pdf,already_present,1201301,pdfs/2023/02/621-641.pdf
vol-61-no-4-2022,https://file.pide.org.pk/pdfpdr/2022/643-658.pdf,already_present,1022687,pdfs/2023/02/643-658.pdf
vol-61-no-4-2022,https://file.pide.org.pk/pdfpdr/2022/659-662.pdf,already_present,292070,pdfs/2023/02/659-662.pdf
vol-61-no-4-2022,https://file.pide.org.pk/pdfpdr/2022/663-680.pdf,already_present,590561,pdfs/2023/02/663-680.pdf
vol-61-no-4-2022,https://file.pide.org.pk/pdfpdr/2022/681-691.pdf,already_present,505932,pdfs/2023/02/681-691.pdf
vol-61-no-4-2022,https://file.pide.org.pk/pdfpdr/2022/693-698.pdf,already_present,1031870,pdfs/2023/02/693-698.pdf
vol-61-no-4-2022,https://file.pide.org.pk/pdfpdr/2022/699-705.pdf,already_present,472834,pdfs/2023/02/699-705.pdf
the-decimation-of-higher-education,https://file.pide.org.pk/uploads/pip-the-decimation-of-higher-education.pdf,already_present,68373,pdfs/2023/02/pip-the-decimation-of-higher-education.pdf
why-do-all-roads-lead-to-more-taxes,https://file.pide.org.pk/uploads/pip-why-do-all-roads-lead-to-more-taxes.pdf,already_present,40509,pdfs/2023/02/pip-why-do-all-roads-lead-to-more-taxes.pdf
achieving-exports-goal-challenges-and-opportunities,https://file.pide.org.pk/uploads/pip-achieving-exports-goal-challenges-and-opportunities.pdf,already_present,351000,pdfs/2023/02/pip-achieving-exports-goal-challenges-and-opportunities.pdf
exchange-rate-and-trade-regime,https://file.pide.org.pk/uploads/pip-exchange-rate-and-trade-regime.pdf,already_present,60901,pdfs/2023/02/pip-exchange-rate-and-trade-regime.pdf
imf-program,https://file.pide.org.pk/uploads/wb-116-imf-program.pdf,already_present,1373416,pdfs/2023/02/wb-116-imf-program.pdf
imf-programme-and-energy-crisis,https://file.pide.org.pk/uploads/pip-0475-imf-programme-and-energy-crisis.pdf,already_present,62322,pdfs/2023/02/pip-0475-imf-programme-and-energy-crisis.pdf
the-scourge-of-on,https://file.pide.org.pk/uploads/pip-0474-the-scourge-of-on.pdf,already_present,58161,pdfs/2023/02/pip-0474-the-scourge-of-on.pdf
lets-call-it-out-mobile-phones-and-the-subsidy-conundrum,https://file.pide.org.pk/uploads/pip-0473-lets-call-it-out-mobile-phones-and-the-subsidy-conundrum.pdf,already_present,51613,pdfs/2023/02/pip-0473-lets-call-it-out-mobile-phones-and-the-subsidy-conundrum.pdf
artificial-intelligence-ai-and-policy-in-developing-countries,https://file.pide.org.pk/uploads/wb-136-artificial-intelligence-ai-and-policy-in-developing-countries.pdf,already_present,533629,pdfs/2023/02/wb-136-artificial-intelligence-ai-and-policy-in-developing-countries.pdf
monthly-economic-update-and-outlook-by-finance-division-government-of-pakistan,https://file.pide.org.pk/uploads/wb-135-monthly-economic-update-and-outlook-by-finance-division-government-of-pakistan.pdf,already_present,1122855,pdfs/2023/02/wb-135-monthly-economic-update-and-outlook-by-finance-division-government-of-pakistan.pdf
enough-tinkering-at-the-margins,https://file.pide.org.pk/uploads/pip-0472-enough-tinkering-at-the-margins.pdf,already_present,78622,pdfs/2023/02/pip-0472-enough-tinkering-at-the-margins.pdf
power-system-and-blackouts,https://file.pide.org.pk/uploads/pip-0471-power-system-and-blackouts.pdf,already_present,60406,pdfs/2023/02/pip-0471-power-system-and-blackouts.pdf
census-2023-all-you-want-to-know-about,https://file.pide.org.pk/uploads/wb-134-census-2023-all-you-want-to-know-about.pdf,already_present,1497644,pdfs/2023/01/wb-134-census-2023-all-you-want-to-know-about.pdf
reforming-education,https://file.pide.org.pk/uploads/pip-0470-reforming-education.pdf,already_present,63478,pdfs/2023/01/pip-0470-reforming-education.pdf
misplaced-mercantilism-and-the-case-for-domestic-markets,https://file.pide.org.pk/uploads/pip-0467-misplaced-mercantilism-and-the-case-for-domestic-markets.pdf,already_present,54196,pdfs/2023/01/pip-0467-misplaced-mercantilism-and-the-case-for-domestic-markets.pdf
food-pricing-policy-in-pakistan,https://file.pide.org.pk/uploads/wb-133-food-pricing-policy-in-pakistan.pdf,already_present,1040667,pdfs/2023/01/wb-133-food-pricing-policy-in-pakistan.pdf
the-impact-of-tourism-on-the-environment-socio-culture-and-local-communities-of-gilgit-baltistan-pakistan,https://file.pide.org.pk/uploads/wp-0233-the-impact-of-tourism-on-the-environment-socio-culture-and-local-communities-of-gilgit-baltistan-pakistan.pdf,already_present,1921166,pdfs/2023/01/wp-0233-the-impact-of-tourism-on-the-environment-socio-culture-and-local-communities-of-gilgit-baltistan-pakistan.pdf
choking-civil-society,https://file.pide.org.pk/uploads/pip-0465-choking-civil-society.pdf,already_present,69679,pdfs/2023/01/pip-0465-choking-civil-society.pdf
political-dynasties-and-electoral-system-in-pakistan,https://file.pide.org.pk/uploads/pip-0463-political-dynasties-and-electoral-system-in-pakistan.pdf,already_present,82563,pdfs/2023/01/pip-0463-political-dynasties-and-electoral-system-in-pakistan.pdf
adoption-of-iprs-in-industrial-sector,https://file.pide.org.pk/uploads/pip-0462-adoption-of-iprs-in-industrial-sector.pdf,already_present,54664,pdfs/2023/01/pip-0462-adoption-of-iprs-in-industrial-sector.pdf
dire-or-dying-demand-for-the-government-job-analysing-a-phd-holders-future-prospects,https://file.pide.org.pk/uploads/wp-0232-dire-or-dying-demand-for-the-government-job-analysing-a-phd-holders-future-prospects.pdf,already_present,1898155,pdfs/2023/01/wp-0232-dire-or-dying-demand-for-the-government-job-analysing-a-phd-holders-future-prospects.pdf
media-coverage-pide-seminar-on-forthcoming-census,https://file.pide.org.pk/uploads/pip-0460-media-coverage-pide-seminar-on-forthcoming-census.pdf,already_present,1598356,pdfs/2023/01/pip-0460-media-coverage-pide-seminar-on-forthcoming-census.pdf
how-gis-technology-can-bridge-loopholes-in-real-estate-taxation,https://file.pide.org.pk/uploads/pip-0461-how-gis-technology-can-bridge-loopholes-in-real-estate-taxation.pdf,already_present,160245,pdfs/2023/01/pip-0461-how-gis-technology-can-bridge-loopholes-in-real-estate-taxation.pdf
pakistan-true-potential-of-fashion-industry,https://file.pide.org.pk/uploads/pip-0459-pakistan-true-potential-of-fashion-industry.pdf,already_present,60981,pdfs/2023/01/pip-0459-pakistan-true-potential-of-fashion-industry.pdf
e-court-system-a-dire-need,https://file.pide.org.pk/uploads/pip-0458-e-court-system-a-dire-need.pdf,already_present,82911,pdfs/2023/01/pip-0458-e-court-system-a-dire-need.pdf
political-islam-in-south-asia-multiple-perspective-from-actors-and-society,https://file.pide.org.pk/uploads/wb-132-political-islam-in-south-asia-multiple-perspective-from-actors-and-society.pdf,already_present,4476355,pdfs/2023/01/wb-132-political-islam-in-south-asia-multiple-perspective-from-actors-and-society.pdf
governance-a-hard-reset,https://file.pide.org.pk/uploads/pip-0457-governance-a-hard-reset.pdf,already_present,72806,pdfs/2023/01/pip-0457-governance-a-hard-reset.pdf
property-rights,https://file.pide.org.pk/uploads/pip-0456-property-rights.pdf,already_present,40735,pdfs/2023/01/pip-0456-property-rights.pdf
expectation-shocks-and-business-cycles,https://file.pide.org.pk/uploads/wp-0231-expectation-shocks-and-business-cycles.pdf,already_present,2415332,pdfs/2023/01/wp-0231-expectation-shocks-and-business-cycles.pdf
the-facts-of-return-migration-in-the-wake-of-covid-19-a-policy-framework-for-reintegration-of-pakistani-workers,https://file.pide.org.pk/uploads/wp-0230-the-facts-of-return-migration-in-the-wake-of-covid-19-a-policy-framework-for-reintegration-of-pakistani-workers.pdf,already_present,2070108,pdfs/2023/01/wp-0230-the-facts-of-return-migration-in-the-wake-of-covid-19-a-policy-framework-for-reintegration-of-pakistani-workers.pdf
social-and-civic-engagement-building-community-or-bowling-alone,https://file.pide.org.pk/uploads/bn-05-social-and-civic-engagement-building-community-or-bowling-alone.pdf,already_present,3069698,pdfs/2023/01/bn-05-social-and-civic-engagement-building-community-or-bowling-alone.pdf
a-call-for-action,https://file.pide.org.pk/uploads/pip-0454-a-call-for-action.pdf,already_present,40800,pdfs/2023/01/pip-0454-a-call-for-action.pdf
the-charter-we-need,https://file.pide.org.pk/uploads/pip-0453-the-charter-we-need.pdf,already_present,83317,pdfs/2023/01/pip-0453-the-charter-we-need.pdf
understanding-the-process-of-development-budget-allocation-in-balochistan,https://file.pide.org.pk/uploads/rasta-journal-understanding-the-process-of-development-budget-allocation-in-balochistan.pdf,already_present,236400,pdfs/2023/01/rasta-journal-understanding-the-process-of-development-budget-allocation-in-balochistan.pdf
pides-charter-of-economy-petition-to-all-the-political-leaders-parties-of-pakistan,https://file.pide.org.pk/uploads/pv-40-pides-charter-of-economy-petition-to-all-the-political-leaders-parties-of-pakistan.pdf,already_present,25054565,pdfs/2023/01/pv-40-pides-charter-of-economy-petition-to-all-the-political-leaders-parties-of-pakistan.pdf
governance-reform-law-politics-institutions,https://file.pide.org.pk/uploads/discourse-2023-01.pdf,already_present,49882486,pdfs/2023/01/discourse-2023-01.pdf
intertwining-of-institutional-economic-reforms,https://file.pide.org.pk/uploads/discourse-2023-01-01-intertwining-of-institutional-and-economic-reforms-by-ishrat-hussain.pdf,already_present,1282500,pdfs/2023/01/discourse-2023-01-01-intertwining-of-institutional-and-economic-reforms-by-ishrat-hussain.pdf
making-the-elephant-dance-negotiating-power-dynamics-with-the-establishment,https://file.pide.org.pk/uploads/discourse-2023-01-02-making-the-elephant-dance-negotiating-power-dynamics-with-the-establishment-by-ayesha-siddique.pdf,already_present,1902217,pdfs/2023/01/discourse-2023-01-02-making-the-elephant-dance-negotiating-power-dynamics-with-the-establishment-by-ayesha-siddique.pdf
re-orienting-pakistans-economy,https://file.pide.org.pk/uploads/discourse-2023-01-03-reorienting-pakistans-economy-by-kaiser-bengali.pdf,already_present,5108489,pdfs/2023/01/discourse-2023-01-03-reorienting-pakistans-economy-by-kaiser-bengali.pdf
why-institutions-matter,https://file.pide.org.pk/uploads/discourse-2023-01-04-why-institutions-matter-by-amber-darr.pdf,already_present,1179231,pdfs/2023/01/discourse-2023-01-04-why-institutions-matter-by-amber-darr.pdf
reforms-in-pakistan-where-to-start,https://file.pide.org.pk/uploads/discourse-2023-01-05-reforms-in-pakistan-where-to-start-by-karim-khan.pdf,already_present,285469,pdfs/2023/01/discourse-2023-01-05-reforms-in-pakistan-where-to-start-by-karim-khan.pdf
discontent-with-governance-not-democracy,https://file.pide.org.pk/uploads/discourse-2023-01-06-discontent-with-governance-not-democracy-by-afiya-shehrbano-zia.pdf,already_present,270742,pdfs/2023/01/discourse-2023-01-06-discontent-with-governance-not-democracy-by-afiya-shehrbano-zia.pdf
a-joyless-land,https://file.pide.org.pk/uploads/discourse-2023-01-07-a-joyless-land-by-shehzad-ghias-sheikh.pdf,already_present,801359,pdfs/2023/01/discourse-2023-01-07-a-joyless-land-by-shehzad-ghias-sheikh.pdf
safeguarding-pakistans-core-interests-among-global-power-contestation,https://file.pide.org.pk/uploads/discourse-2023-01-08-safeguarding-pakistans-core-interests-among-global-power-contestation-by-zia-malik.pdf,already_present,1206536,pdfs/2023/01/discourse-2023-01-08-safeguarding-pakistans-core-interests-among-global-power-contestation-by-zia-malik.pdf
propaganda-game,https://file.pide.org.pk/uploads/discourse-2023-01-09-propaganda-game-by-saddam-hussein.pdf,already_present,686697,pdfs/2023/01/discourse-2023-01-09-propaganda-game-by-saddam-hussein.pdf
the-international-politics-of-climate-change-and-lessons-for-pakistan,https://file.pide.org.pk/uploads/discourse-2023-01-10-the-international-politics-of-climate-change-and-lessons-for-pakistan-by-kinza-fatima.pdf,already_present,5084688,pdfs/2023/01/discourse-2023-01-10-the-international-politics-of-climate-change-and-lessons-for-pakistan-by-kinza-fatima.pdf
should-electronics-voting-machines-evms-being-incorporated-into-the-electoral-process-of-pakistan,https://file.pide.org.pk/uploads/discourse-2023-01-11-should-electronics-voting-machines-evms-being-incorporated-into-the-electoral-process-of-pakistan.pdf,already_present,492073,pdfs/2023/01/discourse-2023-01-11-should-electronics-voting-machines-evms-being-incorporated-into-the-electoral-process-of-pakistan.pdf
electronic-voting-machines-the-shockingly-secure-solution-to-election-fraud,https://file.pide.org.pk/uploads/discourse-2023-01-12-electronic-voting-machines-the-shockingly-secure-solution-to-election-fraud-by-waqas-ahmed.pdf,already_present,383374,pdfs/2023/01/discourse-2023-01-12-electronic-voting-machines-the-shockingly-secure-solution-to-election-fraud-by-waqas-ahmed.pdf
electronic-voting-machines-the-shockingly-secure-solution-to-election-fraud,https://www.brookings.edu/wp-content/uploads/2016/10/evm_march2017.pdf,external_citation,0,
electronic-voting-machines-the-shockingly-secure-solution-to-election-fraud,http://www.rochester.edu/college/faculty/alexander_lee/wp-content/uploads/2019/10/EVM-paper-revision2.pdf,external_citation,0,
evms-an-expensive-proposition-without-any-substantive-benefits,https://file.pide.org.pk/uploads/discourse-2023-01-13-evms-an-expensive-proposition-without-any-substantive-benefits-by-ahmed-bilal-mehboob.pdf,already_present,1431451,pdfs/2023/01/discourse-2023-01-13-evms-an-expensive-proposition-without-any-substantive-benefits-by-ahmed-bilal-mehboob.pdf
pakistans-need-more-urbanisation,https://file.pide.org.pk/uploads/discourse-2023-01-14-pakistans-need-more-urbanisation-by-babar-khan-mumtaz.pdf,already_present,2442507,pdfs/2023/01/discourse-2023-01-14-pakistans-need-more-urbanisation-by-babar-khan-mumtaz.pdf
the-qatar-squabble-fifa-world-cup-2022,https://file.pide.org.pk/uploads/discourse-2023-01-15-the-qatar-squabble-fifa-world-cup-2022-by-saddam-hussein-and-aimen-shakeel-abbasi.pdf,already_present,413097,pdfs/2023/01/discourse-2023-01-15-the-qatar-squabble-fifa-world-cup-2022-by-saddam-hussein-and-aimen-shakeel-abbasi.pdf
meaning-3-0-hope-for-a-conscious-world,https://file.pide.org.pk/uploads/discourse-2023-01-16-meaning-3-0-hope-for-a-conscious-world-by-tehreem-amin.pdf,already_present,1955649,pdfs/2023/01/discourse-2023-01-16-meaning-3-0-hope-for-a-conscious-world-by-tehreem-amin.pdf
political-economy-of-religious-elites,https://file.pide.org.pk/uploads/discourse-2023-01-17-political-economy-of-religious-elites-by-waqas-ahmed.pdf,already_present,412572,pdfs/2023/01/discourse-2023-01-17-political-economy-of-religious-elites-by-waqas-ahmed.pdf
political-masculinities-the-rise-of-strongmen,https://file.pide.org.pk/uploads/discourse-2023-01-18-political-masculinities-the-rise-of-strongmen-by-nadeem-f-paracha.pdf,already_present,542797,pdfs/2023/01/discourse-2023-01-18-political-masculinities-the-rise-of-strongmen-by-nadeem-f-paracha.pdf
china-before-jiang-zemin,https://file.pide.org.pk/uploads/discourse-2023-01-19-china-before-jiang-zemin-by-naazir-mahmood.pdf,already_present,6205575,pdfs/2023/01/discourse-2023-01-19-china-before-jiang-zemin-by-naazir-mahmood.pdf
falling-textile-exports,https://file.pide.org.pk/uploads/discourse-2023-01-20-falling-textile-exports-by-shahid-sattar.pdf,already_present,3544406,pdfs/2023/01/discourse-2023-01-20-falling-textile-exports-by-shahid-sattar.pdf
absence-of-women-in-pakistani-sports-lack-of-a-policy-framework,https://file.pide.org.pk/uploads/discourse-2023-01-22-absence-of-women-in-pakistani-sports-lack-of-a-policy-framework-by-sara-ellahi-penhwer.pdf,already_present,1957774,pdfs/2023/01/discourse-2023-01-22-absence-of-women-in-pakistani-sports-lack-of-a-policy-framework-by-sara-ellahi-penhwer.pdf
high-percentage-of-currency-in-circulation-what-explains-it,https://file.pide.org.pk/uploads/discourse-2023-01-21-high-percentage-of-currency-in-circulation-what-explains-it-by-shahid-mehmood.pdf,already_present,4090895,pdfs/2023/01/discourse-2023-01-21-high-percentage-of-currency-in-circulation-what-explains-it-by-shahid-mehmood.pdf
the-sleeping-pines,https://file.pide.org.pk/uploads/discourse-2023-01-23-the-sleeping-pines-by-meekal-jamil.pdf,already_present,793763,pdfs/2023/01/discourse-2023-01-23-the-sleeping-pines-by-meekal-jamil.pdf
the-tilism-of-dastaan-behind-dastaan-goi,https://file.pide.org.pk/uploads/discourse-2023-01-24-the-tilism-of-dastaan-behind-dastaan-goi-by-waqas-manzoor.pdf,already_present,386011,pdfs/2023/01/discourse-2023-01-24-the-tilism-of-dastaan-behind-dastaan-goi-by-waqas-manzoor.pdf
divide-and-rule-iqbal-a-fireside-chat-with-one-of-pakistans-first-explicitly-political-rappers,https://file.pide.org.pk/uploads/discourse-2023-01-25-divide-and-rule-iqbal-a-fireside-chat-with-one-of-pakistans-first-explicitly-political-rappers.pdf,already_present,1010449,pdfs/2023/01/discourse-2023-01-25-divide-and-rule-iqbal-a-fireside-chat-with-one-of-pakistans-first-explicitly-political-rappers.pdf
pide-bi-monthly-roundup,https://file.pide.org.pk/uploads/discourse-2023-01-26-pide-bi-monthly-round-up-.pdf,already_present,137459,pdfs/2023/01/discourse-2023-01-26-pide-bi-monthly-round-up-.pdf
36th-annual-conference-of-the-pakistan-society-of-development-economists,https://file.pide.org.pk/uploads/discourse-2023-01-27-36th-annual-conference-of-the-pakistan-society-of-economists.pdf,already_present,2306109,pdfs/2023/01/discourse-2023-01-27-36th-annual-conference-of-the-pakistan-society-of-economists.pdf
regulatory-bodies-hurting-growth-and-investment,https://file.pide.org.pk/uploads/ms-10-regulatory-bodies-hurting-growth-and-investment.pdf,already_present,5418911,pdfs/2022/12/ms-10-regulatory-bodies-hurting-growth-and-investment.pdf
from-imported-coal-to-thar-coal-a-path-to-energy-security,https://file.pide.org.pk/uploads/pip-0451-from-imported-coal-to-thar-coal-a-path-to-energy-security.pdf,already_present,84140,pdfs/2022/12/pip-0451-from-imported-coal-to-thar-coal-a-path-to-energy-security.pdf
media-coverage-of-the-book-launch-power-sector-an-enigma-with-no-easy-solution,https://file.pide.org.pk/uploads/pip-0450-media-coverage-of-the-book-launch-power-sector-an-enigma-with-no-easy-solution.pdf,already_present,2477277,pdfs/2022/12/pip-0450-media-coverage-of-the-book-launch-power-sector-an-enigma-with-no-easy-solution.pdf
a-permission-economy,https://file.pide.org.pk/uploads/pip-0449-a-permission-economy.pdf,already_present,50939,pdfs/2022/12/pip-0449-a-permission-economy.pdf
media-coverage-pides-charter-of-economy,https://file.pide.org.pk/uploads/pip-0448-media-coverage-pides-charter-of-economy.pdf,already_present,4610369,pdfs/2022/12/pip-0448-media-coverage-pides-charter-of-economy.pdf
taxation-beyond-revenue,https://file.pide.org.pk/uploads/pip-0447-taxation-beyond-revenue.pdf,already_present,42386,pdfs/2022/12/pip-0447-taxation-beyond-revenue.pdf
flood-disaster-management,https://file.pide.org.pk/uploads/wb-131-flood-disaster-management.pdf,already_present,2942147,pdfs/2022/12/wb-131-flood-disaster-management.pdf
the-effective-rate-of-protection-in-an-input-output-framework,https://file.pide.org.pk/uploads/wp-0229-the-effective-rate-of-protection-in-an-input-output-framework.pdf,already_present,1603235,pdfs/2022/12/wp-0229-the-effective-rate-of-protection-in-an-input-output-framework.pdf
ppps-progressive-pivot,https://file.pide.org.pk/uploads/pip-0459-ppps-progressive-pivot.pdf,already_present,68952,pdfs/2022/12/pip-0459-ppps-progressive-pivot.pdf
developing-vibrant-housing-rental-market,https://file.pide.org.pk/uploads/pip-0446-developing-vibrant-housing-rental-market.pdf,already_present,312819,pdfs/2022/12/pip-0446-developing-vibrant-housing-rental-market.pdf
establishing-grievance-redressal-system-in-effective-service-delivery-a-case-study-of-the-sehat-sahulat-program-ssp-in-pakistan,https://file.pide.org.pk/uploads/wp-0228-establishing-grievance-redressal-system-in-effective-service-delivery-a-case-study-of-the-sehat-sahulat-program-ssp-in-pakistan.pdf,already_present,1490510,pdfs/2022/12/wp-0228-establishing-grievance-redressal-system-in-effective-service-delivery-a-case-study-of-the-sehat-sahulat-program-ssp-in-pakistan.pdf
dollar-rupee-and-greshams-law,https://file.pide.org.pk/uploads/pip-0445-dollar-rupee-and-greshams-law.pdf,already_present,72145,pdfs/2022/12/pip-0445-dollar-rupee-and-greshams-law.pdf
vol-61-no-3-2022,https://file.pide.org.pk/pdfpdr/issue/pdr-2022-v61i3.pdf,already_present,13232971,pdfs/2022/12/pdr-2022-v61i3.pdf
vol-61-no-3-2022,https://file.pide.org.pk/pdfpdr/2022/335-363.pdf,already_present,666393,pdfs/2022/12/335-363.pdf
vol-61-no-3-2022,https://file.pide.org.pk/pdfpdr/2022/365-398.pdf,already_present,1497785,pdfs/2022/12/365-398.pdf
vol-61-no-3-2022,https://file.pide.org.pk/pdfpdr/2022/399-414.pdf,already_present,765460,pdfs/2022/12/399-414.pdf
vol-61-no-3-2022,https://file.pide.org.pk/pdfpdr/2022/415-443.pdf,already_present,1331902,pdfs/2022/12/415-443.pdf
vol-61-no-3-2022,https://file.pide.org.pk/pdfpdr/2022/445-461.pdf,already_present,585432,pdfs/2022/12/445-461.pdf
vol-61-no-3-2022,https://file.pide.org.pk/pdfpdr/2022/463-490.pdf,already_present,1218709,pdfs/2022/12/463-490.pdf
vol-61-no-3-2022,https://file.pide.org.pk/pdfpdr/2022/491-499.pdf,already_present,629602,pdfs/2022/12/491-499.pdf
vol-61-no-3-2022,https://file.pide.org.pk/pdfpdr/2022/501-509.pdf,already_present,881144,pdfs/2022/12/501-509.pdf
vol-61-no-3-2022,https://file.pide.org.pk/pdfpdr/2022/511-517.pdf,already_present,363940,pdfs/2022/12/511-517.pdf
vol-61-no-3-2022,https://file.pide.org.pk/pdfpdr/2022/519-526.pdf,already_present,490591,pdfs/2022/12/519-526.pdf
vol-61-no-3-2022,https://file.pide.org.pk/pdfpdr/2022/527-537.pdf,already_present,593489,pdfs/2022/12/527-537.pdf
vol-61-no-3-2022,https://file.pide.org.pk/pdfpdr/2022/539-544.pdf,already_present,651009,pdfs/2022/12/539-544.pdf
the-psychosocial-value-of-employment-evidence-from-the-rohingya-refugee-camps,https://file.pide.org.pk/uploads/wb-130-the-psychosocial-value-of-employment-evidence-from-the-rohingya-refugee-camps.pdf,already_present,2930825,pdfs/2022/12/wb-130-the-psychosocial-value-of-employment-evidence-from-the-rohingya-refugee-camps.pdf
legal-basis-for-uniform-electricity-tariff,https://file.pide.org.pk/uploads/pip-0444-legal-basis-for-uniform-electricity-tariff.pdf,already_present,59785,pdfs/2022/12/pip-0444-legal-basis-for-uniform-electricity-tariff.pdf
discoursing-deregulations-a-case-of-rental-housing-market,https://file.pide.org.pk/uploads/pip-0445-discoursing-deregulations-a-case-of-rental-housing-market.pdf,already_present,60984,pdfs/2022/12/pip-0445-discoursing-deregulations-a-case-of-rental-housing-market.pdf
rethinking-policies,https://file.pide.org.pk/uploads/pip-0443-rethinking-policies.pdf,already_present,43108,pdfs/2022/12/pip-0443-rethinking-policies.pdf
the-other-side-of-social-media,https://file.pide.org.pk/uploads/pip-0452-the-other-side-of-social-media.pdf,already_present,72362,pdfs/2022/12/pip-0452-the-other-side-of-social-media.pdf
unveiling-the-myth-of-import-substitution-policy-in-pakistan,https://file.pide.org.pk/uploads/kb-098-unveiling-the-myth-of-import-substitution-policy-in-pakistan.pdf,already_present,1756356,pdfs/2022/12/kb-098-unveiling-the-myth-of-import-substitution-policy-in-pakistan.pdf
unveiling-the-myth-of-import-substitution-policy-in-pakistan,https://www.sbp.org.pk/reports/annual/arFY15/Special-Section3.pdf,external_citation,0,
rain-rain-go-away-a-snapshot-of-the-flood-2022-and-way-forward,https://file.pide.org.pk/uploads/kb-097-rain-rain-go-away-a-snapshot-of-the-flood-2022-and-way-forward.pdf,already_present,4308444,pdfs/2022/12/kb-097-rain-rain-go-away-a-snapshot-of-the-flood-2022-and-way-forward.pdf
doing-construction-right,https://file.pide.org.pk/uploads/kb-096-doing-construction-right.pdf,already_present,3437508,pdfs/2022/12/kb-096-doing-construction-right.pdf
doing-construction-right,https://file.pide.org.pk/pdf/Policy-Viewpoint-12.pdf,already_present,1745556,pdfs/2022/12/Policy-Viewpoint-12.pdf
doing-construction-right,https://resources.oxfordeconomics.com/hubfs/Future%20of%20Construction_Full%20Report_FINAL.pdf,external_citation,0,
doing-construction-right,https://www.pacra.com/sector_research/Construction%20-%20PACRA%20Research%20-%20Mar%2721_1617193074.pdf,external_citation,0,
whither-the-public-intellectual,https://file.pide.org.pk/uploads/pip-0458-whither-the-public-intellectual.pdf,already_present,69150,pdfs/2022/12/pip-0458-whither-the-public-intellectual.pdf
analysis-of-trade-in-goods-agreement-between-pakistan-and-turkey,https://file.pide.org.pk/uploads/kb-095-analysis-of-trade-in-goods-agreement-between-pakistan-and-turkey.pdf,already_present,2365696,pdfs/2022/12/kb-095-analysis-of-trade-in-goods-agreement-between-pakistan-and-turkey.pdf
import-tariffs-and-trade-balance-in-pakistan,https://file.pide.org.pk/uploads/kb-094-import-tariffs-and-trade-balance-in-pakistan.pdf,already_present,1528038,pdfs/2022/12/kb-094-import-tariffs-and-trade-balance-in-pakistan.pdf
can-the-govt-manage-land-of-floods-and-droughts-on-policy-alone,https://file.pide.org.pk/uploads/pip-0443-can-the-govt-manage-land-of-floods-and-droughts-on-policy-alone.pdf,already_present,61352,pdfs/2022/12/pip-0443-can-the-govt-manage-land-of-floods-and-droughts-on-policy-alone.pdf
media-coverage-of-40-years-of-diplomatic-ties-between-pakistan-and-korea-trade-investment-human-resource,https://file.pide.org.pk/uploads/media-coverage-of-40-years-of-diplomatic-ties-between-pakistan-and-korea-trade-investment-and-human-resource.pdf,already_present,8057140,pdfs/2022/12/media-coverage-of-40-years-of-diplomatic-ties-between-pakistan-and-korea-trade-investment-and-human-resource.pdf
is-world-bank-a-bank-for-knowledge-management-or-paradigm-maintenance,https://file.pide.org.pk/uploads/kb-093-is-world-bank-a-bank-for-knowledge-management-or-paradigm-maintenance.pdf,already_present,1625777,pdfs/2022/12/kb-093-is-world-bank-a-bank-for-knowledge-management-or-paradigm-maintenance.pdf
what-percentage-of-pakistanis-would-prefer-to-live-abroad-if-given-the-opportunity,https://file.pide.org.pk/uploads/pip-0438-what-percentage-of-pakistanis-would-prefer-to-live-abroad-if-given-the-opportunity.pdf,already_present,1393288,pdfs/2022/12/pip-0438-what-percentage-of-pakistanis-would-prefer-to-live-abroad-if-given-the-opportunity.pdf
a-review-of-urban-rental-housing-regulations-in-pakistan-and-lessons-from-practices-in-developed-world,https://file.pide.org.pk/uploads/kb-092-a-review-of-urban-rental-housing-regulations-in-pakistan-and-lessons-from-practices-in-developed-world.pdf,already_present,2140695,pdfs/2022/12/kb-092-a-review-of-urban-rental-housing-regulations-in-pakistan-and-lessons-from-practices-in-developed-world.pdf
a-review-of-urban-rental-housing-regulations-in-pakistan-and-lessons-from-practices-in-developed-world,http://cbg.gov.pk/assets/media/cantonments-rent-restriction-act-1963.pdf,external_citation,0,
a-review-of-urban-rental-housing-regulations-in-pakistan-and-lessons-from-practices-in-developed-world,https://na.gov.pk/uploads/documents/1415509535_267.pdf,external_citation,0,
a-review-of-urban-rental-housing-regulations-in-pakistan-and-lessons-from-practices-in-developed-world,http://sindhlaws.gov.pk/setup/publications_SindhCode/PUB-15-000484.pdf,external_citation,0,
a-review-of-urban-rental-housing-regulations-in-pakistan-and-lessons-from-practices-in-developed-world,http://kpcode.kp.gov.pk/uploads/1959_06_THE_WEST_PAKISTAN_URBAN_RENT_RESTRICTION_ORDINANCE_1959.pdf,external_citation,0,
a-review-of-urban-rental-housing-regulations-in-pakistan-and-lessons-from-practices-in-developed-world,https://kpcode.kp.gov.pk/uploads/2014_14_THE_KHYBER_PAKHTUNKHWA_RENTED_BUILDINGS_SECURITY_ACT_2014.pdf,external_citation,0,
a-review-of-urban-rental-housing-regulations-in-pakistan-and-lessons-from-practices-in-developed-world,http://www.pas.gov.pk/uploads/acts/Sindh%20Act%20No.XXI%20of%202015.pdf,external_citation,0,
land-titles-in-punjab-overview-problems-and-suggestions,https://file.pide.org.pk/uploads/kb-091-land-titles-in-punjab-overview-problems-and-suggestions.pdf,already_present,1647759,pdfs/2022/12/kb-091-land-titles-in-punjab-overview-problems-and-suggestions.pdf
using-behavioral-economics-for-behavioral-change,https://file.pide.org.pk/uploads/wb-129-using-behavioral-economics-for-behavioral-change.pdf,already_present,2463303,pdfs/2022/12/wb-129-using-behavioral-economics-for-behavioral-change.pdf
economics-for-the-21st-century,https://file.pide.org.pk/uploads/wb-128-economics-for-the-21st-century.pdf,already_present,12117840,pdfs/2022/12/wb-128-economics-for-the-21st-century.pdf
media-coverage-of-agm-quetta-opening-and-closing-sessions,https://file.pide.org.pk/uploads/pip-0435-media-coverage-of-agm-quetta-opening-and-closing-sessions.pdf,already_present,11306105,pdfs/2022/12/pip-0435-media-coverage-of-agm-quetta-opening-and-closing-sessions.pdf
the-question-of-democracy,https://file.pide.org.pk/uploads/pip-0433-the-question-of-democracy.pdf,already_present,86399,pdfs/2022/11/pip-0433-the-question-of-democracy.pdf
pakistans-low-investment-conundrum,https://file.pide.org.pk/uploads/pip-0432-pakistans-low-investment-conundrum.pdf,already_present,47565,pdfs/2022/11/pip-0432-pakistans-low-investment-conundrum.pdf
analyzing-the-effects-of-e-waste-on-human-health-and-environment-a-study-of-pakistan,https://file.pide.org.pk/uploads/kb-090-analyzing-the-effects-of-e-waste-on-human-health-and-environment-a-study-of-pakistan.pdf,already_present,465216,pdfs/2022/11/kb-090-analyzing-the-effects-of-e-waste-on-human-health-and-environment-a-study-of-pakistan.pdf
analyzing-the-effects-of-e-waste-on-human-health-and-environment-a-study-of-pakistan,http://www.ban.org/E-waste/technotrashfinalcomp.pdf,external_citation,0,
the-love-for-protectionism,https://file.pide.org.pk/uploads/pip-0431-the-love-for-protectionism.pdf,already_present,57436,pdfs/2022/11/pip-0431-the-love-for-protectionism.pdf
the-pdr-volume-61-number-2-2022,https://file.pide.org.pk/pdfpdr/issue/pdr-2022-v61i2.pdf,already_present,9265279,pdfs/2022/11/pdr-2022-v61i2.pdf
the-pdr-volume-61-number-2-2022,https://file.pide.org.pk/pdfpdr/2022/153-168.pdf,already_present,643766,pdfs/2022/11/153-168.pdf
the-pdr-volume-61-number-2-2022,https://file.pide.org.pk/pdfpdr/2022/169-184.pdf,already_present,972841,pdfs/2022/11/169-184.pdf
the-pdr-volume-61-number-2-2022,https://file.pide.org.pk/pdfpdr/2022/185-211.pdf,already_present,544367,pdfs/2022/11/185-211.pdf
the-pdr-volume-61-number-2-2022,https://file.pide.org.pk/pdfpdr/2022/213-230.pdf,already_present,650586,pdfs/2022/11/213-230.pdf
the-pdr-volume-61-number-2-2022,https://file.pide.org.pk/pdfpdr/2022/231-258.pdf,already_present,898867,pdfs/2022/11/231-258.pdf
the-pdr-volume-61-number-2-2022,https://file.pide.org.pk/pdfpdr/2022/259-274.pdf,already_present,471951,pdfs/2022/11/259-274.pdf
the-pdr-volume-61-number-2-2022,https://file.pide.org.pk/pdfpdr/2022/275-294.pdf,already_present,1603652,pdfs/2022/11/275-294.pdf
the-pdr-volume-61-number-2-2022,https://file.pide.org.pk/pdfpdr/2022/295-308.pdf,already_present,608835,pdfs/2022/11/295-308.pdf
the-pdr-volume-61-number-2-2022,https://file.pide.org.pk/pdfpdr/2022/309-313.pdf,already_present,341485,pdfs/2022/11/309-313.pdf
the-pdr-volume-61-number-2-2022,https://file.pide.org.pk/pdfpdr/2022/315-318.pdf,already_present,459777,pdfs/2022/11/315-318.pdf
the-pdr-volume-61-number-2-2022,https://file.pide.org.pk/pdfpdr/2022/319-327.pdf,already_present,571290,pdfs/2022/11/319-327.pdf
pakistans-structural-economic-woes,https://file.pide.org.pk/uploads/pip-0430-pakistans-structural-economic-woes.pdf,already_present,155653,pdfs/2022/11/pip-0430-pakistans-structural-economic-woes.pdf
rasta-local-research-local-solutions-energy-issues-volume-i,https://file.pide.org.pk/uploads/book-rasta-local-research-local-solutions-energy-issues-vol-1.pdf,already_present,59978089,pdfs/2022/11/book-rasta-local-research-local-solutions-energy-issues-vol-1.pdf
rasta-local-research-local-solutions-energy-issues-volume-i,https://file.pide.org.pk/uploads/book-rasta-local-research-local-solutions-energy-issues-vol-1-high-resolution.pdf,already_present,59978089,pdfs/2022/11/book-rasta-local-research-local-solutions-energy-issues-vol-1-high-resolution.pdf
rasta-local-research-local-solutions-urban-development-volume-ii,https://file.pide.org.pk/uploads/book-rasta-local-research-local-solutions-urban-development-vol-2.pdf,already_present,10141451,pdfs/2022/11/book-rasta-local-research-local-solutions-urban-development-vol-2.pdf
rasta-local-research-local-solutions-urban-development-volume-ii,https://file.pide.org.pk/uploads/book-rasta-local-research-local-solutions-urban-development-vol-2-high-resolution.pdf,already_present,74464698,pdfs/2022/11/book-rasta-local-research-local-solutions-urban-development-vol-2-high-resolution.pdf
rasta-local-research-local-solutions-technology-public-service-delivery-volume-iii,https://file.pide.org.pk/uploads/book-rasta-local-research-local-solutions-tech-and-public-service-delivery-vol-3.pdf,already_present,5760284,pdfs/2022/11/book-rasta-local-research-local-solutions-tech-and-public-service-delivery-vol-3.pdf
rasta-local-research-local-solutions-technology-public-service-delivery-volume-iii,https://file.pide.org.pk/uploads/book-rasta-local-research-local-solutions-tech-and-public-service-delivery-vol-3-high-resolution.pdf,already_present,38654282,pdfs/2022/11/book-rasta-local-research-local-solutions-tech-and-public-service-delivery-vol-3-high-resolution.pdf
rasta-local-research-local-solutions-social-sector-development-volume-iv,https://file.pide.org.pk/uploads/book-rasta-local-research-local-solutions-social-sector-development-vol-4.pdf,already_present,7369111,pdfs/2022/11/book-rasta-local-research-local-solutions-social-sector-development-vol-4.pdf
rasta-local-research-local-solutions-social-sector-development-volume-iv,https://file.pide.org.pk/uploads/book-rasta-local-research-local-solutions-social-sector-development-vol-4-high-resolution.pdf,already_present,45553915,pdfs/2022/11/book-rasta-local-research-local-solutions-social-sector-development-vol-4-high-resolution.pdf
rasta-local-research-local-solutions-markets-regulations-volume-v,https://file.pide.org.pk/uploads/book-rasta-local-research-local-solutions-markets-and-regulations-vol-5.pdf,already_present,4543775,pdfs/2022/11/book-rasta-local-research-local-solutions-markets-and-regulations-vol-5.pdf
rasta-local-research-local-solutions-markets-regulations-volume-v,https://file.pide.org.pk/uploads/book-rasta-local-research-local-solutions-markets-and-regulations-vol-5-high-resolution.pdf,already_present,30917309,pdfs/2022/11/book-rasta-local-research-local-solutions-markets-and-regulations-vol-5-high-resolution.pdf
rasta-local-research-local-solutions-political-economy-of-development-reform-volume-vi,https://file.pide.org.pk/uploads/book-rasta-local-research-local-solutions-political-economy-of-dev-reforms-vol-6.pdf,already_present,8297674,pdfs/2022/11/book-rasta-local-research-local-solutions-political-economy-of-dev-reforms-vol-6.pdf
rasta-local-research-local-solutions-political-economy-of-development-reform-volume-vi,https://file.pide.org.pk/uploads/book-rasta-local-research-local-solutions-political-economy-of-dev-reforms-vol-6-high-resolution.pdf,already_present,60816649,pdfs/2022/11/book-rasta-local-research-local-solutions-political-economy-of-dev-reforms-vol-6-high-resolution.pdf
policy-research-methods-a-step-by-step-guide-from-start-to-finish-for-students-and-practitioners,https://file.pide.org.pk/uploads/book-policy-research-methods.pdf,already_present,16758181,pdfs/2022/11/book-policy-research-methods.pdf
inflation-analytics,https://file.pide.org.pk/uploads/rr-056-inflation-analytics.pdf,already_present,4458678,pdfs/2022/11/rr-056-inflation-analytics.pdf
parallel-education-streams-in-the-public-sector,https://file.pide.org.pk/uploads/rr-055-parallel-education-streams-in-the-public-sector.pdf,already_present,13179166,pdfs/2022/11/rr-055-parallel-education-streams-in-the-public-sector.pdf
regulatory-environment-of-the-professions-in-pakistan,https://file.pide.org.pk/uploads/rr-054-regulatory-environment-of-the-professions-in-pakistan.pdf,already_present,1812866,pdfs/2022/11/rr-054-regulatory-environment-of-the-professions-in-pakistan.pdf
constituational-reforms-in-chile-a-pathway-for-pakistan,https://file.pide.org.pk/uploads/pip-0442-constituational-reforms-in-chile-a-pathway-for-pakistan.pdf,already_present,72188,pdfs/2022/11/pip-0442-constituational-reforms-in-chile-a-pathway-for-pakistan.pdf
digitalisation-and-disruption-consequences-for-business-and-theory,https://file.pide.org.pk/uploads/wp-0227-digitalisation-and-disruption-consequences-for-business-and-theory.pdf,already_present,1458986,pdfs/2022/11/wp-0227-digitalisation-and-disruption-consequences-for-business-and-theory.pdf
cop-out-27,https://file.pide.org.pk/uploads/pip-0429-cop-out-27.pdf,already_present,74048,pdfs/2022/11/pip-0429-cop-out-27.pdf
vertical-growth,https://file.pide.org.pk/uploads/pip-0428-vertical-growth.pdf,already_present,55807,pdfs/2022/11/pip-0428-vertical-growth.pdf
parallel-education,https://file.pide.org.pk/uploads/pip-0427-parallel-education.pdf,already_present,67811,pdfs/2022/11/pip-0427-parallel-education.pdf
destruction-of-dengue-a-vector-borne-disease-lack-of-awareness-and-knowledge,https://file.pide.org.pk/uploads/kb-089-destruction-of-dengue-a-vector-borne-disease-lack-of-awareness-and-knowledge.pdf,already_present,358391,pdfs/2022/11/kb-089-destruction-of-dengue-a-vector-borne-disease-lack-of-awareness-and-knowledge.pdf
mega-solar-project-amendment-in-nepra-distributed-generation-net-metering-regulation-2015,https://file.pide.org.pk/uploads/wb-127-mega-solar-project-and-amendment-in-nepra-distributed-generation-and-net-metering-regulation-2015.pdf,already_present,574017,pdfs/2022/11/wb-127-mega-solar-project-and-amendment-in-nepra-distributed-generation-and-net-metering-regulation-2015.pdf
desire-to-live-in-pakistan-stay-or-leave,https://file.pide.org.pk/uploads/bn-04-desire-to-live-in-pakistan-stay-or-leave.pdf,already_present,674509,pdfs/2022/11/bn-04-desire-to-live-in-pakistan-stay-or-leave.pdf
economics-of-demonstration,https://file.pide.org.pk/uploads/pip-economics-of-demonstration.pdf,already_present,1159741,pdfs/2022/11/pip-economics-of-demonstration.pdf
economic-prospects-amid-uncertainty,https://file.pide.org.pk/uploads/pip-0426-economic-prospects-amid-uncertainty.pdf,already_present,85995,pdfs/2022/11/pip-0426-economic-prospects-amid-uncertainty.pdf
death-to-neoliberalism,https://file.pide.org.pk/uploads/pip-0424-death-to-neoliberalism.pdf,already_present,109676,pdfs/2022/11/pip-0424-death-to-neoliberalism.pdf
floods-and-climate-justice-relief-rebuilding-reparations,https://file.pide.org.pk/uploads/discourse-vol1i3.pdf,already_present,5696869,pdfs/2022/11/discourse-vol1i3.pdf
floods-and-climate-justice-relief-rebuilding-reparations,https://file.pide.org.pk/uploads/discourse-vol1i3-high-resolution.pdf,already_present,20031440,pdfs/2022/11/discourse-vol1i3-high-resolution.pdf
climate-justice-relief-rebuilding-and-reparations,https://file.pide.org.pk/uploads/discourse-vol1i3-001-climate-justice-relief-rebuilding-and-reparations.pdf,already_present,629534,pdfs/2022/11/discourse-vol1i3-001-climate-justice-relief-rebuilding-and-reparations.pdf
this-was-the-coolest-summer-of-the-rest-of-your-life,https://file.pide.org.pk/uploads/discourse-vol1i3-01-this-was-the-coolest-summer-of-the-rest-of-your-life.pdf,already_present,664781,pdfs/2022/11/discourse-vol1i3-01-this-was-the-coolest-summer-of-the-rest-of-your-life.pdf
climate-catastrophes-and-the-global-political-economy-of-malgovernance,https://file.pide.org.pk/uploads/discourse-vol1i3-02-climate-catastrophes-and-the-global-political-economy-of-malgovernance.pdf,already_present,1340521,pdfs/2022/11/discourse-vol1i3-02-climate-catastrophes-and-the-global-political-economy-of-malgovernance.pdf
pakistans-floods-fiasco,https://file.pide.org.pk/uploads/discourse-vol1i3-03-pakistans-floods-fiasco.pdf,already_present,1910912,pdfs/2022/11/discourse-vol1i3-03-pakistans-floods-fiasco.pdf
the-haves-the-have-nots-pakistans-climatic-catastrophe,https://file.pide.org.pk/uploads/discourse-vol1i3-04-the-haves-and-the-have-nots-pakistans-climatic-catastrophe.pdf,already_present,1167911,pdfs/2022/11/discourse-vol1i3-04-the-haves-and-the-have-nots-pakistans-climatic-catastrophe.pdf
politicization-of-floods-in-pakistan-an-assessment-of-twitter-trends,https://file.pide.org.pk/uploads/discourse-vol1i3-05-politicization-of-floods-in-pakistan-an-assessment-of-twitter-trends.pdf,already_present,624603,pdfs/2022/11/discourse-vol1i3-05-politicization-of-floods-in-pakistan-an-assessment-of-twitter-trends.pdf
rebuilding-pakistan-an-investment-in-climate-resilience,https://file.pide.org.pk/uploads/discourse-vol1i3-06-rebuilding-pakistan-an-investment-in-climate-resilience.pdf,already_present,425419,pdfs/2022/11/discourse-vol1i3-06-rebuilding-pakistan-an-investment-in-climate-resilience.pdf
rebuilding-pakistan-an-investment-in-climate-resilience,https://www.finance.gov.pk/survey/chapter_12/SplSection.pdf,external_citation,0,
ttp-infiltrates-khyber-pakhtunkhwa,https://file.pide.org.pk/uploads/discourse-vol1i3-07-ttp-infiltrates-khyber-pakhtunkhwa.pdf,already_present,558157,pdfs/2022/11/discourse-vol1i3-07-ttp-infiltrates-khyber-pakhtunkhwa.pdf
our-colonization-never-ended-locating-the-racist-and-colonial-roots-of-transphobia-in-pakistan,https://file.pide.org.pk/uploads/discourse-vol1i3-08-our-colonization-never-ended-locating-the-racist-and-colonial-roots-of-transphobia-in-pakistan.pdf,already_present,579029,pdfs/2022/11/discourse-vol1i3-08-our-colonization-never-ended-locating-the-racist-and-colonial-roots-of-transphobia-in-pakistan.pdf
revolutions-dont-cry-foul,https://file.pide.org.pk/uploads/discourse-vol1i3-09-revolutions-dont-cry-foul.pdf,already_present,295667,pdfs/2022/11/discourse-vol1i3-09-revolutions-dont-cry-foul.pdf
why-imf-programs-never-work-for-pakistan,https://file.pide.org.pk/uploads/discourse-vol1i3-10-why-imf-programs-never-work-for-pakistan.pdf,already_present,919138,pdfs/2022/11/discourse-vol1i3-10-why-imf-programs-never-work-for-pakistan.pdf
universal-basic-income-a-simple-measure-to-usher-in-an-economic-revolution,https://file.pide.org.pk/uploads/discourse-vol1i3-11-universal-basic-income-a-simple-measure-to-usher-in-an-economic-revolution.pdf,already_present,536355,pdfs/2022/11/discourse-vol1i3-11-universal-basic-income-a-simple-measure-to-usher-in-an-economic-revolution.pdf
signaling-labor-markets-and-universities,https://file.pide.org.pk/uploads/discourse-vol1i3-12-signaling-labor-markets-and-universities.pdf,already_present,256083,pdfs/2022/11/discourse-vol1i3-12-signaling-labor-markets-and-universities.pdf
social-medias-toll-on-mental-health,https://file.pide.org.pk/uploads/discourse-vol1i3-13-social-medias-toll-on-mental-health.pdf,already_present,171195,pdfs/2022/11/discourse-vol1i3-13-social-medias-toll-on-mental-health.pdf
re-enchanting-nature-fixing-descartes-error,https://file.pide.org.pk/uploads/discourse-vol1i3-14-re-enchanting-nature-fixing-descartes-error.pdf,already_present,362477,pdfs/2022/11/discourse-vol1i3-14-re-enchanting-nature-fixing-descartes-error.pdf
the-missing-middle,https://file.pide.org.pk/uploads/discourse-vol1i3-15-the-missing-middle.pdf,already_present,818980,pdfs/2022/11/discourse-vol1i3-15-the-missing-middle.pdf
the-case-for-privatization-of-pakistans-state-owned-enterprises,https://file.pide.org.pk/uploads/discourse-vol1i3-16-the-case-for-privatization-of-pakistans-state-owned-enterprises.pdf,already_present,3226893,pdfs/2022/11/discourse-vol1i3-16-the-case-for-privatization-of-pakistans-state-owned-enterprises.pdf
the-case-against-privatization-of-pakistans-state-owned-enterprises,https://file.pide.org.pk/uploads/discourse-vol1i3-17-the-case-against-privatization-of-pakistans-state-owned-enterprises.pdf,already_present,327355,pdfs/2022/11/discourse-vol1i3-17-the-case-against-privatization-of-pakistans-state-owned-enterprises.pdf
pakistans-microfinance-sector-as-liquid-as-a-rock,https://file.pide.org.pk/uploads/discourse-vol1i3-18-pakistans-microfinance-sector-as-liquid-as-a-rock.pdf,already_present,307229,pdfs/2022/11/discourse-vol1i3-18-pakistans-microfinance-sector-as-liquid-as-a-rock.pdf
pakistans-microfinance-sector-as-liquid-as-a-rock,https://pmn.org.pk/wp-content/uploads/2022/09/MicroWatch-Issue-64-4.pdf,external_citation,0,
pakistans-microfinance-sector-as-liquid-as-a-rock,https://www.finance.gov.pk/jobs/Operational_Framework_10102021.pdf,external_citation,0,
pakistans-microfinance-sector-as-liquid-as-a-rock,https://www.sbp.org.pk/smefd/circulars/2021/C11-Annex.pdf,external_citation,0,
products-of-inflation-shrinkflation-and-skimpflation,https://file.pide.org.pk/uploads/discourse-vol1i3-19-products-of-inflation-shrinkflation-and-skimpflation.pdf,already_present,308990,pdfs/2022/11/discourse-vol1i3-19-products-of-inflation-shrinkflation-and-skimpflation.pdf
whither-pakistans-football,https://file.pide.org.pk/uploads/discourse-vol1i3-20-whither-pakistans-football.pdf,already_present,698239,pdfs/2022/11/discourse-vol1i3-20-whither-pakistans-football.pdf
the-t20-world-cup-past-and-present,https://file.pide.org.pk/uploads/discourse-vol1i3-21-the-t-20-world-cup-past-and-present.pdf,already_present,342150,pdfs/2022/11/discourse-vol1i3-21-the-t-20-world-cup-past-and-present.pdf
swats-forgotten-masterpeice,https://file.pide.org.pk/uploads/discourse-vol1i3-22-swats-forgotten-masterpeice.pdf,already_present,383061,pdfs/2022/11/discourse-vol1i3-22-swats-forgotten-masterpeice.pdf
writing-orient-on-western-gaze-and-its-discontents,https://file.pide.org.pk/uploads/discourse-vol1i3-23-writing-orient-on-western-gaze-and-its-discontents.pdf,already_present,378087,pdfs/2022/11/discourse-vol1i3-23-writing-orient-on-western-gaze-and-its-discontents.pdf
art-through-the-eyes-of-a-curator,https://file.pide.org.pk/uploads/discourse-vol1i3-24-art-through-the-eyes-of-a-curator.pdf,already_present,12459904,pdfs/2022/11/discourse-vol1i3-24-art-through-the-eyes-of-a-curator.pdf
ishq,https://file.pide.org.pk/uploads/discourse-vol1i3-25-ishq.pdf,already_present,426683,pdfs/2022/11/discourse-vol1i3-25-ishq.pdf
pide-bi-monthly-round-up,https://file.pide.org.pk/uploads/discourse-vol1i3-26-pide-roundup.pdf,already_present,346546,pdfs/2022/11/discourse-vol1i3-26-pide-roundup.pdf
media-coverage-of-pide-basics-survey,https://file.pide.org.pk/uploads/pip-0423-media-coverage-of-pide-basics-survey.pdf,already_present,633613,pdfs/2022/10/pip-0423-media-coverage-of-pide-basics-survey.pdf
agm-pre-conference-media-coverage,https://file.pide.org.pk/uploads/pip-0422-agm-pre-conference-media-coverage.pdf,already_present,2489523,pdfs/2022/10/pip-0422-agm-pre-conference-media-coverage.pdf
survey-revealed-pakistans-identity-is-a-multi-layered-phenomenon,https://file.pide.org.pk/uploads/pip-0421-survey-revealed-pakistans-identity-is-a-multi-layered-phenomenon.pdf,already_present,234842,pdfs/2022/10/pip-0421-survey-revealed-pakistans-identity-is-a-multi-layered-phenomenon.pdf
book-launch-webinar-aid-politics-and-the-war-of-narratives-in-the-us-pakistan-relations,https://file.pide.org.pk/uploads/wb-126-book-launch-webinar-aid-politics-and-the-war-of-narratives-in-the-us-pakistan-relations.pdf,already_present,828649,pdfs/2022/10/wb-126-book-launch-webinar-aid-politics-and-the-war-of-narratives-in-the-us-pakistan-relations.pdf
do-the-surrogate-states-deliver,https://file.pide.org.pk/uploads/pip-0419-do-the-surrogate-states-deliver.pdf,already_present,361621,pdfs/2022/10/pip-0419-do-the-surrogate-states-deliver.pdf
quetta-cafes-an-indigenous-tea-cafes-chain-in-twins-cities,https://file.pide.org.pk/uploads/wp-0226-quetta-cafes-an-indigenous-tea-cafes-chain-in-twins-cities.pdf,already_present,1758331,pdfs/2022/10/wp-0226-quetta-cafes-an-indigenous-tea-cafes-chain-in-twins-cities.pdf
a-practical-guide-for-evaluations,https://file.pide.org.pk/uploads/kb-088-a-practical-guide-for-evaluations.pdf,already_present,1794177,pdfs/2022/10/kb-088-a-practical-guide-for-evaluations.pdf
a-practical-guide-for-evaluations,https://www.intrac.org/wpcms/wp-content/uploads/2016/06/Monitoring-and-Evaluation-Series-Outcomes-Outputs-and-Impact-7.pdf,external_citation,0,
a-practical-guide-for-evaluations,https://www.cdc.gov/std/program/pupestd/types%20of%20evaluation.pdf,external_citation,0,
is-a-multilateral-full-trade-liberalization-policy-effective-in-pakistan,https://file.pide.org.pk/uploads/kb-087-is-a-multilateral-full-trade-liberalization-policy-effective-in-pakistan.pdf,already_present,216364,pdfs/2022/10/kb-087-is-a-multilateral-full-trade-liberalization-policy-effective-in-pakistan.pdf
how-not-to-turn-to-welfare,https://file.pide.org.pk/uploads/pip-0418-how-not-to-turn-to-welfare.pdf,already_present,125893,pdfs/2022/10/pip-0418-how-not-to-turn-to-welfare.pdf
does-incentive-mechanism-influence-the-research-productivity-of-public-sector-university-teaching-faculty-in-pakistan-a-comparison-between-tenure-track-system-tts-and-basic-pay-scale-bps,https://file.pide.org.pk/uploads/kb-086-does-incentive-mechanism-influence-the-research-productivity-of-public-sector-university-teaching-faculty-in-pakistan.pdf,already_present,597041,pdfs/2022/10/kb-086-does-incentive-mechanism-influence-the-research-productivity-of-public-sector-university-teaching-faculty-in-pakistan.pdf
who-do-we-think-we-are-the-question-of-identity,https://file.pide.org.pk/uploads/bn-03-who-do-we-think-we-are-the-question-of-identity.pdf,already_present,1301545,pdfs/2022/10/bn-03-who-do-we-think-we-are-the-question-of-identity.pdf
identity-politics-and-its-discontents,https://file.pide.org.pk/uploads/pip-0417-identity-politics-and-its-discontents.pdf,already_present,123532,pdfs/2022/10/pip-0417-identity-politics-and-its-discontents.pdf
beyond-winning,https://file.pide.org.pk/uploads/wb-125-beyond-winning.pdf,already_present,968106,pdfs/2022/10/wb-125-beyond-winning.pdf
high-rise-town-planning-current-urban-paradigm-of-pakistan,https://file.pide.org.pk/uploads/wb-124-high-rise-town-planning-and-current-urban-paradigm-of-pakistan.pdf,already_present,2130753,pdfs/2022/10/wb-124-high-rise-town-planning-and-current-urban-paradigm-of-pakistan.pdf
the-perplexing-population-puzzle,https://file.pide.org.pk/uploads/pip-0416-the-perplexing-population-puzzle.pdf,already_present,84490,pdfs/2022/10/pip-0416-the-perplexing-population-puzzle.pdf
understanding-social-capital,https://file.pide.org.pk/uploads/bn-02-understanding-social-capital.pdf,already_present,203386,pdfs/2022/10/bn-02-understanding-social-capital.pdf
understanding-social-capital,https://home.iitk.ac.in/~amman/soc748/bourdieu_forms_of_capital.pdf,external_citation,0,
impact-of-climate-change-on-water-in-pakistan,https://file.pide.org.pk/uploads/kb-085-impact-of-climate-change-on-water-in-pakistan.pdf,already_present,753207,pdfs/2022/10/kb-085-impact-of-climate-change-on-water-in-pakistan.pdf
impact-of-climate-change-on-water-in-pakistan,http://prise.odi.org/wp-content/uploads/2016/01/Low_Res-Climate-induced-rural-to-urban-migration-in-Pakistan.pdf,external_citation,0,
impact-of-climate-change-on-water-in-pakistan,http://bdro.org/wp-content/uploads/2013/04/Indus-Delta-MIGRATION-study.pdf,external_citation,0,
nepra-amendment-in-net-metering-regulation,https://file.pide.org.pk/uploads/pip-0414-nepra-amendment-in-net-metering-regulation.pdf,already_present,562791,pdfs/2022/10/pip-0414-nepra-amendment-in-net-metering-regulation.pdf
pakistanis-who-are-we,https://file.pide.org.pk/uploads/bn-01-pakistanis-who-are-we.pdf,already_present,871688,pdfs/2022/10/bn-01-pakistanis-who-are-we.pdf
miracle-of-education,https://file.pide.org.pk/uploads/pip-0413-miracle-of-education.pdf,already_present,67245,pdfs/2022/10/pip-0413-miracle-of-education.pdf
media-coverage-of-pide-webinar-on-sports-and-society,https://file.pide.org.pk/uploads/pip-0412-media-coverage-of-pide-webinar-on-sports-and-society.pdf,already_present,97061,pdfs/2022/10/pip-0412-media-coverage-of-pide-webinar-on-sports-and-society.pdf
governance-of-islam-in-pakistan-an-institutional-study-of-the-council-of-islamic-ideology,https://file.pide.org.pk/uploads/wb-123-governance-of-islam-in-pakistan-an-institutional-study-of-the-council-of-islamic-ideology.pdf,already_present,676347,pdfs/2022/10/wb-123-governance-of-islam-in-pakistan-an-institutional-study-of-the-council-of-islamic-ideology.pdf
can-we-prevent-domestic-violence,https://file.pide.org.pk/uploads/pip-0410-can-we-prevent-domestic-violence.pdf,already_present,84836,pdfs/2022/10/pip-0410-can-we-prevent-domestic-violence.pdf
the-racket-of-own-money,https://file.pide.org.pk/uploads/pip-0407-the-racket-of-own-money.pdf,already_present,111430,pdfs/2022/10/pip-0407-the-racket-of-own-money.pdf
therapy-industrial-complex,https://file.pide.org.pk/uploads/pip-0409-therapy-industrial-complex.pdf,already_present,44316,pdfs/2022/10/pip-0409-therapy-industrial-complex.pdf
transgender-bill-and-human-rights,https://file.pide.org.pk/uploads/pip-0408-transgender-bill-and-human-rights.pdf,already_present,83528,pdfs/2022/10/pip-0408-transgender-bill-and-human-rights.pdf
industrial-civilization-how-the-rest-can-catch-up-with-the-west,https://file.pide.org.pk/uploads/wb-122-industrial-civilization-how-the-rest-can-catch-up-with-the-west.pdf,already_present,1221760,pdfs/2022/09/wb-122-industrial-civilization-how-the-rest-can-catch-up-with-the-west.pdf
freelancing-in-pakistan,https://file.pide.org.pk/uploads/wb-121-freelancing-in-pakistan.pdf,already_present,500462,pdfs/2022/09/wb-121-freelancing-in-pakistan.pdf
foreign-aid-effectiveness-the-relationship-between-aid-inflows-and-economic-growth,https://file.pide.org.pk/uploads/kb-084-foreign-aid-effectiveness-the-relationship-between-aid-inflows-and-economic-growth.pdf,already_present,404393,pdfs/2022/09/kb-084-foreign-aid-effectiveness-the-relationship-between-aid-inflows-and-economic-growth.pdf
media-coverage-of-pide-commentary-on-the-23rd-imf-program-for-pakistan,https://file.pide.org.pk/uploads/pip-0405-media-coverage-of-pide-commentary-on-the-23rd-imf-program-for-pakistan.pdf,already_present,613104,pdfs/2022/09/pip-0405-media-coverage-of-pide-commentary-on-the-23rd-imf-program-for-pakistan.pdf
effectiveness-of-oil-and-gas-regulatory-authority,https://file.pide.org.pk/uploads/ms-09-effectiveness-of-oil-and-gas-regulatory-authority.pdf,already_present,2745565,pdfs/2022/09/ms-09-effectiveness-of-oil-and-gas-regulatory-authority.pdf
housing-societies-a-pakistani-animal-2,https://file.pide.org.pk/uploads/pip-0401-housing-societies-a-pakistani-animal.pdf,already_present,102250,pdfs/2022/09/pip-0401-housing-societies-a-pakistani-animal.pdf
pakistan-needs-reforms-to-ensure-ease-of-doing-business,https://file.pide.org.pk/uploads/pip-0400-pakistan-needs-reforms-to-ensure-ease-of-doing-business.pdf,already_present,233685,pdfs/2022/09/pip-0400-pakistan-needs-reforms-to-ensure-ease-of-doing-business.pdf
the-rising-cost-of-a-cuppa-tea-in-pakistan,https://file.pide.org.pk/uploads/pip-0399-the-rising-cost-of-a-cuppa-tea-in-pakistan.pdf,already_present,51003,pdfs/2022/09/pip-0399-the-rising-cost-of-a-cuppa-tea-in-pakistan.pdf
why-do-we-go-to-the-imf,https://file.pide.org.pk/uploads/pip-0398-why-do-we-go-to-the-imf.pdf,already_present,103834,pdfs/2022/09/pip-0398-why-do-we-go-to-the-imf.pdf
the-complexity-of-climate-change,https://file.pide.org.pk/uploads/pip-0397-the-complexity-of-climate-change.pdf,already_present,45516,pdfs/2022/09/pip-0397-the-complexity-of-climate-change.pdf
housing-societies-a-pakistani-animal,https://file.pide.org.pk/uploads/pip-0396-housing-societies-a-pakistani-animal.pdf,already_present,59528,pdfs/2022/09/pip-0396-housing-societies-a-pakistani-animal.pdf
post-floods-rehabilitation,https://file.pide.org.pk/uploads/pip-0395-post-floods-rehabilitation.pdf,already_present,148948,pdfs/2022/09/pip-0395-post-floods-rehabilitation.pdf
post-flood-food-crisis,https://file.pide.org.pk/uploads/pip-0394-post-flood-food-crisis.pdf,already_present,104602,pdfs/2022/09/pip-0394-post-flood-food-crisis.pdf
climate-justice-and-reparations-overdue,https://file.pide.org.pk/uploads/pip-0393-climate-justice-and-reparations-overdue.pdf,already_present,112389,pdfs/2022/09/pip-0393-climate-justice-and-reparations-overdue.pdf
pide-commentary-on-the-23rd-imf-program-for-pakistan,https://file.pide.org.pk/uploads/rr-053-pide-commentary-on-the-23rd-imf-program-for-pakistan.pdf,already_present,2493104,pdfs/2022/09/rr-053-pide-commentary-on-the-23rd-imf-program-for-pakistan.pdf
parental-tobacco-smoking-and-child-malnutrition,https://file.pide.org.pk/uploads/wp-0225-parental-tobacco-smoking-and-child-malnutrition.pdf,already_present,16032153,pdfs/2022/09/wp-0225-parental-tobacco-smoking-and-child-malnutrition.pdf
parental-smoking-and-child-health,https://file.pide.org.pk/uploads/rr-052-parental-smoking-and-child-health.pdf,already_present,2186082,pdfs/2022/09/rr-052-parental-smoking-and-child-health.pdf
extensive-media-coverage-of-pide-knowledge-brief-on-gas-crisis-in-pakistan-by-afia-malik-usman-ahmad,https://file.pide.org.pk/uploads/pip-0392-extensive-media-coverage-of-pide-knowledge-brief-on-gas-crisis-in-pakistan.pdf,already_present,459346,pdfs/2022/09/pip-0392-extensive-media-coverage-of-pide-knowledge-brief-on-gas-crisis-in-pakistan.pdf
gas-crisis-in-pakistan,https://file.pide.org.pk/uploads/kb-083-gas-crisis-in-pakistan.pdf,already_present,3577686,pdfs/2022/09/kb-083-gas-crisis-in-pakistan.pdf
gas-crisis-in-pakistan,https://www.nbr.org/wp-content/uploads/pdfs/publications/sr81_revolutionizing_lng_oct2019-1.pdf,external_citation,0,
on-the-economic-costs-of-floods,https://file.pide.org.pk/uploads/pip-0391-on-the-economic-costs-of-floods.pdf,already_present,84513,pdfs/2022/09/pip-0391-on-the-economic-costs-of-floods.pdf
inflation-in-pakistan-high-frequency-estimation-and-forecasting,https://file.pide.org.pk/uploads/wp-0224-inflation-in-pakistan-high-frequency-estimation-and-forecasting.pdf,already_present,2149470,pdfs/2022/09/wp-0224-inflation-in-pakistan-high-frequency-estimation-and-forecasting.pdf
history-of-family-planning-and-role-of-icfp-2022,https://file.pide.org.pk/uploads/pip-0390-history-of-family-planning-and-role-of-icfp-2022.pdf,already_present,242978,pdfs/2022/09/pip-0390-history-of-family-planning-and-role-of-icfp-2022.pdf
a-hefty-injustice,https://file.pide.org.pk/uploads/pip-0389-a-hefty-injustice.pdf,already_present,61585,pdfs/2022/09/pip-0389-a-hefty-injustice.pdf
a-review-of-accountability-systems-learning-from-best-practices,https://file.pide.org.pk/uploads/kb-082-a-review-of-accountability-systems-learning-from-best-practices.pdf,already_present,2001962,pdfs/2022/09/kb-082-a-review-of-accountability-systems-learning-from-best-practices.pdf
a-review-of-accountability-systems-learning-from-best-practices,https://www.v-dem.net/media/publications/pb_22_final.pdf,external_citation,0,
free-markets-are-a-fiction,https://file.pide.org.pk/uploads/pip-0388-free-markets-are-a-fiction.pdf,already_present,69571,pdfs/2022/08/pip-0388-free-markets-are-a-fiction.pdf
media-coverage-of-national-high-level-seminar-on-pakistan75,https://file.pide.org.pk/uploads/pip-0387-media-coverage-of-national-high-level-seminar-on-pakistan-75.pdf,already_present,1596102,pdfs/2022/08/pip-0387-media-coverage-of-national-high-level-seminar-on-pakistan-75.pdf
legalizing-street-business,https://file.pide.org.pk/uploads/pip-0386-legalizing-street-business.pdf,already_present,44603,pdfs/2022/08/pip-0386-legalizing-street-business.pdf
evolving-patterns-of-pakistans-import-demand,https://file.pide.org.pk/uploads/ms-08-evolving-patterns-of-pakistans-import-demand.pdf,already_present,2400353,pdfs/2022/08/ms-08-evolving-patterns-of-pakistans-import-demand.pdf
what-impedes-pakistani-exports,https://file.pide.org.pk/uploads/pip-0384-what-impedes-pakistani-exports.pdf,already_present,86752,pdfs/2022/08/pip-0384-what-impedes-pakistani-exports.pdf
pide-forms-power-commission-to-find-solution-of-long-standing-energy-problems,https://file.pide.org.pk/uploads/pip-0383-pide-forms-power-commission-to-find-solution-of-long-standing-energy-problems.pdf,already_present,616931,pdfs/2022/08/pip-0383-pide-forms-power-commission-to-find-solution-of-long-standing-energy-problems.pdf
logistics-in-pakistan-from-origin-to-destination,https://file.pide.org.pk/uploads/wb-120-logistics-in-pakistan-from-origin-to-destination.pdf,already_present,1504472,pdfs/2022/08/wb-120-logistics-in-pakistan-from-origin-to-destination.pdf
illusory-independence,https://file.pide.org.pk/uploads/pip-0382-illusory-independence.pdf,already_present,101250,pdfs/2022/08/pip-0382-illusory-independence.pdf
pakistan-railways-from-state-owned-enterprise-to-business-model-article,https://file.pide.org.pk/uploads/discourse-vol1i2-01-pakistans-railways-from-state-owned-enterprises.pdf,already_present,7765890,pdfs/2022/08/discourse-vol1i2-01-pakistans-railways-from-state-owned-enterprises.pdf
an-apology-to-the-youth-of-pakistan-from-the-older-generation-article,https://file.pide.org.pk/uploads/discourse-vol1i2-02-an-apology-to-the-youth-of-pakistan-from-the-older-generation.pdf,already_present,1603159,pdfs/2022/08/discourse-vol1i2-02-an-apology-to-the-youth-of-pakistan-from-the-older-generation.pdf
dr-nadeems-apology-and-our-responsibility-article,https://file.pide.org.pk/uploads/discourse-vol1i2-03-dr-nadeems-apology-and-our-responsibility.pdf,already_present,3448562,pdfs/2022/08/discourse-vol1i2-03-dr-nadeems-apology-and-our-responsibility.pdf
pakistaniyat-a-muddled-identity-by-abbas-t-moosvi-article,https://file.pide.org.pk/uploads/discourse-vol1i2-04-pakistaniyat-a-muddled-identity.pdf,already_present,7413713,pdfs/2022/08/discourse-vol1i2-04-pakistaniyat-a-muddled-identity.pdf
discourse-debates-article,https://file.pide.org.pk/uploads/discourse-vol1i2-05-discourse-debates.pdf,already_present,552576,pdfs/2022/08/discourse-vol1i2-05-discourse-debates.pdf
aid-or-albatross-by-aasim-sajjad-akhtar-article,https://file.pide.org.pk/uploads/discourse-vol1i2-06-aid-or-albatross.pdf,already_present,459113,pdfs/2022/08/discourse-vol1i2-06-aid-or-albatross.pdf
the-economic-game-of-political-coercion-by-saddam-hussein-article,https://file.pide.org.pk/uploads/discourse-vol1i2-07-the-economic-game-of-political-coercion.pdf,already_present,5122182,pdfs/2022/08/discourse-vol1i2-07-the-economic-game-of-political-coercion.pdf
an-interview-with-mr-saeed-akhtar,https://file.pide.org.pk/uploads/discourse-vol1i2-08-interview-with-mr-saeed-akhtar.pdf,already_present,1057565,pdfs/2022/08/discourse-vol1i2-08-interview-with-mr-saeed-akhtar.pdf
build-a-real-estate-market-kill-fbr-and-dc-rates,https://file.pide.org.pk/uploads/discourse-vol1i2-09-build-a-real-estate-market-kill-fbr-and-dc-rates.pdf,already_present,7735344,pdfs/2022/08/discourse-vol1i2-09-build-a-real-estate-market-kill-fbr-and-dc-rates.pdf
nudging-pakistan-railways-2,https://file.pide.org.pk/uploads/discourse-vol1i2-10-nudging-pakistan-railways.pdf,already_present,3014788,pdfs/2022/08/discourse-vol1i2-10-nudging-pakistan-railways.pdf
track-access-regime-the-international-practices-and-pakistan-railways-2,https://file.pide.org.pk/uploads/discourse-vol1i2-11-track-access-regime-the-international-practices-and-pakistan-railways.pdf,already_present,1041015,pdfs/2022/08/discourse-vol1i2-11-track-access-regime-the-international-practices-and-pakistan-railways.pdf
railways-ticketing-system,https://file.pide.org.pk/uploads/discourse-vol1i2-12-railways-ticketing-system.pdf,already_present,609916,pdfs/2022/08/discourse-vol1i2-12-railways-ticketing-system.pdf
pakistan-railways-or-pakistans-railways-webinar-brief,https://file.pide.org.pk/uploads/discourse-vol1i2-13-pakistan-railways-or-pakistans-railways.pdf,already_present,966867,pdfs/2022/08/discourse-vol1i2-13-pakistan-railways-or-pakistans-railways.pdf
a-history-of-pakistan-railways-from-pre-partition-times-till-now-a-historical-review-with-key-evolutionary-milestones-webinar-brief,https://file.pide.org.pk/uploads/discourse-vol1i2-14-a-history-of-pakistan-railways-from-pre-partition-times-till-now-a-historical-review-with-key-evolutionary-milestones.pdf,already_present,303912,pdfs/2022/08/discourse-vol1i2-14-a-history-of-pakistan-railways-from-pre-partition-times-till-now-a-historical-review-with-key-evolutionary-milestones.pdf
track-access-charges-the-current-regime-and-international-practices-webinar-brief,https://file.pide.org.pk/uploads/discourse-vol1i2-15-track-access-charges-the-current-regime-and-international-practices.pdf,already_present,570338,pdfs/2022/08/discourse-vol1i2-15-track-access-charges-the-current-regime-and-international-practices.pdf
chinese-railway-sector-setting-the-context-for-ml-1-and-the-overall-pakistan-railway-sector-webinar-brief,https://file.pide.org.pk/uploads/discourse-vol1i2-16-chinese-railway-sector-setting-the-context-for-ml-1-and-the-overall-pakistan-railway-sector.pdf,already_present,989333,pdfs/2022/08/discourse-vol1i2-16-chinese-railway-sector-setting-the-context-for-ml-1-and-the-overall-pakistan-railway-sector.pdf
how-railways-are-being-financed-in-the-21st-century-webinar-brief,https://file.pide.org.pk/uploads/discourse-vol1i2-17-how-railways-are-being-financed-in-the-21st-century.pdf,already_present,1046283,pdfs/2022/08/discourse-vol1i2-17-how-railways-are-being-financed-in-the-21st-century.pdf
institutional-arrangements-for-reforming-and-developing-the-railway-sector-webinar-brief,https://file.pide.org.pk/uploads/discourse-vol1i2-18-institutional-arrangements-for-reforming-and-developing-the-railway-sector.pdf,already_present,960427,pdfs/2022/08/discourse-vol1i2-18-institutional-arrangements-for-reforming-and-developing-the-railway-sector.pdf
vision-for-pakistan-railway-webinar-brief,https://file.pide.org.pk/uploads/discourse-vol1i2-19-vision-for-pakistan-railway.pdf,already_present,452810,pdfs/2022/08/discourse-vol1i2-19-vision-for-pakistan-railway.pdf
ml-1-making-or-breaking-of-pakistan-railway-webinar-brief,https://file.pide.org.pk/uploads/discourse-vol1i2-20-ml-1-making-or-breaking-of-pakistan-railway.pdf,already_present,1240136,pdfs/2022/08/discourse-vol1i2-20-ml-1-making-or-breaking-of-pakistan-railway.pdf
is-work-only-meetings-article,https://file.pide.org.pk/uploads/discourse-vol1i2-21-is-work-only-meetings.pdf,already_present,2257383,pdfs/2022/08/discourse-vol1i2-21-is-work-only-meetings.pdf
discourse-p-r-vol-1-issue-2,https://file.pide.org.pk/uploads/discourse-vol1i2.pdf,already_present,10077422,pdfs/2022/08/discourse-vol1i2.pdf
discourse-p-r-vol-1-issue-2,https://file.pide.org.pk/uploads/discourse-vol1i2-high-resolution.pdf,already_present,53350503,pdfs/2022/08/discourse-vol1i2-high-resolution.pdf
the-pdr-volume-61-number-1-2022,https://file.pide.org.pk/pdfpdr/issue/pdr-2022-v61i1.pdf,already_present,8887303,pdfs/2022/08/pdr-2022-v61i1.pdf
the-pdr-volume-61-number-1-2022,https://file.pide.org.pk/pdfpdr/2022/1-28.pdf,already_present,706470,pdfs/2022/08/1-28.pdf
the-pdr-volume-61-number-1-2022,https://file.pide.org.pk/pdfpdr/2022/29-44.pdf,already_present,526792,pdfs/2022/08/29-44.pdf
the-pdr-volume-61-number-1-2022,https://file.pide.org.pk/pdfpdr/2022/45-68.pdf,already_present,1076320,pdfs/2022/08/45-68.pdf
the-pdr-volume-61-number-1-2022,https://file.pide.org.pk/pdfpdr/2022/69-84.pdf,already_present,906901,pdfs/2022/08/69-84.pdf
the-pdr-volume-61-number-1-2022,https://file.pide.org.pk/pdfpdr/2022/85-102.pdf,already_present,856452,pdfs/2022/08/85-102.pdf
the-pdr-volume-61-number-1-2022,https://file.pide.org.pk/pdfpdr/2022/105-108.pdf,already_present,203572,pdfs/2022/08/105-108.pdf
the-pdr-volume-61-number-1-2022,https://file.pide.org.pk/pdfpdr/2022/109-111.pdf,already_present,248040,pdfs/2022/08/109-111.pdf
the-pdr-volume-61-number-1-2022,https://file.pide.org.pk/pdfpdr/2022/112.pdf,already_present,312623,pdfs/2022/08/112.pdf
the-pdr-volume-61-number-1-2022,https://file.pide.org.pk/pdfpdr/2022/113-114.pdf,already_present,333568,pdfs/2022/08/113-114.pdf
the-pdr-volume-61-number-1-2022,https://file.pide.org.pk/pdfpdr/2022/115-117.pdf,already_present,325660,pdfs/2022/08/115-117.pdf
the-pdr-volume-61-number-1-2022,https://file.pide.org.pk/pdfpdr/2022/118-120.pdf,already_present,326768,pdfs/2022/08/118-120.pdf
the-pdr-volume-61-number-1-2022,https://file.pide.org.pk/pdfpdr/2022/120-121.pdf,already_present,320519,pdfs/2022/08/120-121.pdf
the-pdr-volume-61-number-1-2022,https://file.pide.org.pk/pdfpdr/2022/121-125.pdf,already_present,340586,pdfs/2022/08/121-125.pdf
the-pdr-volume-61-number-1-2022,https://file.pide.org.pk/pdfpdr/2022/126-127.pdf,already_present,141779,pdfs/2022/08/126-127.pdf
the-pdr-volume-61-number-1-2022,https://file.pide.org.pk/pdfpdr/2022/128-130.pdf,already_present,161888,pdfs/2022/08/128-130.pdf
the-pdr-volume-61-number-1-2022,https://file.pide.org.pk/pdfpdr/2022/130-133.pdf,already_present,184283,pdfs/2022/08/130-133.pdf
the-pdr-volume-61-number-1-2022,https://file.pide.org.pk/pdfpdr/2022/133-134.pdf,already_present,520426,pdfs/2022/08/133-134.pdf
the-pdr-volume-61-number-1-2022,https://file.pide.org.pk/pdfpdr/2022/134-136.pdf,already_present,175186,pdfs/2022/08/134-136.pdf
the-pdr-volume-61-number-1-2022,https://file.pide.org.pk/pdfpdr/2022/136-137.pdf,already_present,157916,pdfs/2022/08/136-137.pdf
the-pdr-volume-61-number-1-2022,https://file.pide.org.pk/pdfpdr/2022/139-143.pdf,already_present,358527,pdfs/2022/08/139-143.pdf
the-pdr-volume-61-number-1-2022,https://file.pide.org.pk/pdfpdr/2022/145-148.pdf,already_present,181249,pdfs/2022/08/145-148.pdf
the-pdr-volume-61-number-1-2022,https://file.pide.org.pk/pdfpdr/2022/149-152.pdf,already_present,416918,pdfs/2022/08/149-152.pdf
electricity-tariff-design-a-survey,https://file.pide.org.pk/uploads/kb-081-electricity-tariff-design-a-survey.pdf,already_present,2647181,pdfs/2022/08/kb-081-electricity-tariff-design-a-survey.pdf
electricity-tariff-design-a-survey,https://www.energy.gov.au/sites/default/files/watts_in_your_business_fact_sheet_5_-_electricity_tariffs.pdf,external_citation,0,
electricity-tariff-design-a-survey,https://ec.europa.eu/energy/sites/ener/files/documents/20150313%20Tariff%20report%20fina_revREF-E.PDF,external_citation,0,
electricity-tariff-design-a-survey,http://africa-energy-portal.org/sites/default/files/2019-12/Electricity%20Tariffs%20Study%202019.pdf,external_citation,0,
electricity-tariff-design-a-survey,http://www.inogate.org/documents/A_Review_of_Energy_Tariffs_in_INOGATE_Partner_Countries.pdf,external_citation,0,
pakistan-one-year-growth-strategy,https://file.pide.org.pk/uploads/rr-051-pakistan-one-year-growth-strategy.pdf,already_present,16413716,pdfs/2022/08/rr-051-pakistan-one-year-growth-strategy.pdf
how-do-people-do-health-in-pakistan-understanding-health-related-choices-and-healthcare-navigation,https://file.pide.org.pk/uploads/kb-080-how-do-people-do-health-in-pakistan-understanding-health-related-choices-and-healthcare-navigation.pdf,already_present,1844165,pdfs/2022/08/kb-080-how-do-people-do-health-in-pakistan-understanding-health-related-choices-and-healthcare-navigation.pdf
the-information-in-the-yield-spread-for-the-recession-in-the-case-of-pakistan,https://file.pide.org.pk/uploads/wp-0222-the-information-in-the-yield-spread-for-the-recession-in-the-case-of-pakistan.pdf,already_present,1600280,pdfs/2022/08/wp-0222-the-information-in-the-yield-spread-for-the-recession-in-the-case-of-pakistan.pdf
pakistans-economic-potential,https://file.pide.org.pk/uploads/pip-0379-Pakistans-economic-potential.pdf,already_present,197752,pdfs/2022/08/pip-0379-Pakistans-economic-potential.pdf
wasting-public-wealth-the-antecedents-and-practice-of-public-land-management-in-pakistan,https://file.pide.org.pk/uploads/wp-0221-wasting-public-wealth-the-antecedents-and-practice-of-public-land-management-in-pakistan.pdf,already_present,1495261,pdfs/2022/08/wp-0221-wasting-public-wealth-the-antecedents-and-practice-of-public-land-management-in-pakistan.pdf
assessing-the-quality-of-the-single-national-curriculum-a-case-study-of-islamiat-curriculum,https://file.pide.org.pk/uploads/wp-0220-assessing-the-quality-of-the-single-national-curriculum-a-case-study-of-islamiat-curriculum.pdf,already_present,1462659,pdfs/2022/08/wp-0220-assessing-the-quality-of-the-single-national-curriculum-a-case-study-of-islamiat-curriculum.pdf
from-crisis-to-disaster-saving-pakistans-economy,https://file.pide.org.pk/uploads/pip-0378-from-crisis-to-disaster-saving-pakistans-economy.pdf,already_present,318619,pdfs/2022/08/pip-0378-from-crisis-to-disaster-saving-pakistans-economy.pdf
barriers-to-work-opportunities,https://file.pide.org.pk/uploads/pip-0377-barriers-to-work-opportunities.pdf,already_present,88701,pdfs/2022/08/pip-0377-barriers-to-work-opportunities.pdf
from-imports-to-exports-an-achievement-of-mobile-phone-industry,https://file.pide.org.pk/uploads/kb-079-from-imports-to-exports-an-achievement-of-mobile-phone-industry.pdf,already_present,2084728,pdfs/2022/08/kb-079-from-imports-to-exports-an-achievement-of-mobile-phone-industry.pdf
the-odd-fascination-with-tax-to-gdp-ratio,https://file.pide.org.pk/uploads/kb-078-the-odd-fascination-with-tax-to-gdp-ratio.pdf,already_present,382186,pdfs/2022/07/kb-078-the-odd-fascination-with-tax-to-gdp-ratio.pdf
pides-charter-of-the-economy,https://file.pide.org.pk/uploads/kb-077-pides-charter-of-the-economy.pdf,already_present,1228397,pdfs/2022/07/kb-077-pides-charter-of-the-economy.pdf
theatre-of-politics,https://file.pide.org.pk/uploads/pip-0375-theatre-of-politics.pdf,already_present,98304,pdfs/2022/07/pip-0375-theatre-of-politics.pdf
defeating-the-qabza-mafia,https://file.pide.org.pk/uploads/pip-0374-defeating-the-qabza-mafia.pdf,already_present,67023,pdfs/2022/07/pip-0374-defeating-the-qabza-mafia.pdf
a-vision-for-forgotten-economy-with-dr-hafiz-a-pasha,https://file.pide.org.pk/uploads/wb-119-a-vision-for-forgotten-economy-with-dr-hafiz-a-pasha.pdf,already_present,4389942,pdfs/2022/07/wb-119-a-vision-for-forgotten-economy-with-dr-hafiz-a-pasha.pdf
hotel-and-restaurant-industries-of-pakistan-opportunities-and-market-dynamics,https://file.pide.org.pk/uploads/kb-076-hotel-and-restaurant-industries-of-pakistan-opportunities-and-market-dynamics.pdf,already_present,3161113,pdfs/2022/07/kb-076-hotel-and-restaurant-industries-of-pakistan-opportunities-and-market-dynamics.pdf
corporate-governance-compliance-with-the-selection-criteria-of-board-of-directors-in-public-sector-companies,https://file.pide.org.pk/uploads/kb-075-corporate-governance.pdf,already_present,2020682,pdfs/2022/07/kb-075-corporate-governance.pdf
corporate-governance-compliance-with-the-selection-criteria-of-board-of-directors-in-public-sector-companies,https://www.psx.com.pk/psx/themes/psx/uploads/SRO_1163(I)2019-ListedCompanies(CodeofCorporateGovernance)Regulations_2019.pdf,external_citation,0,
corporate-governance-compliance-with-the-selection-criteria-of-board-of-directors-in-public-sector-companies,https://picg.org.pk/wp-content/uploads/2015/12/Survey-on-Board-Practices-of-Public-Sectors-Companies-in-Pakistan-May-2016-FINAL-Report.pdf,external_citation,0,
corporate-governance-compliance-with-the-selection-criteria-of-board-of-directors-in-public-sector-companies,https://picg.org.pk/wp-content/uploads/2021/01/Corporate-Board-Practices-2019-Dec1219F_Upload.pdf,external_citation,0,
corporate-governance-compliance-with-the-selection-criteria-of-board-of-directors-in-public-sector-companies,https://www.finance.gov.pk/publications/SOE_Report_FY19_Vol_I.pdf,external_citation,0,
corporate-governance-compliance-with-the-selection-criteria-of-board-of-directors-in-public-sector-companies,https://www.finance.gov.pk/publications/SOE_Report_FY19_Vol_II.pdf,external_citation,0,
agreement-between-pakistan-and-imf-has-the-policy-of-lets-go-imf-by-each-government-been-beneficial-or-harmful-for-pakistan,https://file.pide.org.pk/uploads/pip-0373-agreement-between-pakistan-and-imf-has-the-policy-of-lets-go-imf-by-each-government-been-beneficial-or-harmful-for-pakistan.pdf,already_present,555011,pdfs/2022/07/pip-0373-agreement-between-pakistan-and-imf-has-the-policy-of-lets-go-imf-by-each-government-been-beneficial-or-harmful-for-pakistan.pdf
losses-incurred-by-pr-in-5-years-amounted-to-rs144bn,https://file.pide.org.pk/uploads/pip-0372-losses-incurred-by-pr-in-5-years-amounted-to-rs-144-bn.pdf,already_present,548053,pdfs/2022/07/pip-0372-losses-incurred-by-pr-in-5-years-amounted-to-rs-144-bn.pdf
epidemic-of-nonsense-work,https://file.pide.org.pk/uploads/pip-0371-epidemic-of-nonsense-work.pdf,already_present,68248,pdfs/2022/07/pip-0371-epidemic-of-nonsense-work.pdf
sahib-is-in-a-meeting-how-useful-are-government-meetings-for-the-people-in-pakistan,https://file.pide.org.pk/uploads/pip-0370-sahib-is-in-a-meeting-how-useful-are-government-meetings-for-the-people-in-pakistan.pdf,already_present,7501864,pdfs/2022/07/pip-0370-sahib-is-in-a-meeting-how-useful-are-government-meetings-for-the-people-in-pakistan.pdf
business-of-the-street,https://file.pide.org.pk/uploads/pip-0369-business-of-the-street.pdf,already_present,65072,pdfs/2022/07/pip-0369-business-of-the-street.pdf
real-estate-regulatory-authority-rera-another-regulatory-burden,https://file.pide.org.pk/uploads/wb-118-real-estate-regulatory-authority-rera-another-regulatory-burden.pdf,already_present,2534486,pdfs/2022/07/wb-118-real-estate-regulatory-authority-rera-another-regulatory-burden.pdf
the-mystery-of-productivity,https://file.pide.org.pk/uploads/wb-117-the-mystery-of-productivity.pdf,already_present,1359533,pdfs/2022/07/wb-117-the-mystery-of-productivity.pdf
fbr-for-the-non-filers,https://file.pide.org.pk/uploads/pip-0368-fbr-for-the-non-filers.pdf,already_present,188095,pdfs/2022/07/pip-0368-fbr-for-the-non-filers.pdf
pakistans-milk-potential,https://file.pide.org.pk/uploads/pip-0367-pakistans-milk-potential.pdf,already_present,177648,pdfs/2022/06/pip-0367-pakistans-milk-potential.pdf
pakistan-economy-under-elites-tax-amnesty-scheme-2019,https://file.pide.org.pk/uploads/wp-0219-pakistan-economy-under-elites-tax-amnesty-scheme-2019.pdf,already_present,1825942,pdfs/2022/06/wp-0219-pakistan-economy-under-elites-tax-amnesty-scheme-2019.pdf
gimmickry-of-neoclassical-economics,https://file.pide.org.pk/uploads/pip-0366-gimmickry-of-neoclassical-economics.pdf,already_present,94876,pdfs/2022/06/pip-0366-gimmickry-of-neoclassical-economics.pdf
is-work-only-meetings,https://file.pide.org.pk/uploads/kb-074-is-work-only-meetings.pdf,already_present,4023532,pdfs/2022/06/kb-074-is-work-only-meetings.pdf
the-tyranny-of-merit-whats-become-of-the-common-good,https://file.pide.org.pk/uploads/wb-116-the-tyranny-of-merit-whats-become-of-the-common-good.pdf,already_present,1328619,pdfs/2022/06/wb-116-the-tyranny-of-merit-whats-become-of-the-common-good.pdf
dead-capital,https://file.pide.org.pk/uploads/pip-0365-dead-capital.pdf,already_present,65162,pdfs/2022/06/pip-0365-dead-capital.pdf
weather-shocks-unconditional-cash-transfers-and-household-food-outcomes,https://file.pide.org.pk/uploads/wp-0218-weather-shocks-unconditional-cash-transfers-and-household-food-outcomes.pdf,already_present,1767734,pdfs/2022/06/wp-0218-weather-shocks-unconditional-cash-transfers-and-household-food-outcomes.pdf
a-letter-to-the-left,https://file.pide.org.pk/uploads/pip-0363-a-letter-to-the-left.pdf,already_present,95463,pdfs/2022/06/pip-0363-a-letter-to-the-left.pdf
how-we-can-tap-into-pakistans-tourism-potential-as-the-world-emerges-from-covid,https://file.pide.org.pk/uploads/pip-0403-how-we-can-tap-into-pakistans-tourism-potential-as-the-world-emerges-from-covid.pdf,already_present,715409,pdfs/2022/06/pip-0403-how-we-can-tap-into-pakistans-tourism-potential-as-the-world-emerges-from-covid.pdf
pakistans-dairy-animals-productivity,https://file.pide.org.pk/uploads/pip-0362-pakistans-dairy-animals-productivity.pdf,already_present,353367,pdfs/2022/06/pip-0362-pakistans-dairy-animals-productivity.pdf
doing-away-with-acrs-liberating-public-sector,https://file.pide.org.pk/uploads/pip-0361-doing-away-with-acrs-liberating-public-sector.pdf,already_present,496902,pdfs/2022/06/pip-0361-doing-away-with-acrs-liberating-public-sector.pdf
cryptocurrencies-review-of-economics-and-policy,https://file.pide.org.pk/uploads/wp-0217-cryptocurrencies-review-of-economics-and-policy.pdf,already_present,2279859,pdfs/2022/06/wp-0217-cryptocurrencies-review-of-economics-and-policy.pdf
of-elites-by-elites-for-elites,https://file.pide.org.pk/uploads/pip-0360-of-elites-by-elites-for-elites.pdf,already_present,102248,pdfs/2022/06/pip-0360-of-elites-by-elites-for-elites.pdf
are-we-an-agri-rural-country,https://file.pide.org.pk/uploads/pip-0359-are-we-an-agri-rural-country.pdf,already_present,62934,pdfs/2022/06/pip-0359-are-we-an-agri-rural-country.pdf
discourse-p-r-vol-3-issue-3,https://file.pide.org.pk/uploads/discourse-vol3i3.pdf,already_present,42559870,pdfs/2022/06/discourse-vol3i3.pdf
the-real-estate-price-quandary-issues-and-way-forward-2,https://file.pide.org.pk/uploads/discourse-vol3i3-01-the-real-estate-price-quandary-the-real-estate-price.pdf,already_present,933269,pdfs/2022/06/discourse-vol3i3-01-the-real-estate-price-quandary-the-real-estate-price.pdf
property-agents-and-the-question-of-real-estate-market-capture,https://file.pide.org.pk/uploads/discourse-vol3i3-02-property-agents-property-agents-and-the-question.pdf,already_present,3348538,pdfs/2022/06/discourse-vol3i3-02-property-agents-property-agents-and-the-question.pdf
pakistan-or-plotistan,https://file.pide.org.pk/uploads/discourse-vol3i3-03-pakistan-or-plotistan.pdf,already_present,2021544,pdfs/2022/06/discourse-vol3i3-03-pakistan-or-plotistan.pdf
another-regulatory-authority-rera,https://file.pide.org.pk/uploads/discourse-vol3i3-04-rera-another-regulatory-authority.pdf,already_present,489134,pdfs/2022/06/discourse-vol3i3-04-rera-another-regulatory-authority.pdf
the-assumed-shortage-of-housing-in-pakistan-2,https://file.pide.org.pk/uploads/discourse-vol3i3-05-the-assumed-shortage-of-housing-in-pakistan.pdf,already_present,2284669,pdfs/2022/06/discourse-vol3i3-05-the-assumed-shortage-of-housing-in-pakistan.pdf
real-estate-myths-in-pakistan-and-the-truth-behind-them-2,https://file.pide.org.pk/uploads/discourse-vol3i3-06-real-estate-myths-in-pakistan-and-the-truth-behind.pdf,already_present,1789242,pdfs/2022/06/discourse-vol3i3-06-real-estate-myths-in-pakistan-and-the-truth-behind.pdf
interview-with-dr-nadeem-ul-haq,https://file.pide.org.pk/uploads/discourse-vol3i3-07-interview-dr.-nadeem-ul-haque.pdf,already_present,2808057,pdfs/2022/06/discourse-vol3i3-07-interview-dr.-nadeem-ul-haque.pdf
housing-housing-2,https://file.pide.org.pk/uploads/discourse-vol3i3-08-housing-housing.pdf,already_present,815482,pdfs/2022/06/discourse-vol3i3-08-housing-housing.pdf
blockchain-technology-and-pakistans-real-estate-market,https://file.pide.org.pk/uploads/discourse-vol3i3-09-blockchain-technology-and-pakistans-real-estate-market.pdf,already_present,789167,pdfs/2022/06/discourse-vol3i3-09-blockchain-technology-and-pakistans-real-estate-market.pdf
no-confidence-in-no-confidence,https://file.pide.org.pk/uploads/discourse-vol3i3-10-no-confidence-in-no-confidence.pdf,already_present,2582129,pdfs/2022/06/discourse-vol3i3-10-no-confidence-in-no-confidence.pdf
prime-ministers-construction-package-webinar-brief-no-12-2020,https://file.pide.org.pk/uploads/discourse-vol3i3-11-prime-ministers-construction-package.pdf,already_present,1866517,pdfs/2022/06/discourse-vol3i3-11-prime-ministers-construction-package.pdf
construction-permits-and-housing-loans-webinar-brief-58-2021,https://file.pide.org.pk/uploads/discourse-vol3i3-12-construction-permits-and-housing-loans.pdf,already_present,1949001,pdfs/2022/06/discourse-vol3i3-12-construction-permits-and-housing-loans.pdf
under-developed-real-estate-industry-in-pakistan-webinar-brief-21-2020,https://file.pide.org.pk/uploads/discourse-vol3i3-13-under-developed-real-estate-industry-in-pakistan.pdf,already_present,1546309,pdfs/2022/06/discourse-vol3i3-13-under-developed-real-estate-industry-in-pakistan.pdf
real-estate-regulation-and-development-a-case-of-gated-housing-in-pakistan-webinar-brief-36-2021,https://file.pide.org.pk/uploads/discourse-vol3i3-14-real-estate-regulation-and-development.pdf,already_present,1207658,pdfs/2022/06/discourse-vol3i3-14-real-estate-regulation-and-development.pdf
the-paradox-of-housing-societies-in-pakistan-webinar-brief-82-2021,https://file.pide.org.pk/uploads/discourse-vol3i3-15-the-paradox-of-housing-societies-in-pakistan.pdf,already_present,838965,pdfs/2022/06/discourse-vol3i3-15-the-paradox-of-housing-societies-in-pakistan.pdf
introducing-debates,https://file.pide.org.pk/uploads/discourse-vol3i3-16-introducing-debates.pdf,already_present,1159724,pdfs/2022/06/discourse-vol3i3-16-introducing-debates.pdf
1st-rasta-conference-28-29-march-2022-abstracts-of-papers-section-1-energy-issues,https://file.pide.org.pk/uploads/discourse-vol3i3-17-section-1-energy-issues.pdf,already_present,3446702,pdfs/2022/06/discourse-vol3i3-17-section-1-energy-issues.pdf
1st-rasta-conference-28-29-march-2022-abstracts-of-papers-section-2-urban-development,https://file.pide.org.pk/uploads/discourse-vol3i3-18-section-2-urban-development.pdf,already_present,2063412,pdfs/2022/06/discourse-vol3i3-18-section-2-urban-development.pdf
1st-rasta-conference-28-29-march-2022-abstracts-of-papers-section-3-technology-and-public-service-delivery,https://file.pide.org.pk/uploads/discourse-vol3i3-19-section-3-technology-and-public-service-delivery.pdf,already_present,2108538,pdfs/2022/06/discourse-vol3i3-19-section-3-technology-and-public-service-delivery.pdf
1st-rasta-conference-28-29-march-2022-abstracts-of-papers-section-4-social-sector-development,https://file.pide.org.pk/uploads/discourse-vol3i3-20-section-4-social-sector-development.pdf,already_present,153515,pdfs/2022/06/discourse-vol3i3-20-section-4-social-sector-development.pdf
1st-rasta-conference-28-29-march-2022-abstracts-of-papers-section-5-markets-and-regulations,https://file.pide.org.pk/uploads/discourse-vol3i3-21-section-5-markets-and-regulations.pdf,already_present,2673650,pdfs/2022/06/discourse-vol3i3-21-section-5-markets-and-regulations.pdf
1st-rasta-conference-28-29-march-2022-abstracts-of-papers-section-6-political-economy-of-development-and-reform,https://file.pide.org.pk/uploads/discourse-vol3i3-22-section-6-political-economy-of-development-and-reform.pdf,already_present,865886,pdfs/2022/06/discourse-vol3i3-22-section-6-political-economy-of-development-and-reform.pdf
finnish-miracle-in-education-lessons-for-pakistan,https://file.pide.org.pk/uploads/kb-073-finnish-miracle-in-education-lessons-for-pakistan.pdf,already_present,2121562,pdfs/2022/06/kb-073-finnish-miracle-in-education-lessons-for-pakistan.pdf
finnish-miracle-in-education-lessons-for-pakistan,https://www.oph.fi/sites/default/files/documents/education-system-in-finland-infographic.pdf,external_citation,0,
khnowledge-archives-volume-ii,https://file.pide.org.pk/pdfpideresearch/book-69-khnowledge-archives-volume-ii.pdf,already_present,9104519,pdfs/2022/06/book-69-khnowledge-archives-volume-ii.pdf
the-real-estate-price-quandary-issues-and-way-forward,https://file.pide.org.pk/uploads/kb-072-the-real-estate-price-quandary-issues-and-way-forward.pdf,already_present,3290326,pdfs/2022/06/kb-072-the-real-estate-price-quandary-issues-and-way-forward.pdf
environmental-impact-assessment-eia-in-the-textile-industry-a-comparative-study-of-pakistan-and-bangladesh,https://www.ilo.org/wcmsp5/groups/public/---asia/---ro-bangkok/documents/meetingdocument/wcms_579469.pdf,external_citation,0,
environmental-impact-assessment-eia-in-the-textile-industry-a-comparative-study-of-pakistan-and-bangladesh,https://www.ilo.org/wcmsp5/groups/public/---asia/---ro-bangkok/documents/publication/wcms_802429.pdf,external_citation,0,
environmental-impact-assessment-eia-in-the-textile-industry-a-comparative-study-of-pakistan-and-bangladesh,https://wwfasia.awsassets.panda.org/downloads/review_of_existing_environmental_laws.pdf,external_citation,0,
literature-as-a-creative-industry,https://file.pide.org.pk/uploads/wb-115-literature-as-a-creative-industry.pdf,already_present,1170257,pdfs/2022/06/wb-115-literature-as-a-creative-industry.pdf
will-the-import-ban-prove-its-effectiveness,https://file.pide.org.pk/uploads/pv-39-will-the-import-ban-prove-its-effectiveness.pdf,already_present,1747987,pdfs/2022/05/pv-39-will-the-import-ban-prove-its-effectiveness.pdf
will-the-import-ban-prove-its-effectiveness,https://www.commerce.gov.pk/wp-content/uploads/2022/05/SRO-Ban-on-Import-of-Luxury-and-N_essential-Items.pdf,external_citation,0,
will-the-import-ban-prove-its-effectiveness,https://www.commerce.gov.pk/wp-content/uploads/2022/04/IPO-2022-SRO-No.-545I-2022-dt.-22.4-2022.pdf,external_citation,0,
an-analysis-of-the-real-estate-brokerage-market-in-pakistan,https://file.pide.org.pk/uploads/wp-0216-an-analysis-of-the-real-estate-brokerage-market-in-pakistan.pdf,already_present,2013647,pdfs/2022/05/wp-0216-an-analysis-of-the-real-estate-brokerage-market-in-pakistan.pdf
development-through-the-services-paradigm,https://file.pide.org.pk/uploads/pip-0357-development-through-the-services-paradigm.pdf,already_present,100206,pdfs/2022/05/pip-0357-development-through-the-services-paradigm.pdf
nudging-pakistan-railways,https://file.pide.org.pk/uploads/kb-071-nudging-pakistan-railways.pdf,already_present,2291718,pdfs/2022/05/kb-071-nudging-pakistan-railways.pdf
pakistans-income-tax-amendment-ordinance-2022-aka-industrial-policy-package,https://file.pide.org.pk/uploads/kb-070-pakistans-income-tax-amendment-ordinance-2022-aka-industrial-policy-package.pdf,already_present,2349920,pdfs/2022/05/kb-070-pakistans-income-tax-amendment-ordinance-2022-aka-industrial-policy-package.pdf
the-crypto-conundrum-and-pakistan,https://file.pide.org.pk/uploads/pip-0356-the-crypto-conundrum-and-pakistan.pdf,already_present,88109,pdfs/2022/05/pip-0356-the-crypto-conundrum-and-pakistan.pdf
an-interest-free-economy,https://file.pide.org.pk/uploads/pip-0355-an-interest-free-economy.pdf,already_present,64874,pdfs/2022/05/pip-0355-an-interest-free-economy.pdf
availing-of-the-net-metering-facility-impact-of-bois-reforms,https://file.pide.org.pk/uploads/pa-03-availing-of-the-net-metering-facility-impact-of-bois-reforms.pdf,already_present,2062356,pdfs/2022/05/pa-03-availing-of-the-net-metering-facility-impact-of-bois-reforms.pdf
pakistans-economy-in-the-intensive-care-ward,https://file.pide.org.pk/uploads/pip-0353-pakistans-economy-in-the-intensive-care-ward.pdf,already_present,585930,pdfs/2022/05/pip-0353-pakistans-economy-in-the-intensive-care-ward.pdf
fy22-budget-deficit-likely-to-stand-at-9pc-of-gdp-highest-ever-in-countrys-history,https://file.pide.org.pk/uploads/pip-0352-fy22-budget-deficit-likely-to-stand-at-9pc-of-gdp-highest-ever-in-countrys-history.pdf,already_present,97917,pdfs/2022/05/pip-0352-fy22-budget-deficit-likely-to-stand-at-9pc-of-gdp-highest-ever-in-countrys-history.pdf
invest-in-future-prioritizing-youth-family-planning,https://file.pide.org.pk/uploads/pv-38-invest-in-future-prioritizing-youth-family-planning.pdf,already_present,1702161,pdfs/2022/05/pv-38-invest-in-future-prioritizing-youth-family-planning.pdf
the-determinants-of-total-factor-productivity-growth-in-pakistan-an-exploration,https://file.pide.org.pk/uploads/wp-0215-the-determinants-of-total-factor-productivity-growth-in-pakistan-an-exploration.pdf,already_present,1624328,pdfs/2022/05/wp-0215-the-determinants-of-total-factor-productivity-growth-in-pakistan-an-exploration.pdf
arts-and-culture-centers-as-catalysts-for-urban-vibrancy,https://file.pide.org.pk/uploads/wb-114-arts-and-culture-centers-as-catalysts-for-urban-vibrancy.pdf,already_present,678079,pdfs/2022/05/wb-114-arts-and-culture-centers-as-catalysts-for-urban-vibrancy.pdf
15-minutes-city,https://file.pide.org.pk/uploads/kb-068-15-minutes-city.pdf,already_present,3871780,pdfs/2022/05/kb-068-15-minutes-city.pdf
the-role-of-arthi-in-agriculture-marketing-an-exploiter-or-facilitator-of-farmers,https://file.pide.org.pk/uploads/kb-069-the-role-of-arthi-in-agriculture-marketing-an-exploiter-or-facilitator-of-farmers.pdf,already_present,2071761,pdfs/2022/05/kb-069-the-role-of-arthi-in-agriculture-marketing-an-exploiter-or-facilitator-of-farmers.pdf
incubating-grassroots-politics,https://file.pide.org.pk/uploads/pip-0351-incubating-grassroots-politics.pdf,already_present,95070,pdfs/2022/05/pip-0351-incubating-grassroots-politics.pdf
understanding-elite-capture,https://file.pide.org.pk/uploads/kb-067-understanding-elite-capture.pdf,already_present,4314309,pdfs/2022/05/kb-067-understanding-elite-capture.pdf
macroeconomic-challenges-post-covid,https://file.pide.org.pk/uploads/wb-113-macroeconomic-challenges-post-covid.pdf,already_present,2387527,pdfs/2022/04/wb-113-macroeconomic-challenges-post-covid.pdf
the-elite-capture,https://file.pide.org.pk/uploads/pip-0348-the-elite-capture.pdf,already_present,77636,pdfs/2022/04/pip-0348-the-elite-capture.pdf
development-research-and-policy-the-emergence-of-a-research-agenda-through-webinars-at-pide,https://file.pide.org.pk/uploads/book-51-development-research-and-policy-the-emergence-of-a-research-agenda-through-webinars-at-pide.pdf,already_present,2146458,pdfs/2022/04/book-51-development-research-and-policy-the-emergence-of-a-research-agenda-through-webinars-at-pide.pdf
pide-knowledge-archives-vol-i,https://file.pide.org.pk/uploads/book-49-pide-knowledge-archives-vol-1.pdf,already_present,667259,pdfs/2022/04/book-49-pide-knowledge-archives-vol-1.pdf
pide-unveils-much-awaited-sludge-audit,https://file.pide.org.pk/uploads/pip-0347-pide-unveils-much-awaited-sludge-audit.pdf,already_present,917050,pdfs/2022/04/pip-0347-pide-unveils-much-awaited-sludge-audit.pdf
inefficient-private-sector-lives-off-taxpayers-money-ex-sbp-governor,https://file.pide.org.pk/uploads/pip-0346-inefficient-private-sector-lives-off-taxpayers-money-ex-sbp-governor.pdf,already_present,80928,pdfs/2022/04/pip-0346-inefficient-private-sector-lives-off-taxpayers-money-ex-sbp-governor.pdf
food-subsidies-programs-in-pakistan-a-review,https://file.pide.org.pk/uploads/kb-066-food-subsidies-programs-in-pakistan-a-review.pdf,already_present,1800745,pdfs/2022/04/kb-066-food-subsidies-programs-in-pakistan-a-review.pdf
food-subsidies-programs-in-pakistan-a-review,https://www.pbs.gov.pk/sites/default/files/pslm/publications/hies2018-19/hies_2018-19_writeup.pdf,external_citation,0,
food-subsidies-programs-in-pakistan-a-review,https://www.finance.gov.pk/publications/SOEs_Triage_03032021.pdf,external_citation,0,
business-and-investment-issues-in-pakistan,https://file.pide.org.pk/uploads/wb-112-business-and-investment-issues-in-pakistan.pdf,already_present,1263346,pdfs/2022/04/wb-112-business-and-investment-issues-in-pakistan.pdf
business-and-investment-issues-in-pakistan,https://beoe.gov.pk/files/statistics/yearly-reports/2019/2019-full.pdf,external_citation,0,
pide-sludge-audit-vol-1,https://pide.org.pk/rasta/wp-content/uploads/pide-sludge-audit-vol-1.pdf,already_present,29671585,pdfs/2022/04/pide-sludge-audit-vol-1.pdf
khan-anti-imperial-or-just-anti-west,https://file.pide.org.pk/uploads/pip-0344-khan-anti-imperial-or-just-anti-west.pdf,already_present,66457,pdfs/2022/04/pip-0344-khan-anti-imperial-or-just-anti-west.pdf
pide-hosts-session-on-conversation-on-economy,https://file.pide.org.pk/uploads/pip-0343-pide-hosts-session-on-conversation-on-economy.pdf,already_present,35424,pdfs/2022/04/pip-0343-pide-hosts-session-on-conversation-on-economy.pdf
need-stressed-for-fiscal-and-monetary-analysis,https://file.pide.org.pk/uploads/pip-0342-need-stressed-for-fiscal-and-monetary-analysis.pdf,already_present,61579,pdfs/2022/04/pip-0342-need-stressed-for-fiscal-and-monetary-analysis.pdf
engineering-electronics-related-industries-experts-underline-need-for-expanding-industrial-base,https://file.pide.org.pk/uploads/pip-0341-engineering-electronics-related-industries-experts-underline-need-for-expanding-industrial-base.pdf,already_present,89489,pdfs/2022/04/pip-0341-engineering-electronics-related-industries-experts-underline-need-for-expanding-industrial-base.pdf
bilateral-free-trade-agreements-ftas-for-trade-promotion-boon-or-bane-for-pakistan,https://file.pide.org.pk/uploads/wp-0214-bilateral-free-trade-agreements-for-trade-promotion-boon-or-bane-for-pakistan.pdf,already_present,1789840,pdfs/2022/04/wp-0214-bilateral-free-trade-agreements-for-trade-promotion-boon-or-bane-for-pakistan.pdf
a-lecture-by-keith-hartley-professor-emeritus-economics-department-at-the-university-of-york,https://file.pide.org.pk/uploads/wb-111-a-lecture-by-keith-hartley-professor-emeritus-economics-department-at-the-university-of-york.pdf,already_present,1241625,pdfs/2022/04/wb-111-a-lecture-by-keith-hartley-professor-emeritus-economics-department-at-the-university-of-york.pdf
snc-and-my-right-of-freedom-to-choose,https://file.pide.org.pk/uploads/blog-151-snc-and-my-right-of-freedom-to-choose.pdf,already_present,619030,pdfs/2022/04/blog-151-snc-and-my-right-of-freedom-to-choose.pdf
cash-poor-perk-rich-government-officials,https://file.pide.org.pk/uploads/pip-0340-cash-poor-perk-rich-government-officials.pdf,already_present,99078,pdfs/2022/04/pip-0340-cash-poor-perk-rich-government-officials.pdf
do-not-reload-the-70s,https://file.pide.org.pk/uploads/pip-0339-do-not-reload-the-70s.pdf,already_present,88993,pdfs/2022/04/pip-0339-do-not-reload-the-70s.pdf
the-enigma-of-judicial-hold-ups,https://file.pide.org.pk/uploads/pip-0338-the-enigma-of-judicial-hold-ups.pdf,already_present,405165,pdfs/2022/04/pip-0338-the-enigma-of-judicial-hold-ups.pdf
does-fixing-high-minimum-support-price-msp-of-wheat-a-source-of-inflation-or-high-prices-itself-a-victim-of-inflation,https://file.pide.org.pk/uploads/kb-065-does-fixing-high-minimum-support-price-of-wheat-a-source-of-inflation-or-high-prices-itself-a-victim-of-inflation.pdf,already_present,20036336,pdfs/2022/04/kb-065-does-fixing-high-minimum-support-price-of-wheat-a-source-of-inflation-or-high-prices-itself-a-victim-of-inflation.pdf
ameliorating-drug-shortages-in-pakistan,https://file.pide.org.pk/uploads/pv-37-ameliorating-drug-shortages-in-pakistan.pdf,already_present,4905947,pdfs/2022/04/pv-37-ameliorating-drug-shortages-in-pakistan.pdf
is-corruption-the-cause,https://file.pide.org.pk/uploads/pip-0337-is-corruption-the-cause.pdf,already_present,63194,pdfs/2022/04/pip-0337-is-corruption-the-cause.pdf
dire-need-of-constitutional-reforms,https://file.pide.org.pk/uploads/pip-0335-dire-need-of-constitutional-reforms.pdf,already_present,372196,pdfs/2022/04/pip-0335-dire-need-of-constitutional-reforms.pdf
local-research-for-local-problems,https://file.pide.org.pk/uploads/pip-0334-local-research-for-local-problems.pdf,already_present,66586,pdfs/2022/04/pip-0334-local-research-for-local-problems.pdf
justice-beyond-means,https://file.pide.org.pk/uploads/pip-0333-justice-beyond-means.pdf,already_present,206560,pdfs/2022/04/pip-0333-justice-beyond-means.pdf
socio-economic-impact-of-ride-hailing-overcoming-barriers-to-mobility,https://file.pide.org.pk/uploads/wb-110-socio-economic-impact-of-ride-hailing-overcoming-barriers-to-mobility.pdf,already_present,2339022,pdfs/2022/04/wb-110-socio-economic-impact-of-ride-hailing-overcoming-barriers-to-mobility.pdf
media-coverage-of-rasta-conference,https://file.pide.org.pk/uploads/pip-0332-media-coverage-RASTA-conference.pdf,already_present,3638690,pdfs/2022/04/pip-0332-media-coverage-RASTA-conference.pdf
the-age-affect-relationship-and-potential-consequences-for-decision-making,https://file.pide.org.pk/uploads/wb-0213-the-age-affect-relationship-and-potential-consequences-for-decision-making.pdf,already_present,1279343,pdfs/2022/04/wb-0213-the-age-affect-relationship-and-potential-consequences-for-decision-making.pdf
plotistan-subsidized-land-giveaways-and-public-land-management-in-pakistan,https://file.pide.org.pk/uploads/wb-109-plotistan-subsidized-land-giveaways-and-public-land-management.pdf,already_present,3564144,pdfs/2022/03/wb-109-plotistan-subsidized-land-giveaways-and-public-land-management.pdf
oil-and-the-dollars-hegemony,https://file.pide.org.pk/uploads/pip-0330-oil-and-the-dollars-hegemony.pdf,already_present,336910,pdfs/2022/03/pip-0330-oil-and-the-dollars-hegemony.pdf
the-sun-is-about-to-set-on-imran-khans-government,https://file.pide.org.pk/uploads/pip-0404-the-sun-is-about-to-set-on-imran-khans-government.pdf,already_present,326066,pdfs/2022/03/pip-0404-the-sun-is-about-to-set-on-imran-khans-government.pdf
all-downstream-democracy,https://file.pide.org.pk/uploads/pip-0331-all-downstream-democracy.pdf,already_present,500540,pdfs/2022/03/pip-0331-all-downstream-democracy.pdf
vertical-urbanisation,https://file.pide.org.pk/uploads/pip-0329-vertical-urbanization.pdf,already_present,678136,pdfs/2022/03/pip-0329-vertical-urbanization.pdf
policies-vs-packages,https://file.pide.org.pk/uploads/pip-0328-policies-vs-packages.pdf,already_present,117101,pdfs/2022/03/pip-0328-policies-vs-packages.pdf
political-economics,https://file.pide.org.pk/uploads/pip-0327-political-economics.pdf,already_present,44430,pdfs/2022/03/pip-0327-political-economics.pdf
economics-of-political-strikes,https://file.pide.org.pk/uploads/blog-economics-of-political-strikes.pdf,already_present,397678,pdfs/2022/03/blog-economics-of-political-strikes.pdf
economics-of-political-strikes,https://www.theigc.org/wp-content/uploads/2015/06/Ahsan-and-Iqbal-2015-Working-paper.pdf,external_citation,0,
criminalisation-of-street-vendors,https://file.pide.org.pk/uploads/pip-0326-criminalisation-of-street-vendors.pdf,already_present,67212,pdfs/2022/03/pip-0326-criminalisation-of-street-vendors.pdf
pakistan-should-open-up-aerospace-industry-to-private-sector,https://file.pide.org.pk/uploads/pip-0325-pakistan-should-open-up-aerospace-industry-to-private-sector.pdf,already_present,39870,pdfs/2022/03/pip-0325-pakistan-should-open-up-aerospace-industry-to-private-sector.pdf
fbrs-pos-integration-digitalisation-of-business-transactions-and-associated-challenges,https://file.pide.org.pk/uploads/kb-064-fbr-s-pos-integration-digitalisation-of-business-transactions-and-associated-challenges.pdf,already_present,755012,pdfs/2022/03/kb-064-fbr-s-pos-integration-digitalisation-of-business-transactions-and-associated-challenges.pdf
no-space-for-the-youth,https://file.pide.org.pk/uploads/pip-0324-no-space-for-the-youth.pdf,already_present,63484,pdfs/2022/03/pip-0324-no-space-for-the-youth.pdf
master-plan-for-the-youth,https://file.pide.org.pk/uploads/pip-0323-master-plan-for-the-youth.pdf,already_present,265681,pdfs/2022/03/pip-0323-master-plan-for-the-youth.pdf
property-rights-in-pakistan-laws-regulations-transfers-enforcement,https://file.pide.org.pk/uploads/kb-063-property-rights-in-pakistan-laws-regulations-transfers-and-enforcement.pdf,already_present,720099,pdfs/2022/03/kb-063-property-rights-in-pakistan-laws-regulations-transfers-and-enforcement.pdf
is-pakistan-entering-into-the-digital-currency-ecosystem,https://file.pide.org.pk/uploads/kb-062-is-pakistan-entering-into-the-digital-currency-ecosystem.pdf,already_present,973978,pdfs/2022/03/kb-062-is-pakistan-entering-into-the-digital-currency-ecosystem.pdf
transformation-of-street-vending-in-islamabad-lessons-for-urban-pakistan,https://file.pide.org.pk/uploads/wb-108-transformation-of-street-vending-in-islamabad-and-lessons-for-urban-pakistan.pdf,already_present,2329801,pdfs/2022/03/wb-108-transformation-of-street-vending-in-islamabad-and-lessons-for-urban-pakistan.pdf
restaurant-industry-of-pakistan-opportunities-and-market-dynamics,https://file.pide.org.pk/uploads/wb-107-restaurant-industry-of-pakistan-opportunities-and-market-dynamics.pdf,already_present,2133183,pdfs/2022/03/wb-107-restaurant-industry-of-pakistan-opportunities-and-market-dynamics.pdf
what-is-holding-back-milk-production-potential-in-pakistan-2,https://file.pide.org.pk/uploads/kb-061-what-is-holding-back-milk-production-potential-in-pakistan.pdf,already_present,481475,pdfs/2022/03/kb-061-what-is-holding-back-milk-production-potential-in-pakistan.pdf
what-is-holding-back-milk-production-potential-in-pakistan-2,https://www.pc.gov.pk/uploads/report/Milk_Cluster_Report.pdf,external_citation,0,
water-crisis-in-pakistan-manifestation-causes-and-the-way-forward,https://file.pide.org.pk/uploads/kb-060-water-crisis-in-pakistan-manifestation-causes-and-the-way-forward.pdf,already_present,814760,pdfs/2022/03/kb-060-water-crisis-in-pakistan-manifestation-causes-and-the-way-forward.pdf
22-8m-children-between-5-16-years-of-age-not-attending-school-in-pakistan,https://file.pide.org.pk/uploads/pip-0321-22-8-m-children-between-5-16-years-of-age-not-attending-school-in-pakistan.pdf,already_present,40405,pdfs/2022/03/pip-0321-22-8-m-children-between-5-16-years-of-age-not-attending-school-in-pakistan.pdf
economic-fallout,https://file.pide.org.pk/uploads/pip-0320-economic-fallout.pdf,already_present,41665,pdfs/2022/03/pip-0320-economic-fallout.pdf
policy-at-pide,https://file.pide.org.pk/pdfpideresearch/book-70-policy-at-pide.pdf,already_present,4355752,pdfs/2022/03/book-70-policy-at-pide.pdf
justice-not-a-fundamental-right-but-a-neoclassical-economic-commodity,https://file.pide.org.pk/uploads/kb-059-justice-not-a-fundamental-right-but-a-neoclassical-economic-commodity.pdf,already_present,607083,pdfs/2022/03/kb-059-justice-not-a-fundamental-right-but-a-neoclassical-economic-commodity.pdf
print-media-news-coverage-graana-pide-mou-signing-ceremony,https://file.pide.org.pk/uploads/pip-0317-print-media-news-coverage-graana-and-pide-mou-signing-ceremony.pdf,already_present,1730794,pdfs/2022/03/pip-0317-print-media-news-coverage-graana-and-pide-mou-signing-ceremony.pdf
marriage-market-in-pakistan-consanguinity-educational-assortative-mating-and-fertility,https://file.pide.org.pk/uploads/wp-0212-marriage-market-in-pakistan-consanguinity-educational-assortative-mating-and-fertility.pdf,already_present,1609492,pdfs/2022/03/wp-0212-marriage-market-in-pakistan-consanguinity-educational-assortative-mating-and-fertility.pdf
include-opd-in-health-card-program-government-think-tank,https://file.pide.org.pk/uploads/pip-0316-include-opd-in-health-card-program-government-think-tank.pdf,already_present,777068,pdfs/2022/03/pip-0316-include-opd-in-health-card-program-government-think-tank.pdf
education-reforms,https://file.pide.org.pk/uploads/pip-0315-education-reforms.pdf,already_present,68957,pdfs/2022/03/pip-0315-education-reforms.pdf
collective-mobility,https://file.pide.org.pk/uploads/pip-0313-collective-mobility.pdf,already_present,47667,pdfs/2022/03/pip-0313-collective-mobility.pdf
the-necessity-of-inclusive-urban-planning,https://file.pide.org.pk/uploads/pip-0312-the-necessity-of-inclusive-urban-planning.pdf,already_present,103804,pdfs/2022/03/pip-0312-the-necessity-of-inclusive-urban-planning.pdf
acknowledgement,https://file.pide.org.pk/uploads/book-48-acknowledgement.pdf,already_present,120658,pdfs/2022/02/book-48-acknowledgement.pdf
introduction,https://file.pide.org.pk/uploads/book-48-introduction.pdf,already_present,257725,pdfs/2022/02/book-48-introduction.pdf
market-regulations-competition-policy-and-the-role-of-competition-commission-of-pakistan-ccp,https://file.pide.org.pk/uploads/book-48-chapter-1-market-regulations-competition-policy-and-the-role-of-competition-commission-of-pakistan.pdf,already_present,429330,pdfs/2022/02/book-48-chapter-1-market-regulations-competition-policy-and-the-role-of-competition-commission-of-pakistan.pdf
regulating-the-pharmaceutical-industry-an-analysis-of-the-drug-regulatory-authority-of-pakistan-drap,https://file.pide.org.pk/uploads/book-48-chapter-2-regulating-the-pharmaceutical-industry-an-analysis-of-the-drug-regulatory-authority-of-pakistan.pdf,already_present,754233,pdfs/2022/02/book-48-chapter-2-regulating-the-pharmaceutical-industry-an-analysis-of-the-drug-regulatory-authority-of-pakistan.pdf
evaluation-of-naya-pakistan-housing,https://file.pide.org.pk/uploads/book-48-chapter-3-evaluation-of-naya-pakistan-housing.pdf,already_present,473945,pdfs/2022/02/book-48-chapter-3-evaluation-of-naya-pakistan-housing.pdf
national-electric-power-regulatory-authority-nepra,https://file.pide.org.pk/uploads/book-48-chapter-4-national-electric-power-regulatory-authority.pdf,already_present,2326938,pdfs/2022/02/book-48-chapter-4-national-electric-power-regulatory-authority.pdf
prime-ministers-construction-package-an-evaluation,https://file.pide.org.pk/uploads/book-48-chapter-5-prime-ministers-construction-package-an-evaluation.pdf,already_present,962602,pdfs/2022/02/book-48-chapter-5-prime-ministers-construction-package-an-evaluation.pdf
pakistan-electronic-media-regulatory-authority-pemra,https://file.pide.org.pk/uploads/book-48-chapter-6-pakistan-electronic-media-regulatory-authority.pdf,already_present,976739,pdfs/2022/02/book-48-chapter-6-pakistan-electronic-media-regulatory-authority.pdf
sme-sector-in-pakistan-mapping-the-policy-framework-opportunities-and-constraints,https://file.pide.org.pk/uploads/book-48-chapter-7-sme-sector-in-pakistan-mapping-the-policy-framework-opportunities-and-constraints.pdf,already_present,644359,pdfs/2022/02/book-48-chapter-7-sme-sector-in-pakistan-mapping-the-policy-framework-opportunities-and-constraints.pdf
islamabad-real-estate-regulatory-authority-an-evaluation,https://file.pide.org.pk/uploads/book-48-chapter-8-islamabad-real-estate-regulatory-authority-an-evaluation.pdf,already_present,547418,pdfs/2022/02/book-48-chapter-8-islamabad-real-estate-regulatory-authority-an-evaluation.pdf
evaluations-of-regulatory-authorities-government-packages-and-policies,https://file.pide.org.pk/uploads/book-48-evaluations-of-regulatory-authorities-government-packages-and-policies.pdf,already_present,5322206,pdfs/2022/02/book-48-evaluations-of-regulatory-authorities-government-packages-and-policies.pdf
student-unions-now,https://file.pide.org.pk/uploads/pip-0311-student-unions-now.pdf,already_present,93325,pdfs/2022/02/pip-0311-student-unions-now.pdf
potential-role-of-sehat-sahulat-program-ssp-in-reducing-catastrophic-health-expenditirues-suggestions-and-way-forward,https://file.pide.org.pk/uploads/kb-058-potential-role-of-sehat-sahulat-program-in-reducing-catastrophic-health-expenditirues.pdf,already_present,703041,pdfs/2022/02/kb-058-potential-role-of-sehat-sahulat-program-in-reducing-catastrophic-health-expenditirues.pdf
burden-of-diseases-among-elderly-in-pakistan,https://file.pide.org.pk/uploads/kb-057-burden-of-diseases-among-elderly-in-pakistan.pdf,already_present,722617,pdfs/2022/02/kb-057-burden-of-diseases-among-elderly-in-pakistan.pdf
pollution-and-climate-change-policy-research-pr-vol-3-issue-2,https://file.pide.org.pk/uploads/par-vol3i2.pdf,already_present,23160605,pdfs/2022/02/par-vol3i2.pdf
taxing-tobacco-products,https://file.pide.org.pk/uploads/pip-0310-taxing-tobacco-products.pdf,already_present,47647,pdfs/2022/02/pip-0310-taxing-tobacco-products.pdf
post-covid-19-lockdown-air-quality-analysis-in-most-polluted-cities-of-the-globe,https://file.pide.org.pk/uploads/par-vol3i2-01-post-covid-19-lockdown-and-air-quality-analysis.pdf,already_present,399137,pdfs/2022/02/par-vol3i2-01-post-covid-19-lockdown-and-air-quality-analysis.pdf
smog-the-fifth-season-in-pakistan,https://file.pide.org.pk/uploads/par-vol3i2-02-smog-the-fifth-season-in-pakistan.pdf,already_present,2674848,pdfs/2022/02/par-vol3i2-02-smog-the-fifth-season-in-pakistan.pdf
a-smart-shift-from-private-cars-to-public-transport-can-help-to-reduce-smog-air-pollution-in-pakistan-2,https://file.pide.org.pk/uploads/par-vol3i2-03-a-smart-shift-from-private-cars-to-public-transport.pdf,already_present,6916858,pdfs/2022/02/par-vol3i2-03-a-smart-shift-from-private-cars-to-public-transport.pdf
climate-change-water-scarcity,https://file.pide.org.pk/uploads/par-vol3i2-04-climate-change-and-water-scarcity.pdf,already_present,8358316,pdfs/2022/02/par-vol3i2-04-climate-change-and-water-scarcity.pdf
climate-change-water-scarcity,https://www.redd-pakistan.org/wp-content/uploads/2015/08/REDD-Strategy-V1.1.pdf,external_citation,0,
climate-change-water-scarcity,http://www.finance.gov.pk/survey/chapters_18/02-Agriculture.pdf,external_citation,0,
green-finance-an-islamic-way-to-rescue-the-nature,https://file.pide.org.pk/uploads/par-vol3i2-05-green-finance-an-islamic-way-to-rescue-the-nature.pdf,already_present,1486568,pdfs/2022/02/par-vol3i2-05-green-finance-an-islamic-way-to-rescue-the-nature.pdf
corporate-accountability-a-conduit-to-combat-climate-change,https://file.pide.org.pk/uploads/par-vol3i2-06-corporate-accountability-a-conduit-to-combat-climate-change.pdf,already_present,1210226,pdfs/2022/02/par-vol3i2-06-corporate-accountability-a-conduit-to-combat-climate-change.pdf
a-revolution-of-our-own,https://file.pide.org.pk/uploads/pip-0308-a-revolution-of-our-own.pdf,already_present,65030,pdfs/2022/02/pip-0308-a-revolution-of-our-own.pdf
thoughts-on-integrated-generation-capacity-expansion-plan-igcep-2021-30,https://file.pide.org.pk/uploads/kb-056-thoughts-on-integrated-generation-capacity-expansion-plan-igcep-2021-30.pdf,already_present,762277,pdfs/2022/02/kb-056-thoughts-on-integrated-generation-capacity-expansion-plan-igcep-2021-30.pdf
economy-of-love-what-the-valentines-day-brings-to-the-economy,https://file.pide.org.pk/uploads/kb-055-economy-of-love-what-the-valentine-s-day-brings-to-the-economy.pdf,already_present,874532,pdfs/2022/02/kb-055-economy-of-love-what-the-valentine-s-day-brings-to-the-economy.pdf
music-as-a-creative-industry,https://file.pide.org.pk/uploads/wb-106-music-as-a-creative-industry.pdf,already_present,7752097,pdfs/2022/02/wb-106-music-as-a-creative-industry.pdf
monetising-performance,https://file.pide.org.pk/uploads/pip-0307-monetising-performance.pdf,already_present,44938,pdfs/2022/02/pip-0307-monetising-performance.pdf
balochistan-the-unrealised-potential,https://file.pide.org.pk/uploads/kb-054-balochistan-the-unrealised-potential.pdf,already_present,683185,pdfs/2022/02/kb-054-balochistan-the-unrealised-potential.pdf
roads-wider-roads-corridors-signal-free-highway-and-then-a-tale-of-srinagar-highway,https://homepage.ruhr-uni-bochum.de/Dietrich.Braess/Paradox-BNW.pdf,external_citation,0,
a-smart-shift-from-private-cars-to-public-transport-can-help-to-reduce-smog-air-pollution-in-pakistan,https://file.pide.org.pk/uploads/kb-053-a-smart-shift-from-private-cars-to-public-transport-can-help-to-reduce-smog-air-pollution-in-pakistan.pdf,already_present,793770,pdfs/2022/02/kb-053-a-smart-shift-from-private-cars-to-public-transport-can-help-to-reduce-smog-air-pollution-in-pakistan.pdf
privatisation-of-electricity-distribution-companies-a-way-forward,https://file.pide.org.pk/uploads/kb-052-privatisation-of-electricity-distribution-companies-a-way-forward.pdf,already_present,629196,pdfs/2022/02/kb-052-privatisation-of-electricity-distribution-companies-a-way-forward.pdf
the-assumed-shortage-of-housing-in-pakistan,https://file.pide.org.pk/uploads/pv-36-the-assumed-shortage-of-housing-in-pakistan.pdf,already_present,768698,pdfs/2022/02/pv-36-the-assumed-shortage-of-housing-in-pakistan.pdf
pakistan-opportunity-to-excel-now-and-the-future-2,https://file.pide.org.pk/uploads/pip-0306-pakistan-opportunity-to-excel-now-and-the-future.pdf,already_present,2901369,pdfs/2022/02/pip-0306-pakistan-opportunity-to-excel-now-and-the-future.pdf
pide-on-gender,https://file.pide.org.pk/uploads/book-47-pide-on-gender.pdf,already_present,3580348,pdfs/2022/02/book-47-pide-on-gender.pdf
the-kids-arent-alright,https://file.pide.org.pk/uploads/pip-0304-the-kids-arent-alright.pdf,already_present,65559,pdfs/2022/02/pip-0304-the-kids-arent-alright.pdf
spending-public-money-where-it-makes-more-sense-universal-health-coverage-uhc-in-pakistan,https://extranet.who.int/countryplanningcycles/sites/default/files/planning_cycle_repository/pakistan/national_health_vision_2016-25_30-08-2016.pdf,external_citation,0,
spending-public-money-where-it-makes-more-sense-universal-health-coverage-uhc-in-pakistan,http://www.finance.gov.pk/poverty/PRSP-II.pdf,external_citation,0,
spending-public-money-where-it-makes-more-sense-universal-health-coverage-uhc-in-pakistan,https://na.gov.pk/uploads/documents/1302138356_934.pdf,external_citation,0,
spending-public-money-where-it-makes-more-sense-universal-health-coverage-uhc-in-pakistan,https://na.gov.pk/uploads/documents/1333523681_951.pdf,external_citation,0,
primary-school-literacy-a-case-study-of-the-educate-a-child-initiative,https://file.pide.org.pk/uploads/kb-051-primary-school-literacy-a-case-study-of-the-educate-a-child-initiative.pdf,already_present,858134,pdfs/2022/02/kb-051-primary-school-literacy-a-case-study-of-the-educate-a-child-initiative.pdf
international-day-of-a-girl-child,https://file.pide.org.pk/uploads/wb-105-international-day-of-a-girl-child.pdf,already_present,1603765,pdfs/2022/01/wb-105-international-day-of-a-girl-child.pdf
a-critical-appraisal-of-tax-expenditures-in-pakistan,https://file.pide.org.pk/uploads/kb-050-a-critical-appraisal-of-tax-expenditures-in-pakistan.pdf,already_present,693415,pdfs/2022/01/kb-050-a-critical-appraisal-of-tax-expenditures-in-pakistan.pdf
the-war-on-ordinary-people,https://file.pide.org.pk/uploads/pip-0303-the-war-on-ordinary-people.pdf,already_present,65490,pdfs/2022/01/pip-0303-the-war-on-ordinary-people.pdf
fighting-corruption,https://file.pide.org.pk/uploads/pip-0302-fighting-corruption.pdf,already_present,765597,pdfs/2022/01/pip-0302-fighting-corruption.pdf
technology-and-development,https://file.pide.org.pk/uploads/wb-104-technology-and-development.pdf,already_present,2477959,pdfs/2022/01/wb-104-technology-and-development.pdf
informal-economy-of-pakistan-policy-research-pr-vol-3-issue-1,https://file.pide.org.pk/uploads/par-vol3i1.pdf,already_present,14351901,pdfs/2022/01/par-vol3i1.pdf
interview-with-hassan-khawar-2,https://file.pide.org.pk/uploads/par-vol3i1-01-interview-with-hassan-khawar.pdf,already_present,742304,pdfs/2022/01/par-vol3i1-01-interview-with-hassan-khawar.pdf
interview-with-dr-anwar-shah,https://file.pide.org.pk/uploads/par-vol3i1-02-interview-with-dr-anwar-shah.pdf,already_present,259487,pdfs/2022/01/par-vol3i1-02-interview-with-dr-anwar-shah.pdf
interview-with-akbar-ali-street-vendor,https://file.pide.org.pk/uploads/par-vol3i1-03-interview-with-akbar-ali-street-vendor.pdf,already_present,799213,2022/par-vol3i1-03-interview-with-akbar-ali-street-vendor.pdf
nudge-by-richard-h-thaler-and-cass-r-sustein-book-review,https://file.pide.org.pk/uploads/par-vol3i1-04-nudge-by-richard-h-thaler-and-class-r-sunstein.pdf,already_present,384798,2022/par-vol3i1-04-nudge-by-richard-h-thaler-and-class-r-sunstein.pdf
capital-in-twenty-first-century-by-thomas-piketty-book-review,https://file.pide.org.pk/uploads/par-vol3i1-05-capital-in-twenty-first-century-by-thomas-piketty.pdf,already_present,267555,2022/par-vol3i1-05-capital-in-twenty-first-century-by-thomas-piketty.pdf
bridging-the-finance-and-the-tech-industry-towards-informality,https://file.pide.org.pk/uploads/par-vol3i1-06-bridging-the-finance-and-the-tech-industry.pdf,already_present,640315,2022/par-vol3i1-06-bridging-the-finance-and-the-tech-industry.pdf
pakistans-shadow-economy-the-impact-of-global-financial-crisis-and-covid-19,https://file.pide.org.pk/uploads/par-vol3i1-07-pakistans-shadow-economy-the-impact-of-global-financial-crisis-and-covid-19.pdf,already_present,2700188,2022/par-vol3i1-07-pakistans-shadow-economy-the-impact-of-global-financial-crisis-and-covid-19.pdf
the-scrap-economy,https://file.pide.org.pk/uploads/par-vol3i1-08-the-scrap-economy.pdf,already_present,584343,2022/par-vol3i1-08-the-scrap-economy.pdf
coronavirus-and-women-in-the-economy-the-socio-economic-crisis-of-female-domestic-workers-in-pakistan,https://file.pide.org.pk/uploads/par-vol3i1-09-coronavirus-and-women-in-the-economy-the-socioeconomic-crisis-of-female-domestic-workers-in-pakistan.pdf,already_present,1842238,2022/par-vol3i1-09-coronavirus-and-women-in-the-economy-the-socioeconomic-crisis-of-female-domestic-workers-in-pakistan.pdf
coronavirus-and-women-in-the-economy-the-socio-economic-crisis-of-female-domestic-workers-in-pakistan,https://think-asia.org/bitstream/handle/11540/13335/Covid-19-The-New-Normal-for-Women-in-the-Economy-in-Pakistan.pdf,external_citation,0,
informal-economic-activities-and-fabrication-of-inflation,https://file.pide.org.pk/uploads/par-vol3i1-10-informal-economic-activities-and-fabrication-of-inflation.pdf,already_present,141735,2022/par-vol3i1-10-informal-economic-activities-and-fabrication-of-inflation.pdf
economics-is-not-the-science-for-humanity,https://file.pide.org.pk/uploads/par-vol3i1-11-economics-is-not-the-science-for-humanity.pdf,already_present,339286,2022/par-vol3i1-11-economics-is-not-the-science-for-humanity.pdf
discover-your-passion-to-become-an-entrepreneur,https://file.pide.org.pk/uploads/par-vol3i1-12-discover-your-passion-to-become-an-entrepreneur.pdf,already_present,259629,2022/par-vol3i1-12-discover-your-passion-to-become-an-entrepreneur.pdf
a-glance-at-socio-economic-realities-of-jogi-community,https://file.pide.org.pk/uploads/par-vol3i1-13-a-glance-at-socio-economic-realities-of-jogi-community.pdf,already_present,307680,2022/par-vol3i1-13-a-glance-at-socio-economic-realities-of-jogi-community.pdf
is-pakistan-diversifying-its-agriculture-production,https://file.pide.org.pk/uploads/par-vol3i1-14-is-pakistan-diversifying-its-agricultural-production.pdf,already_present,1472141,2022/par-vol3i1-14-is-pakistan-diversifying-its-agricultural-production.pdf
socio-economics-financial-impacts-of-environmental-degradation-in-pakistan,https://file.pide.org.pk/uploads/par-vol3i1-15-socioeconomic-and-financial-impacts-of-environmental-degradation-in-pakistan.pdf,already_present,1080740,2022/par-vol3i1-15-socioeconomic-and-financial-impacts-of-environmental-degradation-in-pakistan.pdf
media-building-narratives,https://file.pide.org.pk/uploads/par-vol3i1-16-media-building-narratives.pdf,already_present,2435683,2022/par-vol3i1-16-media-building-narratives.pdf
a-new-economic-model,https://file.pide.org.pk/uploads/pip-0301-a-new-economic-model.pdf,already_present,47745,pdfs/2022/01/pip-0301-a-new-economic-model.pdf
an-economic-collapse,https://file.pide.org.pk/uploads/pip-0300-an-economic-collapse.pdf,already_present,60609,pdfs/2022/01/pip-0300-an-economic-collapse.pdf
schools-in-pakistan-types-and-fees-monthly,https://file.pide.org.pk/uploads/pa-02-schools-in-pakistan-types-and-fees-monthly.pdf,already_present,168932,2022/pa-02-schools-in-pakistan-types-and-fees-monthly.pdf
the-paradox-of-housing-societies-in-pakistan,https://file.pide.org.pk/uploads/wb-103-the-paradox-of-housing-societies-in-pakistan.pdf,already_present,3439171,2022/wb-103-the-paradox-of-housing-societies-in-pakistan.pdf
extraction-thy-name-is-development,https://file.pide.org.pk/uploads/pip-0299-extraction-thy-name-is-development.pdf,already_present,68099,pdfs/2022/01/pip-0299-extraction-thy-name-is-development.pdf
power-sector-effective-regulation-not-regulatory-burden,https://file.pide.org.pk/uploads/pv-35-power-sector-effective-regulation-not-regulatory-burden.pdf,already_present,810046,2022/pv-35-power-sector-effective-regulation-not-regulatory-burden.pdf
power-sector-effective-regulation-not-regulatory-burden,https://www.adb.org/sites/default/files/linked-documents/49423-005-ssa.pdf,external_citation,0,
ptis-mini-budget-is-the-right-decision-at-the-wrong-time,https://file.pide.org.pk/uploads/pip-0297-ptis-mini-budget-is-the-right-decision-at-the-wrong-time.pdf,already_present,72481,pdfs/2022/01/pip-0297-ptis-mini-budget-is-the-right-decision-at-the-wrong-time.pdf
underrepresentation-of-developing-country-researchers-in-development-research,https://file.pide.org.pk/uploads/wb-102-underrepresentation-of-developing-country-researchers-in-development-research.pdf,already_present,1030369,2022/wb-102-underrepresentation-of-developing-country-researchers-in-development-research.pdf
imf-and-its-discontents,https://file.pide.org.pk/uploads/pip-0296-imf-and-its-discontents.pdf,already_present,34454,pdfs/2022/01/pip-0296-imf-and-its-discontents.pdf
pakistan-opportunity-to-excel-now-and-the-future,https://file.pide.org.pk/uploads/um-07-pakistan-opportunity-to-excel-now-and-the-future.pdf,already_present,2612632,2022/um-07-pakistan-opportunity-to-excel-now-and-the-future.pdf
political-party-manifestos-reform-paradox-in-pakistan-2,https://file.pide.org.pk/pdfpideresearch/rr-political-party-manifestos-reform-paradox-in-pakistan-2.pdf,http_404,0,
whither-pakistans-football,https://file.pide.org.pk/uploads/discourse-vol1i3-20-whither-pakistans-football.pdf.pdf,http_404,0,
pakistans-green-gamble,https://file.pide.org.pk/pdfpideinpress/pip-pakistans-green-gamble.pdf,http_404,0,
