slug,title,date,month,year,category,sub_category,authors,keywords,jel_codes,page_url,pdf_url,extra_pdf_urls,cited_external_pdfs,pdf_path,fulltext_path,word_count
the-first-middle-east-alliance-that-doesnt-need-washingtons-permission,The first Middle East alliance that doesn’t need Washington’s permission,2026-08-25,2026-08,2026,PIDE in Press,PIDE in Press,Mansoor Qaisar,,,https://pide.org.pk/research/the-first-middle-east-alliance-that-doesnt-need-washingtons-permission/,,,,,,0
pakistan-is-sitting-on-a-trade-route-worth-billions-and-blocking-it,Pakistan Is Sitting On A Trade Route Worth Billions And Blocking It,2026-08-25,2026-08,2026,PIDE in Press,PIDE in Press,Mansoor Qaisar,,,https://pide.org.pk/research/pakistan-is-sitting-on-a-trade-route-worth-billions-and-blocking-it/,,,,,,0
gold-rising-dollar-wavering-inside-the-new-economic-cold-war-and-its-impact-on-pakistan,"Gold rising, dollar wavering: inside the new economic ‘Cold War’ and its impact on Pakistan",2026-08-25,2026-08,2026,PIDE in Press,PIDE in Press,Madiha Riaz,,,https://pide.org.pk/research/gold-rising-dollar-wavering-inside-the-new-economic-cold-war-and-its-impact-on-pakistan/,,,,,,0
pakistans-missing-millions,Pakistan’s missing millions,2026-08-24,2026-08,2026,PIDE in Press,PIDE in Press,Nabila Kunwal; Shujaat Farooq,,,https://pide.org.pk/research/pakistans-missing-millions/,,,,,,0
when-demographics-penalise-progress,When demographics penalise progress,2026-08-21,2026-08,2026,PIDE in Press,PIDE in Press,Mehwish Mumtaz,,,https://pide.org.pk/research/when-demographics-penalise-progress/,,,,,,0
the-mineral-corridor,The mineral corridor,2026-08-21,2026-08,2026,PIDE in Press,PIDE in Press,Saqib Ur Rehman Mughal,,,https://pide.org.pk/research/the-mineral-corridor/,,,,,,0
saving-less-growing-less-2,"Saving less, growing less",2026-08-21,2026-08,2026,PIDE in Press,PIDE in Press,Rafia Ali,,,https://pide.org.pk/research/saving-less-growing-less-2/,,,,,,0
pakistans-groundwater-crisis-policy-lessons-and-a-framework-for-sustainable-resource-use,Pakistan’s Groundwater Crisis: Policy Lessons and a Framework for Sustainable Resource Use,2026-08-21,2026-08,2026,Working Paper; Recent Publications,Recent Publications; Working Paper,Nazam Maqbool,,,https://pide.org.pk/research/pakistans-groundwater-crisis-policy-lessons-and-a-framework-for-sustainable-resource-use/,https://file.pide.org.pk/pdfpideresearch/wp-26-07-pakistans-groundwater-crisis-policy-lessons-and-a-framework-for-sustainable-resource-use.pdf,,,pdfs/2026/08/wp-26-07-pakistans-groundwater-crisis-policy-lessons-and-a-framework-for-sustainable-resource-use.pdf,data/fulltext/pakistans-groundwater-crisis-policy-lessons-and-a-framework-for-sustainable-resource-use.txt,1702
irans-supreme-leader-is-back-in-control-that-may-be-why-diplomacy-with-washington-just-collapsed,Iran’s supreme leader is back in control. That may be why diplomacy with Washington just collapsed,2026-08-21,2026-08,2026,PIDE in Press,PIDE in Press,Mansoor Qaisar,,,https://pide.org.pk/research/irans-supreme-leader-is-back-in-control-that-may-be-why-diplomacy-with-washington-just-collapsed/,,,,,,0
border-closures-conflict-and-the-trade-of-perishable-goods,"Border Closures, Conflict, and the Trade of Perishable Goods",2026-08-21,2026-08,2026,Policy Viewpoint; Recent Publications,Recent Publications; Policy Viewpoint,Farah Naz; Anjeela Khurram,,,https://pide.org.pk/research/border-closures-conflict-and-the-trade-of-perishable-goods/,https://file.pide.org.pk/pdfpideresearch/pv-71-border-closures-conflict-and-the-trade-of-perishable-goods.pdf,,,pdfs/2026/08/pv-71-border-closures-conflict-and-the-trade-of-perishable-goods.pdf,data/fulltext/border-closures-conflict-and-the-trade-of-perishable-goods.txt,2586
the-first-cargo,The First Cargo,2026-08-20,2026-08,2026,Policy Viewpoint,Recent Publications; Policy Viewpoint,Nasir Iqbal; Shahzada M. Naeem Nawaz,,,https://pide.org.pk/research/the-first-cargo/,https://file.pide.org.pk/pdfpideresearch/pv-70-the-first-cargo.pdf,,,pdfs/2026/08/pv-70-the-first-cargo.pdf,data/fulltext/the-first-cargo.txt,2310
the-numbers-missing-from-indias-four-day-war-documentary,The numbers missing from India’s four-day-war documentary,2026-08-19,2026-08,2026,PIDE in Press,PIDE in Press,Mansoor Qaisar,,,https://pide.org.pk/research/the-numbers-missing-from-indias-four-day-war-documentary/,,,,,,0
from-makkah-to-gwadar-how-a-wartime-pact-could-redraw-eurasia,From Makkah to Gwadar: How a Wartime Pact Could Redraw Eurasia,2026-08-19,2026-08,2026,PIDE in Press,PIDE in Press,Mujtaba Arshad,,,https://pide.org.pk/research/from-makkah-to-gwadar-how-a-wartime-pact-could-redraw-eurasia/,,,,,,0
what-china-understood-about-ports-that-pakistan-still-doesnt,What China Understood About Ports That Pakistan Still Doesn’t,2026-08-18,2026-08,2026,PIDE in Press,PIDE in Press,Awais Ali,,,https://pide.org.pk/research/what-china-understood-about-ports-that-pakistan-still-doesnt/,,,,,,0
turning-waico-into-pakistans-ai-advantage,Turning WAICO into Pakistan’s AI advantage,2026-08-18,2026-08,2026,PIDE in Press,PIDE in Press,Eeman Taimur; Uzair Khaleeq-uz-Zaman,,,https://pide.org.pk/research/turning-waico-into-pakistans-ai-advantage/,,,,,,0
pakistan-has-won-the-diplomacy-now-comes-the-harder-test,"Pakistan has won the diplomacy, now comes the harder test",2026-08-18,2026-08,2026,PIDE in Press,PIDE in Press,Mansoor Qaisar,,,https://pide.org.pk/research/pakistan-has-won-the-diplomacy-now-comes-the-harder-test/,,,,,,0
after-mecca-the-rise-of-a-new-middle-east-security-order-and-irans-strategic-dilemma,After Mecca: The rise of a new Middle East security order and Iran’s strategic dilemma,2026-08-18,2026-08,2026,PIDE in Press,PIDE in Press,Mansoor Qaisar,,,https://pide.org.pk/research/after-mecca-the-rise-of-a-new-middle-east-security-order-and-irans-strategic-dilemma/,,,,,,0
securitys-weakest-link,Security’s weakest link,2026-08-17,2026-08,2026,PIDE in Press,PIDE in Press,Karim Khan,,,https://pide.org.pk/research/securitys-weakest-link/,,,,,,0
manufacturing-batteries-locally,Manufacturing batteries locally,2026-08-17,2026-08,2026,PIDE in Press,PIDE in Press,Sapna V Khemani,,,https://pide.org.pk/research/manufacturing-batteries-locally/,,,,,,0
issues-in-the-automobile-industry,Issues in the Automobile Industry,2026-08-17,2026-08,2026,PIDE in Press,PIDE in Press,Usman Qadir,,,https://pide.org.pk/research/issues-in-the-automobile-industry/,,,,,,0
five-years-on-taliban-has-territory-but-not-sovereignty,"Five years on, Taliban has territory but not sovereignty",2026-08-15,2026-08,2026,PIDE in Press,PIDE in Press,Mansoor Qaisar,,,https://pide.org.pk/research/five-years-on-taliban-has-territory-but-not-sovereignty/,,,,,,0
when-diplomacy-wears-a-uniform-asim-munirs-harder-test-after-the-makkah-defence-pact,When Diplomacy Wears a Uniform: Asim Munir’s Harder Test After the Makkah Defence Pact,2026-08-14,2026-08,2026,PIDE in Press,PIDE in Press,Mansoor Qaisar,,,https://pide.org.pk/research/when-diplomacy-wears-a-uniform-asim-munirs-harder-test-after-the-makkah-defence-pact/,,,,,,0
pakistans-tomato-price-surge,Pakistan’s Tomato price surge,2026-08-14,2026-08,2026,PIDE in Press,PIDE in Press,Inayat Ullah,,,https://pide.org.pk/research/pakistans-tomato-price-surge/,,,,,,0
mineral-corridor-from-mines-to-manufacturing-i,‘Mineral Corridor’: from mines to manufacturing – I,2026-08-14,2026-08,2026,PIDE in Press,PIDE in Press,Saqib Ur Rehman Mughal,,,https://pide.org.pk/research/mineral-corridor-from-mines-to-manufacturing-i/,,,,,,0
inclusion-before-enforcement,Inclusion before enforcement,2026-08-14,2026-08,2026,PIDE in Press,PIDE in Press,Usama Abdul Rauf,,,https://pide.org.pk/research/inclusion-before-enforcement/,,,,,,0
gwadars-real-challenge-is-not-geography-its-shipping-lines,Gwadar’s real challenge is not geography—it’s shipping lines,2026-08-14,2026-08,2026,PIDE in Press,PIDE in Press,Mujtaba Arshad,,,https://pide.org.pk/research/gwadars-real-challenge-is-not-geography-its-shipping-lines/,,,,,,0
from-corridors-to-commerce,From Corridors to Commerce,2026-08-14,2026-08,2026,PIDE in Press,PIDE in Press,Ahmad Jamal Wattoo,,,https://pide.org.pk/research/from-corridors-to-commerce/,,,,,,0
from-connectivity-to-competitiveness,From Connectivity To Competitiveness,2026-08-14,2026-08,2026,PIDE in Press,PIDE in Press,Rafia Ali,,,https://pide.org.pk/research/from-connectivity-to-competitiveness/,,,,,,0
abraham-offered-normalisation-makkah-offers-security,Abraham offered normalisation. Makkah offers security,2026-08-14,2026-08,2026,PIDE in Press,PIDE in Press,Mansoor Qaisar,,,https://pide.org.pk/research/abraham-offered-normalisation-makkah-offers-security/,,,,,,0
shrimp-aquaculture-as-pakistans-next-blue-economy-opportunity-lessons-from-dhabeji-farmk,Shrimp Aquaculture as Pakistan’s Next Blue Economy Opportunity: Lessons from Dhabeji Farm,2026-08-13,2026-08,2026,Knowledge Brief,Recent Publications; Knowledge Brief,Usama Abdul Rauf; Saima Perveen,,,https://pide.org.pk/research/shrimp-aquaculture-as-pakistans-next-blue-economy-opportunity-lessons-from-dhabeji-farmk/,https://file.pide.org.pk/pdfpideresearch/kb-160-shrimp-aquaculture-as-pakistans-next-blue-economy-opportunity-lessons-from-dhabeji-farmk.pdf,,,pdfs/2026/08/kb-160-shrimp-aquaculture-as-pakistans-next-blue-economy-opportunity-lessons-from-dhabeji-farmk.pdf,data/fulltext/shrimp-aquaculture-as-pakistans-next-blue-economy-opportunity-lessons-from-dhabeji-farmk.txt,1335
beyond-raw-exports-capturing-value-from-pakistans-himalayan-pink-salt,Beyond Raw Exports: Capturing Value from Pakistan’s Himalayan Pink Salt,2026-08-11,2026-08,2026,Policy Viewpoint,Recent Publications; Policy Viewpoint,Nisar Ali,,,https://pide.org.pk/research/beyond-raw-exports-capturing-value-from-pakistans-himalayan-pink-salt/,https://file.pide.org.pk/pdfpideresearch/pv-69-beyond-raw-exports-capturing-value-from-pakistans-himalayan-pink-salt.pdf,,,pdfs/2026/08/pv-69-beyond-raw-exports-capturing-value-from-pakistans-himalayan-pink-salt.pdf,data/fulltext/beyond-raw-exports-capturing-value-from-pakistans-himalayan-pink-salt.txt,1253
the-generation-no-party-owns-what-indias-gen-z-revolt-could-become,The Generation No Party Owns: What India’s Gen Z Revolt Could Become,2026-08-10,2026-08,2026,PIDE in Press,PIDE in Press,Mansoor Qaisar,,,https://pide.org.pk/research/the-generation-no-party-owns-what-indias-gen-z-revolt-could-become/,,,,,,0
india-china-thaw-is-a-supply-chain-truce-not-a-strategic-reset,"India-China thaw is a supply-chain truce, not a strategic reset",2026-08-10,2026-08,2026,PIDE in Press,PIDE in Press,Mansoor Qaisar,,,https://pide.org.pk/research/india-china-thaw-is-a-supply-chain-truce-not-a-strategic-reset/,,,,,,0
decoding-joblessness-in-pakistan-a-generational-and-temporal-analysis,Decoding Joblessness in Pakistan: A Generational and Temporal Analysis,2026-08-10,2026-08,2026,Working Paper,Recent Publications; Working Paper,Henna Ahsan; Amena Urooj,,,https://pide.org.pk/research/decoding-joblessness-in-pakistan-a-generational-and-temporal-analysis/,https://file.pide.org.pk/pdfpideresearch/wp-26-06-decoding-joblessness-in-pakistan-a-generational-and-temporal-analysis.pdf,,,pdfs/2026/08/wp-26-06-decoding-joblessness-in-pakistan-a-generational-and-temporal-analysis.pdf,data/fulltext/decoding-joblessness-in-pakistan-a-generational-and-temporal-analysis.txt,2216
corporate-digital-leap,Corporate digital leap,2026-08-10,2026-08,2026,PIDE in Press,PIDE in Press,Farhat Mahmood,,,https://pide.org.pk/research/corporate-digital-leap/,,,,,,0
climate-disaster-risk-reduction,Climate disaster risk reduction,2026-08-10,2026-08,2026,PIDE in Press,PIDE in Press,Anjeela Khurram,,,https://pide.org.pk/research/climate-disaster-risk-reduction/,,,,,,0
afghanistan-cannot-fight-hunger-while-sheltering-the-ttp,Afghanistan Cannot Fight Hunger While Sheltering the TTP,2026-08-10,2026-08,2026,PIDE in Press,PIDE in Press,Mansoor Qaisar,,,https://pide.org.pk/research/afghanistan-cannot-fight-hunger-while-sheltering-the-ttp/,,,,,,0
why-pakistan-must-rethink-decision-making,Why Pakistan must rethink decision-making,2026-08-04,2026-08,2026,PIDE in Press,PIDE in Press,Maryam Hafeez,,,https://pide.org.pk/research/why-pakistan-must-rethink-decision-making/,,,,,,0
walking-the-tightrope-between-tehran-and-riyadh,Walking the tightrope between Tehran and Riyadh,2026-08-04,2026-08,2026,PIDE in Press,PIDE in Press,Mansoor Qaisar,,,https://pide.org.pk/research/walking-the-tightrope-between-tehran-and-riyadh/,,,,,,0
agriculture-waters-cycle-of-debt-and-poverty,Agriculture: Water’s cycle of debt and poverty,2026-08-04,2026-08,2026,PIDE in Press,PIDE in Press,Abida Naurin,,,https://pide.org.pk/research/agriculture-waters-cycle-of-debt-and-poverty/,,,,,,0
the-hidden-cost-of-a-litre,The hidden cost of a litre,2026-08-03,2026-08,2026,PIDE in Press,PIDE in Press,Abida Naurin,,,https://pide.org.pk/research/the-hidden-cost-of-a-litre/,,,,,,0
the-economy-pakistan-forgot-to-measure,The economy Pakistan forgot to measure,2026-08-03,2026-08,2026,PIDE in Press,PIDE in Press,Nabila Kunwal,,,https://pide.org.pk/research/the-economy-pakistan-forgot-to-measure/,,,,,,0
promise-without-protection,Promise without protection,2026-07-30,2026-07,2026,PIDE in Press,PIDE in Press,Mansoor Qaisar,,,https://pide.org.pk/research/promise-without-protection/,,,,,,0
pakistans-fintech-landscape,Pakistan’s fintech landscape,2026-07-30,2026-07,2026,PIDE in Press,PIDE in Press,Muhammad Yasir,,,https://pide.org.pk/research/pakistans-fintech-landscape/,,,,,,0
completing-pakistans-white-oil-pipeline-backbone-promise-and-risks-of-mtt-wop,Completing Pakistan’s White Oil Pipeline Backbone: Promise and Risks of MTT-WOP,2026-07-30,2026-07,2026,Knowledge Brief,Recent Publications; Knowledge Brief,Bilal Aftab,,,https://pide.org.pk/research/completing-pakistans-white-oil-pipeline-backbone-promise-and-risks-of-mtt-wop/,https://file.pide.org.pk/pdfpideresearch/kb-159-completing-pakistans-white-oil-pipeline-backbone-promise-and-risks-of-mtt-wop.pdf,,,pdfs/2026/07/kb-159-completing-pakistans-white-oil-pipeline-backbone-promise-and-risks-of-mtt-wop.pdf,data/fulltext/completing-pakistans-white-oil-pipeline-backbone-promise-and-risks-of-mtt-wop.txt,2592
beyond-a-muslim-nato-pakistan-and-the-middle-easts-emerging-security-order,Beyond a ‘Muslim NATO’: Pakistan and the Middle East’s Emerging Security Order,2026-07-30,2026-07,2026,PIDE in Press,PIDE in Press,Mansoor Qaisar,,,https://pide.org.pk/research/beyond-a-muslim-nato-pakistan-and-the-middle-easts-emerging-security-order/,,,,,,0
from-dust-to-dollars,From Dust to Dollars,2026-07-29,2026-07,2026,PIDE in Press,PIDE in Press,Fareed Kakar,,,https://pide.org.pk/research/from-dust-to-dollars/,,,,,,0
an-analysis-of-the-determinants-of-national-savings-and-total-investment-in-pakistan,An Analysis of the Determinants of National Savings and Total Investment in Pakistan,2026-07-29,2026-07,2026,Working Paper,Recent Publications; Working Paper,Farhat Mahmood; Saud Ahmed Khan,,,https://pide.org.pk/research/an-analysis-of-the-determinants-of-national-savings-and-total-investment-in-pakistan/,https://file.pide.org.pk/pdfpideresearch/wp-26-05-an-analysis-of-the-determinants-of-national-savings-and-total-investment-in-pakistan.pdf,,,pdfs/2026/07/wp-26-05-an-analysis-of-the-determinants-of-national-savings-and-total-investment-in-pakistan.pdf,data/fulltext/an-analysis-of-the-determinants-of-national-savings-and-total-investment-in-pakistan.txt,1812
u-s-iran-truce-under-pressure-as-fresh-attacks-fuel-fears-of-wider-gulf-conflict,U.S.–Iran Truce Under Pressure as Fresh Attacks Fuel Fears of Wider Gulf Conflict,2026-07-28,2026-07,2026,PIDE in Press,PIDE in Press,Mansoor Qaisar,,,https://pide.org.pk/research/u-s-iran-truce-under-pressure-as-fresh-attacks-fuel-fears-of-wider-gulf-conflict/,,,,,,0
pakistans-only-choice-is-active-neutrality-in-us-iran-war,Pakistan’s only choice is active neutrality in US-Iran war,2026-07-28,2026-07,2026,PIDE in Press,PIDE in Press,Mansoor Qaisar,,,https://pide.org.pk/research/pakistans-only-choice-is-active-neutrality-in-us-iran-war/,,,,,,0
managing-population,Managing population,2026-07-28,2026-07,2026,PIDE in Press,PIDE in Press,Mansoor Qaisar,,,https://pide.org.pk/research/managing-population/,,,,,,0
from-colombo-to-islamabad-a-generation-judges-governments-by-results-not-rhetoric,"From Colombo To Islamabad: A Generation Judges Governments By Results, Not Rhetoric",2026-07-28,2026-07,2026,PIDE in Press,PIDE in Press,Mansoor Qaisar,,,https://pide.org.pk/research/from-colombo-to-islamabad-a-generation-judges-governments-by-results-not-rhetoric/,,,,,,0
energy-transition-what-it-means-what-the-evidence-shows-and-what-it-implies-for-pakistan,"Energy Transition: What It Means, What the Evidence Shows, and What It Implies for Pakistan",2026-07-28,2026-07,2026,Knowledge Brief,Recent Publications; Knowledge Brief,Shahzada M. Naeem Nawaz,,,https://pide.org.pk/research/energy-transition-what-it-means-what-the-evidence-shows-and-what-it-implies-for-pakistan/,https://file.pide.org.pk/pdfpideresearch/kb-158-energy-transition-what-it-means-what-the-evidence-shows-and-what-it-implies-for-pakistan.pdf,,,pdfs/2026/07/kb-158-energy-transition-what-it-means-what-the-evidence-shows-and-what-it-implies-for-pakistan.pdf,data/fulltext/energy-transition-what-it-means-what-the-evidence-shows-and-what-it-implies-for-pakistan.txt,2462
cpec-2-0-and-pakistans-digital-future-from-infrastructure-to-innovation,CPEC 2.0 and Pakistan’s digital future: From infrastructure to innovation,2026-07-28,2026-07,2026,PIDE in Press,PIDE in Press,Eeman Taimur,,,https://pide.org.pk/research/cpec-2-0-and-pakistans-digital-future-from-infrastructure-to-innovation/,,,,,,0
ai-enabled-public-governance,AI-enabled public governance,2026-07-28,2026-07,2026,PIDE in Press,PIDE in Press,Shamaila Zareen,,,https://pide.org.pk/research/ai-enabled-public-governance/,,,,,,0
stalled-transitions-constrained-choices-evidence-from-hies-2024-25-and-the-conditions-for-pakistans-demographic-dividend,"Stalled Transitions, Constrained Choices: Evidence from HIES 2024–25 and the Conditions for Pakistan’s Demographic Dividend",2026-07-27,2026-07,2026,Knowledge Brief,Recent Publications; Knowledge Brief,Saima Bashir,,,https://pide.org.pk/research/stalled-transitions-constrained-choices-evidence-from-hies-2024-25-and-the-conditions-for-pakistans-demographic-dividend/,https://file.pide.org.pk/pdfpideresearch/kb-157-stalled-transitions-constrained-choices.pdf,,,pdfs/2026/07/kb-157-stalled-transitions-constrained-choices.pdf,data/fulltext/stalled-transitions-constrained-choices-evidence-from-hies-2024-25-and-the-conditions-for-pakistans-demographic-dividend.txt,3877
july-2026-monetary-policy-assessment-market-expectations-macroeconomic-conditions-and-policy-assessment,"July 2026 Monetary Policy Assessment: Market Expectations, Macroeconomic Conditions and Policy Assessment",2026-07-25,2026-07,2026,Research Reports,Recent Publications; Research Report,PIDE,,,https://pide.org.pk/research/july-2026-monetary-policy-assessment-market-expectations-macroeconomic-conditions-and-policy-assessment/,https://file.pide.org.pk/pdfpideresearch/pv-july-2026-monetary-policy-assessment-market-expectations-macroeconomic-conditions-and-policy-assessment.pdf,,,pdfs/2026/07/pv-july-2026-monetary-policy-assessment-market-expectations-macroeconomic-conditions-and-policy-assessment.pdf,data/fulltext/july-2026-monetary-policy-assessment-market-expectations-macroeconomic-conditions-and-policy-assessment.txt,988
protecting-developing-minds-in-the-digital-age-a-bibliometric-analysis-of-mobile-phone-use-and-child-well-being,Protecting Developing Minds in the Digital Age: A Bibliometric Analysis of Mobile Phone Use and Child Well-Being,2026-07-24,2026-07,2026,Knowledge Brief,Recent Publications; Knowledge Brief,Eman Qadeer,,,https://pide.org.pk/research/protecting-developing-minds-in-the-digital-age-a-bibliometric-analysis-of-mobile-phone-use-and-child-well-being/,https://file.pide.org.pk/pdfpideresearch/kb-156-protecting-developing-minds-in-the-digital-age-a-bibliometric-analysis-of-mobile-phone-use-and-child-well-being.pdf,,,pdfs/2026/07/kb-156-protecting-developing-minds-in-the-digital-age-a-bibliometric-analysis-of-mobile-phone-use-and-child-well-being.pdf,data/fulltext/protecting-developing-minds-in-the-digital-age-a-bibliometric-analysis-of-mobile-phone-use-and-child-well-being.txt,4499
protection-for-small-savers-flexibility-for-large-deposits,"Protection for small savers, flexibility for large deposits",2026-07-22,2026-07,2026,PIDE in Press,PIDE in Press,Hafsa Hina,,,https://pide.org.pk/research/protection-for-small-savers-flexibility-for-large-deposits/,,,,,,0
unaccounted-gas-unacceptable-losses,"Unaccounted Gas, Unacceptable Losses",2026-07-21,2026-07,2026,PIDE in Press,PIDE in Press,Bilal Aftab,,,https://pide.org.pk/research/unaccounted-gas-unacceptable-losses/,,,,,,0
digital-literacy-in-pakistan-the-current-state-and-key-challenges,Digital Literacy in Pakistan: The Current State and Key Challenges,2026-07-21,2026-07,2026,Knowledge Brief,Recent Publications; Knowledge Brief,Maryam Hafeez,,,https://pide.org.pk/research/digital-literacy-in-pakistan-the-current-state-and-key-challenges/,https://file.pide.org.pk/pdfpideresearch/kb-155-digital-literacy-in-pakistan-the-current-state-and-key-challenges.pdf,,,pdfs/2026/07/kb-155-digital-literacy-in-pakistan-the-current-state-and-key-challenges.pdf,data/fulltext/digital-literacy-in-pakistan-the-current-state-and-key-challenges.txt,1976
a-changing-role-of-cpec-2-0-in-pakistans-financial-and-external-sectors,A changing role of CPEC 2.0 in Pakistan’s financial and external sectors,2026-07-20,2026-07,2026,PIDE in Press,PIDE in Press,Eeman Taimur; Syed Hasanat Shah,,,https://pide.org.pk/research/a-changing-role-of-cpec-2-0-in-pakistans-financial-and-external-sectors/,,,,,,0
understanding-fake-news-and-its-rise-amid-crisis,Understanding Fake News and Its Rise Amid Crisis,2026-07-17,2026-07,2026,Knowledge Brief,Recent Publications; Knowledge Brief,Fizzah Khalid Butt,,,https://pide.org.pk/research/understanding-fake-news-and-its-rise-amid-crisis/,https://file.pide.org.pk/pdfpideresearch/kb-154-understanding-fake-news-and-its-rise-amid-crisis.pdf,,,pdfs/2026/07/kb-154-understanding-fake-news-and-its-rise-amid-crisis.pdf,data/fulltext/understanding-fake-news-and-its-rise-amid-crisis.txt,2478
the-hormuz-trap,The Hormuz trap,2026-07-17,2026-07,2026,PIDE in Press,PIDE in Press,Mehwish Mumtaz,,,https://pide.org.pk/research/the-hormuz-trap/,,,,,,0
column-bridging-great-governance-gap-for-shared-prosperity-in-interconnected-world,Column: Bridging great governance gap for shared prosperity in interconnected world,2026-07-17,2026-07,2026,PIDE in Press,PIDE in Press,Muhammad Nadeem Javaid,,,https://pide.org.pk/research/column-bridging-great-governance-gap-for-shared-prosperity-in-interconnected-world/,,,,,,0
the-real-imf-strategy-lies-in-production-not-financing,"The Real IMF Strategy Lies in Production, Not Financing",2026-07-16,2026-07,2026,PIDE in Press,PIDE in Press,,,,https://pide.org.pk/research/the-real-imf-strategy-lies-in-production-not-financing/,,,,,,0
automobile-policy-2026-2031-recommendations-from-pide-research,Automobile Policy 2026–2031: Recommendations from PIDE Research,2026-07-16,2026-07,2026,Policy Viewpoint,Recent Publications; Policy Viewpoint,Mohammad Shaaf Najib; Usman Qadir,,,https://pide.org.pk/research/automobile-policy-2026-2031-recommendations-from-pide-research/,https://file.pide.org.pk/pdfpideresearch/pv-68-automobile-policy-2026-2031-recommendations-from-pide-research.pdf,,,pdfs/2026/07/pv-68-automobile-policy-2026-2031-recommendations-from-pide-research.pdf,data/fulltext/automobile-policy-2026-2031-recommendations-from-pide-research.txt,1754
from-lng-to-thar-rethinking-pakistans-energy-transition,From LNG to Thar: rethinking Pakistan’s energy transition,2026-07-15,2026-07,2026,PIDE in Press,PIDE in Press,Rubina Ilyas,,,https://pide.org.pk/research/from-lng-to-thar-rethinking-pakistans-energy-transition/,,,,,,0
saving-less-growing-less,"Saving less, growing less",2026-07-14,2026-07,2026,PIDE in Press,PIDE in Press,Rafia Ali,,,https://pide.org.pk/research/saving-less-growing-less/,,,,,,0
pide-in-press,PIDE in Press,2026-07-14,2026-07,2026,PIDE in Press,PIDE in Press,,,,https://pide.org.pk/research/pide-in-press/,,,,,,0
corporate-window-ifrs-exemption-for-energy-soes,CORPORATE WINDOW: IFRS exemption for energy SOEs,2026-07-14,2026-07,2026,PIDE in Press,PIDE in Press,Ahmad Fraz,,,https://pide.org.pk/research/corporate-window-ifrs-exemption-for-energy-soes/,,,,,,0
chasing-100bn-exports,Chasing $100bn exports,2026-07-14,2026-07,2026,PIDE in Press,PIDE in Press,Junaid Ahmed; Wajid Islam,,,https://pide.org.pk/research/chasing-100bn-exports/,,,,,,0
capturing-the-middle-east-recovery,Capturing the Middle East Recovery,2026-07-14,2026-07,2026,Policy Viewpoint,Recent Publications; Policy Viewpoint,Nasir Iqbal,,,https://pide.org.pk/research/capturing-the-middle-east-recovery/,https://file.pide.org.pk/pdfpideresearch/pv-67-capturing-the-middle-east-recovery.pdf,,,pdfs/2026/07/pv-67-capturing-the-middle-east-recovery.pdf,data/fulltext/capturing-the-middle-east-recovery.txt,2328
managing-pakistans-rlng-exposure-declining-dispatch-rising-financial-risk,"Managing Pakistan’s RLNG Exposure: Declining Dispatch, Rising Financial Risk",2026-07-13,2026-07,2026,Policy Viewpoint,Recent Publications; Policy Viewpoint,Rubina Ilyas,,,https://pide.org.pk/research/managing-pakistans-rlng-exposure-declining-dispatch-rising-financial-risk/,https://file.pide.org.pk/pdfpideresearch/pv-66-managing-pakistans-rlng-exposure-declining-dispatch-rising-financial-risk.pdf,,,pdfs/2026/07/pv-66-managing-pakistans-rlng-exposure-declining-dispatch-rising-financial-risk.pdf,data/fulltext/managing-pakistans-rlng-exposure-declining-dispatch-rising-financial-risk.txt,1350
sovereignty-doesnt-end-at-the-rivers-edge,Sovereignty doesn’t end at the river’s edge,2026-07-11,2026-07,2026,PIDE in Press,PIDE in Press,Mansoor Qaisar,,,https://pide.org.pk/research/sovereignty-doesnt-end-at-the-rivers-edge/,,,,,,0
the-electric-lane-to-economic-self-sufficiency-can-evs-break-pakistans-dependence-on-a-volatile-middle-east,The Electric Lane To Economic Self-Sufficiency: Can EVs Break Pakistan’s Dependence On A volatile Middle East?,2026-07-10,2026-07,2026,PIDE in Press,PIDE in Press,Ussama Bin Sajjad Kiyani,,,https://pide.org.pk/research/the-electric-lane-to-economic-self-sufficiency-can-evs-break-pakistans-dependence-on-a-volatile-middle-east/,,,,,,0
political-economy-and-policy-research-limits-of-political-conveniences,Political economy and policy research – limits of political conveniences,2026-07-10,2026-07,2026,PIDE in Press,PIDE in Press,Omer Siddique,,,https://pide.org.pk/research/political-economy-and-policy-research-limits-of-political-conveniences/,,,,,,0
the-green-test,The green test,2026-07-06,2026-07,2026,PIDE in Press,PIDE in Press,Saqib Ur Rehman Mughal,,,https://pide.org.pk/research/the-green-test/,,,,,,0
fragile-supply,Fragile supply,2026-07-06,2026-07,2026,PIDE in Press,PIDE in Press,Ajmal Kakar,,,https://pide.org.pk/research/fragile-supply/,,,,,,0
breaking-new-ground-in-governance,Breaking new ground in governance,2026-06-30,2026-06,2026,PIDE in Press,PIDE in Press,Nadeem Ahmed Khan,,,https://pide.org.pk/research/breaking-new-ground-in-governance/,,,,,,0
work-from-home-wfh-challenges-monitoring-and-shared-responsibility,"Work from Home (WfH): Challenges, Monitoring, and Shared Responsibility",2026-06-29,2026-06,2026,Knowledge Brief,Recent Publications; Knowledge Brief,Fahd Zulfiqar,,,https://pide.org.pk/research/work-from-home-wfh-challenges-monitoring-and-shared-responsibility/,https://file.pide.org.pk/pdfpideresearch/kb-153-work-from-home-wfh-challenges-monitoring-and-shared-responsibility.pdf,,,pdfs/2026/06/kb-153-work-from-home-wfh-challenges-monitoring-and-shared-responsibility.pdf,data/fulltext/work-from-home-wfh-challenges-monitoring-and-shared-responsibility.txt,3253
the-solar-paradox,The solar paradox,2026-06-29,2026-06,2026,PIDE in Press,PIDE in Press,Madiha Riaz,,,https://pide.org.pk/research/the-solar-paradox/,,,,,,0
the-cost-of-stability-in-pakistans-provincial-finances,The Cost Of Stability In Pakistan’s Provincial Finances,2026-06-29,2026-06,2026,PIDE in Press,PIDE in Press,Madiha Riaz,,,https://pide.org.pk/research/the-cost-of-stability-in-pakistans-provincial-finances/,,,,,,0
no-royal-road-to-growth,No royal road to growth,2026-06-29,2026-06,2026,PIDE in Press,PIDE in Press,Muhammad Nadeem Javaid,,,https://pide.org.pk/research/no-royal-road-to-growth/,,,,,,0
media-coverage-pides-policy-viewpoint-on-reforming-minimum-wage-determination-in-pakistan,Media Coverage: PIDE’s Policy Viewpoint on “Reforming Minimum Wage Determination in Pakistan”,2026-06-29,2026-06,2026,PIDE in Press,PIDE in Press,,,,https://pide.org.pk/research/media-coverage-pides-policy-viewpoint-on-reforming-minimum-wage-determination-in-pakistan/,https://file.pide.org.pk/pdfpideinpress/pip-media-coverage-pides-policy-viewpoint-on-reforming-minimum-wage-determination-in-pakistan.pdf,,,pdfs/2026/06/pip-media-coverage-pides-policy-viewpoint-on-reforming-minimum-wage-determination-in-pakistan.pdf,,0
media-coverage-pides-policy-viewpoint-on-mobilising-domestic-savings-a-finance-bill-and-institutional-reform-agenda-for-pakistan,"Media Coverage: PIDE’s Policy Viewpoint on “Mobilising Domestic Savings: A Finance Bill and Institutional Reform Agenda for Pakistan,”",2026-06-29,2026-06,2026,PIDE in Press,PIDE in Press,,,,https://pide.org.pk/research/media-coverage-pides-policy-viewpoint-on-mobilising-domestic-savings-a-finance-bill-and-institutional-reform-agenda-for-pakistan/,https://file.pide.org.pk/pdfpideinpress/pip-media-coverage-pides-policy-viewpoint-on-mobilising-domestic-savings-a-finance-bill-and-institutional-reform-agenda-for-pakistan.pdf,,,pdfs/2026/06/pip-media-coverage-pides-policy-viewpoint-on-mobilising-domestic-savings-a-finance-bill-and-institutional-reform-agenda-for-pakistan.pdf,,0
media-coverage-pides-dialogue-on-climate-risk-and-agricultural-output-policy-pathways-for-monsoon-2026-and-beyond,Media Coverage: PIDE’s Dialogue on “Climate Risk and Agricultural Output: Policy Pathways for Monsoon 2026 and Beyond”,2026-06-29,2026-06,2026,PIDE in Press,PIDE in Press,,,,https://pide.org.pk/research/media-coverage-pides-dialogue-on-climate-risk-and-agricultural-output-policy-pathways-for-monsoon-2026-and-beyond/,https://file.pide.org.pk/pdfpideinpress/pip-media-coverage-pides-dialogue-on-climate-risk-and-agricultural-output-policy-pathways-for-monsoon-2026-and-beyond.pdf,,,pdfs/2026/06/pip-media-coverage-pides-dialogue-on-climate-risk-and-agricultural-output-policy-pathways-for-monsoon-2026-and-beyond.pdf,,0
from-green-levies-to-green-corridors,From green levies to green corridors,2026-06-25,2026-06,2026,PIDE in Press,PIDE in Press,Saqib Ur Rehman Mughal,,,https://pide.org.pk/research/from-green-levies-to-green-corridors/,,,,,,0
the-system-is-unwell,The system is unwell,2026-06-24,2026-06,2026,PIDE in Press,PIDE in Press,Mansoor Qaisar,,,https://pide.org.pk/research/the-system-is-unwell/,,,,,,0
from-mediation-to-markets-cpec-2-0-westward-opportunity,From mediation to markets: CPEC 2.0 westward opportunity,2026-06-24,2026-06,2026,PIDE in Press,PIDE in Press,Mujtaba Arshad,,,https://pide.org.pk/research/from-mediation-to-markets-cpec-2-0-westward-opportunity/,,,,,,0
the-game-finds-a-way-how-net-cricket-is-reviving-urban-youth,The Game Finds A Way: How Net Cricket Is Reviving Urban Youth,2026-06-22,2026-06,2026,PIDE in Press,PIDE in Press,Usama Abdul Rauf,,,https://pide.org.pk/research/the-game-finds-a-way-how-net-cricket-is-reviving-urban-youth/,,,,,,0
from-petrodollar-to-petro-yuan-global-macroeconomic-transformation-and-pakistans-economic-stability,From Petrodollar to Petro yuan: Global Macroeconomic Transformation and Pakistan’s Economic Stability,2026-06-22,2026-06,2026,Knowledge Brief,Recent Publications; Knowledge Brief,Madiha Riaz,,,https://pide.org.pk/research/from-petrodollar-to-petro-yuan-global-macroeconomic-transformation-and-pakistans-economic-stability/,https://file.pide.org.pk/pdfpideresearch/kb-152-from-petrodollar-to-petro-yuan-global-macroeconomic-transformation-and-pakistans-economic-stability.pdf,,,pdfs/2026/06/kb-152-from-petrodollar-to-petro-yuan-global-macroeconomic-transformation-and-pakistans-economic-stability.pdf,data/fulltext/from-petrodollar-to-petro-yuan-global-macroeconomic-transformation-and-pakistans-economic-stability.txt,1323
arithmetic-of-neglect,Arithmetic of neglect,2026-06-22,2026-06,2026,PIDE in Press,PIDE in Press,Mansoor Qaisar,,,https://pide.org.pk/research/arithmetic-of-neglect/,,,,,,0
why-pakistan-needs-credible-minimum-wage-system,Why Pakistan needs credible minimum wage system,2026-06-18,2026-06,2026,PIDE in Press,PIDE in Press,Muhammad Nadeem Javaid; Shahzada M. Naeem Nawaz,,,https://pide.org.pk/research/why-pakistan-needs-credible-minimum-wage-system/,,,,,,0
industrial-policy-with-teeth,Industrial policy with teeth,2026-06-18,2026-06,2026,PIDE in Press,PIDE in Press,Muhammad Nadeem Javaid,,,https://pide.org.pk/research/industrial-policy-with-teeth/,,,,,,0
how-to-build-pakistans-energy-resilience-against-another-crisis,How to build Pakistan’s energy resilience against another crisis?,2026-06-18,2026-06,2026,PIDE in Press,PIDE in Press,Saqib Ur Rehman Mughal; Syed Hasanat Shah,,,https://pide.org.pk/research/how-to-build-pakistans-energy-resilience-against-another-crisis/,,,,,,0
what-budget-2026-27-reveals-about-cpec-2-0s-green-corridor,What Budget 2026–27 reveals about CPEC 2.0’s Green Corridor,2026-06-17,2026-06,2026,PIDE in Press,PIDE in Press,Saqib Ur Rehman Mughal,,,https://pide.org.pk/research/what-budget-2026-27-reveals-about-cpec-2-0s-green-corridor/,,,,,,0
post-budget-the-human-capital-leak,Post-budget: the human capital leak,2026-06-17,2026-06,2026,PIDE in Press,PIDE in Press,Mehwish Mumtaz,,,https://pide.org.pk/research/post-budget-the-human-capital-leak/,,,,,,0
pakistans-lng-lifeline-and-the-fragility-of-hormuz,Pakistan’s LNG Lifeline And The Fragility Of Hormuz,2026-06-15,2026-06,2026,PIDE in Press,PIDE in Press,Bilal Aftab,,,https://pide.org.pk/research/pakistans-lng-lifeline-and-the-fragility-of-hormuz/,,,,,,0
june-2026-monetary-policy-assessment,June 2026 Monetary Policy Assessment,2026-06-15,2026-06,2026,Policy Viewpoint; Recent Publications,Recent Publications; Policy Viewpoint,PIDE,,,https://pide.org.pk/research/june-2026-monetary-policy-assessment/,https://file.pide.org.pk/pdfpideresearch/pv-june-2026-monetary-policy-assessment.pdf,,,pdfs/2026/06/pv-june-2026-monetary-policy-assessment.pdf,data/fulltext/june-2026-monetary-policy-assessment.txt,771
breaking-the-ice-the-pakistan%e2%80%91bangladesh-economic-thaw,Breaking the Ice: The Pakistan‑Bangladesh Economic Thaw,2026-06-15,2026-06,2026,PIDE in Press,PIDE in Press,Usama Abdul Rauf; Bilal Aftab,,,https://pide.org.pk/research/breaking-the-ice-the-pakistan%e2%80%91bangladesh-economic-thaw/,,,,,,0
urban-sprawl-and-haphazard-growth-in-karachi-a-reflection-of-poor-urban-planning,Urban Sprawl and Haphazard Growth in Karachi: A Reflection of Poor Urban Planning,2026-06-13,2026-06,2026,Knowledge Brief,Recent Publications; Knowledge Brief,Nisar Ali,,,https://pide.org.pk/research/urban-sprawl-and-haphazard-growth-in-karachi-a-reflection-of-poor-urban-planning/,https://file.pide.org.pk/pdfpideresearch/kb-151-urban-sprawl-and-haphazard-growth-in-karachi-a-reflection-of-poor-urban-planning.pdf,,,pdfs/2026/06/kb-151-urban-sprawl-and-haphazard-growth-in-karachi-a-reflection-of-poor-urban-planning.pdf,data/fulltext/urban-sprawl-and-haphazard-growth-in-karachi-a-reflection-of-poor-urban-planning.txt,2016
improving-productivity-of-pakistans-economy,Improving Productivity of Pakistan’s Economy,2026-06-12,2026-06,2026,Policy Viewpoint; Recent Publications,Recent Publications; Policy Viewpoint,Omer Siddique,,,https://pide.org.pk/research/improving-productivity-of-pakistans-economy/,https://file.pide.org.pk/pdfpideresearch/pv-65-Improving-Productivity-of-Pakistans-Economy.pdf,,,pdfs/2026/06/pv-65-Improving-Productivity-of-Pakistans-Economy.pdf,data/fulltext/improving-productivity-of-pakistans-economy.txt,2163
the-policy-need-for-behavioral-analyses-theory-methods-and-nudges,"The Policy Need for Behavioral Analyses: Theory, Methods, and Nudges",2026-06-11,2026-06,2026,Working Paper,Recent Publications; Working Paper,Fahd Zulfiqar; Fizzah Khalid Butt; Maryam Hafeez,,,https://pide.org.pk/research/the-policy-need-for-behavioral-analyses-theory-methods-and-nudges/,https://file.pide.org.pk/pdfpideresearch/wp-26-04-the-policy-need-for-behavioral-analyses-theory-methods-and-nudges.pdf,,,pdfs/2026/06/wp-26-04-the-policy-need-for-behavioral-analyses-theory-methods-and-nudges.pdf,data/fulltext/the-policy-need-for-behavioral-analyses-theory-methods-and-nudges.txt,1781
the-missing-budget-debate-pakistans-savings-collapse,The missing budget debate: Pakistan’s savings collapse,2026-06-10,2026-06,2026,PIDE in Press,PIDE in Press,Shahzada M. Naeem Nawaz; Wajid Islam,,,https://pide.org.pk/research/the-missing-budget-debate-pakistans-savings-collapse/,,,,,,0
productivity-in-pakistan-trends-and-determinants,Productivity in Pakistan: Trends and Determinants,2026-06-10,2026-06,2026,Knowledge Brief,Recent Publications; Knowledge Brief,Omer Siddique,,,https://pide.org.pk/research/productivity-in-pakistan-trends-and-determinants/,https://file.pide.org.pk/pdfpideresearch/kb-150-productivity-in-pakistan-trends-and-determinants.pdf,,,pdfs/2026/06/kb-150-productivity-in-pakistan-trends-and-determinants.pdf,data/fulltext/productivity-in-pakistan-trends-and-determinants.txt,2485
minimum-wage,Minimum wage,2026-06-10,2026-06,2026,PIDE in Press,PIDE in Press,Editorial,,,https://pide.org.pk/research/minimum-wage/,,,,,,0
dwindling-savings,Dwindling savings,2026-06-10,2026-06,2026,PIDE in Press,PIDE in Press,Editorial,,,https://pide.org.pk/research/dwindling-savings/,,,,,,0
register-to-earn-formalising-the-individual-through-incentives-the-fastest-runway-to-uraan-pakistans-trillion-dollar-economy,Register to Earn: Formalising the individual through incentives-the fastest runway to URAAN Pakistan’s trillion-dollar economy,2026-06-08,2026-06,2026,Policy Viewpoint; Recent Publications,Recent Publications; Policy Viewpoint,Nasir Iqbal,,,https://pide.org.pk/research/register-to-earn-formalising-the-individual-through-incentives-the-fastest-runway-to-uraan-pakistans-trillion-dollar-economy/,https://file.pide.org.pk/pdfpideresearch/pv-164-register-to-earn-formalising-the-individual-through-incentives-the-fastest-runway-to-uraan-pakistans-trillion-dollar-economy.pdf,,,pdfs/2026/06/pv-164-register-to-earn-formalising-the-individual-through-incentives-the-fastest-runway-to-uraan-pakistans-trillion-dollar-economy.pdf,data/fulltext/register-to-earn-formalising-the-individual-through-incentives-the-fastest-runway-to-uraan-pakistans-trillion-dollar-economy.txt,2063
mobilizing-domestic-savings-a-finance-bill-and-institutional-reform-agenda-for-pakistan,Mobilizing Domestic Savings: A Finance Bill and Institutional Reform Agenda for Pakistan,2026-06-06,2026-06,2026,Policy Viewpoint,Recent Publications; Policy Viewpoint,Shahzada M. Naeem Nawaz; Wajid Islam,,,https://pide.org.pk/research/mobilizing-domestic-savings-a-finance-bill-and-institutional-reform-agenda-for-pakistan/,https://file.pide.org.pk/pdfpideresearch/pv-163-mobilizing-domestic-savings-a-finance-bill-and-institutional-reform-agenda-for-pakistan.pdf,,,pdfs/2026/06/pv-163-mobilizing-domestic-savings-a-finance-bill-and-institutional-reform-agenda-for-pakistan.pdf,data/fulltext/mobilizing-domestic-savings-a-finance-bill-and-institutional-reform-agenda-for-pakistan.txt,2741
time-to-insure-pakistans-farmers-against-climate-shocks,Time To Insure Pakistan’s Farmers Against Climate Shocks,2026-06-04,2026-06,2026,PIDE in Press,PIDE in Press,Inayat Ullah,,,https://pide.org.pk/research/time-to-insure-pakistans-farmers-against-climate-shocks/,,,,,,0
labour-in-the-shadows,Labour in the Shadows,2026-06-04,2026-06,2026,PIDE in Press,PIDE in Press,Unbreen Qayyum,,,https://pide.org.pk/research/labour-in-the-shadows/,,,,,,0
from-net-metering-to-net-billing-tariff-design-and-distribution-sector-stress-in-pakistan,From Net Metering to Net Billing: Tariff Design and Distribution-Sector Stress in Pakistan,2026-06-04,2026-06,2026,Knowledge Brief,Recent Publications; Knowledge Brief,Rubina Ilyas; Bilal Aftab,,,https://pide.org.pk/research/from-net-metering-to-net-billing-tariff-design-and-distribution-sector-stress-in-pakistan/,https://file.pide.org.pk/pdfpideresearch/kb-149-from-net-metering-to-net-billing-tariff-design-and-distribution-sector-stress-in-pakistan.pdf,,,pdfs/2026/06/kb-149-from-net-metering-to-net-billing-tariff-design-and-distribution-sector-stress-in-pakistan.pdf,data/fulltext/from-net-metering-to-net-billing-tariff-design-and-distribution-sector-stress-in-pakistan.txt,2489
from-crisis-management-to-real-reform,From crisis management to real reform,2026-06-04,2026-06,2026,PIDE in Press,PIDE in Press,Shahzada M. Naeem Nawaz,,,https://pide.org.pk/research/from-crisis-management-to-real-reform/,,,,,,0
column-the-triple-shocks-and-asias-response,Column: The Triple Shocks and Asia’s response,2026-06-04,2026-06,2026,PIDE in Press,PIDE in Press,Muhammad Nadeem Javaid,,,https://pide.org.pk/research/column-the-triple-shocks-and-asias-response/,,,,,,0
to-christopher-columbus,To Christopher Columbus,2026-06-02,2026-06,2026,PIDE in Press,PIDE in Press,Amjad Masood,,,https://pide.org.pk/research/to-christopher-columbus/,,,,,,0
the-cost-of-underinvestment,The cost of underinvestment,2026-06-02,2026-06,2026,PIDE in Press,PIDE in Press,Muhammad Nadeem Javaid,,,https://pide.org.pk/research/the-cost-of-underinvestment/,,,,,,0
reforming-minimum-wage-determination-in-pakistan-from-wage-announcements-to-wage-governance,Reforming Minimum Wage Determination in Pakistan: From Wage Announcements to Wage Governance,2026-06-02,2026-06,2026,Policy Viewpoint,Recent Publications; Policy Viewpoint,Muhammad Nadeem Javaid; Shahzada M. Naeem Nawaz,,,https://pide.org.pk/research/reforming-minimum-wage-determination-in-pakistan-from-wage-announcements-to-wage-governance/,https://file.pide.org.pk/pdfpideresearch/pv-162-reforming-minimum-wage-determination-in-pakistan-from-wage-announcements-to-wage-governance.pdf,,,pdfs/2026/06/pv-162-reforming-minimum-wage-determination-in-pakistan-from-wage-announcements-to-wage-governance.pdf,data/fulltext/reforming-minimum-wage-determination-in-pakistan-from-wage-announcements-to-wage-governance.txt,1221
pdl-predicament,PDL predicament,2026-06-02,2026-06,2026,PIDE in Press,PIDE in Press,Karim Khan,,,https://pide.org.pk/research/pdl-predicament/,,,,,,0
crisis-at-sea-strengthening-port-transparency-to-safeguard-trade-stability,Crisis at Sea: Strengthening Port Transparency to Safeguard Trade Stability,2026-06-02,2026-06,2026,Knowledge Brief,Recent Publications; Knowledge Brief,Saba Anwar; Aneela Zubair,,,https://pide.org.pk/research/crisis-at-sea-strengthening-port-transparency-to-safeguard-trade-stability/,https://file.pide.org.pk/pdfpideresearch/kb-148-crisis-at-sea-strengthening-port-transparency-to-safeguard-trade-stability.pdf,,,pdfs/2026/06/kb-148-crisis-at-sea-strengthening-port-transparency-to-safeguard-trade-stability.pdf,data/fulltext/crisis-at-sea-strengthening-port-transparency-to-safeguard-trade-stability.txt,2176
qurbani-economics-what-eid-al-adha-does-for-pakistans-rural-heartland,Qurbani Economics: What Eid Al-Adha Does For Pakistan’s Rural Heartland,2026-05-28,2026-05,2026,PIDE in Press,PIDE in Press,Usama Abdul Rauf,,,https://pide.org.pk/research/qurbani-economics-what-eid-al-adha-does-for-pakistans-rural-heartland/,,,,,,0
wars-abroad-poverty-at-home-how-global-conflict-threatens-pakistans-most-vulnerable,"Wars Abroad, Poverty At Home: How Global Conflict Threatens Pakistan’s Most Vulnerable",2026-05-27,2026-05,2026,PIDE in Press,PIDE in Press,Sohaib Jalal,,,https://pide.org.pk/research/wars-abroad-poverty-at-home-how-global-conflict-threatens-pakistans-most-vulnerable/,,,,,,0
the-eu-india-fta-and-pakistans-export-competitiveness,The EU–India FTA and Pakistan’s Export Competitiveness,2026-05-26,2026-05,2026,Knowledge Brief,Recent Publications; Knowledge Brief,Junaid Ahmed; Wajid Islam,,,https://pide.org.pk/research/the-eu-india-fta-and-pakistans-export-competitiveness/,https://file.pide.org.pk/pdfpideresearch/kb-147-the-eu-india-fta-and-pakistans-export-competitiveness.pdf,,,pdfs/2026/05/kb-147-the-eu-india-fta-and-pakistans-export-competitiveness.pdf,data/fulltext/the-eu-india-fta-and-pakistans-export-competitiveness.txt,1053
pakistans-accidental-energy-revolution,Pakistan’s accidental energy revolution,2026-05-21,2026-05,2026,PIDE in Press,PIDE in Press,,,,https://pide.org.pk/research/pakistans-accidental-energy-revolution/,,,,,,0
pakistan-and-the-iran-us-conflict,Pakistan and the Iran-US Conflict,2026-05-21,2026-05,2026,Knowledge Brief,Recent Publications; Knowledge Brief,Karim Khan; Fida Muhammad Khan,,,https://pide.org.pk/research/pakistan-and-the-iran-us-conflict/,https://file.pide.org.pk/pdfpideresearch/kb-146-pakistan-and-the-iran-us-conflict.pdf,,,pdfs/2026/05/kb-146-pakistan-and-the-iran-us-conflict.pdf,data/fulltext/pakistan-and-the-iran-us-conflict.txt,4773
gwadar-and-geopolitical-arbitrage,Gwadar and geopolitical arbitrage,2026-05-20,2026-05,2026,PIDE in Press,PIDE in Press,Syed Hasanat Shah; Mujtaba Arshad,,,https://pide.org.pk/research/gwadar-and-geopolitical-arbitrage/,,,,,,0
beyond-the-remittance-shock-domestic-layoffs-and-the-coming-unemployment-crisis,Beyond the Remittance Shock: Domestic Layoffs and the Coming Unemployment Crisis,2026-05-20,2026-05,2026,Knowledge Brief,Recent Publications; Knowledge Brief,Muhammad Jehangir Khan; Muhammad Ajmal Khan; Nasir Iqbal,,,https://pide.org.pk/research/beyond-the-remittance-shock-domestic-layoffs-and-the-coming-unemployment-crisis/,https://file.pide.org.pk/pdfpideresearch/kb-145-beyond-the-remittance-shock-domestic-layoffs-and-the-coming-unemployment-crisis.pdf,,https://www.pacra.com/view/storage/app/PACRA%20Research%20-%20Construction%20-%20Apr%2725_1744627880.pdf,pdfs/2026/05/kb-145-beyond-the-remittance-shock-domestic-layoffs-and-the-coming-unemployment-crisis.pdf,data/fulltext/beyond-the-remittance-shock-domestic-layoffs-and-the-coming-unemployment-crisis.txt,2835
trade-corridors-geo-political-risks-and-new-options-for-pakistan,"Trade Corridors, Geo Political Risks and New Options for Pakistan",2026-05-19,2026-05,2026,PIDE in Press,PIDE in Press,Uzma Zia,,,https://pide.org.pk/research/trade-corridors-geo-political-risks-and-new-options-for-pakistan/,,,,,,0
from-hormuz-to-islamabad-why-pakistan-must-prepare-for-the-next-shock,From Hormuz to Islamabad: Why Pakistan must prepare for the next shock,2026-05-19,2026-05,2026,PIDE in Press,PIDE in Press,Madiha Riaz,,,https://pide.org.pk/research/from-hormuz-to-islamabad-why-pakistan-must-prepare-for-the-next-shock/,,,,,,0
why-reforms-fail-to-take-root-in-pakistan,Why reforms fail to take root in Pakistan,2026-05-13,2026-05,2026,PIDE in Press,PIDE in Press,Adnan Akram,,,https://pide.org.pk/research/why-reforms-fail-to-take-root-in-pakistan/,,,,,,0
why-doesnt-industry-grow-structural-barriers-and-policy-failures,Why Doesn’t Industry Grow? Structural Barriers and Policy Failures,2026-05-13,2026-05,2026,Policy and Research,Policy and Research; Recent Publications; P &amp; R Magazine,PIDE,,,https://pide.org.pk/research/why-doesnt-industry-grow-structural-barriers-and-policy-failures/,https://file.pide.org.pk/pdfpideresearch/discourse-2026-01-why-doesnt-industry-grow-structural-barriers-and-policy-failures-bidding-document.pdf,,,pdfs/2026/05/discourse-2026-01-why-doesnt-industry-grow-structural-barriers-and-policy-failures-bidding-document.pdf,data/fulltext/why-doesnt-industry-grow-structural-barriers-and-policy-failures.txt,297
pakistans-accidental-energy-revolution-2,Pakistan’s Accidental Energy Revolution,2026-05-13,2026-05,2026,PIDE in Press,PIDE in Press,Saqib Ur Rehman Mughal,,,https://pide.org.pk/research/pakistans-accidental-energy-revolution-2/,,,,,,0
our-blue-ink-economy,Our blue-ink economy,2026-05-13,2026-05,2026,PIDE in Press,PIDE in Press,Nasir Iqbal,,,https://pide.org.pk/research/our-blue-ink-economy/,,,,,,0
how-middle-east-instability-is-rewriting-global-shipping-routes,How Middle East Instability Is Rewriting Global Shipping Routes,2026-05-13,2026-05,2026,PIDE in Press,PIDE in Press,Uzma Zia,,,https://pide.org.pk/research/how-middle-east-instability-is-rewriting-global-shipping-routes/,,,,,,0
the-skills-challenge,The skills challenge,2026-05-12,2026-05,2026,PIDE in Press,PIDE in Press,Usama Abdul Rauf,,,https://pide.org.pk/research/the-skills-challenge/,,,,,,0
after-the-rate-hike-why-psx-firms-and-businesses-need-policy-pause,"After the rate hike, why PSX firms and businesses need policy pause",2026-05-12,2026-05,2026,PIDE in Press,PIDE in Press,Ahmad Fraz,,,https://pide.org.pk/research/after-the-rate-hike-why-psx-firms-and-businesses-need-policy-pause/,,,,,,0
why-pakistani-industry-does-not-upgrade-lessons-from-the-firm-level-evidence,Why Pakistani Industry Does Not Upgrade: Lessons from the Firm-Level Evidence,2026-05-11,2026-05,2026,Policy and Research,Policy and Research; Discourse 2026-01,Waqar Wadho,,,https://pide.org.pk/research/why-pakistani-industry-does-not-upgrade-lessons-from-the-firm-level-evidence/,https://file.pide.org.pk/pdfpideresearch/discourse-2026-01-08-why-pakistani-industry-does-not-upgrade-lessons-from-the-firm-level-evidence.pdf,,,pdfs/2026/05/discourse-2026-01-08-why-pakistani-industry-does-not-upgrade-lessons-from-the-firm-level-evidence.pdf,data/fulltext/why-pakistani-industry-does-not-upgrade-lessons-from-the-firm-level-evidence.txt,1795
why-does-our-trade-not-grow-how-pakistan-and-vietnam-diverged-in-participation-in-global-value-chains,Why Does Our Trade Not Grow? How Pakistan and Vietnam Diverged in Participation in Global Value Chains,2026-05-11,2026-05,2026,Policy and Research,Policy and Research; Discourse 2026-01,Aadil Nakhoda,,,https://pide.org.pk/research/why-does-our-trade-not-grow-how-pakistan-and-vietnam-diverged-in-participation-in-global-value-chains/,https://file.pide.org.pk/pdfpideresearch/discourse-2026-01-14-why-does-our-trade-not-grow-how-pakistan-and-vietnam-diverged-in-participation-in-global-value-chains.pdf,,,pdfs/2026/05/discourse-2026-01-14-why-does-our-trade-not-grow-how-pakistan-and-vietnam-diverged-in-participation-in-global-value-chains.pdf,data/fulltext/why-does-our-trade-not-grow-how-pakistan-and-vietnam-diverged-in-participation-in-global-value-chains.txt,1509
when-revenuecracy-out-taxes-export-growth,When Revenuecracy Out-Taxes Export Growth,2026-05-11,2026-05,2026,Policy and Research,Policy and Research; Discourse 2026-01,Ikramul Haq,,,https://pide.org.pk/research/when-revenuecracy-out-taxes-export-growth/,https://file.pide.org.pk/pdfpideresearch/discourse-2026-01-11-when-revenuecracy-out-taxes-export-growth.pdf,,https://download1.fbr.gov.pk/Docs/2024630146346801FinanceAct-2024.pdf; https://download1.fbr.gov.pk/Docs/2026226162211364IncomeTaxOrdinance2001-Amended-20.02.2026.pdf,pdfs/2026/05/discourse-2026-01-11-when-revenuecracy-out-taxes-export-growth.pdf,data/fulltext/when-revenuecracy-out-taxes-export-growth.txt,1400
trade-exports-and-integration-pathways-to-sustainable-economic-growth,"Trade, Exports, and Integration: Pathways to Sustainable Economic Growth",2026-05-11,2026-05,2026,Policy and Research,Policy and Research; Discourse 2026-01,Manzoor Ahmad,,,https://pide.org.pk/research/trade-exports-and-integration-pathways-to-sustainable-economic-growth/,https://file.pide.org.pk/pdfpideresearch/discourse-2026-01-02-trade-exports-and-integration-pathways-to-sustainable-economic-growth.pdf,,,pdfs/2026/05/discourse-2026-01-02-trade-exports-and-integration-pathways-to-sustainable-economic-growth.pdf,data/fulltext/trade-exports-and-integration-pathways-to-sustainable-economic-growth.txt,964
the-industrial-imperative-in-pakistan-choosing-between-a-trading-shop-and-a-global-factory,The Industrial Imperative in Pakistan: Choosing Between a ‘Trading Shop’ and a ‘Global Factory’,2026-05-11,2026-05,2026,Policy and Research,Policy and Research; Discourse 2026-01,Shujaat Farooq,,,https://pide.org.pk/research/the-industrial-imperative-in-pakistan-choosing-between-a-trading-shop-and-a-global-factory/,https://file.pide.org.pk/pdfpideresearch/discourse-2026-01-07-the-industrial-imperative-in-pakistan-choosing-between-a-trading-shop-and-a-global-factory.pdf,,,pdfs/2026/05/discourse-2026-01-07-the-industrial-imperative-in-pakistan-choosing-between-a-trading-shop-and-a-global-factory.pdf,data/fulltext/the-industrial-imperative-in-pakistan-choosing-between-a-trading-shop-and-a-global-factory.txt,1519
the-hormuz-fallout,The Hormuz fallout,2026-05-11,2026-05,2026,PIDE in Press,PIDE in Press,Karim Khan; Fida Muhammad Khan,,,https://pide.org.pk/research/the-hormuz-fallout/,,,,,,0
the-energy-trap-how-pricing-reliability-and-volatility-are-stalling-industrial-expansion,"The Energy Trap: How Pricing, Reliability, and Volatility Are Stalling Industrial Expansion",2026-05-11,2026-05,2026,Policy and Research,Policy and Research; Discourse 2026-01,Namra Saleem,,,https://pide.org.pk/research/the-energy-trap-how-pricing-reliability-and-volatility-are-stalling-industrial-expansion/,https://file.pide.org.pk/pdfpideresearch/discourse-2026-01-12-the-energy-trap-how-pricing-reliability-and-volatility-are-stalling-industrial-expansion.pdf,,https://nepra.org.pk/tariff/Tariff/Ex-WAPDA%20DISCOS/2024/TRF-100%20XWDISCOS%20and%20KE%20REVIEW%20MOTION%20CONSUMER%20END%20TARIFF%2011-07-2024%2010607-26.PDF; https://www.nepra.org.pk/tariff/Tariff/Notifications/2025/07%20Jul/SRO%201287%20(I)%202025%2018-07-2025.pdf,pdfs/2026/05/discourse-2026-01-12-the-energy-trap-how-pricing-reliability-and-volatility-are-stalling-industrial-expansion.pdf,data/fulltext/the-energy-trap-how-pricing-reliability-and-volatility-are-stalling-industrial-expansion.txt,1732
tax-expenditures-in-pakistan-business-facilitation-to-fiscal-burden,Tax Expenditures in Pakistan: Business Facilitation to Fiscal Burden,2026-05-11,2026-05,2026,Policy and Research,Policy and Research; Discourse 2026-01,Alam khan; Mahmood Khalid,,,https://pide.org.pk/research/tax-expenditures-in-pakistan-business-facilitation-to-fiscal-burden/,https://file.pide.org.pk/pdfpideresearch/discourse-2026-01-15-tax-expenditures-in-pakistan-business-facilitation-to-fiscal-burden.pdf,,,pdfs/2026/05/discourse-2026-01-15-tax-expenditures-in-pakistan-business-facilitation-to-fiscal-burden.pdf,data/fulltext/tax-expenditures-in-pakistan-business-facilitation-to-fiscal-burden.txt,646
talent-skills-and-competitiveness-where-pakistan-stands-in-gtci-2025,"Talent, Skills, and Competitiveness: Where Pakistan Stands in GTCI 2025",2026-05-11,2026-05,2026,Policy and Research,Policy and Research; Discourse 2026-01,Henna Ahsan,,,https://pide.org.pk/research/talent-skills-and-competitiveness-where-pakistan-stands-in-gtci-2025/,https://file.pide.org.pk/pdfpideresearch/discourse-2026-01-20-talent-skills-and-competitiveness-where-pakistan-stands-in-gtci-2025.pdf,,,pdfs/2026/05/discourse-2026-01-20-talent-skills-and-competitiveness-where-pakistan-stands-in-gtci-2025.pdf,data/fulltext/talent-skills-and-competitiveness-where-pakistan-stands-in-gtci-2025.txt,982
protection-without-competition-rethinking-industrial-strategy-in-pakistan,Protection Without Competition: Rethinking Industrial Strategy in Pakistan,2026-05-11,2026-05,2026,Policy and Research,Policy and Research; Discourse 2026-01,Muhammad Nadeem Javaid,,,https://pide.org.pk/research/protection-without-competition-rethinking-industrial-strategy-in-pakistan/,https://file.pide.org.pk/pdfpideresearch/discourse-2026-01-01-protection-without-competition-rethinking-industrial-strategy-in-pakistan.pdf,,,pdfs/2026/05/discourse-2026-01-01-protection-without-competition-rethinking-industrial-strategy-in-pakistan.pdf,data/fulltext/protection-without-competition-rethinking-industrial-strategy-in-pakistan.txt,1075
property-rights-and-land-titling-unlocking-the-credit-pipeline-for-industrial-growth-in-pakistan,Property Rights and Land Titling: Unlocking the Credit Pipeline for Industrial Growth in Pakistan,2026-05-11,2026-05,2026,Policy and Research,Policy and Research; Discourse 2026-01,Azwar Muhammad Aslam,,,https://pide.org.pk/research/property-rights-and-land-titling-unlocking-the-credit-pipeline-for-industrial-growth-in-pakistan/,https://file.pide.org.pk/pdfpideresearch/discourse-2026-01-16-property-rights-and-land-titling-unlocking-the-credit-pipeline-for-industrial-growth-in-pakistan.pdf,,,pdfs/2026/05/discourse-2026-01-16-property-rights-and-land-titling-unlocking-the-credit-pipeline-for-industrial-growth-in-pakistan.pdf,data/fulltext/property-rights-and-land-titling-unlocking-the-credit-pipeline-for-industrial-growth-in-pakistan.txt,1716
productivity-the-missing-link-in-pakistans-export-ambitions,Productivity: The Missing Link in Pakistan’s Export Ambitions,2026-05-11,2026-05,2026,Policy and Research,Policy and Research; Discourse 2026-01,Omer Siddique,,,https://pide.org.pk/research/productivity-the-missing-link-in-pakistans-export-ambitions/,https://file.pide.org.pk/pdfpideresearch/discourse-2026-01-10-productivity-the-missing-link-in-pakistans-export-ambitions.pdf,,,pdfs/2026/05/discourse-2026-01-10-productivity-the-missing-link-in-pakistans-export-ambitions.pdf,data/fulltext/productivity-the-missing-link-in-pakistans-export-ambitions.txt,2826
pakistans-role-as-bridge-between-rivals-in-a-fragmented-world,Pakistan’s Role As Bridge Between Rivals In A Fragmented World,2026-05-11,2026-05,2026,PIDE in Press,PIDE in Press,Karim Khan; Fida Muhammad Khan,,,https://pide.org.pk/research/pakistans-role-as-bridge-between-rivals-in-a-fragmented-world/,,,,,,0
pakistans-regulatory-quagmire-an-analysis-of-the-world-banks-b-ready-assessment,Pakistan’s Regulatory Quagmire: An Analysis of the World Bank’s B-READY Assessment,2026-05-11,2026-05,2026,Policy and Research,Policy and Research; Discourse 2026-01,Mukarram Jah Ansari,,,https://pide.org.pk/research/pakistans-regulatory-quagmire-an-analysis-of-the-world-banks-b-ready-assessment/,https://file.pide.org.pk/pdfpideresearch/discourse-2026-01-05-pakistans-regulatory-quagmire-an-analysis-of-the-world-banks-b-ready-assessment.pdf,,,pdfs/2026/05/discourse-2026-01-05-pakistans-regulatory-quagmire-an-analysis-of-the-world-banks-b-ready-assessment.pdf,data/fulltext/pakistans-regulatory-quagmire-an-analysis-of-the-world-banks-b-ready-assessment.txt,1730
pakistans-balance-of-payments-constrained-growth-towards-export-led-production,Pakistan’s Balance-of-Payments Constrained Growth: Towards Export-Led Production,2026-05-11,2026-05,2026,Policy and Research,Policy and Research; Discourse 2026-01,Bilal Aftab,,,https://pide.org.pk/research/pakistans-balance-of-payments-constrained-growth-towards-export-led-production/,https://file.pide.org.pk/pdfpideresearch/discourse-2026-01-19-pakistans-balance-of-payments-constrained-growth-towards-export-led-production.pdf,,,pdfs/2026/05/discourse-2026-01-19-pakistans-balance-of-payments-constrained-growth-towards-export-led-production.pdf,data/fulltext/pakistans-balance-of-payments-constrained-growth-towards-export-led-production.txt,1647
industrial-policy-in-pakistan,Industrial Policy in Pakistan,2026-05-11,2026-05,2026,Policy and Research,Policy and Research; Discourse 2026-01,Tuha Adil,,,https://pide.org.pk/research/industrial-policy-in-pakistan/,https://file.pide.org.pk/pdfpideresearch/discourse-2026-01-22-industrial-policy-in-pakistan.pdf,,,pdfs/2026/05/discourse-2026-01-22-industrial-policy-in-pakistan.pdf,data/fulltext/industrial-policy-in-pakistan.txt,959
industrial-policy-at-a-crossroads-why-pakistan-must-shift-from-protection-to-comparative-advantage,Industrial Policy at a Crossroads Why Pakistan: Must Shift from Protection to Comparative Advantage,2026-05-11,2026-05,2026,Policy and Research,Policy and Research; Discourse 2026-01,Ehsan Malik,,,https://pide.org.pk/research/industrial-policy-at-a-crossroads-why-pakistan-must-shift-from-protection-to-comparative-advantage/,https://file.pide.org.pk/pdfpideresearch/discourse-2026-01-06-industrial-policy-at-a-crossroads.pdf,,,pdfs/2026/05/discourse-2026-01-06-industrial-policy-at-a-crossroads.pdf,data/fulltext/industrial-policy-at-a-crossroads-why-pakistan-must-shift-from-protection-to-comparative-advantage.txt,1183
how-does-state-capacity-affect-industrial-performance-in-pakistan,How Does State Capacity Affect Industrial Performance in Pakistan?,2026-05-11,2026-05,2026,Policy and Research,Policy and Research; Discourse 2026-01,Vaqar Ahmed,,,https://pide.org.pk/research/how-does-state-capacity-affect-industrial-performance-in-pakistan/,https://file.pide.org.pk/pdfpideresearch/discourse-2026-01-03-how-does-state-capacity-affect-industrial-performance-in-pakistan.pdf,,,pdfs/2026/05/discourse-2026-01-03-how-does-state-capacity-affect-industrial-performance-in-pakistan.pdf,data/fulltext/how-does-state-capacity-affect-industrial-performance-in-pakistan.txt,2324
greshams-law-of-scholarship-and-the-political-economy-of-rd-in-pakistan,Gresham’s Law of Scholarship and the Political Economy of R&D in Pakistan,2026-05-11,2026-05,2026,Policy and Research,Policy and Research; Discourse 2026-01,Ikram Ullah; Iftikhar Ahmad,,,https://pide.org.pk/research/greshams-law-of-scholarship-and-the-political-economy-of-rd-in-pakistan/,https://file.pide.org.pk/pdfpideresearch/discourse-2026-01-09-greshams-law-of-scholarship-and-the-political-economy-of-rd-in-pakistan.pdf,,https://www.hec.gov.pk/english/services/faculty/journals/Documents/List%20of%20national%20journals%202024-25.pdf,pdfs/2026/05/discourse-2026-01-09-greshams-law-of-scholarship-and-the-political-economy-of-rd-in-pakistan.pdf,data/fulltext/greshams-law-of-scholarship-and-the-political-economy-of-rd-in-pakistan.txt,2483
exploring-the-untapped-potential-of-the-dairy-sector-to-enhance-exports,Exploring the Untapped Potential of the Dairy Sector to Enhance Exports,2026-05-11,2026-05,2026,Policy and Research,Policy and Research; Discourse 2026-01,Muhammad Mohsin Kiani,,,https://pide.org.pk/research/exploring-the-untapped-potential-of-the-dairy-sector-to-enhance-exports/,https://file.pide.org.pk/pdfpideresearch/discourse-2026-01-18-exploring-the-untapped-potential-of-the-dairy-sector-to-enhance-exports.pdf,,,pdfs/2026/05/discourse-2026-01-18-exploring-the-untapped-potential-of-the-dairy-sector-to-enhance-exports.pdf,data/fulltext/exploring-the-untapped-potential-of-the-dairy-sector-to-enhance-exports.txt,1184
energy-economy-nexus-for-industrialization-in-the-age-of-geopolitical-crisis,Energy Economy Nexus for Industrialization in the Age of Geopolitical Crisis,2026-05-11,2026-05,2026,Policy and Research,Policy and Research; Discourse 2026-01,Khalid Waleed,,,https://pide.org.pk/research/energy-economy-nexus-for-industrialization-in-the-age-of-geopolitical-crisis/,https://file.pide.org.pk/pdfpideresearch/discourse-2026-01-13-energy-economy-nexus-for-industrialization-in-the-age-of-geopolitical-crisis.pdf,,,pdfs/2026/05/discourse-2026-01-13-energy-economy-nexus-for-industrialization-in-the-age-of-geopolitical-crisis.pdf,data/fulltext/energy-economy-nexus-for-industrialization-in-the-age-of-geopolitical-crisis.txt,1121
does-pakistans-economy-offer-a-level-playing-field,Does Pakistan’s Economy Offer a Level Playing Field?,2026-05-11,2026-05,2026,Policy and Research,Policy and Research; Discourse 2026-01,Ali Salman,,,https://pide.org.pk/research/does-pakistans-economy-offer-a-level-playing-field/,https://file.pide.org.pk/pdfpideresearch/discourse-2026-01-04-does-pakistans-economy-offer-a-level-playing-field.pdf,,https://cc.gov.pk/assets/images/Downloads/competitionn_act_2010.pdf,pdfs/2026/05/discourse-2026-01-04-does-pakistans-economy-offer-a-level-playing-field.pdf,data/fulltext/does-pakistans-economy-offer-a-level-playing-field.txt,1147
digital-exports-analog-policies-barriers-to-pakistans-services-trade-and-global-integration,"Digital Exports, Analog Policies: Barriers to Pakistan’s Services Trade and Global Integration",2026-05-11,2026-05,2026,Policy and Research,Policy and Research; Discourse 2026-01,Asif Javed,,,https://pide.org.pk/research/digital-exports-analog-policies-barriers-to-pakistans-services-trade-and-global-integration/,https://file.pide.org.pk/pdfpideresearch/discourse-2026-01-17-digital-exports-analog-policies-barriers-to-pakistans-services-trade-and-global-integration.pdf,,https://www.commerce.gov.pk/wp-content/uploads/2024/07/Final-STPF-2020-25.pdf; https://pakistan.accountabilitylab.org/wp-content/uploads/2024/09/Policy-Brief-21st-Century-Employability-Skills.pdf,pdfs/2026/05/discourse-2026-01-17-digital-exports-analog-policies-barriers-to-pakistans-services-trade-and-global-integration.pdf,data/fulltext/digital-exports-analog-policies-barriers-to-pakistans-services-trade-and-global-integration.txt,1621
a-dual-migration-strategy-for-pakistan,A Dual Migration Strategy for Pakistan,2026-05-11,2026-05,2026,Policy and Research,Policy and Research; Discourse 2026-01,Muhammad Jehangir Khan; Muhammad Ajmal Khan,,,https://pide.org.pk/research/a-dual-migration-strategy-for-pakistan/,https://file.pide.org.pk/pdfpideresearch/discourse-2026-01-21-a-dual-migration-strategy-for-pakistan.pdf,,,pdfs/2026/05/discourse-2026-01-21-a-dual-migration-strategy-for-pakistan.pdf,data/fulltext/a-dual-migration-strategy-for-pakistan.txt,1360
why-monetary-tightening-is-not-the-right-response-to-energy-driven-inflation-in-pakistan,Why Monetary Tightening Is Not The Right Response To Energy-Driven Inflation In Pakistan,2026-05-06,2026-05,2026,PIDE in Press,PIDE in Press,Irem Batool,,,https://pide.org.pk/research/why-monetary-tightening-is-not-the-right-response-to-energy-driven-inflation-in-pakistan/,,,,,,0
media-coverage-pide-seminar-economics-of-war-and-interdependencies-iran-pakistan-and-the-middle-east,"Media Coverage: PIDE Seminar – Economics of War and Interdependencies: Iran, Pakistan, and the Middle East",2026-05-06,2026-05,2026,PIDE in Press,PIDE in Press,,,,https://pide.org.pk/research/media-coverage-pide-seminar-economics-of-war-and-interdependencies-iran-pakistan-and-the-middle-east/,https://file.pide.org.pk/pdfpideinpress/pip-media-coverage-pide-seminar-economics-of-war-and-interdependencies-iran-pakistan-and-the-middle-east.pdf,,,pdfs/2026/05/pip-media-coverage-pide-seminar-economics-of-war-and-interdependencies-iran-pakistan-and-the-middle-east.pdf,,0
small-firms-big-role,"Small firms, big role",2026-05-05,2026-05,2026,PIDE in Press,PIDE in Press,Amjad Masood,,,https://pide.org.pk/research/small-firms-big-role/,,,,,,0
media-coverage-hold-the-policy-rate-at-10-5-percent-on-27-april-2026,Media Coverage: Hold the Policy Rate at 10.5 Percent on 27 April 2026,2026-05-04,2026-05,2026,PIDE in Press,PIDE in Press,,,,https://pide.org.pk/research/media-coverage-hold-the-policy-rate-at-10-5-percent-on-27-april-2026/,https://file.pide.org.pk/pdfpideinpress/pip-media-coverage-hold-the-policy-rate-at-10-5-percent-on-27-april-2026.pdf,,,pdfs/2026/05/pip-media-coverage-hold-the-policy-rate-at-10-5-percent-on-27-april-2026.pdf,,0
from-hormuz-to-cpec-reimagining-pakistans-energy-security,From Hormuz to CPEC: Reimagining Pakistan’s Energy Security,2026-05-04,2026-05,2026,PIDE in Press,PIDE in Press,Saqib Ur Rehman Mughal,,,https://pide.org.pk/research/from-hormuz-to-cpec-reimagining-pakistans-energy-security/,,,,,,0
how-modern-conflicts-are-accelerating-the-climate-crisis,How Modern Conflicts Are Accelerating The Climate Crisis,2026-05-02,2026-05,2026,PIDE in Press,PIDE in Press,Farah Naz,,,https://pide.org.pk/research/how-modern-conflicts-are-accelerating-the-climate-crisis/,,,,,,0
geopolitical-tensions-and-investor-resilience,Geopolitical tensions and investor resilience,2026-04-30,2026-04,2026,PIDE in Press,PIDE in Press,Unbreen Qayyum,,,https://pide.org.pk/research/geopolitical-tensions-and-investor-resilience/,,,,,,0
beyond-the-strait-of-hormuz-pakistans-untapped-maritime-advantage,Beyond The Strait Of Hormuz: Pakistan’s Untapped Maritime Advantage,2026-04-29,2026-04,2026,PIDE in Press,PIDE in Press,Nadia Hassan,,,https://pide.org.pk/research/beyond-the-strait-of-hormuz-pakistans-untapped-maritime-advantage/,,,,,,0
iran-us-israel-conflict-induced-austerity-measures-in-pakistan-savings-accrued-costs-incurred,"Iran-US/Israel Conflict Induced Austerity Measures in Pakistan:  Savings Accrued, Costs Incurred",2026-04-28,2026-04,2026,Policy Viewpoint; Recent Publications,Recent Publications; Policy Viewpoint,Azwar Muhammad Aslam; Saddam Hussein,,,https://pide.org.pk/research/iran-us-israel-conflict-induced-austerity-measures-in-pakistan-savings-accrued-costs-incurred/,https://file.pide.org.pk/pdfpideresearch/pv-61-iran-us-israel-conflict-induced-austerity-measures-in-pakistan-savings-accrued-costs-incurred.pdf,,,pdfs/2026/04/pv-61-iran-us-israel-conflict-induced-austerity-measures-in-pakistan-savings-accrued-costs-incurred.pdf,data/fulltext/iran-us-israel-conflict-induced-austerity-measures-in-pakistan-savings-accrued-costs-incurred.txt,1195
why-the-pashtun-jirga-still-commands-trust,Why The Pashtun Jirga Still Commands Trust,2026-04-27,2026-04,2026,PIDE in Press,PIDE in Press,Karim Khan; Fida Muhammad Khan,,,https://pide.org.pk/research/why-the-pashtun-jirga-still-commands-trust/,,,,,,0
what-china-taught-me-about-plans,What China taught me about plans,2026-04-27,2026-04,2026,PIDE in Press,PIDE in Press,Nasir Iqbal,,,https://pide.org.pk/research/what-china-taught-me-about-plans/,,,,,,0
road-safety-in-pakistan-a-critical-analysis-of-the-national-road-safety-strategy,Road Safety in Pakistan: A Critical Analysis of the National Road Safety Strategy,2026-04-27,2026-04,2026,Recent Publications; Knowledge Brief,Recent Publications; Knowledge Brief,Saba Anwar; Bilal Aftab; Muhammad Zaman,,,https://pide.org.pk/research/road-safety-in-pakistan-a-critical-analysis-of-the-national-road-safety-strategy/,https://file.pide.org.pk/pdfpideresearch/kb-144-road-safety-in-pakistan-a-critical-analysis-of-the-national-road-safety-strategy.pdf,,,pdfs/2026/04/kb-144-road-safety-in-pakistan-a-critical-analysis-of-the-national-road-safety-strategy.pdf,data/fulltext/road-safety-in-pakistan-a-critical-analysis-of-the-national-road-safety-strategy.txt,1035
breaking-the-ivory-tower,Breaking the ivory tower,2026-04-27,2026-04,2026,PIDE in Press,PIDE in Press,Inzamam ul Aziz,,,https://pide.org.pk/research/breaking-the-ivory-tower/,,,,,,0
middle-east-crisis-impact-on-pakistans-trade,Middle East Crisis Impact On Pakistan’s Trade,2026-04-26,2026-04,2026,PIDE in Press,PIDE in Press,Syed Hasanat Shah,,,https://pide.org.pk/research/middle-east-crisis-impact-on-pakistans-trade/,,,,,,0
hold-the-policy-rate-at-10-5-percent-on-27-april-2026-why-war-driven-supply-risks-now-outweigh-the-case-for-further-easing,Hold the Policy Rate at 10.5 Percent on 27 April 2026: Why War-Driven Supply Risks Now Outweigh the Case for Further Easing,2026-04-26,2026-04,2026,Policy Viewpoint,Recent Publications; Policy Viewpoint,Irem Batool; Amna Riaz; Shahzada M. Naeem Nawaz,,,https://pide.org.pk/research/hold-the-policy-rate-at-10-5-percent-on-27-april-2026-why-war-driven-supply-risks-now-outweigh-the-case-for-further-easing/,https://file.pide.org.pk/pdfpideresearch/pv-160-hold-the-policy-rate-at-10-5-percent-on-27-april-2026.pdf,,,pdfs/2026/04/pv-160-hold-the-policy-rate-at-10-5-percent-on-27-april-2026.pdf,data/fulltext/hold-the-policy-rate-at-10-5-percent-on-27-april-2026-why-war-driven-supply-risks-now-outweigh-the-case-for-further-easing.txt,1934
shrinking-the-shadow-economy-how-financial-inclusion-can-shrink-the-shadow-economy,Shrinking the Shadow Economy: How Financial Inclusion can shrink the Shadow Economy,2026-04-24,2026-04,2026,Knowledge Brief,Recent Publications; Knowledge Brief,Usama Abdul Rauf; Rafia Ali,,,https://pide.org.pk/research/shrinking-the-shadow-economy-how-financial-inclusion-can-shrink-the-shadow-economy/,https://file.pide.org.pk/pdfpideresearch/kb-143-shrinking-the-shadow-economy-how-financial-inclusion-can-shrink-the-shadow-economy.pdf,,,pdfs/2026/04/kb-143-shrinking-the-shadow-economy-how-financial-inclusion-can-shrink-the-shadow-economy.pdf,data/fulltext/shrinking-the-shadow-economy-how-financial-inclusion-can-shrink-the-shadow-economy.txt,1570
the-politics-of-prices-in-times-of-external-conflict,The Politics Of Prices In Times Of External Conflict,2026-04-22,2026-04,2026,PIDE in Press,PIDE in Press,Saud Ahmed Khan; Amena Urooj,,,https://pide.org.pk/research/the-politics-of-prices-in-times-of-external-conflict/,,,,,,0
pakistan-after-the-ceasefire-gains-vulnerabilities-and-the-policy-agenda,"Pakistan After the Ceasefire: Gains, Vulnerabilities, and the Policy Agenda",2026-04-22,2026-04,2026,Policy Viewpoint,Recent Publications; Policy Viewpoint,Nasir Iqbal; Shahzada M. Naeem Nawaz,,,https://pide.org.pk/research/pakistan-after-the-ceasefire-gains-vulnerabilities-and-the-policy-agenda/,https://file.pide.org.pk/pdfpideresearch/pv-59-pakistan-after-the-ceasefire-gains-vulnerabilities-and-the-policy-agenda.pdf,,,pdfs/2026/04/pv-59-pakistan-after-the-ceasefire-gains-vulnerabilities-and-the-policy-agenda.pdf,data/fulltext/pakistan-after-the-ceasefire-gains-vulnerabilities-and-the-policy-agenda.txt,2329
digital-inclusion-challenges-for-inclusive-digitalization-in-pakistan,Digital inclusion: challenges for inclusive digitalization in Pakistan,2026-04-20,2026-04,2026,PIDE in Press,PIDE in Press,Usman Ahmad,,,https://pide.org.pk/research/digital-inclusion-challenges-for-inclusive-digitalization-in-pakistan/,,,,,,0
a-critical-path-to-fiscal-federalism-policy-imperatives-for-the-nfc-award-remake,A Critical Path to Fiscal Federalism:  Policy Imperatives for the NFC Award Remake,2026-04-20,2026-04,2026,Working Paper,Recent Publications; Working Paper,Mahmood Khalid; Iftikhar Ahmad; Nasir Iqbal,,,https://pide.org.pk/research/a-critical-path-to-fiscal-federalism-policy-imperatives-for-the-nfc-award-remake/,https://file.pide.org.pk/pdfpideresearch/wp-26-03-a-critical-path-to-fiscal-federalism-policy-imperatives-for-the-nfc-award-remake.pdf,,,pdfs/2026/04/wp-26-03-a-critical-path-to-fiscal-federalism-policy-imperatives-for-the-nfc-award-remake.pdf,data/fulltext/a-critical-path-to-fiscal-federalism-policy-imperatives-for-the-nfc-award-remake.txt,1862
securing-market-diversification-through-cpec-2-0,Securing Market Diversification Through CPEC 2.0,2026-04-16,2026-04,2026,PIDE in Press,PIDE in Press,Awais Ali; Syed Hasanat Shah,,,https://pide.org.pk/research/securing-market-diversification-through-cpec-2-0/,,,,,,0
capitalizing-on-conflict-reimagining-the-ports-of-pakistan-amid-gulf-war,Capitalizing on Conflict: Reimagining the Ports of Pakistan Amid Gulf War,2026-04-16,2026-04,2026,Policy Viewpoint,Recent Publications; Policy Viewpoint,Nadia Hassan,,,https://pide.org.pk/research/capitalizing-on-conflict-reimagining-the-ports-of-pakistan-amid-gulf-war/,https://file.pide.org.pk/pdfpideresearch/pv-58-capitalizing-on-conflict-reimagining-the-ports-of-pakistan-amid-gulf-war.pdf,,,pdfs/2026/04/pv-58-capitalizing-on-conflict-reimagining-the-ports-of-pakistan-amid-gulf-war.pdf,data/fulltext/capitalizing-on-conflict-reimagining-the-ports-of-pakistan-amid-gulf-war.txt,1833
fuel-crisis-response-is-working-now-policy-must-protect-households,"Fuel crisis response is working, now policy must protect households",2026-04-15,2026-04,2026,PIDE in Press,PIDE in Press,Maryam Hafeez,,,https://pide.org.pk/research/fuel-crisis-response-is-working-now-policy-must-protect-households/,,,,,,0
the-myth-of-austerity,The myth of austerity,2026-04-13,2026-04,2026,PIDE in Press,PIDE in Press,Nasir Iqbal,,,https://pide.org.pk/research/the-myth-of-austerity/,,,,,,0
from-the-strait-of-hormuz-to-the-psx-what-the-iran-israel-war-reveals-about-pakistans-economic-vulnerability,From the Strait of Hormuz to the PSX: What the Iran-Israel War Reveals About Pakistan’s Economic Vulnerability,2026-04-13,2026-04,2026,Policy Viewpoint,Recent Publications; Policy Viewpoint,Ahmad Fraz,,,https://pide.org.pk/research/from-the-strait-of-hormuz-to-the-psx-what-the-iran-israel-war-reveals-about-pakistans-economic-vulnerability/,https://file.pide.org.pk/pdfpideresearch/pv-57-from-the-strait-of-hormuz-to-the-psx.pdf,,,pdfs/2026/04/pv-57-from-the-strait-of-hormuz-to-the-psx.pdf,data/fulltext/from-the-strait-of-hormuz-to-the-psx-what-the-iran-israel-war-reveals-about-pakistans-economic-vulnerability.txt,1698
a-nation-under-two-pressures,A nation under two pressures,2026-04-13,2026-04,2026,PIDE in Press,PIDE in Press,Muhammad Faisal Ali,,,https://pide.org.pk/research/a-nation-under-two-pressures/,,,,,,0
the-petrodollar-era-faces-a-quiet-but-defining-shift,The Petrodollar Era Faces A Quiet But Defining Shift,2026-04-08,2026-04,2026,PIDE in Press,PIDE in Press,Madiha Riaz,,,https://pide.org.pk/research/the-petrodollar-era-faces-a-quiet-but-defining-shift/,,,,,,0
balochistans-skills-gap-and-cpec-job-potential-a-human-capital-assessment,Balochistan’s Skills Gap and CPEC Job Potential: A Human Capital Assessment,2026-04-08,2026-04,2026,Knowledge Brief,Recent Publications; Knowledge Brief,Usama Abdul Rauf; Batoora Achakzai,,,https://pide.org.pk/research/balochistans-skills-gap-and-cpec-job-potential-a-human-capital-assessment/,https://file.pide.org.pk/pdfpideresearch/kb-142-balochistans-skills-gap-and-cpec-job-potential-a-human-capital-assessment.pdf,,,pdfs/2026/04/kb-142-balochistans-skills-gap-and-cpec-job-potential-a-human-capital-assessment.pdf,data/fulltext/balochistans-skills-gap-and-cpec-job-potential-a-human-capital-assessment.txt,1501
how-to-protect-pakistans-trade-after-the-me-conflict,How to protect Pakistan’s trade after the ME conflict,2026-04-07,2026-04,2026,PIDE in Press,PIDE in Press,Syed Hasanat Shah,,,https://pide.org.pk/research/how-to-protect-pakistans-trade-after-the-me-conflict/,,,,,,0
pakistans-energy-dependence-is-now-a-strategic-liability,Pakistan’s Energy Dependence Is Now A Strategic Liability,2026-04-06,2026-04,2026,PIDE in Press,PIDE in Press,Zuha Aakif,,,https://pide.org.pk/research/pakistans-energy-dependence-is-now-a-strategic-liability/,,,,,,0
clean-ports-strong-economy-fight-for-transparency-in-maritime-sector,"Clean ports, strong economy: fight for transparency in maritime sector",2026-04-06,2026-04,2026,PIDE in Press,PIDE in Press,Shamaila Zareen,,,https://pide.org.pk/research/clean-ports-strong-economy-fight-for-transparency-in-maritime-sector/,,,,,,0
media-coverage-world-oil-price-volatility-middle-east-geopolitics-and-pakistans-inflation-dynamics,"Media Coverage: World Oil Price Volatility, Middle East Geopolitics, and Pakistan’s Inflation Dynamics",2026-04-02,2026-04,2026,PIDE in Press,PIDE in Press,,,,https://pide.org.pk/research/media-coverage-world-oil-price-volatility-middle-east-geopolitics-and-pakistans-inflation-dynamics/,https://file.pide.org.pk/pdfpideinpress/pip-media-coverage-world-oil-price-volatility.pdf,,,pdfs/2026/04/pip-media-coverage-world-oil-price-volatility.pdf,,0
media-coverage-what-happens-when-women-suddenly-stop-receiving-cash-transfers,Media Coverage: What happens when women suddenly stop receiving cash transfers,2026-04-02,2026-04,2026,PIDE in Press,PIDE in Press,,,,https://pide.org.pk/research/media-coverage-what-happens-when-women-suddenly-stop-receiving-cash-transfers/,https://file.pide.org.pk/pdfpideinpress/pip-media-coverage-what-happens-when-women-suddenly-stop-receiving-cash-transfers.pdf,,,pdfs/2026/04/pip-media-coverage-what-happens-when-women-suddenly-stop-receiving-cash-transfers.pdf,,0
media-coverage-the-middle-east-crisis-impact-on-pakistans-trade,Media Coverage: The Middle East Crisis Impact on Pakistan’s Trade,2026-04-02,2026-04,2026,PIDE in Press,PIDE in Press,,,,https://pide.org.pk/research/media-coverage-the-middle-east-crisis-impact-on-pakistans-trade/,https://file.pide.org.pk/pdfpideinpress/pip-media-coverage-middle-east-crise-impact-on-pakistans-trade.pdf,,,pdfs/2026/04/pip-media-coverage-middle-east-crise-impact-on-pakistans-trade.pdf,,0
media-coverage-the-middle-east-conflict-and-its-implications-for-pakistani-migrant-workers,Media Coverage: The Middle East Conflict and Its Implications for Pakistani Migrant Workers,2026-04-02,2026-04,2026,PIDE in Press,PIDE in Press,,,,https://pide.org.pk/research/media-coverage-the-middle-east-conflict-and-its-implications-for-pakistani-migrant-workers/,https://file.pide.org.pk/pdfpideinpress/pip-media-coverage-middle-east-conflict.pdf,,,pdfs/2026/04/pip-media-coverage-middle-east-conflict.pdf,,0
media-coverage-pakistans-exposure-to-a-strait-of-hormuz-shock,Media Coverage: Pakistan’s Exposure to a Strait of Hormuz Shock,2026-04-02,2026-04,2026,PIDE in Press,PIDE in Press,,,,https://pide.org.pk/research/media-coverage-pakistans-exposure-to-a-strait-of-hormuz-shock/,https://file.pide.org.pk/pdfpideinpress/pip-media-coverage-pakistans-exposure-to-a-strait-of-hormuz-shock.pdf,,,pdfs/2026/04/pip-media-coverage-pakistans-exposure-to-a-strait-of-hormuz-shock.pdf,,0
media-coverage-managing-oil-shocks-pakistans-fiscal-risks-and-policy-choices,Media Coverage: Managing Oil Shocks: Pakistan’s Fiscal Risks and Policy Choices,2026-04-02,2026-04,2026,PIDE in Press,PIDE in Press,,,,https://pide.org.pk/research/media-coverage-managing-oil-shocks-pakistans-fiscal-risks-and-policy-choices/,https://file.pide.org.pk/pdfpideinpress/pip-media-coverage-managing-oil-shocks.pdf,,,pdfs/2026/04/pip-media-coverage-managing-oil-shocks.pdf,,0
media-coverage-economic-fallout-the-eu-india-free-trade-agreement-and-pakistans-trade-vulnerability,Media Coverage: Economic Fallout – The EU-India Free Trade Agreement and Pakistan’s Trade Vulnerability,2026-04-02,2026-04,2026,PIDE in Press,PIDE in Press,,,,https://pide.org.pk/research/media-coverage-economic-fallout-the-eu-india-free-trade-agreement-and-pakistans-trade-vulnerability/,https://file.pide.org.pk/pdfpideinpress/pip-media-coverage-economic-fallout.pdf,,,pdfs/2026/04/pip-media-coverage-economic-fallout.pdf,,0
gulf-instability-and-remittances-risk,Gulf instability and remittances’ risk,2026-03-30,2026-03,2026,PIDE in Press,PIDE in Press,Shujaat Farooq,,,https://pide.org.pk/research/gulf-instability-and-remittances-risk/,,,,,,0
energy-shocks-food-security-and-cpec-2-0,"Energy shocks, food security and CPEC 2.0",2026-03-30,2026-03,2026,PIDE in Press,PIDE in Press,Syeda Nida Raza; Syed Hasanat Shah,,,https://pide.org.pk/research/energy-shocks-food-security-and-cpec-2-0/,,,,,,0
doctoral-reboot,Doctoral reboot,2026-03-30,2026-03,2026,PIDE in Press,PIDE in Press,Saddam Hussein,,,https://pide.org.pk/research/doctoral-reboot/,,,,,,0
anthropology-in-or-of-development-on-tracing-pragmatic-relevance-of-anthropology-in-development-studies,Anthropology in or of Development? On Tracing Pragmatic Relevance of  Anthropology in Development Studies,2026-03-30,2026-03,2026,Recent Publications; Knowledge Brief,Recent Publications; Knowledge Brief,Fahd Zulfiqar,,,https://pide.org.pk/research/anthropology-in-or-of-development-on-tracing-pragmatic-relevance-of-anthropology-in-development-studies/,https://file.pide.org.pk/pdfpideresearch/kb-141-anthropology-in-or-of-development-on-tracing-pragmatic-relevance-of-anthropology-in-development-studies.pdf,,,pdfs/2026/03/kb-141-anthropology-in-or-of-development-on-tracing-pragmatic-relevance-of-anthropology-in-development-studies.pdf,data/fulltext/anthropology-in-or-of-development-on-tracing-pragmatic-relevance-of-anthropology-in-development-studies.txt,1391
wheat-pricing-puzzle-2026,Wheat pricing puzzle 2026,2026-03-27,2026-03,2026,PIDE in Press,PIDE in Press,Farah Naz,,,https://pide.org.pk/research/wheat-pricing-puzzle-2026/,,,,,,0
the-middle-east-crisis-impact-on-pakistans-trade,The Middle East Crisis Impact on Pakistan’s Trade,2026-03-26,2026-03,2026,Policy Viewpoint; Recent Publications,Recent Publications; Policy Viewpoint,Syed Hasanat Shah; Wajid Islam,,,https://pide.org.pk/research/the-middle-east-crisis-impact-on-pakistans-trade/,https://file.pide.org.pk/pdfpideresearch/pv-56-the-middle-east-crisis-impact-on-pakistans-trade.pdf,https://file.pide.org.pk/uploads/https://file.pide.org.pk/pdfpideresearch/pv-56-the-middle-east-crisis-impact-on-pakistans-trade.pdf,,pdfs/2026/03/pv-56-the-middle-east-crisis-impact-on-pakistans-trade.pdf,data/fulltext/the-middle-east-crisis-impact-on-pakistans-trade.txt,765
austerity-in-times-of-crisis,Austerity in times of crisis,2026-03-26,2026-03,2026,PIDE in Press,PIDE in Press,Hafsa Hina,,,https://pide.org.pk/research/austerity-in-times-of-crisis/,,,,,,0
managing-oil-shocks-pakistans-fiscal-risks-and-policy-choices,Managing Oil Shocks: Pakistan’s Fiscal Risks and Policy Choices,2026-03-25,2026-03,2026,Policy Viewpoint,Recent Publications; Policy Viewpoint,Nasir Iqbal; Shahzada M. Naeem Nawaz; Amna Riaz,,,https://pide.org.pk/research/managing-oil-shocks-pakistans-fiscal-risks-and-policy-choices/,https://file.pide.org.pk/pdfpideresearch/pv-55-managing-oil-shocks-pakistans-fiscal-risks-and-policy-choices.pdf,,,pdfs/2026/03/pv-55-managing-oil-shocks-pakistans-fiscal-risks-and-policy-choices.pdf,data/fulltext/managing-oil-shocks-pakistans-fiscal-risks-and-policy-choices.txt,1144
stability-without-growth-imf-programmes-and-policy-challenges-for-pakistan,Stability without growth: IMF programmes and policy challenges for Pakistan,2026-03-23,2026-03,2026,PIDE in Press,PIDE in Press,Amna Riaz,,,https://pide.org.pk/research/stability-without-growth-imf-programmes-and-policy-challenges-for-pakistan/,,,,,,0
reels-and-buffets,Reels and buffets,2026-03-23,2026-03,2026,PIDE in Press,PIDE in Press,Hamayun Khan,,,https://pide.org.pk/research/reels-and-buffets/,,,,,,0
corporate-window-a-lifeline-under-strain,CORPORATE WINDOW: A lifeline under strain,2026-03-23,2026-03,2026,PIDE in Press,PIDE in Press,Junaid Ahmed,,,https://pide.org.pk/research/corporate-window-a-lifeline-under-strain/,,,,,,0
the-middle-east-conflict-and-its-implications-for-pakistani-migrant-workers,The Middle East Conflict and Its Implications for Pakistani Migrant Workers,2026-03-19,2026-03,2026,Policy Viewpoint; Recent Publications,Recent Publications; Policy Viewpoint,Shujaat Farooq,,,https://pide.org.pk/research/the-middle-east-conflict-and-its-implications-for-pakistani-migrant-workers/,https://file.pide.org.pk/pdfpideresearch/pv-54-the-middle-east-conflict-and-its-implications-for-pakistani-migrant-workers.pdf,,,pdfs/2026/03/pv-54-the-middle-east-conflict-and-its-implications-for-pakistani-migrant-workers.pdf,data/fulltext/the-middle-east-conflict-and-its-implications-for-pakistani-migrant-workers.txt,743
the-cost-of-waiting-pakistans-decarbonisation-dilemma,The cost of waiting: Pakistan’s decarbonisation dilemma,2026-03-19,2026-03,2026,PIDE in Press,PIDE in Press,Bilal Aftab,,,https://pide.org.pk/research/the-cost-of-waiting-pakistans-decarbonisation-dilemma/,,,,,,0
hormuz-closure-could-triple-pakistans-oil-bill-push-inflation-to-15pc-17pc,"Hormuz closure could triple Pakistan’s oil bill, push inflation to 15pc-17pc",2026-03-18,2026-03,2026,PIDE in Press,PIDE in Press,Abida Naurin,,,https://pide.org.pk/research/hormuz-closure-could-triple-pakistans-oil-bill-push-inflation-to-15pc-17pc/,,,,,,0
pakistans-exposure-to-a-strait-of-hormuz-shock-fuel-pricing-inflation-and-external-vulnerability,"Pakistan’s Exposure to a Strait of Hormuz Shock: Fuel Pricing, Inflation, and External Vulnerability",2026-03-17,2026-03,2026,Working Paper,Recent Publications; Working Paper,Ahsan ul Haq; Shahzada M. Naeem Nawaz,,,https://pide.org.pk/research/pakistans-exposure-to-a-strait-of-hormuz-shock-fuel-pricing-inflation-and-external-vulnerability/,https://file.pide.org.pk/pdfpideresearch/wp-26-02-pakistans-exposure-to-a-strait-of-hormuz-shock-fuel-pricing-inflation-and-external-vulnerability.pdf,,,pdfs/2026/03/wp-26-02-pakistans-exposure-to-a-strait-of-hormuz-shock-fuel-pricing-inflation-and-external-vulnerability.pdf,data/fulltext/pakistans-exposure-to-a-strait-of-hormuz-shock-fuel-pricing-inflation-and-external-vulnerability.txt,1654
pakistans-economic-paradox,Pakistan’s economic paradox,2026-03-17,2026-03,2026,PIDE in Press,PIDE in Press,Muhammad Nadeem Javaid,,,https://pide.org.pk/research/pakistans-economic-paradox/,,,,,,0
caught-in-the-gulf-crosswinds,Caught in the Gulf crosswinds,2026-03-16,2026-03,2026,PIDE in Press,PIDE in Press,Junaid Ahmed; Wajid Islam,,,https://pide.org.pk/research/caught-in-the-gulf-crosswinds/,,,,,,0
world-oil-price-volatility-middle-east-geopolitics-and-pakistans-in%ef%ac%82ation-dynamics,"World Oil Price Volatility, Middle East Geopolitics, and Pakistan’s Inflation Dynamics",2026-03-12,2026-03,2026,Policy Viewpoint,Recent Publications; Policy Viewpoint,Abida Naurin,,,https://pide.org.pk/research/world-oil-price-volatility-middle-east-geopolitics-and-pakistans-in%ef%ac%82ation-dynamics/,https://file.pide.org.pk/pdfpideresearch/pv-53-world-oil-price-volatility-middle-east-geopolitics-and-pakistans-inflation-dynamics.pdf,,,pdfs/2026/03/pv-53-world-oil-price-volatility-middle-east-geopolitics-and-pakistans-inflation-dynamics.pdf,data/fulltext/world-oil-price-volatility-middle-east-geopolitics-and-pakistans-in%ef%ac%82ation-dynamics.txt,2228
the-double-standard-in-our-war-on-tax-evasion,The double standard in our war on tax evasion,2026-03-12,2026-03,2026,PIDE in Press,PIDE in Press,Mehwish Mumtaz,,,https://pide.org.pk/research/the-double-standard-in-our-war-on-tax-evasion/,,,,,,0
ramadan-and-the-rhythm-of-prices,Ramadan and the Rhythm of Prices,2026-03-10,2026-03,2026,PIDE in Press,PIDE in Press,Usama Abdul Rauf,,,https://pide.org.pk/research/ramadan-and-the-rhythm-of-prices/,,,,,,0
possible-impacts-of-iran-war,Possible impacts of Iran war,2026-03-09,2026-03,2026,PIDE in Press,PIDE in Press,Syed Hasanat Shah,,,https://pide.org.pk/research/possible-impacts-of-iran-war/,,,,,,0
media-coverage-pide-x-ecp-mou-signing-ceremony,Media Coverage: PIDE X ECP MOU Signing Ceremony,2026-03-09,2026-03,2026,PIDE in Press,PIDE in Press,PIDE,,,https://pide.org.pk/research/media-coverage-pide-x-ecp-mou-signing-ceremony/,https://file.pide.org.pk/pdfpideresearch/media-coverage-pide-x-ecp-mou-signing-ceremony.pdf,,,pdfs/2026/03/media-coverage-pide-x-ecp-mou-signing-ceremony.pdf,,0
gold-market-crash-is-now-the-right-time-to-buy,Gold market crash: Is now the right time to buy?,2026-03-06,2026-03,2026,PIDE in Press,PIDE in Press,Hafsa Hina,,,https://pide.org.pk/research/gold-market-crash-is-now-the-right-time-to-buy/,,,,,,0
ai-revolution-pakistans-youth-dilemma,AI revolution: Pakistan’s youth dilemma,2026-03-05,2026-03,2026,PIDE in Press,PIDE in Press,Madeeha Gohar Qureshi,,,https://pide.org.pk/research/ai-revolution-pakistans-youth-dilemma/,,,,,,0
the-execution-gap,The execution gap,2026-03-04,2026-03,2026,PIDE in Press,PIDE in Press,Muhammad Nadeem Javaid,,,https://pide.org.pk/research/the-execution-gap/,,,,,,0
the-war-premium-week,The War Premium Week,2026-03-02,2026-03,2026,PIDE in Press,PIDE in Press,Nasir Iqbal,,,https://pide.org.pk/research/the-war-premium-week/,,,,,,0
a-tough-test-for-textiles,A tough test for textiles?,2026-03-02,2026-03,2026,PIDE in Press,PIDE in Press,Amjad Masood,,,https://pide.org.pk/research/a-tough-test-for-textiles/,,,,,,0
worsening-smog-in-pakistan-demands-sustainable-policies-and-effective-emission-control,Worsening Smog In Pakistan Demands Sustainable Policies And Effective Emission Control,2026-02-25,2026-02,2026,PIDE in Press,PIDE in Press,Bilal Aftab,,,https://pide.org.pk/research/worsening-smog-in-pakistan-demands-sustainable-policies-and-effective-emission-control/,,,,,,0
taming-oil-volatility,Taming oil volatility,2026-02-25,2026-02,2026,PIDE in Press,PIDE in Press,Abida Naurin,,,https://pide.org.pk/research/taming-oil-volatility/,,,,,,0
pide-transformation,PIDE transformation,2026-02-25,2026-02,2026,PIDE in Press,PIDE in Press,Nasir Iqbal,,,https://pide.org.pk/research/pide-transformation/,,,,,,0
economic-fallout-the-eu-india-free-trade-agreement-and-pakistans-trade-vulnerability,Economic Fallout: The EU-India Free Trade Agreement and Pakistan’s Trade Vulnerability,2026-02-25,2026-02,2026,Policy Viewpoint,Recent Publications; Policy Viewpoint,Usman Qadir; Amjad Masood,,,https://pide.org.pk/research/economic-fallout-the-eu-india-free-trade-agreement-and-pakistans-trade-vulnerability/,https://file.pide.org.pk/pdfpideresearch/pv-52-economic-fallout-the-eu-india-free-trade-agreement-and-pakistans-trade-vulnerability.pdf,,,pdfs/2026/02/pv-52-economic-fallout-the-eu-india-free-trade-agreement-and-pakistans-trade-vulnerability.pdf,data/fulltext/economic-fallout-the-eu-india-free-trade-agreement-and-pakistans-trade-vulnerability.txt,2512
why-pakistan-must-embrace-the-gig-economy,Why Pakistan must embrace the gig economy,2026-02-24,2026-02,2026,PIDE in Press,PIDE in Press,Henna Ahsan,,,https://pide.org.pk/research/why-pakistan-must-embrace-the-gig-economy/,,,,,,0
theres-need-to-bring-shadow-economy-into-tax-net,There’s need to bring shadow economy into tax net,2026-02-24,2026-02,2026,PIDE in Press,PIDE in Press,Syed Hasanat Shah,,,https://pide.org.pk/research/theres-need-to-bring-shadow-economy-into-tax-net/,,,,,,0
pakistans-growing-graveyard-shortage-threatens-cities-and-communities,Pakistan’s Growing Graveyard Shortage Threatens Cities And Communities,2026-02-20,2026-02,2026,PIDE in Press,PIDE in Press,Ussama Bin Sajjad Kiyani,,,https://pide.org.pk/research/pakistans-growing-graveyard-shortage-threatens-cities-and-communities/,,,,,,0
everything-wrong-with-pakistans-real-estate-structure,Everything Wrong with Pakistan’s Real Estate Structure,2026-02-19,2026-02,2026,PIDE in Press,PIDE in Press,Ussama Bin Sajjad Kiyani,,,https://pide.org.pk/research/everything-wrong-with-pakistans-real-estate-structure/,,,,,,0
pak-afghan-ties,Pak-Afghan ties,2026-02-18,2026-02,2026,PIDE in Press,PIDE in Press,Ajmal Kakar,,,https://pide.org.pk/research/pak-afghan-ties/,,,,,,0
a-9bn-question-on-trade,A $9bn question on trade,2026-02-16,2026-02,2026,PIDE in Press,PIDE in Press,Junaid Ahmed; Wajid Islam,,,https://pide.org.pk/research/a-9bn-question-on-trade/,,,,,,0
the-landscape-of-ai-in-education-and-research-knowledge-users-perspectives,The landscape of AI in Education and Research:  Knowledge Users’ Perspectives,2026-02-14,2026-02,2026,Working Paper,Recent Publications; Working Paper,Fizzah Khalid Butt; Anjeela Khurram,Pakistan; Research; AI; Education sector,,https://pide.org.pk/research/the-landscape-of-ai-in-education-and-research-knowledge-users-perspectives/,https://file.pide.org.pk/pdfpideresearch/wp-26-01-the-landscape-of-ai-in-education-and-research-knowledge-users-perspectives.pdf,,,pdfs/2026/02/wp-26-01-the-landscape-of-ai-in-education-and-research-knowledge-users-perspectives.pdf,data/fulltext/the-landscape-of-ai-in-education-and-research-knowledge-users-perspectives.txt,2021
the-nudge-of-tariffs-what-pakistan-can-no-longer-ignore,The nudge of tariffs: what Pakistan can no longer ignore,2026-02-10,2026-02,2026,PIDE in Press,PIDE in Press,Usman Qadir; Mohammad Shaaf Najib,,,https://pide.org.pk/research/the-nudge-of-tariffs-what-pakistan-can-no-longer-ignore/,,,,,,0
unlocking-asean-through-vietnam-a-strategic-path-for-pakistans-trade-diversification,Unlocking ASEAN through Vietnam: A Strategic Path for Pakistan’s Trade Diversification,2026-02-09,2026-02,2026,Knowledge Brief,Recent Publications; Knowledge Brief; Center for Industry‚ Trade &amp; Digital Economy,Adnan Akram,,,https://pide.org.pk/research/unlocking-asean-through-vietnam-a-strategic-path-for-pakistans-trade-diversification/,https://file.pide.org.pk/pdfpideresearch/kb-140-unlocking-asean-through-vietnam-a-strategic-path-for-pakistans-trade-diversification.pdf,,,pdfs/2026/02/kb-140-unlocking-asean-through-vietnam-a-strategic-path-for-pakistans-trade-diversification.pdf,data/fulltext/unlocking-asean-through-vietnam-a-strategic-path-for-pakistans-trade-diversification.txt,1355
opinion-pakistani-agricultural-sector-is-one-of-the-most-wasteful-water-users-on-the-planet,OPINION: Pakistani agricultural sector is one of the most wasteful water users on the planet,2026-01-30,2026-01,2026,PIDE in Press,PIDE in Press,Muhammad Zeshan,,,https://pide.org.pk/research/opinion-pakistani-agricultural-sector-is-one-of-the-most-wasteful-water-users-on-the-planet/,,,,,,0
e-governance-in-pakistan-where-pakistan-stands-and-where-it-can-go,E-Governance in Pakistan: Where Pakistan Stands and Where It Can Go?,2026-01-29,2026-01,2026,Knowledge Brief,Recent Publications; Knowledge Brief; Center for Governance‚ Markets and Regulatory Analysis,Nisar Ali,,,https://pide.org.pk/research/e-governance-in-pakistan-where-pakistan-stands-and-where-it-can-go/,https://file.pide.org.pk/pdfpideresearch/kb-139-e-governance-in-pakistan-where-pakistan-stands-and-where-it-can-go.pdf,,http://www.adb.org/sites/default/ﬁles/publication/1067316/pakistan-digital-ecosystem-diagnostic-report.pdf,pdfs/2026/01/kb-139-e-governance-in-pakistan-where-pakistan-stands-and-where-it-can-go.pdf,data/fulltext/e-governance-in-pakistan-where-pakistan-stands-and-where-it-can-go.txt,2085
reclaiming-the-flow-a-new-urban-water-vision-for-pakistan,Reclaiming the Flow: A New Urban Water Vision for Pakistan,2026-01-27,2026-01,2026,Knowledge Brief,Recent Publications; Knowledge Brief; Center for Sustainable Futures,Ussama Bin Sajjad Kiyani,,,https://pide.org.pk/research/reclaiming-the-flow-a-new-urban-water-vision-for-pakistan/,https://file.pide.org.pk/pdfpideresearch/kb-138-reclaiming-the-flow-a-new-urban-water-vision-for-pakistan.pdf,,,pdfs/2026/01/kb-138-reclaiming-the-flow-a-new-urban-water-vision-for-pakistan.pdf,data/fulltext/reclaiming-the-flow-a-new-urban-water-vision-for-pakistan.txt,2535
walking-through-turkwals-disappearing-past,Walking through Turkwal’s disappearing past,2026-01-26,2026-01,2026,PIDE in Press,PIDE in Press,Zulfiqar Ali,,,https://pide.org.pk/research/walking-through-turkwals-disappearing-past/,,,,,,0
the-unfunded-mandate-of-pakistani-universities,The unfunded mandate of Pakistani universities,2026-01-26,2026-01,2026,PIDE in Press,PIDE in Press,Madiha Riaz,,,https://pide.org.pk/research/the-unfunded-mandate-of-pakistani-universities/,,,,,,0
the-investment-drain,The investment drain,2026-01-26,2026-01,2026,PIDE in Press,PIDE in Press,Wajid Islam,,,https://pide.org.pk/research/the-investment-drain/,,,,,,0
reading-the-fine-print,Reading the fine print,2026-01-26,2026-01,2026,PIDE in Press,PIDE in Press,Omer Siddique,,,https://pide.org.pk/research/reading-the-fine-print/,,,,,,0
opinion-from-solar-subsidy-to-system-stress-rethinking-net-metering-in-pakistan,OPINION: From solar subsidy to system stress: rethinking net metering in Pakistan,2026-01-26,2026-01,2026,PIDE in Press,PIDE in Press,Rubina Ilyas,,,https://pide.org.pk/research/opinion-from-solar-subsidy-to-system-stress-rethinking-net-metering-in-pakistan/,,,,,,0
media-coverage-whose-interest-conflicts-with-the-invisible-hand,Media Coverage: “Whose Interest? Conflicts with the Invisible Hand”,2026-01-26,2026-01,2026,PIDE in Press,PIDE in Press,PIDE,,,https://pide.org.pk/research/media-coverage-whose-interest-conflicts-with-the-invisible-hand/,https://file.pide.org.pk/pdfpideinpress/pip-media-coverage-whose-interest-conflicts-with-the-invisible-hand.pdf,,,pdfs/2026/01/pip-media-coverage-whose-interest-conflicts-with-the-invisible-hand.pdf,,0
media-coverage-seminar-on-urbanization,Media Coverage: Seminar on Urbanization,2026-01-26,2026-01,2026,PIDE in Press,PIDE in Press,PIDE,,,https://pide.org.pk/research/media-coverage-seminar-on-urbanization/,https://file.pide.org.pk/pdfpideinpress/pip-media-coverage-seminar-on-urbanization.pdf,,,pdfs/2026/01/pip-media-coverage-seminar-on-urbanization.pdf,,0
media-coverage-pakistans-fisheries-and-aquaculture-policy-2025-2035,Media Coverage: Pakistan’s Fisheries and Aquaculture Policy 2025–2035,2026-01-26,2026-01,2026,PIDE in Press,PIDE in Press,PIDE,,,https://pide.org.pk/research/media-coverage-pakistans-fisheries-and-aquaculture-policy-2025-2035/,https://file.pide.org.pk/pdfpideinpress/pip-media-coverage-pakistans-fisheries-and-aquaculture-policy-2025-2035.pdf,,,pdfs/2026/01/pip-media-coverage-pakistans-fisheries-and-aquaculture-policy-2025-2035.pdf,,0
media-coverage-national-housing-policy,Media Coverage: National Housing Policy,2026-01-26,2026-01,2026,PIDE in Press,PIDE in Press,PIDE,,,https://pide.org.pk/research/media-coverage-national-housing-policy/,https://file.pide.org.pk/pdfpideinpress/pip-media-coverage-national-housing-policy.pdf,,,pdfs/2026/01/pip-media-coverage-national-housing-policy.pdf,,0
media-coverage-53rd-csa-probationers-visit-to-pide,Media Coverage: 53rd CSA Probationers Visit to PIDE,2026-01-26,2026-01,2026,PIDE in Press,PIDE in Press,PIDE,,,https://pide.org.pk/research/media-coverage-53rd-csa-probationers-visit-to-pide/,https://file.pide.org.pk/pdfpideinpress/pip-media-coverage-53rd-csa-probationers-visit-to-pide.pdf,,,pdfs/2026/01/pip-media-coverage-53rd-csa-probationers-visit-to-pide.pdf,,0
rasta-local-research-local-solutions-sustainable-development-volume-xxv,RASTA: Local Research Local Solutions – Sustainable Development (Volume XXV),2026-01-15,2026-01,2026,Book,Books; Rasta Books,,,,https://pide.org.pk/research/rasta-local-research-local-solutions-sustainable-development-volume-xxv/,https://file.pide.org.pk/pdfpideresearch/book-rasta-local-research-local-solutions-sustainable-development-volume-xxv.pdf,,,pdfs/2026/01/book-rasta-local-research-local-solutions-sustainable-development-volume-xxv.pdf,data/fulltext/rasta-local-research-local-solutions-sustainable-development-volume-xxv.txt,160
rasta-local-research-local-solutions-sludge-and-development-volume-xxiii,RASTA: Local Research Local Solutions – Sludge and Development (Volume XXIII),2026-01-15,2026-01,2026,Book,Books; Rasta Books,,,,https://pide.org.pk/research/rasta-local-research-local-solutions-sludge-and-development-volume-xxiii/,https://file.pide.org.pk/pdfpideresearch/book-rasta-local-research-local-solutions-sludge-and-development-volume-xxiii.pdf,,,pdfs/2026/01/book-rasta-local-research-local-solutions-sludge-and-development-volume-xxiii.pdf,data/fulltext/rasta-local-research-local-solutions-sludge-and-development-volume-xxiii.txt,137
rasta-local-research-local-solutions-political-governance-volume-xxvi,RASTA: Local Research Local Solutions – Political Governance (Volume XXVI),2026-01-15,2026-01,2026,Book,Books; Rasta Books,,,,https://pide.org.pk/research/rasta-local-research-local-solutions-political-governance-volume-xxvi/,https://file.pide.org.pk/pdfpideresearch/book-rasta-local-research-local-solutions-political-governance-volume-xxvi.pdf,,,pdfs/2026/01/book-rasta-local-research-local-solutions-political-governance-volume-xxvi.pdf,data/fulltext/rasta-local-research-local-solutions-political-governance-volume-xxvi.txt,128
rasta-local-research-local-solutions-human-capital-and-opportunities-volume-xxiv,RASTA: Local Research Local Solutions – Human Capital and Opportunities (Volume XXIV),2026-01-15,2026-01,2026,Book,Books; Rasta Books,,,,https://pide.org.pk/research/rasta-local-research-local-solutions-human-capital-and-opportunities-volume-xxiv/,https://file.pide.org.pk/pdfpideresearch/book-rasta-local-research-local-solutions-human-capital-and-opportunities-volume-xxiv.pdf,,,pdfs/2026/01/book-rasta-local-research-local-solutions-human-capital-and-opportunities-volume-xxiv.pdf,data/fulltext/rasta-local-research-local-solutions-human-capital-and-opportunities-volume-xxiv.txt,226
rasta-local-research-local-solutions-tech-for-competition-and-growth-volume-xxi,RASTA: Local Research Local Solutions – Tech for Competition and Growth (Volume XXI),2026-01-14,2026-01,2026,Book,Books; Rasta Books,,,,https://pide.org.pk/research/rasta-local-research-local-solutions-tech-for-competition-and-growth-volume-xxi/,https://file.pide.org.pk/pdfpideresearch/book-rasta-local-research-local-solutions-tech-for-competition-and-growth-volume-xxi.pdf,,,pdfs/2026/01/book-rasta-local-research-local-solutions-tech-for-competition-and-growth-volume-xxi.pdf,data/fulltext/rasta-local-research-local-solutions-tech-for-competition-and-growth-volume-xxi.txt,285
rasta-local-research-local-solutions-fiscal-management-volume-xxii,RASTA: Local Research Local Solutions – Fiscal Management (Volume XXII),2026-01-14,2026-01,2026,Book,Books; Rasta Books,,,,https://pide.org.pk/research/rasta-local-research-local-solutions-fiscal-management-volume-xxii/,https://file.pide.org.pk/pdfpideresearch/book-rasta-local-research-local-solutions-fiscal-management-volume-xxii.pdf,,,pdfs/2026/01/book-rasta-local-research-local-solutions-fiscal-management-volume-xxii.pdf,data/fulltext/rasta-local-research-local-solutions-fiscal-management-volume-xxii.txt,170
why-policy-must-look-beyond-crop-burning-to-tackle-smog,Why Policy Must Look Beyond Crop Burning to Tackle Smog,2026-01-09,2026-01,2025,Policy and Research,Policy and Research; Discourse 2025-04,Ayesha Sultana,,,https://pide.org.pk/research/why-policy-must-look-beyond-crop-burning-to-tackle-smog/,https://file.pide.org.pk/pdfpideresearch/discourse-2025-04-10-why-policy-must-look-beyond-crop-burning-to-tackle-smog.pdf,,,pdfs/2026/01/discourse-2025-04-10-why-policy-must-look-beyond-crop-burning-to-tackle-smog.pdf,data/fulltext/why-policy-must-look-beyond-crop-burning-to-tackle-smog.txt,1598
whats-new-at-cop30-and-how-developing-countries-especially-pakistan-can-negotiate-more-efficiently,"What’s New at COP30 – And How Developing Countries, Especially Pakistan, Can Negotiate More Efficiently",2026-01-09,2026-01,2025,Policy and Research,Policy and Research; Discourse 2025-04,Khalid Waleed,,,https://pide.org.pk/research/whats-new-at-cop30-and-how-developing-countries-especially-pakistan-can-negotiate-more-efficiently/,https://file.pide.org.pk/pdfpideresearch/discourse-2025-04-04-whats-new-at-cop30-and-how-developing-countries-especially-pakistan-can-negotiate-more-efficiently.pdf,,,pdfs/2026/01/discourse-2025-04-04-whats-new-at-cop30-and-how-developing-countries-especially-pakistan-can-negotiate-more-efficiently.pdf,data/fulltext/whats-new-at-cop30-and-how-developing-countries-especially-pakistan-can-negotiate-more-efficiently.txt,1754
tourism-in-a-warming-world,Tourism in a Warming World,2026-01-09,2026-01,2025,Policy and Research,Policy and Research; Discourse 2025-04,Marzia; Ajmal Kakar,,,https://pide.org.pk/research/tourism-in-a-warming-world/,https://file.pide.org.pk/pdfpideresearch/discourse-2025-04-16-tourism-in-a-warming-world.pdf,,,pdfs/2026/01/discourse-2025-04-16-tourism-in-a-warming-world.pdf,data/fulltext/tourism-in-a-warming-world.txt,1781
road-map-for-gilgit-baltistan-disaster-risk-reduction-policy-gb-drr-policy,Road Map for Gilgit Baltistan Disaster Risk Reduction Policy (GB-DRR Policy),2026-01-09,2026-01,2025,Policy and Research,Policy and Research; Discourse 2025-04,Wajhullah Fahim,,,https://pide.org.pk/research/road-map-for-gilgit-baltistan-disaster-risk-reduction-policy-gb-drr-policy/,https://file.pide.org.pk/pdfpideresearch/discourse-2025-04-14-road-map-for-gilgit-baltistan-disaster-risk-reduction-policy-gb-drr-policy.pdf,,,pdfs/2026/01/discourse-2025-04-14-road-map-for-gilgit-baltistan-disaster-risk-reduction-policy-gb-drr-policy.pdf,data/fulltext/road-map-for-gilgit-baltistan-disaster-risk-reduction-policy-gb-drr-policy.txt,1499
parametric-insurance-transforming-the-insurance-landscape-in-pakistan,Parametric Insurance: Transforming the Insurance Landscape in Pakistan,2026-01-09,2026-01,2025,Policy and Research,Policy and Research; Discourse 2025-04,Alishba Khan,,,https://pide.org.pk/research/parametric-insurance-transforming-the-insurance-landscape-in-pakistan/,https://file.pide.org.pk/pdfpideresearch/discourse-2025-04-03-parametric-insurance-transforming-the-insurance-landscape-in-pakistan.pdf,,,pdfs/2026/01/discourse-2025-04-03-parametric-insurance-transforming-the-insurance-landscape-in-pakistan.pdf,data/fulltext/parametric-insurance-transforming-the-insurance-landscape-in-pakistan.txt,1260
pakistans-struggle-in-disaster-and-climate-governance,Pakistan’s Struggle in Disaster and Climate Governance,2026-01-09,2026-01,2025,Policy and Research,Policy and Research; Discourse 2025-04,Zartasha Inayat,,,https://pide.org.pk/research/pakistans-struggle-in-disaster-and-climate-governance/,https://file.pide.org.pk/pdfpideresearch/discourse-2025-04-08-pakistans-struggle-in-disaster-and-climate-governance.pdf,,,pdfs/2026/01/discourse-2025-04-08-pakistans-struggle-in-disaster-and-climate-governance.pdf,data/fulltext/pakistans-struggle-in-disaster-and-climate-governance.txt,1706
pakistans-environmental-pathways-insights-and-solutions-from-pides-research,Pakistan’s Environmental Pathways: Insights and Solutions from PIDE’s Research,2026-01-09,2026-01,2025,Policy and Research,Policy and Research; Discourse 2025-04,Muhammad Faisal Ali,,,https://pide.org.pk/research/pakistans-environmental-pathways-insights-and-solutions-from-pides-research/,https://file.pide.org.pk/pdfpideresearch/discourse-2025-04-19-pakistans-environmental-pathways-insights-and-solutions-from-pides-research.pdf,,,pdfs/2026/01/discourse-2025-04-19-pakistans-environmental-pathways-insights-and-solutions-from-pides-research.pdf,data/fulltext/pakistans-environmental-pathways-insights-and-solutions-from-pides-research.txt,1207
pakistans-climate-finance-landscape-bridging-the-gap-between-commitments-and-capacity,Pakistan’s Climate Finance Landscape: Bridging the Gap Between Commitments and Capacity,2026-01-09,2026-01,2025,Policy and Research,Policy and Research; Discourse 2025-04,Ahmad Fraz,,,https://pide.org.pk/research/pakistans-climate-finance-landscape-bridging-the-gap-between-commitments-and-capacity/,https://file.pide.org.pk/pdfpideresearch/discourse-2025-04-12-pakistans-climate-finance-landscape-bridging-the-gap-between-commitments-and-capacity.pdf,,,pdfs/2026/01/discourse-2025-04-12-pakistans-climate-finance-landscape-bridging-the-gap-between-commitments-and-capacity.pdf,data/fulltext/pakistans-climate-finance-landscape-bridging-the-gap-between-commitments-and-capacity.txt,1935
pakistans-climate-adaptation-dilemma-maladaptation-consequences-and-governing-gaps,"Pakistan’s Climate Adaptation Dilemma, Maladaptation, Consequences, and Governing Gaps",2026-01-09,2026-01,2025,Policy and Research,Policy and Research; Discourse 2025-04,Inshrah Minahil,,,https://pide.org.pk/research/pakistans-climate-adaptation-dilemma-maladaptation-consequences-and-governing-gaps/,https://file.pide.org.pk/pdfpideresearch/discourse-2025-04-13-pakistans-climate-adaptation-dilemma-maladaptation-consequences-and-governing-gaps.pdf,,https://unfccc.int/sites/default/files/resource/National_Adaptation_Plan_Pakistan.pdf,pdfs/2026/01/discourse-2025-04-13-pakistans-climate-adaptation-dilemma-maladaptation-consequences-and-governing-gaps.pdf,data/fulltext/pakistans-climate-adaptation-dilemma-maladaptation-consequences-and-governing-gaps.txt,2515
opinion-remittances-pakistans-blessing-in-distress,OPINION: Remittances: Pakistan’s blessing in distress,2026-01-09,2026-01,2025,PIDE in Press,PIDE in Press,Amna Riaz,,,https://pide.org.pk/research/opinion-remittances-pakistans-blessing-in-distress/,,,,,,0
operationalizing-climate-justice-in-pakistan,Operationalizing Climate Justice in Pakistan,2026-01-09,2026-01,2025,Policy and Research,Policy and Research; Discourse 2025-04,Sehrish Irshad,,,https://pide.org.pk/research/operationalizing-climate-justice-in-pakistan/,https://file.pide.org.pk/pdfpideresearch/discourse-2025-04-06-operationalizing-climate-justice-in-pakistan.pdf,,,pdfs/2026/01/discourse-2025-04-06-operationalizing-climate-justice-in-pakistan.pdf,data/fulltext/operationalizing-climate-justice-in-pakistan.txt,1821
navigating-asymmetrical-climate-vulnerabilities,Navigating Asymmetrical Climate Vulnerabilities,2026-01-09,2026-01,2025,Policy and Research,Policy and Research; Discourse 2025-04,Muhammad Arif Goheer,,,https://pide.org.pk/research/navigating-asymmetrical-climate-vulnerabilities/,https://file.pide.org.pk/pdfpideresearch/discourse-2025-04-01-navigating-asymmetrical-climate-vulnerabilities.pdf,,,pdfs/2026/01/discourse-2025-04-01-navigating-asymmetrical-climate-vulnerabilities.pdf,data/fulltext/navigating-asymmetrical-climate-vulnerabilities.txt,2106
leading-through-crisis-an-exclusive-interview-with-chairman-ndma-lieutenant,"Leading Through Crisis An Exclusive Interview with Chairman NDMA, Lieutenant",2026-01-09,2026-01,2025,Policy and Research,Policy and Research; Discourse 2025-04,General Inam Haider Malik,,,https://pide.org.pk/research/leading-through-crisis-an-exclusive-interview-with-chairman-ndma-lieutenant/,https://file.pide.org.pk/pdfpideresearch/discourse-2025-04-02-leading-through-crisis-an-exclusive-interview-with-chairman-ndma-lieutenant-general-inam-haider-malik.pdf,,,pdfs/2026/01/discourse-2025-04-02-leading-through-crisis-an-exclusive-interview-with-chairman-ndma-lieutenant-general-inam-haider-malik.pdf,,0
is-water-poverty-the-next-big-threat-to-urban-stability,Is Water Poverty the Next Big Threat to Urban Stability?,2026-01-09,2026-01,2025,Policy and Research,Policy and Research; Discourse 2025-04,Muhammad Hassam Shahid,,,https://pide.org.pk/research/is-water-poverty-the-next-big-threat-to-urban-stability/,https://file.pide.org.pk/pdfpideresearch/discourse-2025-04-17-is-water-poverty-the-next-big-threat-to-urban-stability.pdf,,,pdfs/2026/01/discourse-2025-04-17-is-water-poverty-the-next-big-threat-to-urban-stability.pdf,data/fulltext/is-water-poverty-the-next-big-threat-to-urban-stability.txt,1497
human-roots-of-resilience-how-local-knowledge-and-smart-farming-drive-climate-adaptation-in-pakistan,Human Roots of Resilience: How Local Knowledge and Smart Farming Drive Climate Adaptation in Pakistan,2026-01-09,2026-01,2025,Policy and Research,Policy and Research; Discourse 2025-04,Manan Aslam,,,https://pide.org.pk/research/human-roots-of-resilience-how-local-knowledge-and-smart-farming-drive-climate-adaptation-in-pakistan/,https://file.pide.org.pk/pdfpideresearch/discourse-2025-04-07-human-roots-of-resilience-how-local-knowledge-and-smart-farming-drive-climate-adaptation-in-pakistan.pdf,,,pdfs/2026/01/discourse-2025-04-07-human-roots-of-resilience-how-local-knowledge-and-smart-farming-drive-climate-adaptation-in-pakistan.pdf,data/fulltext/human-roots-of-resilience-how-local-knowledge-and-smart-farming-drive-climate-adaptation-in-pakistan.txt,1478
cop-and-climate-change-pakistans-road-to-resilience,COP AND CLIMATE CHANGE: Pakistan’s Road to Resilience,2026-01-09,2026-01,2025,Policy and Research,Policy and Research; Recent Publications; P &amp; R Magazine,PIDE,,,https://pide.org.pk/research/cop-and-climate-change-pakistans-road-to-resilience/,https://file.pide.org.pk/pdfpideresearch/discourse-2025-04-cop-and-climate-change-pakistans-road-to-resilience.pdf,https://file.pide.org.pk/pdfpideresearch/discourse-2025-04-cop-and-climate-change-pakistans-road-to-resilience-high-resolution.pdf,,pdfs/2026/01/discourse-2025-04-cop-and-climate-change-pakistans-road-to-resilience.pdf,data/fulltext/cop-and-climate-change-pakistans-road-to-resilience.txt,258
cop-30-and-pakistans-climate-diplomacy-strategy,COP 30 and Pakistan’s Climate Diplomacy Strategy,2026-01-09,2026-01,2025,Policy and Research,Policy and Research; Discourse 2025-04,Anjeela Khurram,,,https://pide.org.pk/research/cop-30-and-pakistans-climate-diplomacy-strategy/,https://file.pide.org.pk/pdfpideresearch/discourse-2025-04-15-cop-30-and-pakistans-climate-diplomacy-strategy.pdf,,https://pakistan.un.org/sites/default/files/2025-03/CCA%202024%20update_UN%20Pakistan_climate%20financing_CLEAN_ed_26feb25_.pdf,pdfs/2026/01/discourse-2025-04-15-cop-30-and-pakistans-climate-diplomacy-strategy.pdf,data/fulltext/cop-30-and-pakistans-climate-diplomacy-strategy.txt,2511
climate-risk-and-vulnerability-assessment-of-pakistan,Climate Risk and Vulnerability Assessment of Pakistan,2026-01-09,2026-01,2025,Policy and Research,Policy and Research; Discourse 2025-04,Muhammad Usman,,,https://pide.org.pk/research/climate-risk-and-vulnerability-assessment-of-pakistan/,https://file.pide.org.pk/pdfpideresearch/discourse-2025-04-09-climate-risk-and-vulnerability-assessment-of-pakistan.pdf,,,pdfs/2026/01/discourse-2025-04-09-climate-risk-and-vulnerability-assessment-of-pakistan.pdf,data/fulltext/climate-risk-and-vulnerability-assessment-of-pakistan.txt,1886
cbam-and-the-need-for-an-emissions-trading-system-in-pakistan,CBAM and the need for an Emissions Trading System in Pakistan,2026-01-09,2026-01,,Policy and Research,Policy and Research; Discourse 2025-04,Syed Sawal Bacha; Muska Mukhtar,,,https://pide.org.pk/research/cbam-and-the-need-for-an-emissions-trading-system-in-pakistan/,https://file.pide.org.pk/pdfpideresearch/discourse-2025-04-05-cbam-and-the-need-for-an-emissions-trading-system-in-pakistan.pdf,,,pdfs/2026/01/discourse-2025-04-05-cbam-and-the-need-for-an-emissions-trading-system-in-pakistan.pdf,data/fulltext/cbam-and-the-need-for-an-emissions-trading-system-in-pakistan.txt,1400
bridging-the-climate-finance-gap-pakistans-evolving-landscape-the-road-ahead,Bridging the Climate Finance Gap: Pakistan’s Evolving Landscape & the Road Ahead,2026-01-09,2026-01,2025,Policy and Research,Policy and Research; Discourse 2025-04,Namra Saleem,,,https://pide.org.pk/research/bridging-the-climate-finance-gap-pakistans-evolving-landscape-the-road-ahead/,https://file.pide.org.pk/pdfpideresearch/discourse-2025-04-11-bridging-the-climate-finance-gap-pakistans-evolving-landscape-and-the-road-ahead.pdf,,https://transparency.org.pk/PUBLICATION/Financing-Climate-Action-Enhancing-Effectiveness-And-Transparency-In-Pakistan%27s-Climate-Governance-Frameworks.pdf,pdfs/2026/01/discourse-2025-04-11-bridging-the-climate-finance-gap-pakistans-evolving-landscape-and-the-road-ahead.pdf,data/fulltext/bridging-the-climate-finance-gap-pakistans-evolving-landscape-the-road-ahead.txt,1351
augmenting-cost-of-climate-inaction,Augmenting Cost of Climate Inaction,2026-01-09,2026-01,2025,Policy and Research,Policy and Research; Discourse 2025-04,Wajid Islam; Junaid Ahmed,,,https://pide.org.pk/research/augmenting-cost-of-climate-inaction/,https://file.pide.org.pk/pdfpideresearch/discourse-2025-04-18-augmenting-cost-of-climate-inaction.pdf,,,pdfs/2026/01/discourse-2025-04-18-augmenting-cost-of-climate-inaction.pdf,data/fulltext/augmenting-cost-of-climate-inaction.txt,1362
is-pakistans-imf-dependence-a-policy-glitch,Is Pakistan’s IMF dependence a policy glitch?,2026-01-07,2026-01,2025,PIDE in Press,PIDE in Press,Muhammad Nadeem Javaid,,,https://pide.org.pk/research/is-pakistans-imf-dependence-a-policy-glitch/,,,,,,0
revitalising-gwadar-port-before-establishing-new-ports,Revitalising Gwadar port before establishing new ports,2026-01-01,2026-01,2025,PIDE in Press,PIDE in Press,Aneela Zubair,,,https://pide.org.pk/research/revitalising-gwadar-port-before-establishing-new-ports/,,,,,,0
media-coverage-seminar-on-transition-to-student-learning-outcomes-based-curriculum-assessments,Media Coverage: Seminar on Transition to Student Learning Outcomes-Based Curriculum & Assessments,2025-12-30,2025-12,2025,PIDE in Press,PIDE in Press,PIDE,,,https://pide.org.pk/research/media-coverage-seminar-on-transition-to-student-learning-outcomes-based-curriculum-assessments/,,,https://sgp1.digitaloceanspaces.com/file.pide.org.pk/pdfpideinpress/pip-media-coverage-seminar-on-transition-to-student-learning-outcomes-based-curriculum-assessments.pdf,,,0
media-coverage-pide-policy-session-on-the-imf-extended-fund-facility-eff,Media Coverage: PIDE Policy Session on the IMF Extended Fund Facility (EFF),2025-12-30,2025-12,2025,PIDE in Press,PIDE in Press,PIDE,,,https://pide.org.pk/research/media-coverage-pide-policy-session-on-the-imf-extended-fund-facility-eff/,https://file.pide.org.pk/pdfpideinpress/pip-media-coverage-pide-policy-session-on-the-imf-extended-fund-facility-eff.pdf,,,pdfs/2025/12/pip-media-coverage-pide-policy-session-on-the-imf-extended-fund-facility-eff.pdf,,0
media-coverage-pide-and-unicef-joint-conference-on-shaping-policy-through-evidence-strengthening-systems-for-children-in-pakistan,Media Coverage: PIDE and UNICEF Joint Conference on “Shaping Policy through Evidence: Strengthening Systems for Children in Pakistan”,2025-12-30,2025-12,2025,PIDE in Press,PIDE in Press,PIDE,,,https://pide.org.pk/research/media-coverage-pide-and-unicef-joint-conference-on-shaping-policy-through-evidence-strengthening-systems-for-children-in-pakistan/,https://file.pide.org.pk/pdfpideinpress/pip-media-coverage-pide-and-unicef-joint-conference-on-shaping-policy.pdf,,,pdfs/2025/12/pip-media-coverage-pide-and-unicef-joint-conference-on-shaping-policy.pdf,,0
media-coverage-high-level-national-leadership-dialogue,Media Coverage: High-Level National Leadership Dialogue,2025-12-30,2025-12,2025,PIDE in Press,PIDE in Press,PIDE,,,https://pide.org.pk/research/media-coverage-high-level-national-leadership-dialogue/,https://file.pide.org.pk/pdfpideinpress/pip-media-coverage-high-level-national-leadership-dialogue.pdf,,,pdfs/2025/12/pip-media-coverage-high-level-national-leadership-dialogue.pdf,,0
the-fdi-paradox,The FDI paradox,2025-12-24,2025-12,2025,PIDE in Press,PIDE in Press,Muhammad Nadeem Javaid,,,https://pide.org.pk/research/the-fdi-paradox/,,,,,,0
opinion-rethinking-pakistans-smog-crisis,OPINION: Rethinking Pakistan’s smog crisis,2025-12-24,2025-12,2025,PIDE in Press,PIDE in Press,Farah Naz,,,https://pide.org.pk/research/opinion-rethinking-pakistans-smog-crisis/,,,,,,0
the-generation-of-poverty-in-pakistan-a-policy-perspective-from-2001-to-2024,The Generation of Poverty in Pakistan: A Policy Perspective from 2001 to 2024,2025-12-23,2025-12,2025,Policy Viewpoint; Recent Publications,Recent Publications; Policy Viewpoint,Shujaat Farooq; Nabila Kunwal,,,https://pide.org.pk/research/the-generation-of-poverty-in-pakistan-a-policy-perspective-from-2001-to-2024/,https://file.pide.org.pk/pdfpideresearch/pv-51-the-generation-of-poverty-in-pakistan-a-policy-perspective-from-2001-to-2024.pdf,,,pdfs/2025/12/pv-51-the-generation-of-poverty-in-pakistan-a-policy-perspective-from-2001-to-2024.pdf,data/fulltext/the-generation-of-poverty-in-pakistan-a-policy-perspective-from-2001-to-2024.txt,912
remembering-sindhs-vanished-heritage,Remembering Sindh’s vanished heritage,2025-12-22,2025-12,2025,PIDE in Press,PIDE in Press,Zulfiqar Ali,,,https://pide.org.pk/research/remembering-sindhs-vanished-heritage/,,,,,,0
opinion-ai-at-the-crossroads-engine-of-growth-or-stalled-dream,OPINION: AI at the crossroads: engine of growth or stalled dream?,2025-12-19,2025-12,2025,PIDE in Press,PIDE in Press,Wajid Islam,,,https://pide.org.pk/research/opinion-ai-at-the-crossroads-engine-of-growth-or-stalled-dream/,,,,,,0
modernising-economic-governance,Modernising economic governance,2025-12-15,2025-12,2025,PIDE in Press,PIDE in Press,Usama Abdul Rauf,,,https://pide.org.pk/research/modernising-economic-governance/,,,,,,0
media-coverage-seminar-on-the-challenges-of-low-savings-in-pakistan,Media Coverage: Seminar on “The Challenges of Low Savings in Pakistan”,2025-12-15,2025-12,2025,PIDE in Press,PIDE in Press,PIDE,,,https://pide.org.pk/research/media-coverage-seminar-on-the-challenges-of-low-savings-in-pakistan/,https://file.pide.org.pk/pdfpideinpress/pip-media-coverage-seminar-on-the-challenges-of-low-savings-in-pakistan.pdf,,,pdfs/2025/12/pip-media-coverage-seminar-on-the-challenges-of-low-savings-in-pakistan.pdf,,0
media-coverage-seminar-on-clean-air-green-future-smog-mitigation-resilience-and-carbon-credit-feasibility,"Media Coverage: Seminar on “Clean Air, Green Future: Smog Mitigation, Resilience and Carbon Credit Feasibility”",2025-12-15,2025-12,2025,PIDE in Press,PIDE in Press,,,,https://pide.org.pk/research/media-coverage-seminar-on-clean-air-green-future-smog-mitigation-resilience-and-carbon-credit-feasibility/,https://file.pide.org.pk/pdfpideinpress/pip-media-coverage-seminar-on-clean-air-green-future-smog-mitigation-resilience-and-carbon-credit-feasibility.pdf,,,pdfs/2025/12/pip-media-coverage-seminar-on-clean-air-green-future-smog-mitigation-resilience-and-carbon-credit-feasibility.pdf,,0
water-crisis-between-industrial-mismanagement-and-climate-disasters,Water crisis: between industrial mismanagement and climate disasters,2025-12-12,2025-12,2025,PIDE in Press,PIDE in Press,Abida Naurin,,,https://pide.org.pk/research/water-crisis-between-industrial-mismanagement-and-climate-disasters/,,,,,,0
connected-but-excluded-pakistans-digital-inclusion-puzzle,Connected but excluded: Pakistan’s digital inclusion puzzle,2025-12-12,2025-12,2025,PIDE in Press,PIDE in Press,Farhat Mahmood,,,https://pide.org.pk/research/connected-but-excluded-pakistans-digital-inclusion-puzzle/,,,,,,0
beyond-access-rethinking-electricity-equity-in-pakistan,Beyond Access: Rethinking Electricity Equity in Pakistan,2025-12-12,2025-12,2025,Recent Publications; Knowledge Brief,Recent Publications; Knowledge Brief,Shafqat Abbas; Haider Ali,,,https://pide.org.pk/research/beyond-access-rethinking-electricity-equity-in-pakistan/,https://file.pide.org.pk/pdfpideresearch/kb-137-beyond-access-rethinking-electricity-equity-in-pakistan.pdf,,,pdfs/2025/12/kb-137-beyond-access-rethinking-electricity-equity-in-pakistan.pdf,data/fulltext/beyond-access-rethinking-electricity-equity-in-pakistan.txt,973
the-past-glory-of-karnali-village,The past glory of Karnali village,2025-12-09,2025-12,2025,PIDE in Press,PIDE in Press,Zulfiqar Ali,,,https://pide.org.pk/research/the-past-glory-of-karnali-village/,,,,,,0
csr-in-times-of-climate-change,CSR in times of climate change,2025-12-09,2025-12,2025,PIDE in Press,PIDE in Press,Fizzah Khalid Butt,,,https://pide.org.pk/research/csr-in-times-of-climate-change/,,,,,,0
why-pakistans-population-policies-stalled-weak-incentives-low-agency-and-lost-momentum,"Why Pakistan’s Population Policies Stalled: Weak Incentives, Low Agency, And Lost Momentum",2025-12-08,2025-12,2025,PIDE in Press,PIDE in Press,Madeeha Gohar Qureshi,,,https://pide.org.pk/research/why-pakistans-population-policies-stalled-weak-incentives-low-agency-and-lost-momentum/,,,,,,0
reformistans-election-surprise,Reformistan’s election surprise,2025-12-08,2025-12,2025,PIDE in Press,PIDE in Press,Nasir Iqbal,,,https://pide.org.pk/research/reformistans-election-surprise/,,,,,,0
pakistans-port-performance,Pakistan’s port performance,2025-12-05,2025-12,2025,PIDE in Press,PIDE in Press,Aneela Zubair,,,https://pide.org.pk/research/pakistans-port-performance/,,,,,,0
kitaabain-baatain-karti-hain-the-fading-soul-of-old-bookshops,Kitaabain baatain karti hain The fading soul of old bookshops,2025-12-04,2025-12,2025,PIDE in Press,PIDE in Press,Iqra Munawar,,,https://pide.org.pk/research/kitaabain-baatain-karti-hain-the-fading-soul-of-old-bookshops/,,,,,,0
media-coverage-seminar-on-pide-pbs-deliberations-on-data-for-policy-research,MEDIA COVERAGE: Seminar on PIDE & PBS Deliberations on Data for Policy Research,2025-12-02,2025-12,2025,PIDE in Press,PIDE in Press,,,,https://pide.org.pk/research/media-coverage-seminar-on-pide-pbs-deliberations-on-data-for-policy-research/,https://file.pide.org.pk/pdfpideinpress/pip-media-coverage-seminar-on-pide-pbs-deliberations-on-data-for-policy-research.pdf,,,pdfs/2025/12/pip-media-coverage-seminar-on-pide-pbs-deliberations-on-data-for-policy-research.pdf,,0
media-coverage-knowledge-brief-circular-debt-and-electricity-tariffs-unequal-burdens-across-household-quintiles-in-pakistan,MEDIA COVERAGE: Knowledge Brief “Circular Debt and Electricity Tariffs: Unequal Burdens Across Household Quintiles in Pakistan”,2025-12-02,2025-12,2025,PIDE in Press,PIDE in Press,PIDE,,,https://pide.org.pk/research/media-coverage-knowledge-brief-circular-debt-and-electricity-tariffs-unequal-burdens-across-household-quintiles-in-pakistan/,https://file.pide.org.pk/pdfpideinpress/pip-media-coverage-knowledge-brief-circular-debt-and-electricity-tariffs.pdf,,,pdfs/2025/12/pip-media-coverage-knowledge-brief-circular-debt-and-electricity-tariffs.pdf,,0
pak-afghan-trade-policy-proposals-and-confidence-building-measures-for-institutional-arrangements,PAK-AFGHAN TRADE: Policy Proposals and Confidence-Building Measures for Institutional Arrangements,2025-12-01,2025-12,2025,Research Reports,Recent Publications; Research Report,Muhammad Ajmal Khan; Nasir Iqbal,,,https://pide.org.pk/research/pak-afghan-trade-policy-proposals-and-confidence-building-measures-for-institutional-arrangements/,https://file.pide.org.pk/pdfpideresearch/rr-218-pak-afghan-trade-policy-proposals-and-confidence-building-measures-for-institutional-arrangements.pdf,,,pdfs/2025/12/rr-218-pak-afghan-trade-policy-proposals-and-confidence-building-measures-for-institutional-arrangements.pdf,data/fulltext/pak-afghan-trade-policy-proposals-and-confidence-building-measures-for-institutional-arrangements.txt,1330
opinion-who-can-break-inertia,OPINION: Who can break inertia?,2025-12-01,2025-12,2025,PIDE in Press,PIDE in Press,Muhammad Nadeem Javaid,,,https://pide.org.pk/research/opinion-who-can-break-inertia/,,,,,,0
rasta-local-research-local-solutions-investment-exports-volume-xviii,RASTA: Local Research Local Solutions – Investment & Exports (Volume  XVIII),2025-11-28,2025-11,2025,Book,Books; Rasta Books,,,,https://pide.org.pk/research/rasta-local-research-local-solutions-investment-exports-volume-xviii/,https://file.pide.org.pk/pdfpideresearch/book-rasta-local-research-local-solutions-investment-exports-volume-xviii.pdf,,,pdfs/2025/11/book-rasta-local-research-local-solutions-investment-exports-volume-xviii.pdf,data/fulltext/rasta-local-research-local-solutions-investment-exports-volume-xviii.txt,195
rasta-local-research-local-solutions-food-agriculture-volume-xix,RASTA: Local Research Local Solutions – Food & Agriculture (Volume XIX),2025-11-28,2025-11,2025,Book,Books; Rasta Books,,,,https://pide.org.pk/research/rasta-local-research-local-solutions-food-agriculture-volume-xix/,https://file.pide.org.pk/pdfpideresearch/book-rasta-local-research-local-solutions-food-agriculture-volume-xix.pdf,,,pdfs/2025/11/book-rasta-local-research-local-solutions-food-agriculture-volume-xix.pdf,data/fulltext/rasta-local-research-local-solutions-food-agriculture-volume-xix.txt,168
rasta-local-research-local-solutions-fiscal-management-volume-xx,RASTA: Local Research Local Solutions – Fiscal Management (Volume XX),2025-11-28,2025-11,2025,Book,Books; Rasta Books,,,,https://pide.org.pk/research/rasta-local-research-local-solutions-fiscal-management-volume-xx/,https://file.pide.org.pk/pdfpideresearch/book-rasta-local-research-local-solutions-fiscal-management-volume-xx.pdf,,,pdfs/2025/11/book-rasta-local-research-local-solutions-fiscal-management-volume-xx.pdf,data/fulltext/rasta-local-research-local-solutions-fiscal-management-volume-xx.txt,301
rasta-local-research-local-solutions-education-healthcare-volume-xvii,"RASTA: Local Research Local Solutions – Education & Healthcare, Volume XVII",2025-11-28,2025-11,2025,Book,Books; Rasta Books,,,,https://pide.org.pk/research/rasta-local-research-local-solutions-education-healthcare-volume-xvii/,https://file.pide.org.pk/pdfpideresearch/book-rasta-local-research-local-solutions-education-healthcare-volume-xvii.pdf,,,pdfs/2025/11/book-rasta-local-research-local-solutions-education-healthcare-volume-xvii.pdf,data/fulltext/rasta-local-research-local-solutions-education-healthcare-volume-xvii.txt,525
media-coverage-book-presentation-on-pakistan-india-relations-fractured-past-uncertain-future,"Media Coverage – Book presentation on “Pakistan–India Relations: Fractured Past, Uncertain Future",2025-11-24,2025-11,2025,PIDE in Press,PIDE in Press,PIDE,,,https://pide.org.pk/research/media-coverage-book-presentation-on-pakistan-india-relations-fractured-past-uncertain-future/,https://file.pide.org.pk/pdfpideinpress/pip-media-coverage-book-presentation-on-pakistan-india-relations-fractured-past-uncertain-future.pdf,,,pdfs/2025/11/pip-media-coverage-book-presentation-on-pakistan-india-relations-fractured-past-uncertain-future.pdf,,0
when-nature-strikes-back,When Nature strikes back,2025-11-21,2025-11,2025,PIDE in Press,PIDE in Press,Wajid Islam; Junaid Ahmed,,,https://pide.org.pk/research/when-nature-strikes-back/,,,,,,0
flood-threats-to-pakistans-food-security,Flood threats to Pakistan’s food security,2025-11-20,2025-11,2025,PIDE in Press,PIDE in Press,Nayab Khalid,,,https://pide.org.pk/research/flood-threats-to-pakistans-food-security/,,,,,,0
will-ai-transform-pakistan-assessing-the-2025-national-policy,Will AI Transform Pakistan? Assessing the 2025 National Policy,2025-11-19,2025-11,2025,Knowledge Brief,Recent Publications; Knowledge Brief; Macro Policy Lab,Wajid Islam,,,https://pide.org.pk/research/will-ai-transform-pakistan-assessing-the-2025-national-policy/,https://file.pide.org.pk/pdfpideresearch/kb-136-will-ai-transform-pakistan-assessing-the-2025-national-policy.pdf,,,pdfs/2025/11/kb-136-will-ai-transform-pakistan-assessing-the-2025-national-policy.pdf,data/fulltext/will-ai-transform-pakistan-assessing-the-2025-national-policy.txt,978
media-coverage-knowledge-brief-tobacco-in-transition-global-practices-regional-insights-and-pakistans-policy-imperative,"Media Coverage: Knowledge Brief – Tobacco in Transition: Global Practices, Regional Insights, and Pakistan’s Policy Imperative",2025-11-18,2025-11,2025,PIDE in Press,PIDE in Press,PIDE,,,https://pide.org.pk/research/media-coverage-knowledge-brief-tobacco-in-transition-global-practices-regional-insights-and-pakistans-policy-imperative/,https://file.pide.org.pk/pdfpideinpress/pip-media-coverage-knowledge-brief-tobacco-in-transition-global-practices-regional-insights-and-pakistans-policy-imperative.pdf,,,pdfs/2025/11/pip-media-coverage-knowledge-brief-tobacco-in-transition-global-practices-regional-insights-and-pakistans-policy-imperative.pdf,,0
market-principles-are-not-wrong,Market principles are not wrong,2025-11-18,2025-11,2025,PIDE in Press,PIDE in Press,Muhammad Faisal Ali,,,https://pide.org.pk/research/market-principles-are-not-wrong/,,,,,,0
pakistan-and-the-new-middle-east,Pakistan and the new Middle East,2025-11-13,2025-11,2025,PIDE in Press,PIDE in Press,Nasir Iqbal,,,https://pide.org.pk/research/pakistan-and-the-new-middle-east/,,,,,,0
pakistans-energy-and-climate-crossroads,Pakistan’s energy and climate crossroads,2025-11-11,2025-11,2025,PIDE in Press,PIDE in Press,Shamaila Zareen,,,https://pide.org.pk/research/pakistans-energy-and-climate-crossroads/,,,,,,0
media-coverage-pide-seminar-on-ground-water-emergency,Media Coverage – PIDE Seminar on Ground Water Emergency,2025-11-11,2025-11,2025,PIDE in Press,PIDE in Press,PIDE,,,https://pide.org.pk/research/media-coverage-pide-seminar-on-ground-water-emergency/,https://file.pide.org.pk/pdfpideinpress/pip-media-coverage-ground-water-emegerncy.pdf,,,pdfs/2025/11/pip-media-coverage-ground-water-emegerncy.pdf,,0
media-coverage-pide-seminar-on-automotive-value-chains-in-pakistan,Media Coverage – PIDE Seminar on Automotive Value Chains in Pakistan,2025-11-11,2025-11,2025,PIDE in Press,PIDE in Press,PIDE,,,https://pide.org.pk/research/media-coverage-pide-seminar-on-automotive-value-chains-in-pakistan/,https://file.pide.org.pk/pdfpideinpress/pip-media-coverage-seminar-on-automative-value-chain-in-pakistan.pdf,,,pdfs/2025/11/pip-media-coverage-seminar-on-automative-value-chain-in-pakistan.pdf,,0
media-coverage-pide-and-pie-meeting-on-national-curriculum,Media Coverage – PIDE and PIE Meeting on National Curriculum,2025-11-11,2025-11,2025,PIDE in Press,PIDE in Press,PIDE,,,https://pide.org.pk/research/media-coverage-pide-and-pie-meeting-on-national-curriculum/,https://file.pide.org.pk/pdfpideinpress/pip-media-coverage-pide-and-pie-meeting.pdf,,,pdfs/2025/11/pip-media-coverage-pide-and-pie-meeting.pdf,,0
trading-dollars-for-dragons,Trading dollars for dragons,2025-11-10,2025-11,2025,PIDE in Press,PIDE in Press,Ahmad Fraz,,,https://pide.org.pk/research/trading-dollars-for-dragons/,,,,,,0
a-saint-for-potohar,A saint for Potohar,2025-11-10,2025-11,2025,PIDE in Press,PIDE in Press,Zulfiqar Ali,,,https://pide.org.pk/research/a-saint-for-potohar/,,,,,,0
pakistans-export-leap-seizing-the-global-edge,Pakistan’s export leap: seizing the global edge,2025-11-07,2025-11,2025,PIDE in Press,PIDE in Press,Mehwish Mumtaz,,,https://pide.org.pk/research/pakistans-export-leap-seizing-the-global-edge/,,,,,,0
from-energy-debt-to-solar-discipline-a-lesson-from-china,From energy debt to solar discipline: a lesson from China,2025-11-07,2025-11,2025,PIDE in Press,PIDE in Press,Rubina Ilyas,,,https://pide.org.pk/research/from-energy-debt-to-solar-discipline-a-lesson-from-china/,,,,,,0
dying-of-thirst-while-drowning,Dying of Thirst While Drowning,2025-11-07,2025-11,2025,PIDE in Press,PIDE in Press,Ussama Bin Sajjad Kiyani,,,https://pide.org.pk/research/dying-of-thirst-while-drowning/,https://file.pide.org.pk/pdfpideinpress/pip-dying-of-thirst-while-drowning.pdf,,,pdfs/2025/11/pip-dying-of-thirst-while-drowning.pdf,,0
circular-debt-and-electricity-tariffs-unequal-burdens-across-household-quintiles-in-pakistan,Circular Debt and Electricity Tariffs: Unequal Burdens across Household Quintiles in Pakistan,2025-11-04,2025-11,2025,Knowledge Brief,Recent Publications; Knowledge Brief; Center for Energy‚ Logistics‚ and Infrastructure,Rubina Ilyas,,,https://pide.org.pk/research/circular-debt-and-electricity-tariffs-unequal-burdens-across-household-quintiles-in-pakistan/,https://file.pide.org.pk/pdfpideresearch/https://file.pide.org.pk/pdfpideresearch/kb-135-circular-debt-and-electricity-tariffs-unequal-burdens-across-household-quintiles-in-pakistan.pdf,https://file.pide.org.pk/pdfpideresearch/kb-135-circular-debt-and-electricity-tariffs-unequal-burdens-across-household-quintiles-in-pakistan.pdf,,pdfs/2025/11/kb-135-circular-debt-and-electricity-tariffs-unequal-burdens-across-household-quintiles-in-pakistan.pdf,data/fulltext/circular-debt-and-electricity-tariffs-unequal-burdens-across-household-quintiles-in-pakistan.txt,1384
climate-diplomacy,Climate diplomacy,2025-11-01,2025-11,2026,PIDE in Press,PIDE in Press,Anjeela Khurram,,,https://pide.org.pk/research/climate-diplomacy/,,,,,,0
in-the-heart-of-potohar,In the heart of Potohar,2025-10-31,2025-10,2025,PIDE in Press,PIDE in Press,Zulfiqar Ali,,,https://pide.org.pk/research/in-the-heart-of-potohar/,,,,,,0
media-coverage-pide-islamic-relief-talanoa-dialogue,Media Coverage: PIDE & Islamic Relief Talanoa Dialogue,2025-10-28,2025-10,2025,PIDE in Press,PIDE in Press,,,,https://pide.org.pk/research/media-coverage-pide-islamic-relief-talanoa-dialogue/,https://file.pide.org.pk/pdfpideinpress/pip-media-coverage-pide-and-islamic-relief-talanoa-dialogue.pdf,,,pdfs/2025/10/pip-media-coverage-pide-and-islamic-relief-talanoa-dialogue.pdf,,0
media-coverage-pakistan-institute-of-development-economics-pide-hosted-a-delegation-from-the-pakistan-u-s-alumni-network-puan,Media Coverage: Pakistan Institute of Development Economics (PIDE) hosted a delegation from the Pakistan-U.S. Alumni Network (PUAN),2025-10-28,2025-10,2025,PIDE in Press,PIDE in Press,,,,https://pide.org.pk/research/media-coverage-pakistan-institute-of-development-economics-pide-hosted-a-delegation-from-the-pakistan-u-s-alumni-network-puan/,https://file.pide.org.pk/pdfpideinpress/pip-media-coverage-pakistan-institute-of-development-economics-pide-hosted-a-delegation-from-the-pakistan-us-alumni-network-puan.pdf,,,pdfs/2025/10/pip-media-coverage-pakistan-institute-of-development-economics-pide-hosted-a-delegation-from-the-pakistan-us-alumni-network-puan.pdf,,0
transforming-real-estate-in-pakistan-through-blockchain-an-agent-based-simulations-study,Transforming Real Estate in Pakistan through Blockchain: An Agent-Based Simulations Study,2025-10-27,2025-10,2025,Working Paper,Recent Publications; Working Paper,Ghulam Mustafa; Muhammad Hamza Amjad,REAL ESTATE; Blockchain Technology; Agent-Based Model,,https://pide.org.pk/research/transforming-real-estate-in-pakistan-through-blockchain-an-agent-based-simulations-study/,https://file.pide.org.pk/pdfpideresearch/wp-25-12-transforming-real-estate-in-pakistan-through-blockchain-an-agent-based-simulations-study.pdf,,,pdfs/2025/10/wp-25-12-transforming-real-estate-in-pakistan-through-blockchain-an-agent-based-simulations-study.pdf,data/fulltext/transforming-real-estate-in-pakistan-through-blockchain-an-agent-based-simulations-study.txt,2723
the-future-is-plugged-in,The future is plugged-in,2025-10-24,2025-10,2025,PIDE in Press,PIDE in Press,Mohammad Shaaf Najib,,,https://pide.org.pk/research/the-future-is-plugged-in/,,,,,,0
rationalizing-pakistans-tariff-regime-for-export-led-growth,Rationalizing Pakistan’s Tariff Regime for Export-Led Growth,2025-10-24,2025-10,2025,Policy Viewpoint,Recent Publications; Policy Viewpoint; Center for Industry‚ Trade &amp; Digital Economy,Uzma Zia,,,https://pide.org.pk/research/rationalizing-pakistans-tariff-regime-for-export-led-growth/,https://file.pide.org.pk/pdfpideresearch/pv-50-rationalizing-pakistans-tariff-regime-for-export-led-growth.pdf,,,pdfs/2025/10/pv-50-rationalizing-pakistans-tariff-regime-for-export-led-growth.pdf,data/fulltext/rationalizing-pakistans-tariff-regime-for-export-led-growth.txt,821
media-coverage-seminar-on-the-thirst-for-safety-water-quality-and-public-health-in-pakistan,Media Coverage: Seminar on The Thirst for Safety: Water Quality and Public Health in Pakistan,2025-10-24,2025-10,2025,PIDE in Press,PIDE in Press,,,,https://pide.org.pk/research/media-coverage-seminar-on-the-thirst-for-safety-water-quality-and-public-health-in-pakistan/,https://file.pide.org.pk/pdfpideinpress/pip-media-coverage-seminar-on-the-thirst-for-safety-water-quality-and-public-health-in-pakistan.pdf,,,pdfs/2025/10/pip-media-coverage-seminar-on-the-thirst-for-safety-water-quality-and-public-health-in-pakistan.pdf,,0
media-coverage-knowledge-brief-on-gendered-pathway-to-crime,Media Coverage: Knowledge Brief on Gendered Pathway to Crime,2025-10-24,2025-10,2025,PIDE in Press,PIDE in Press,,,,https://pide.org.pk/research/media-coverage-knowledge-brief-on-gendered-pathway-to-crime/,https://file.pide.org.pk/pdfpideinpress/pip-media-coverage-knowledge-brief-on-gendered-pathway-to-crime.pdf,,,pdfs/2025/10/pip-media-coverage-knowledge-brief-on-gendered-pathway-to-crime.pdf,,0
tobacco-in-transition-global-practices-regional-insights-and-pakistans-policy-imperative,"Tobacco in Transition: Global  Practices, Regional Insights, and Pakistan’s Policy Imperative",2025-10-23,2025-10,2025,Knowledge Brief,Recent Publications; Knowledge Brief; Center for Sustainable Futures,Mehwish Mumtaz,,,https://pide.org.pk/research/tobacco-in-transition-global-practices-regional-insights-and-pakistans-policy-imperative/,https://file.pide.org.pk/pdfpideresearch/https://file.pide.org.pk/pdfpideresearch/kb-134-tobacco-in-transition-global-practices-regional-insights-and-pakistan’s-policy-imperative.pdf,https://file.pide.org.pk/pdfpideresearch/kb-134-tobacco-in-transition-global-practices-regional-insights-and-pakistan’s-policy-imperative.pdf,,pdfs/2025/10/kb-134-tobacco-in-transition-global-practices-regional-insights-and-pakistan’s-policy-imperative.pdf,data/fulltext/tobacco-in-transition-global-practices-regional-insights-and-pakistans-policy-imperative.txt,1565
pide-and-xinjiang-university-sign-mou,PIDE and Xinjiang University Sign MoU,2025-10-23,2025-10,2025,PIDE in Press,PIDE in Press,,,,https://pide.org.pk/research/pide-and-xinjiang-university-sign-mou/,,,,,,0
media-coverage-pide-and-xinjiang-university-sign-mou,Media Coverage: PIDE and Xinjiang University Sign MoU,2025-10-23,2025-10,2025,PIDE in Press,PIDE in Press,,,,https://pide.org.pk/research/media-coverage-pide-and-xinjiang-university-sign-mou/,https://file.pide.org.pk/pdfpideinpress/pip-media-coverage-pide-and-xinjiang-university-sign-mou.pdf,,,pdfs/2025/10/pip-media-coverage-pide-and-xinjiang-university-sign-mou.pdf,,0
pide-household-survey,PIDE Household Survey,2025-10-21,2025-10,2025,PIDE in Press,PIDE in Press,,,,https://pide.org.pk/research/pide-household-survey/,,,,,,0
media-coverage-webinar-on-reform-programs-under-policy-loans-in-the-power-sector-and-tax-administration,Media Coverage: Webinar on “Reform Programs under Policy Loans in the Power Sector and Tax Administration”,2025-10-21,2025-10,2025,PIDE in Press,PIDE in Press,,,,https://pide.org.pk/research/media-coverage-webinar-on-reform-programs-under-policy-loans-in-the-power-sector-and-tax-administration/,https://file.pide.org.pk/pdfpideinpress/pip-media-coverage-media-coverage-webinar-on-reform-programs-under-policy-loans-in-the-power-sector-and-tax-administration.pdf,,,pdfs/2025/10/pip-media-coverage-media-coverage-webinar-on-reform-programs-under-policy-loans-in-the-power-sector-and-tax-administration.pdf,,0
how-tlp-blockades-and-afghan-tensions-choke-pakistans-economic-artery,How TLP blockades and Afghan tensions choke Pakistan’s economic artery,2025-10-21,2025-10,2025,PIDE in Press,PIDE in Press,Madiha Riaz,,,https://pide.org.pk/research/how-tlp-blockades-and-afghan-tensions-choke-pakistans-economic-artery/,,,,,,0
breaking-free-from-inertia,Breaking free from inertia,2025-10-21,2025-10,2025,PIDE in Press,PIDE in Press,Muhammad Nadeem Javaid,,,https://pide.org.pk/research/breaking-free-from-inertia/,,,,,,0
gendered-pathways-to-crime,Gendered Pathways  to Crime,2025-10-15,2025-10,2025,Recent Publications; Knowledge Brief,Recent Publications; Knowledge Brief; Center for Governance‚ Markets and Regulatory Analysis,Fida Muhammad Khan; Zainab Fatima,,,https://pide.org.pk/research/gendered-pathways-to-crime/,https://file.pide.org.pk/pdfpideresearch/kb-133-gendered-pathways-to-crime.pdf,,,pdfs/2025/10/kb-133-gendered-pathways-to-crime.pdf,data/fulltext/gendered-pathways-to-crime.txt,2097
voices-from-markhal-village-in-talagang,Voices From Markhal Village In Talagang,2025-10-13,2025-10,2025,PIDE in Press,PIDE in Press,Zulfiqar Ali,,,https://pide.org.pk/research/voices-from-markhal-village-in-talagang/,,,,,,0
media-coverage-pide-seminar-on-pphs-survey,Media Coverage: PIDE Seminar on PPHS Survey,2025-10-13,2025-10,2025,PIDE in Press,PIDE in Press,,,,https://pide.org.pk/research/media-coverage-pide-seminar-on-pphs-survey/,https://file.pide.org.pk/pdfpideinpress/pip-media-coverage-pide-seminar-on-pphs-survey.pdf,,,pdfs/2025/10/pip-media-coverage-pide-seminar-on-pphs-survey.pdf,,0
magnificent-markhal-village-of-talagang,Magnificent Markhal village of Talagang,2025-10-13,2025-10,2025,PIDE in Press,PIDE in Press,Zulfiqar Ali,,,https://pide.org.pk/research/magnificent-markhal-village-of-talagang/,,,,,,0
gold-at-new-highs-a-call-to-deepen-pakistans-capital-markets,Gold at new highs: a call to deepen Pakistan’s capital markets,2025-10-13,2025-10,2025,PIDE in Press,PIDE in Press,Farhat Mahmood,,,https://pide.org.pk/research/gold-at-new-highs-a-call-to-deepen-pakistans-capital-markets/,,,,,,0
the-crypto-crossroads-pakistans-struggle-between-promise-and-policy,The crypto crossroads: Pakistan’s struggle between promise and policy,2025-10-10,2025-10,2025,PIDE in Press,PIDE in Press,Abida Naurin,,,https://pide.org.pk/research/the-crypto-crossroads-pakistans-struggle-between-promise-and-policy/,,,,,,0
over-reliance-on-ai-is-it-costing-us-our-creativity,Over-reliance on AI: Is it costing us our creativity?,2025-10-10,2025-10,2025,PIDE in Press,PIDE in Press,Zuha Aakif,,,https://pide.org.pk/research/over-reliance-on-ai-is-it-costing-us-our-creativity/,,,,,,0
nature-is-paying-the-cost-of-our-common-sense,Nature is paying the cost of our ‘common sense’,2025-10-07,2025-10,2025,PIDE in Press,PIDE in Press,Khurram Ellahi Khan,,,https://pide.org.pk/research/nature-is-paying-the-cost-of-our-common-sense/,,,,,,0
media-coverage-bridging-gaps-in-pakistans-ai-roadmap-opportunities-challenges-and-the-way-forward,"Media Coverage: Bridging Gaps in Pakistan’s AI Roadmap: Opportunities, Challenges and the Way Forward",2025-10-03,2025-10,2025,PIDE in Press,PIDE in Press,,,,https://pide.org.pk/research/media-coverage-bridging-gaps-in-pakistans-ai-roadmap-opportunities-challenges-and-the-way-forward/,https://file.pide.org.pk/pdfpideinpress/pip-media-coverage-bridging-gaps-in-pakistans-ai-roadmap-opportunities-challenges-and-the-way-forward.pdf,,,pdfs/2025/10/pip-media-coverage-bridging-gaps-in-pakistans-ai-roadmap-opportunities-challenges-and-the-way-forward.pdf,,0
half-a-roof-no-roof-at-all,Half a roof no roof at all,2025-10-03,2025-10,2025,PIDE in Press,PIDE in Press,Hafiz Hanzla Jalil,,,https://pide.org.pk/research/half-a-roof-no-roof-at-all/,,,,,,0
why-provincial-revenue-mobilisation-is-central-to-the-nfc-framework,Why provincial revenue mobilisation is central to the NFC Framework?,2025-09-30,2025-09,2025,Policy and Research,Policy and Research; Discourse 2025-03,Hina Shaikh,,,https://pide.org.pk/research/why-provincial-revenue-mobilisation-is-central-to-the-nfc-framework/,https://file.pide.org.pk/pdfpideresearch/discourse-2025-03-08-why-provincial-revenue-mobilisation-is-central-to-the-nfc-framework.pdf,,,pdfs/2025/09/discourse-2025-03-08-why-provincial-revenue-mobilisation-is-central-to-the-nfc-framework.pdf,data/fulltext/why-provincial-revenue-mobilisation-is-central-to-the-nfc-framework.txt,1877
the-nfc-puzzle-balancing-equity-and-survival,The NFC Puzzle: Balancing Equity and Survival,2025-09-30,2025-09,2025,Policy and Research,Policy and Research; Discourse 2025-03,Muhammad Nadeem Javaid,,,https://pide.org.pk/research/the-nfc-puzzle-balancing-equity-and-survival/,https://file.pide.org.pk/pdfpideresearch/discourse-2025-03-02-the-nfc-puzzle-balancing-equity-and-survival.pdf,,,pdfs/2025/09/discourse-2025-03-02-the-nfc-puzzle-balancing-equity-and-survival.pdf,data/fulltext/the-nfc-puzzle-balancing-equity-and-survival.txt,835
speech-of-president-on-the-11th-nfc-award-of-reformistan,Speech of President on the 11th NFC Award of Reformistan,2025-09-30,2025-09,2025,Policy and Research,Policy and Research; Discourse 2025-03,Nasir Iqbal,,,https://pide.org.pk/research/speech-of-president-on-the-11th-nfc-award-of-reformistan/,https://file.pide.org.pk/pdfpideresearch/discourse-2025-03-13-speech-of-president-on-the-11th-nfc-award-of-reformistan.pdf,,,pdfs/2025/09/discourse-2025-03-13-speech-of-president-on-the-11th-nfc-award-of-reformistan.pdf,data/fulltext/speech-of-president-on-the-11th-nfc-award-of-reformistan.txt,1528
revisiting-fiscal-federalism-in-pakistan,Revisiting Fiscal Federalism in Pakistan,2025-09-30,2025-09,2025,Policy and Research,Policy and Research; Discourse 2025-03,Kaiser Bengali,,,https://pide.org.pk/research/revisiting-fiscal-federalism-in-pakistan/,https://file.pide.org.pk/pdfpideresearch/discourse-2025-03-03-revisiting-fiscal-federalism-in-pakistan.pdf,,,pdfs/2025/09/discourse-2025-03-03-revisiting-fiscal-federalism-in-pakistan.pdf,data/fulltext/revisiting-fiscal-federalism-in-pakistan.txt,2836
rethinking-nfc,Rethinking NFC,2025-09-30,2025-09,2025,Policy and Research,Policy and Research; Discourse 2025-03,Idrees Khawaja,,,https://pide.org.pk/research/rethinking-nfc/,https://file.pide.org.pk/pdfpideresearch/discourse-2025-03-07-rethinking-nfc.pdf,,,pdfs/2025/09/discourse-2025-03-07-rethinking-nfc.pdf,data/fulltext/rethinking-nfc.txt,1916
pakistans-fiscal-trap-breaking-free-from-endless-consolidation,Pakistan’s Fiscal Trap: Breaking Free from Endless Consolidation,2025-09-30,2025-09,2025,Policy and Research,Policy and Research; Discourse 2025-03,Mohammad Ahmed Zubair,,,https://pide.org.pk/research/pakistans-fiscal-trap-breaking-free-from-endless-consolidation/,https://file.pide.org.pk/pdfpideresearch/discourse-2025-03-06-pakistans-fiscal-trap-breaking-free-from-endless-consolidation.pdf,,,pdfs/2025/09/discourse-2025-03-06-pakistans-fiscal-trap-breaking-free-from-endless-consolidation.pdf,data/fulltext/pakistans-fiscal-trap-breaking-free-from-endless-consolidation.txt,2254
pakistans-fiscal-federalism-from-stalemate-to-solution-charting-a-cooperative-fiscal-future,Pakistan’s Fiscal Federalism: From Stalemate to Solution – Charting a Cooperative Fiscal Future,2025-09-30,2025-09,2025,Policy and Research,Policy and Research; Discourse 2025-03,Saba Asghar Bhutta,,,https://pide.org.pk/research/pakistans-fiscal-federalism-from-stalemate-to-solution-charting-a-cooperative-fiscal-future/,https://file.pide.org.pk/pdfpideresearch/discourse-2025-03-12-pakistans-fiscal-federalism-from-stalemate-to-solution-charting-a-cooperative-fiscal-future.pdf,,,pdfs/2025/09/discourse-2025-03-12-pakistans-fiscal-federalism-from-stalemate-to-solution-charting-a-cooperative-fiscal-future.pdf,data/fulltext/pakistans-fiscal-federalism-from-stalemate-to-solution-charting-a-cooperative-fiscal-future.txt,1686
nfc-at-a-crossroads-revisiting-fiscal-federalism-in-pakistan,NFC at a CROSSROADS Revisiting Fiscal Federalism in Pakistan,2025-09-30,2025-09,2025,Policy and Research,Policy and Research; Recent Publications; P &amp; R Magazine,,,,https://pide.org.pk/research/nfc-at-a-crossroads-revisiting-fiscal-federalism-in-pakistan/,https://file.pide.org.pk/pdfpideresearch/discourse-2025-03-nfc-at-a-crossroads-revisiting-fiscal-federalism-in-pakistan-high-resolution.pdf,,,pdfs/2025/09/discourse-2025-03-nfc-at-a-crossroads-revisiting-fiscal-federalism-in-pakistan-high-resolution.pdf,data/fulltext/nfc-at-a-crossroads-revisiting-fiscal-federalism-in-pakistan.txt,180
its-time-to-renew-the-nfc-award-for-a-fairer-stronger-pakistan,"It’s Time to Renew the NFC Award — For a Fairer, Stronger Pakistan",2025-09-30,2025-09,2025,Policy and Research,Policy and Research; Discourse 2025-03,Ahsan Iqbal,,,https://pide.org.pk/research/its-time-to-renew-the-nfc-award-for-a-fairer-stronger-pakistan/,https://file.pide.org.pk/pdfpideresearch/discourse-2025-03-01-Its-Time-to-Renew-the-NFC-Award-For-a-Fairer-Stronger-Pakistan.pdf,,,pdfs/2025/09/discourse-2025-03-01-Its-Time-to-Renew-the-NFC-Award-For-a-Fairer-Stronger-Pakistan.pdf,data/fulltext/its-time-to-renew-the-nfc-award-for-a-fairer-stronger-pakistan.txt,1149
fiscal-resource-distribution-criteria-incentives-and-institutional-mechanism-a-comparison-between-neighbor,"Fiscal Resource Distribution: Criteria, Incentives and Institutional Mechanism. A Comparison between Neighbors",2025-09-30,2025-09,2025,Policy and Research,Policy and Research; Discourse 2025-03,Iftikhar Ahmad; Zahanat Hussain,,,https://pide.org.pk/research/fiscal-resource-distribution-criteria-incentives-and-institutional-mechanism-a-comparison-between-neighbor/,https://file.pide.org.pk/pdfpideresearch/discourse-2025-03-10-fiscal-resource-distribution-criteria-incentives-and-institutional-mechanism-a-comparison-between-neighbor.pdf,,,pdfs/2025/09/discourse-2025-03-10-fiscal-resource-distribution-criteria-incentives-and-institutional-mechanism-a-comparison-between-neighbor.pdf,data/fulltext/fiscal-resource-distribution-criteria-incentives-and-institutional-mechanism-a-comparison-between-neighbor.txt,3511
fiscal-federalism-in-pakistan-economic-impact-of-the-7th-nfc-award,FISCAL FEDERALISM IN PAKISTAN: Economic Impact of the 7th NFC Award,2025-09-30,2025-09,2025,Policy and Research,Policy and Research; Discourse 2025-03,Aisha Ghaus-Pasha,,,https://pide.org.pk/research/fiscal-federalism-in-pakistan-economic-impact-of-the-7th-nfc-award/,https://file.pide.org.pk/pdfpideresearch/discourse-2025-03-04-fiscal-federalism-in-pakistan-economic-impact-of-the-7th-nfc-award.pdf,,,pdfs/2025/09/discourse-2025-03-04-fiscal-federalism-in-pakistan-economic-impact-of-the-7th-nfc-award.pdf,data/fulltext/fiscal-federalism-in-pakistan-economic-impact-of-the-7th-nfc-award.txt,3095
ethnic-cleavages-and-the-implementation-of-18th-amendment,Ethnic Cleavages and the Implementation of 18th Amendment,2025-09-30,2025-09,2025,Policy and Research,Policy and Research; Discourse 2025-03,Karim Khan,,,https://pide.org.pk/research/ethnic-cleavages-and-the-implementation-of-18th-amendment/,https://file.pide.org.pk/pdfpideresearch/discourse-2025-03-05-ethnic-cleavages-and-the-implementation-of-18th-amendment.pdf,,,pdfs/2025/09/discourse-2025-03-05-ethnic-cleavages-and-the-implementation-of-18th-amendment.pdf,data/fulltext/ethnic-cleavages-and-the-implementation-of-18th-amendment.txt,2276
beyond-the-nfc-award-pakistans-unfinished-devolution-to-local-governments,Beyond the NFC Award: Pakistan’s Unfinished Devolution to Local Governments,2025-09-30,2025-09,2025,Policy and Research,Policy and Research; Discourse 2025-03,Usama Ehsan Khan; Uzma Aftab,,,https://pide.org.pk/research/beyond-the-nfc-award-pakistans-unfinished-devolution-to-local-governments/,https://file.pide.org.pk/pdfpideresearch/discourse-2025-03-09-beyond-the-nfc-award-pakistans-unfinished-devolution-to-local-governments.pdf,,,pdfs/2025/09/discourse-2025-03-09-beyond-the-nfc-award-pakistans-unfinished-devolution-to-local-governments.pdf,data/fulltext/beyond-the-nfc-award-pakistans-unfinished-devolution-to-local-governments.txt,1477
a-case-for-climate-centric-nfc,A Case for Climate-Centric NFC,2025-09-30,2025-09,2025,Policy and Research,Policy and Research; Discourse 2025-03,Moaaz Manzoor,,,https://pide.org.pk/research/a-case-for-climate-centric-nfc/,https://file.pide.org.pk/pdfpideresearch/discourse-2025-03-11-a-case-for-climate-centric-nfc.pdf,,,pdfs/2025/09/discourse-2025-03-11-a-case-for-climate-centric-nfc.pdf,data/fulltext/a-case-for-climate-centric-nfc.txt,1542
picturing-the-unseen-birth-registration-challenges,Picturing the unseen: birth registration challenges,2025-09-25,2025-09,2025,PIDE in Press,PIDE in Press,Usman Ahmad,,,https://pide.org.pk/research/picturing-the-unseen-birth-registration-challenges/,,,,,,0
media-coverage-seminar-on-graduation-programme-a-state-led-asset-transfer-programme,Media Coverage: Seminar on “Graduation Programme: A State-led Asset Transfer Programme.”,2025-09-25,2025-09,2025,PIDE in Press,PIDE in Press,,,,https://pide.org.pk/research/media-coverage-seminar-on-graduation-programme-a-state-led-asset-transfer-programme/,https://file.pide.org.pk/pdfpideinpress/pip-media-coverage-seminar-on-graduation-programme-a-state-led-asset-transfer-programme.pdf,,,pdfs/2025/09/pip-media-coverage-seminar-on-graduation-programme-a-state-led-asset-transfer-programme.pdf,,0
resource-distribution-mechanism-in-pakistan-a-critical-review,Resource Distribution Mechanism in Pakistan: A Critical Review,2025-09-22,2025-09,2025,Working Paper,Working Paper; Center for Governance‚ Markets and Regulatory Analysis,Iftikhar Ahmad,Pakistan; NFC Awards; Fiscal Federalism; intergovernmental relations; resource distribution mechanism; formula transfers; grants,,https://pide.org.pk/research/resource-distribution-mechanism-in-pakistan-a-critical-review/,https://file.pide.org.pk/pdfpideresearch/wp-25-11-resource-distribution-mechanism-in-pakistan-a-critical-review.pdf,,,pdfs/2025/09/wp-25-11-resource-distribution-mechanism-in-pakistan-a-critical-review.pdf,data/fulltext/resource-distribution-mechanism-in-pakistan-a-critical-review.txt,2487
physician-heal-thyself-higher-education-sustainability,"Physician, heal thyself: higher education sustainability",2025-09-22,2025-09,2025,PIDE in Press,PIDE in Press,Wajid Islam,,,https://pide.org.pk/research/physician-heal-thyself-higher-education-sustainability/,,,,,,0
media-coverage-pide-orientation-for-new-students,Media Coverage: PIDE Orientation for New students,2025-09-22,2025-09,2025,PIDE in Press,PIDE in Press,,,,https://pide.org.pk/research/media-coverage-pide-orientation-for-new-students/,https://file.pide.org.pk/pdfpideinpress/pip-media-coverage-pide-orientation-for-new-students.pdf,,,pdfs/2025/09/pip-media-coverage-pide-orientation-for-new-students.pdf,,0
tales-of-a-forgotten-grandeur,Tales of a forgotten grandeur,2025-09-15,2025-09,2025,PIDE in Press,PIDE in Press,Zulfiqar Ali,,,https://pide.org.pk/research/tales-of-a-forgotten-grandeur/,,,,,,0
media-coverage-civil-services-reforms-seminar,Media Coverage: Civil Services Reforms Seminar,2025-09-15,2025-09,2025,PIDE in Press,PIDE in Press,,,,https://pide.org.pk/research/media-coverage-civil-services-reforms-seminar/,https://file.pide.org.pk/pdfpideinpress/pip-media-coverage-civil-services-reforms-seminar.pdf,,,pdfs/2025/09/pip-media-coverage-civil-services-reforms-seminar.pdf,,0
bringing-balochistan-out-of-digital-darkness,Bringing Balochistan Out Of Digital Darkness,2025-09-15,2025-09,2025,PIDE in Press,PIDE in Press,Ajmal Kakar,,,https://pide.org.pk/research/bringing-balochistan-out-of-digital-darkness/,,,,,,0
continuity-in-monetary-policy-balancing-stability-with-growth,Continuity in Monetary Policy: Balancing Stability with Growth,2025-09-14,2025-09,2025,MacroPolicy Lab,MacroPolicy Lab,Hafsa Hina,,,https://pide.org.pk/research/continuity-in-monetary-policy-balancing-stability-with-growth/,https://file.pide.org.pk/pdfpideresearch/mpl-continuity-in-monetary-policy-balancing-stability-with-growth.pdf,,,pdfs/2025/09/mpl-continuity-in-monetary-policy-balancing-stability-with-growth.pdf,data/fulltext/continuity-in-monetary-policy-balancing-stability-with-growth.txt,472
the-natural-gas-paradox,The natural gas paradox,2025-09-11,2025-09,2025,PIDE in Press,PIDE in Press,Bilal Aftab,,,https://pide.org.pk/research/the-natural-gas-paradox/,,,,,,0
media-coverage-policy-viewpoint-impact-of-tariff-reduction-on-automobile-industry,Media Coverage: Policy Viewpoint – Impact of Tariff Reduction on Automobile Industry,2025-09-10,2025-09,2025,PIDE in Press,PIDE in Press,,,,https://pide.org.pk/research/media-coverage-policy-viewpoint-impact-of-tariff-reduction-on-automobile-industry/,https://file.pide.org.pk/pdfpideinpress/pip-media-coverage-policy-viewpoint-impact-of-tariff-reduction-on-automobile-industry.pdf,,,pdfs/2025/09/pip-media-coverage-policy-viewpoint-impact-of-tariff-reduction-on-automobile-industry.pdf,,0
a-better-mobility-policy,A better mobility policy,2025-09-10,2025-09,2025,PIDE in Press,PIDE in Press,Nadeem Ahmed Khan,,,https://pide.org.pk/research/a-better-mobility-policy/,,,,,,0
pakistans-dismal-export-performance-a-survey-of-empirical-literature,Pakistan’s Dismal Export Performance: A Survey of Empirical Literature,2025-09-09,2025-09,2025,Working Paper,Recent Publications; Working Paper; Center for Industry‚ Trade &amp; Digital Economy,Junaid Ahmed,Pakistan; Competitiveness; Exports; Trade barriers; Diversification,F14; F13; F19; F18,https://pide.org.pk/research/pakistans-dismal-export-performance-a-survey-of-empirical-literature/,https://file.pide.org.pk/pdfpideresearch/wp-25-10-pakistans-dismal-export-performance-a-survey-of-empirical-literature.pdf,,,pdfs/2025/09/wp-25-10-pakistans-dismal-export-performance-a-survey-of-empirical-literature.pdf,data/fulltext/pakistans-dismal-export-performance-a-survey-of-empirical-literature.txt,1095
impact-of-tariff-reduction-on-automobile-industry,Impact of Tariff Reduction on Automobile Industry,2025-09-08,2025-09,2025,Policy Viewpoint,Recent Publications; Policy Viewpoint; Center for Industry‚ Trade &amp; Digital Economy; Center for Governance‚ Markets and Regulatory Analysis,Mohammad Shaaf Najib; Usman Qadir,,,https://pide.org.pk/research/impact-of-tariff-reduction-on-automobile-industry/,https://file.pide.org.pk/pdfpideresearch/pv-49-impact-of-tariff-reduction-on-automobile-industry.pdf,,,pdfs/2025/09/pv-49-impact-of-tariff-reduction-on-automobile-industry.pdf,data/fulltext/impact-of-tariff-reduction-on-automobile-industry.txt,1881
between-washington-and-beijing-pakistans-high-stakes-balancing-act,Between Washington and Beijing: Pakistan’s high-stakes balancing act,2025-09-02,2025-09,2025,PIDE in Press,PIDE in Press,Muhammad Tayyab,,,https://pide.org.pk/research/between-washington-and-beijing-pakistans-high-stakes-balancing-act/,,,,,,0
tax-policy-of-pakistan-a-review-paper,Tax Policy of Pakistan: A Review Paper,2025-09-01,2025-09,2025,Working Paper,Recent Publications; Working Paper,Ghulam Mustafa,,,https://pide.org.pk/research/tax-policy-of-pakistan-a-review-paper/,https://file.pide.org.pk/pdfpideresearch/wp-25-09-tax-policy-of-pakistan-a-review-paper.pdf,,,pdfs/2025/09/wp-25-09-tax-policy-of-pakistan-a-review-paper.pdf,data/fulltext/tax-policy-of-pakistan-a-review-paper.txt,990
the-legacy-of-bohar-wala-darbar,The legacy of Bohar Wala Darbar,2025-08-31,2025-08,2025,PIDE in Press,PIDE in Press,Zulfiqar Ali,,,https://pide.org.pk/research/the-legacy-of-bohar-wala-darbar/,,,,,,0
gathering-dust,Gathering dust,2025-08-31,2025-08,2025,PIDE in Press,PIDE in Press,Iqra Munawar,,,https://pide.org.pk/research/gathering-dust/,,,,,,0
energy-impasse-the-governance-trap,Energy impasse: the governance trap,2025-08-28,2025-08,2025,PIDE in Press,PIDE in Press,Mehwish Mumtaz,,,https://pide.org.pk/research/energy-impasse-the-governance-trap/,,,,,,0
the-monsoon-misery,The monsoon misery,2025-08-27,2025-08,2025,PIDE in Press,PIDE in Press,Maryam Hafeez,,,https://pide.org.pk/research/the-monsoon-misery/,,,,,,0
blueprint-to-blackout,Blueprint to blackout,2025-08-26,2025-08,2025,PIDE in Press,PIDE in Press,Afia Malik,,,https://pide.org.pk/research/blueprint-to-blackout/,,,,,,0
implementation-of-education-policy-in-pakistan-a-systematic-literature-review,Implementation of Education Policy in Pakistan: A Systematic Literature Review,2025-08-22,2025-08,2025,Working Paper,Recent Publications; Working Paper; Center for Agriculture‚ Climate Change and Rural Economy,Anjeela Khurram,education policy; Systematic Literature Review; PRISMA; Implementation,,https://pide.org.pk/research/implementation-of-education-policy-in-pakistan-a-systematic-literature-review/,https://file.pide.org.pk/pdfpideresearch/wp-25-08-implementation-of-education-policy-in-pakistan-a-systematic-literature-review.pdf,,,pdfs/2025/08/wp-25-08-implementation-of-education-policy-in-pakistan-a-systematic-literature-review.pdf,data/fulltext/implementation-of-education-policy-in-pakistan-a-systematic-literature-review.txt,861
tariff-stability-or-illusion-the-real-test-of-pakistans-power-reforms,Tariff stability or illusion? The real test of Pakistan’s power reforms,2025-08-21,2025-08,2025,PIDE in Press,PIDE in Press,Rubina Ilyas,,,https://pide.org.pk/research/tariff-stability-or-illusion-the-real-test-of-pakistans-power-reforms/,,,,,,0
building-an-education-powerhouse,Building an education powerhouse,2025-08-17,2025-08,2025,PIDE in Press,PIDE in Press,Zulfiqar Ali,,,https://pide.org.pk/research/building-an-education-powerhouse/,,,,,,0
oil-deal-in-the-shadow-of-political-diplomacy,Oil deal in the shadow of political diplomacy,2025-08-14,2025-08,2025,PIDE in Press,PIDE in Press,Uzma Zia,,,https://pide.org.pk/research/oil-deal-in-the-shadow-of-political-diplomacy/,,,,,,0
a-review-of-logistics-and-transport-studies-in-pakistan-hard-or-soft-infrastructure,A Review of Logistics and Transport Studies in Pakistan Hard or Soft Infrastructure?,2025-08-13,2025-08,2025,Working Paper,Recent Publications; Working Paper; Center for Energy‚ Logistics‚ and Infrastructure,Saba Anwar,,,https://pide.org.pk/research/a-review-of-logistics-and-transport-studies-in-pakistan-hard-or-soft-infrastructure/,https://file.pide.org.pk/pdfpideresearch/wp-25-07-a-review-of-logistics-and-transport-studies-in-pakistan-hard-or-soft-infrastructure.pdf,,,pdfs/2025/08/wp-25-07-a-review-of-logistics-and-transport-studies-in-pakistan-hard-or-soft-infrastructure.pdf,data/fulltext/a-review-of-logistics-and-transport-studies-in-pakistan-hard-or-soft-infrastructure.txt,657
isnt-the-fault-actually-in-our-stars-2,Isn’t the fault actually in our stars?,2025-08-10,2025-08,2025,PIDE in Press,PIDE in Press,Wajid Islam,,,https://pide.org.pk/research/isnt-the-fault-actually-in-our-stars-2/,,,,,,0
the-global-trade-race-is-on,The global trade race is on,2025-08-08,2025-08,2025,PIDE in Press,PIDE in Press,Nasir Iqbal,,,https://pide.org.pk/research/the-global-trade-race-is-on/,,,,,,0
judicial-and-legal-reforms-in-pakistan-1947-2024-a-brief-review,Judicial and Legal Reforms in Pakistan 1947–2024: A Brief Review,2025-08-08,2025-08,2025,Working Paper,Recent Publications; Working Paper; Center for Governance‚ Markets and Regulatory Analysis,Fida Muhammad Khan,,,https://pide.org.pk/research/judicial-and-legal-reforms-in-pakistan-1947-2024-a-brief-review/,https://file.pide.org.pk/pdfpideresearch/wp-25-06-judicial-and-legal-reforms-in-pakistan-1947-2024-a-brief-review.pdf,,,pdfs/2025/08/wp-25-06-judicial-and-legal-reforms-in-pakistan-1947-2024-a-brief-review.pdf,data/fulltext/judicial-and-legal-reforms-in-pakistan-1947-2024-a-brief-review.txt,1314
migration-as-adaptation,Migration as adaptation,2025-08-05,2025-08,2025,PIDE in Press,PIDE in Press,Usama Abdul Rauf,,,https://pide.org.pk/research/migration-as-adaptation/,,,,,,0
media-coverage-towards-a-free-market-a-blueprint-for-wheat-sector-deregulation-pide-in-press,MEDIA COVERAGE: Towards a Free Market: A Blueprint for Wheat Sector Deregulation,2025-08-05,2025-08,2025,PIDE in Press,PIDE in Press,,,,https://pide.org.pk/research/media-coverage-towards-a-free-market-a-blueprint-for-wheat-sector-deregulation-pide-in-press/,https://file.pide.org.pk/pdfpideinpress/pip-media-coverage-towards-a-free-market-a-blueprint-for-wheat-sector-deregulation-pide-in-press.pdf,,,pdfs/2025/08/pip-media-coverage-towards-a-free-market-a-blueprint-for-wheat-sector-deregulation-pide-in-press.pdf,,0
a-fragile-global-recovery-what-it-means-for-pakistan,A fragile global recovery: what it means for Pakistan?,2025-08-05,2025-08,2025,PIDE in Press,PIDE in Press,Amna Riaz,,,https://pide.org.pk/research/a-fragile-global-recovery-what-it-means-for-pakistan/,,,,,,0
why-civil-service-reforms-keep-stalling,Why civil service reforms keep stalling?,2025-08-04,2025-08,2025,PIDE in Press,PIDE in Press,Nadeem Khan; Khalid Mahmood,,,https://pide.org.pk/research/why-civil-service-reforms-keep-stalling/,,,,,,0
productivity-or-perish,Productivity or perish,2025-08-04,2025-08,2025,PIDE in Press,PIDE in Press,Nasir Iqbal,,,https://pide.org.pk/research/productivity-or-perish/,,,,,,0
tracing-histories,Tracing histories,2025-08-03,2025-08,2025,PIDE in Press,PIDE in Press,Zulfiqar Ali,,,https://pide.org.pk/research/tracing-histories/,,,,,data/fulltext/tracing-histories.txt,1378
legacy-in-transition-shikarpurs-library-from-jagan-nath-to-bedil,Legacy In Transition: Shikarpur’s Library From Jagan Nath To Bedil,2025-08-02,2025-08,2025,PIDE in Press,PIDE in Press,Zulfiqar Ali,,,https://pide.org.pk/research/legacy-in-transition-shikarpurs-library-from-jagan-nath-to-bedil/,,,,,,0
a-pathway-to-promote-employability-skills,A pathway to promote employability skills,2025-08-01,2025-08,2025,PIDE in Press,PIDE in Press,Henna Ahsan,,,https://pide.org.pk/research/a-pathway-to-promote-employability-skills/,,,,,data/fulltext/a-pathway-to-promote-employability-skills.txt,684
media-coverage-balancing-stabilization-and-growth-under-uraan-pakistan,MEDIA COVERAGE: Balancing Stabilization and Growth Under URAAN Pakistan,2025-07-31,2025-07,2025,PIDE in Press,PIDE in Press,PIDE,,,https://pide.org.pk/research/media-coverage-balancing-stabilization-and-growth-under-uraan-pakistan/,https://file.pide.org.pk/pdfpideinpress/pip-media-coverage-balancing-stabilization-and-growth-under-uraan-pakistan.pdf,,,pdfs/2025/07/pip-media-coverage-balancing-stabilization-and-growth-under-uraan-pakistan.pdf,data/fulltext/media-coverage-balancing-stabilization-and-growth-under-uraan-pakistan.txt,21
beyond-honour-reclaiming-justice-and-humanity-in-pakistan,Beyond honour: reclaiming justice and humanity in Pakistan,2025-07-31,2025-07,2025,PIDE in Press,PIDE in Press,Nabila Kunwal,,,https://pide.org.pk/research/beyond-honour-reclaiming-justice-and-humanity-in-pakistan/,,,,,data/fulltext/beyond-honour-reclaiming-justice-and-humanity-in-pakistan.txt,1098
understanding-the-factors-behind-low-saving-rates-in-pakistan-insights-and-policy-recommendations,Understanding the Factors Behind Low Saving Rates in Pakistan: Insights and Policy Recommendations,2025-07-30,2025-07,2025,Working Paper,Center for Industry‚ Trade &amp; Digital Economy; Recent Publications; Working Paper,Uzma Zia,Harrod-Domar Model; Permanent Income Hypothesis; Savers Confidence; URAAN; Savings Culture; Savings Behaviour,,https://pide.org.pk/research/understanding-the-factors-behind-low-saving-rates-in-pakistan-insights-and-policy-recommendations/,https://file.pide.org.pk/pdfpideresearch/wp-25-05-understanding-the-factors-behind-low-saving-rates-in-pakistan-insights-and-policy-recommendations.pdf,,,pdfs/2025/07/wp-25-05-understanding-the-factors-behind-low-saving-rates-in-pakistan-insights-and-policy-recommendations.pdf,data/fulltext/understanding-the-factors-behind-low-saving-rates-in-pakistan-insights-and-policy-recommendations.txt,1222
sbp-expected-to-cut-policy-rate-by-100-basis-points-amid-easing-inflation-and-economic-stabilization,SBP Expected to Cut Policy Rate by 100 Basis Points Amid Easing Inflation and Economic Stabilization,2025-07-30,2025-07,2025,MacroPolicy Lab,Recent Publications; MacroPolicy Lab,Hafsa Hina,,,https://pide.org.pk/research/sbp-expected-to-cut-policy-rate-by-100-basis-points-amid-easing-inflation-and-economic-stabilization/,https://file.pide.org.pk/pdfpideresearch/mpl-sbp-expected-to-cut-policy-rate.pdf,,,pdfs/2025/07/mpl-sbp-expected-to-cut-policy-rate.pdf,data/fulltext/sbp-expected-to-cut-policy-rate-by-100-basis-points-amid-easing-inflation-and-economic-stabilization.txt,363
promise-and-peril-of-low-policy-rates,Promise and peril of low policy rates,2025-07-28,2025-07,2025,PIDE in Press,PIDE in Press,Rubina Ilyas,,,https://pide.org.pk/research/promise-and-peril-of-low-policy-rates/,,,,,data/fulltext/promise-and-peril-of-low-policy-rates.txt,892
isnt-the-fault-actually-in-our-stars,Isn’t the fault actually in our stars?,2025-07-25,2025-07,2025,PIDE in Press,PIDE in Press,Wajid Islam,,,https://pide.org.pk/research/isnt-the-fault-actually-in-our-stars/,,,,,data/fulltext/isnt-the-fault-actually-in-our-stars.txt,766
development-2-0-the-case-for-ppps-in-pakistan,Development 2.0: the case for PPPs in Pakistan,2025-07-25,2025-07,2025,PIDE in Press,PIDE in Press,Ahmad Fraz; Mahmood Khalid,,,https://pide.org.pk/research/development-2-0-the-case-for-ppps-in-pakistan/,,,,,data/fulltext/development-2-0-the-case-for-ppps-in-pakistan.txt,1237
automobile-industry-beyond-the-junction,Automobile Industry: Beyond the Junction,2025-07-22,2025-07,2025,PIDE in Press,PIDE in Press,Mohammad Shaaf Najib,,,https://pide.org.pk/research/automobile-industry-beyond-the-junction/,https://file.pide.org.pk/pdfpideinpress/pip-automobile-industry-beyond-the-junction.pdf,,,pdfs/2025/07/pip-automobile-industry-beyond-the-junction.pdf,data/fulltext/automobile-industry-beyond-the-junction.txt,1014
weak-tariff-policies,Weak tariff policies,2025-07-21,2025-07,2025,PIDE in Press,PIDE in Press,Usman Qadir,,,https://pide.org.pk/research/weak-tariff-policies/,https://file.pide.org.pk/pdfpideinpress/pip-weak-tariff-policies.pdf,,,pdfs/2025/07/pip-weak-tariff-policies.pdf,data/fulltext/weak-tariff-policies.txt,820
a-new-appetite-for-change,A new appetite for change,2025-07-21,2025-07,2025,PIDE in Press,PIDE in Press,Zulfiqar Ali,,,https://pide.org.pk/research/a-new-appetite-for-change/,https://file.pide.org.pk/pdfpideinpress/pip-a-new-appetite-for-change.pdf,,,pdfs/2025/07/pip-a-new-appetite-for-change.pdf,data/fulltext/a-new-appetite-for-change.txt,1050
towards-a-free-market-a-blueprint-for-wheat-sector-deregulation,Towards a Free Market: A Blueprint for Wheat Sector Deregulation,2025-07-18,2025-07,2025,Policy Viewpoint,Center for Agriculture‚ Climate Change and Rural Economy; Recent Publications; Policy Viewpoint,Muhammad Faisal Ali; Sobia Rose,,,https://pide.org.pk/research/towards-a-free-market-a-blueprint-for-wheat-sector-deregulation/,https://file.pide.org.pk/pdfpideresearch/pv-48-towards-a-free-market-a-blueprint-for-wheat-sector-deregulation.pdf,,,pdfs/2025/07/pv-48-towards-a-free-market-a-blueprint-for-wheat-sector-deregulation.pdf,data/fulltext/towards-a-free-market-a-blueprint-for-wheat-sector-deregulation.txt,513
media-coverage-climate-change-and-responsible-tourism-in-pakistan,Media Coverage: Climate Change and Responsible Tourism in Pakistan,2025-07-18,2025-07,2025,PIDE in Press,PIDE in Press,,,,https://pide.org.pk/research/media-coverage-climate-change-and-responsible-tourism-in-pakistan/,https://file.pide.org.pk/pdfpideinpress/pip-media-coverage-climate-change-and-responsible-tourism-in-pakistan.pdf,,,pdfs/2025/07/pip-media-coverage-climate-change-and-responsible-tourism-in-pakistan.pdf,data/fulltext/media-coverage-climate-change-and-responsible-tourism-in-pakistan.txt,25
digital-rupee-set-to-transform-pakistans-financial-landscape,Digital rupee set to transform Pakistan’s financial landscape,2025-07-17,2025-07,2025,PIDE in Press,PIDE in Press,Ahmad Fraz,,,https://pide.org.pk/research/digital-rupee-set-to-transform-pakistans-financial-landscape/,https://file.pide.org.pk/pdfpideinpress/pip-digital-rupee-set-to-transform-pakistans-financial-landscape.pdf,,,pdfs/2025/07/pip-digital-rupee-set-to-transform-pakistans-financial-landscape.pdf,data/fulltext/digital-rupee-set-to-transform-pakistans-financial-landscape.txt,1219
heatwaves-and-highways,Heatwaves and highways,2025-07-16,2025-07,2025,PIDE in Press,PIDE in Press,Saba Anwar,,,https://pide.org.pk/research/heatwaves-and-highways/,https://file.pide.org.pk/pdfpideinpress/pip-heatwaves-and-highways.pdf,,,pdfs/2025/07/pip-heatwaves-and-highways.pdf,data/fulltext/heatwaves-and-highways.txt,1208
time-for-reserves,Time for reserves?,2025-07-15,2025-07,2025,PIDE in Press,PIDE in Press,Afia Malik,,,https://pide.org.pk/research/time-for-reserves/,https://file.pide.org.pk/pdfpideinpress/pip-time-for-reserves.pdf,,,pdfs/2025/07/pip-time-for-reserves.pdf,data/fulltext/time-for-reserves.txt,1013
scorching-pakistan-this-year-the-forgotten-frontline-of-heatwave,Scorching Pakistan this year: the forgotten frontline of heatwave,2025-07-14,2025-07,2025,PIDE in Press,PIDE in Press,Anjeela Khurram; Anooud Asif,,,https://pide.org.pk/research/scorching-pakistan-this-year-the-forgotten-frontline-of-heatwave/,https://file.pide.org.pk/pdfpideinpress/pip-scorching-pakistan-this-year-the-forgotten-frontline-of-heatwave.pdf,,,pdfs/2025/07/pip-scorching-pakistan-this-year-the-forgotten-frontline-of-heatwave.pdf,data/fulltext/scorching-pakistan-this-year-the-forgotten-frontline-of-heatwave.txt,788
return-to-education-in-pakistan-a-brief-overview,Return to Education in Pakistan: A Brief Overview,2025-07-14,2025-07,2025,Working Paper,Working Paper; Center for Sustainable Futures,Muhammad Jehangir Khan,,,https://pide.org.pk/research/return-to-education-in-pakistan-a-brief-overview/,https://file.pide.org.pk/pdfpideresearch/wp-25-04-return-to-education-in-pakistan-a-brief-overview.pdf,,,pdfs/2025/07/wp-25-04-return-to-education-in-pakistan-a-brief-overview.pdf,data/fulltext/return-to-education-in-pakistan-a-brief-overview.txt,723
media-coverage-the-poverty-illusion-when-numbers-distort-reality,Media Coverage: The Poverty Illusion: When Numbers Distort Reality,2025-07-14,2025-07,2025,PIDE in Press,PIDE in Press,PIDE,,,https://pide.org.pk/research/media-coverage-the-poverty-illusion-when-numbers-distort-reality/,https://file.pide.org.pk/pdfpideinpress/pip-media-coverage-media-coverage-the-poverty-illusion-when-numbers-distort-reality.pdf,,,pdfs/2025/07/pip-media-coverage-media-coverage-the-poverty-illusion-when-numbers-distort-reality.pdf,data/fulltext/media-coverage-the-poverty-illusion-when-numbers-distort-reality.txt,26
pakistans-debt-quagmire-imf-dependence-and-budget-fy2025-26,"Pakistan’s debt quagmire, IMF dependence, and Budget FY2025-26",2025-07-10,2025-07,2025,PIDE in Press,PIDE in Press,Haider Ali,,,https://pide.org.pk/research/pakistans-debt-quagmire-imf-dependence-and-budget-fy2025-26/,https://file.pide.org.pk/pdfpideinpress/pip-pakistans-debt-quagmire-imf-dependence-and-budget-fy2025-26.pdf,,,pdfs/2025/07/pip-pakistans-debt-quagmire-imf-dependence-and-budget-fy2025-26.pdf,data/fulltext/pakistans-debt-quagmire-imf-dependence-and-budget-fy2025-26.txt,759
failing-at-education,Failing at education,2025-07-10,2025-07,2025,PIDE in Press,PIDE in Press,Usman Qadir,,,https://pide.org.pk/research/failing-at-education/,https://file.pide.org.pk/pdfpideinpress/pip-failing-at-education.pdf,,,pdfs/2025/07/pip-failing-at-education.pdf,data/fulltext/failing-at-education.txt,789
a-systematic-review-of-exchange-rate-studies-in-the-context-of-pakistan,A Systematic Review of Exchange Rate Studies in the Context of Pakistan,2025-07-08,2025-07,2025,Working Paper,Working Paper; Macro Policy Lab,Hafsa Hina,,,https://pide.org.pk/research/a-systematic-review-of-exchange-rate-studies-in-the-context-of-pakistan/,https://file.pide.org.pk/pdfpideresearch/wp-25-03-a-systematic-review-of-exchange-rate-studies-in-the-context-of-pakistan.pdf,,,pdfs/2025/07/wp-25-03-a-systematic-review-of-exchange-rate-studies-in-the-context-of-pakistan.pdf,data/fulltext/a-systematic-review-of-exchange-rate-studies-in-the-context-of-pakistan.txt,420
before-there-were-borders,Before there were borders,2025-07-07,2025-07,2025,PIDE in Press,PIDE in Press,Zulfiqar Ali,,,https://pide.org.pk/research/before-there-were-borders/,https://file.pide.org.pk/pdfpideinpress/pip-before-there-were-borders.pdf,,,pdfs/2025/07/pip-before-there-were-borders.pdf,data/fulltext/before-there-were-borders.txt,1604
media-coverage-budget-2025-26-a-blueprint-of-the-nations-ambition,Media Coverage: Budget 2025-26: A Blueprint of the Nation’s Ambition,2025-07-02,2025-07,2025,PIDE in Press,PIDE in Press,,,,https://pide.org.pk/research/media-coverage-budget-2025-26-a-blueprint-of-the-nations-ambition/,https://file.pide.org.pk/pdfpideinpress/pip-media-coverage-budget-2025-26-a-blueprint-of-the-nations-ambition.pdf,,,pdfs/2025/07/pip-media-coverage-budget-2025-26-a-blueprint-of-the-nations-ambition.pdf,data/fulltext/media-coverage-budget-2025-26-a-blueprint-of-the-nations-ambition.txt,16
a-review-on-fiscal-and-debt-policies-in-pakistan,A Review on Fiscal and Debt Policies in Pakistan,2025-07-01,2025-07,2025,Working Paper,Center for Governance‚ Markets and Regulatory Analysis; Recent Publications; Working Paper,Karim Khan,Fiscal Policy; Fiscal Deficit; Truncated Growth; Structural Economic Woes; Debt; Pakistan,H50; H62; H63; H11; E62,https://pide.org.pk/research/a-review-on-fiscal-and-debt-policies-in-pakistan/,https://file.pide.org.pk/pdfpideresearch/wp-25-02-a-review-on-fiscal-and-debt-policies-in-pakistan.pdf,,,pdfs/2025/07/wp-25-02-a-review-on-fiscal-and-debt-policies-in-pakistan.pdf,data/fulltext/a-review-on-fiscal-and-debt-policies-in-pakistan.txt,1165
a-brief-review-of-the-literature-on-hec-and-higher-education-in-pakistan,A Brief Review of the Literature on HEC and Higher Education in Pakistan,2025-07-01,2025-07,2025,Working Paper,Center for Sustainable Futures; Recent Publications; Working Paper,Henna Ahsan,,,https://pide.org.pk/research/a-brief-review-of-the-literature-on-hec-and-higher-education-in-pakistan/,https://file.pide.org.pk/pdfpideresearch/wp-25-01-a-brief-review-of-the-literature-on-hec-and-higher-education-in-pakistan.pdf,,,pdfs/2025/07/wp-25-01-a-brief-review-of-the-literature-on-hec-and-higher-education-in-pakistan.pdf,data/fulltext/a-brief-review-of-the-literature-on-hec-and-higher-education-in-pakistan.txt,1439
the-poverty-illusion-when-numbers-distort-reality,The Poverty Illusion: When Numbers Distort Reality,2025-06-23,2025-06,2025,Knowledge Brief,Macro Policy Lab; Recent Publications; Knowledge Brief,Nasir Iqbal,,,https://pide.org.pk/research/the-poverty-illusion-when-numbers-distort-reality/,https://file.pide.org.pk/pdfpideresearch/kb-132-the-poverty-illusion-when-numbers-distort-reality.pdf,,,pdfs/2025/06/kb-132-the-poverty-illusion-when-numbers-distort-reality.pdf,data/fulltext/the-poverty-illusion-when-numbers-distort-reality.txt,1438
the-legacy-behind-shikarpurs-historic-hospital,The legacy behind Shikarpur’s historic hospital,2025-06-23,2025-06,2025,PIDE in Press,PIDE in Press,Zulfiqar Ali,,,https://pide.org.pk/research/the-legacy-behind-shikarpurs-historic-hospital/,https://file.pide.org.pk/pdfpideinpress/pip-the-legacy-behind-shikarpurs-historic-hospital.pdf,,,pdfs/2025/06/pip-the-legacy-behind-shikarpurs-historic-hospital.pdf,data/fulltext/the-legacy-behind-shikarpurs-historic-hospital.txt,1567
from-crisis-to-confidence,From crisis to confidence,2025-06-23,2025-06,2025,PIDE in Press,PIDE in Press,Muhammad Nadeem Javaid,,,https://pide.org.pk/research/from-crisis-to-confidence/,,,,,data/fulltext/from-crisis-to-confidence.txt,1190
new-trade-order-aligning-policy-with-geopolitical-realities,New trade order: aligning policy with geopolitical realities,2025-06-20,2025-06,2025,PIDE in Press,PIDE in Press,Uzma Zia,,,https://pide.org.pk/research/new-trade-order-aligning-policy-with-geopolitical-realities/,https://file.pide.org.pk/pdfpideinpress/pip-new-trade-order-aligning-policy-with-geopolitical-realities.pdf,,,pdfs/2025/06/pip-new-trade-order-aligning-policy-with-geopolitical-realities.pdf,data/fulltext/new-trade-order-aligning-policy-with-geopolitical-realities.txt,991
is-education-a-budgetary-priority,Is education a budgetary priority?,2025-06-20,2025-06,2025,PIDE in Press,PIDE in Press,Henna Ahsan,,,https://pide.org.pk/research/is-education-a-budgetary-priority/,https://file.pide.org.pk/pdfpideinpress/pip-is-education-a-budgetary-priority.pdf,,,pdfs/2025/06/pip-is-education-a-budgetary-priority.pdf,data/fulltext/is-education-a-budgetary-priority.txt,657
beyond-poverty-alleviation-crafting-a-comprehensive-social-policy-for-all,Beyond poverty alleviation: crafting a comprehensive social policy for all,2025-06-20,2025-06,2025,PIDE in Press,PIDE in Press,Muhammad Aqib Zardad,,,https://pide.org.pk/research/beyond-poverty-alleviation-crafting-a-comprehensive-social-policy-for-all/,https://file.pide.org.pk/pdfpideinpress/pip-beyond-poverty-alleviation-crafting-a-comprehensive-social-policy-for-all.pdf,,,pdfs/2025/06/pip-beyond-poverty-alleviation-crafting-a-comprehensive-social-policy-for-all.pdf,data/fulltext/beyond-poverty-alleviation-crafting-a-comprehensive-social-policy-for-all.txt,938
tax-reforms-in-pakistan-progress-made-pitfalls-ahead-and-the-road-forward,"Tax Reforms in Pakistan: Progress Made, Pitfalls Ahead, and the Road Forward",2025-06-19,2025-06,2025,Policy and Research,Policy and Research; Discourse 2025-02,Muhammad Ammad Ansari,,,https://pide.org.pk/research/tax-reforms-in-pakistan-progress-made-pitfalls-ahead-and-the-road-forward/,https://file.pide.org.pk/pdfpideresearch/discourse-2025-02-01-tax-reforms-in-pakistan-progress-made-pitfalls-ahead-and-the-road-forward.pdf,,,pdfs/2025/06/discourse-2025-02-01-tax-reforms-in-pakistan-progress-made-pitfalls-ahead-and-the-road-forward.pdf,data/fulltext/tax-reforms-in-pakistan-progress-made-pitfalls-ahead-and-the-road-forward.txt,2604
tax-collection-in-pakistan-its-challenges-and-road-to-improvement,Tax Collection in Pakistan: Its Challenges and Road to Improvement,2025-06-19,2025-06,2025,Policy and Research,Policy and Research; Discourse 2025-02,Muazma Hanif,,,https://pide.org.pk/research/tax-collection-in-pakistan-its-challenges-and-road-to-improvement/,https://file.pide.org.pk/pdfpideresearch/discourse-2025-02-06-tax-collection-in-pakistan-its-challenges-and-road-to-improvement.pdf,,,pdfs/2025/06/discourse-2025-02-06-tax-collection-in-pakistan-its-challenges-and-road-to-improvement.pdf,data/fulltext/tax-collection-in-pakistan-its-challenges-and-road-to-improvement.txt,3488
revisiting-the-budget-cycle-fixing-the-foundation-for-fiscal-discipline,Revisiting the Budget Cycle: Fixing the Foundation for Fiscal Discipline,2025-06-19,2025-06,2025,Policy and Research,Policy and Research; Discourse 2025-02,Hasnat Ahmed,,,https://pide.org.pk/research/revisiting-the-budget-cycle-fixing-the-foundation-for-fiscal-discipline/,https://file.pide.org.pk/pdfpideresearch/discourse-2025-02-04-revisiting-the-budget-cycle-fixing-the-foundation-for-fiscal-discipline.pdf,,,pdfs/2025/06/discourse-2025-02-04-revisiting-the-budget-cycle-fixing-the-foundation-for-fiscal-discipline.pdf,data/fulltext/revisiting-the-budget-cycle-fixing-the-foundation-for-fiscal-discipline.txt,2737
pensions-crisis-in-pakistan-a-failure-of-public-policy-reforms,Pensions Crisis in Pakistan: A Failure of Public Policy Reforms,2025-06-19,2025-06,2025,Policy and Research,Policy and Research; Discourse 2025-02,Shujaat Farooq,,,https://pide.org.pk/research/pensions-crisis-in-pakistan-a-failure-of-public-policy-reforms/,https://file.pide.org.pk/pdfpideresearch/discourse-2025-02-05-pensions-crisis-in-pakistan-a-failure-of-public-policy-reforms.pdf,,,pdfs/2025/06/discourse-2025-02-05-pensions-crisis-in-pakistan-a-failure-of-public-policy-reforms.pdf,data/fulltext/pensions-crisis-in-pakistan-a-failure-of-public-policy-reforms.txt,1817
incentives-or-illusions-the-cost-of-tax-treaty-in-pakistan,Incentives or Illusions: The Cost of Tax Treaty In Pakistan,2025-06-19,2025-06,2025,Policy and Research,Policy and Research; Discourse 2025-02,Karishma Kiran,,,https://pide.org.pk/research/incentives-or-illusions-the-cost-of-tax-treaty-in-pakistan/,https://file.pide.org.pk/pdfpideresearch/discourse-2025-02-03-incentives-or-illusions-the-cost-of-tax-treaty-in-pakistan.pdf,,,pdfs/2025/06/discourse-2025-02-03-incentives-or-illusions-the-cost-of-tax-treaty-in-pakistan.pdf,data/fulltext/incentives-or-illusions-the-cost-of-tax-treaty-in-pakistan.txt,1270
gender-responsive-budgeting,Gender Responsive Budgeting,2025-06-19,2025-06,2025,Policy and Research,Policy and Research; Discourse 2025-02,Fahd Zulfiqar,,,https://pide.org.pk/research/gender-responsive-budgeting/,https://file.pide.org.pk/pdfpideresearch/discourse-2025-02-11-gender-responsive-budgeting.pdf,,,pdfs/2025/06/discourse-2025-02-11-gender-responsive-budgeting.pdf,data/fulltext/gender-responsive-budgeting.txt,595
exploring-the-forecasting-structure-of-federal-tax-revenue-in-pakistan,Exploring the Forecasting Structure of Federal Tax Revenue in Pakistan,2025-06-19,2025-06,2025,Policy and Research,Policy and Research; Discourse 2025-02,Syeda Um Ul Baneen,,,https://pide.org.pk/research/exploring-the-forecasting-structure-of-federal-tax-revenue-in-pakistan/,https://file.pide.org.pk/pdfpideresearch/discourse-2025-02-07-exploring-the-forecasting-structure-of-federal-tax-revenue-in-pakistan.pdf,,,pdfs/2025/06/discourse-2025-02-07-exploring-the-forecasting-structure-of-federal-tax-revenue-in-pakistan.pdf,data/fulltext/exploring-the-forecasting-structure-of-federal-tax-revenue-in-pakistan.txt,1024
economics-of-early-retirement,Economics of Early Retirement,2025-06-19,2025-06,2025,Policy and Research,Policy and Research; Discourse 2025-02,Ajmal Kakar,,,https://pide.org.pk/research/economics-of-early-retirement/,https://file.pide.org.pk/pdfpideresearch/discourse-2025-02-09-economics-of-early-retirement.pdf,,,pdfs/2025/06/discourse-2025-02-09-economics-of-early-retirement.pdf,data/fulltext/economics-of-early-retirement.txt,1314
discretion-versus-development,Discretion Versus Development,2025-06-19,2025-06,2025,Policy and Research,Policy and Research; Discourse 2025-02,Ikram Ullah,,,https://pide.org.pk/research/discretion-versus-development/,https://file.pide.org.pk/pdfpideresearch/discourse-2025-02-08-discretion-versus-development.pdf,,,pdfs/2025/06/discourse-2025-02-08-discretion-versus-development.pdf,data/fulltext/discretion-versus-development.txt,1806
can-fiscal-policy-reduce-inequality-in-pakistan,Can Fiscal Policy Reduce Inequality in Pakistan?,2025-06-19,2025-06,2025,Policy and Research,Policy and Research; Discourse 2025-02,Eisha Jawaid Khan,,,https://pide.org.pk/research/can-fiscal-policy-reduce-inequality-in-pakistan/,https://file.pide.org.pk/pdfpideresearch/discourse-2025-02-10-can-fiscal-policy-reduce-inequality-in-pakistan.pdf,,,pdfs/2025/06/discourse-2025-02-10-can-fiscal-policy-reduce-inequality-in-pakistan.pdf,data/fulltext/can-fiscal-policy-reduce-inequality-in-pakistan.txt,1123
budgeting-for-economic-decline,Budgeting for Economic Decline,2025-06-19,2025-06,2025,Policy and Research,Policy and Research; Discourse 2025-02,Muhammad Mubasal,,,https://pide.org.pk/research/budgeting-for-economic-decline/,https://file.pide.org.pk/pdfpideresearch/discourse-2025-02-12-budgeting-for-economic-decline.pdf,,,pdfs/2025/06/discourse-2025-02-12-budgeting-for-economic-decline.pdf,data/fulltext/budgeting-for-economic-decline.txt,1528
budget-2025-26-a-business-growth-oriented-strategy,Budget 2025–26: A Business-Growth-Oriented Strategy,2025-06-19,2025-06,2025,Policy and Research,Policy and Research; Discourse 2025-02,Nasir Iqbal,,,https://pide.org.pk/research/budget-2025-26-a-business-growth-oriented-strategy/,https://file.pide.org.pk/pdfpideresearch/discourse-2025-02-02-budget-2025-26-a-business-growth-oriented-strategy.pdf,,,pdfs/2025/06/discourse-2025-02-02-budget-2025-26-a-business-growth-oriented-strategy.pdf,data/fulltext/budget-2025-26-a-business-growth-oriented-strategy.txt,1467
revenue-vs-expenditure-a-case-study-of-tobacco-taxes,Revenue Vs Expenditure; A Case Study of Tobacco Taxes,2025-06-18,2025-06,2025,Policy and Research,Policy and Research; Discourse 2025-02,Majida Yousaf,,,https://pide.org.pk/research/revenue-vs-expenditure-a-case-study-of-tobacco-taxes/,https://file.pide.org.pk/pdfpideresearch/discourse-2025-02-13-revenue-vs-expenditure-a-case-study-of-tobacco-taxes.pdf,,,pdfs/2025/06/discourse-2025-02-13-revenue-vs-expenditure-a-case-study-of-tobacco-taxes.pdf,data/fulltext/revenue-vs-expenditure-a-case-study-of-tobacco-taxes.txt,1664
how-to-modernise-governance,How to modernise governance,2025-06-18,2025-06,2025,PIDE in Press,PIDE in Press,Nadeem Ahmed Khan,,,https://pide.org.pk/research/how-to-modernise-governance/,https://file.pide.org.pk/pdfpideinpress/pip-how-to-modernise-governance.pdf,,,pdfs/2025/06/pip-how-to-modernise-governance.pdf,data/fulltext/how-to-modernise-governance.txt,1308
federal-budget-fy-2025-26-pakistans-opportunity-to-manage-fiscal-uncertainty,Federal Budget FY 2025-26: Pakistan’s Opportunity to Manage Fiscal uncertainty,2025-06-18,2025-06,2025,Policy and Research,Policy and Research; Discourse 2025-02,Amna Riaz,,,https://pide.org.pk/research/federal-budget-fy-2025-26-pakistans-opportunity-to-manage-fiscal-uncertainty/,https://file.pide.org.pk/pdfpideresearch/discourse-2025-02-14-federal-budget-fy-2025-26-pakistans-opportunity-to-manage-fiscal-uncertainty.pdf,,,pdfs/2025/06/discourse-2025-02-14-federal-budget-fy-2025-26-pakistans-opportunity-to-manage-fiscal-uncertainty.pdf,data/fulltext/federal-budget-fy-2025-26-pakistans-opportunity-to-manage-fiscal-uncertainty.txt,2111
carec-connectivity,CAREC connectivity,2025-06-18,2025-06,2025,PIDE in Press,PIDE in Press,Junaid Ahmed,,,https://pide.org.pk/research/carec-connectivity/,https://file.pide.org.pk/pdfpideinpress/pip-carec-connectivity.pdf,,,pdfs/2025/06/pip-carec-connectivity.pdf,data/fulltext/carec-connectivity.txt,879
taxing-like-the-2020s-governing-like-1990s,"Taxing Like the 2020s, Governing Like 1990s",2025-06-17,2025-06,2025,Policy and Research,Policy and Research; Discourse 2025-02,Muzammal Rasheed,,,https://pide.org.pk/research/taxing-like-the-2020s-governing-like-1990s/,https://file.pide.org.pk/pdfpideresearch/discourse-2025-02-16-taxing-like-the-2020s-governing-like-1990s.pdf,https://file-thesis.pide.org.pk/pdf/ms-management-sciences-2020-jawad-shabir--tax-policy-a-review-of-pakistans-tax-treaties-and-recommendations-for-actions.pdf,,pdfs/2025/06/discourse-2025-02-16-taxing-like-the-2020s-governing-like-1990s.pdf,data/fulltext/taxing-like-the-2020s-governing-like-1990s.txt,2492
tax-audits-as-signals-designing-smarter-enforcement-in-pakistan,Tax Audits as Signals: Designing Smarter Enforcement in Pakistan,2025-06-17,2025-06,2025,Policy and Research,Policy and Research; Discourse 2025-02,Zehra Farooq,,,https://pide.org.pk/research/tax-audits-as-signals-designing-smarter-enforcement-in-pakistan/,https://file.pide.org.pk/pdfpideresearch/discourse-2025-02-17-tax-audits-as-signals-designing-smarter-enforcement-in-pakistan.pdf,,https://www.mazharwaseem.com/static/uploads/PakAudit_April2021.pdf,pdfs/2025/06/discourse-2025-02-17-tax-audits-as-signals-designing-smarter-enforcement-in-pakistan.pdf,data/fulltext/tax-audits-as-signals-designing-smarter-enforcement-in-pakistan.txt,2399
special-budgetary-allocation-enhancing-pakistans-network-centric-warfare-ncw-capabilities,Special Budgetary Allocation: Enhancing Pakistan’s Network Centric Warfare (NCW) Capabilities,2025-06-17,2025-06,2025,Policy and Research,Policy and Research; Discourse 2025-02,Fida Muhammad Khan,,,https://pide.org.pk/research/special-budgetary-allocation-enhancing-pakistans-network-centric-warfare-ncw-capabilities/,https://file.pide.org.pk/pdfpideresearch/discourse-2025-02-15-special-budgetary-allocation-enhancing-pakistan’s-network-centric-warfare-ncw-capabilities.pdf,,,pdfs/2025/06/discourse-2025-02-15-special-budgetary-allocation-enhancing-pakistan’s-network-centric-warfare-ncw-capabilities.pdf,data/fulltext/special-budgetary-allocation-enhancing-pakistans-network-centric-warfare-ncw-capabilities.txt,3598
pakistans-tax-system-advancements-challenges-and-trillion-dollar-future,"Pakistan’s Tax System: Advancements, Challenges and Trillion-Dollar Future",2025-06-17,2025-06,2025,Policy and Research,Policy and Research; Discourse 2025-02,Husnain Shehzad,,,https://pide.org.pk/research/pakistans-tax-system-advancements-challenges-and-trillion-dollar-future/,https://file.pide.org.pk/pdfpideresearch/discourse-2025-02-18-pakistans-tax-system-advancements-challenges-and-trillion-dollar-future.pdf,,,pdfs/2025/06/discourse-2025-02-18-pakistans-tax-system-advancements-challenges-and-trillion-dollar-future.pdf,data/fulltext/pakistans-tax-system-advancements-challenges-and-trillion-dollar-future.txt,2123
budget-2025-26-building-a-trillion-dollar-dream,BUDGET 2025-26: Building A Trillion Dollar Dream,2025-06-13,2025-06,2025,Policy and Research,P &amp; R Magazine; Policy and Research; Recent Publications,,,,https://pide.org.pk/research/budget-2025-26-building-a-trillion-dollar-dream/,https://file.pide.org.pk/pdfpideresearch/discourse-2025-02-building-a-trillion-dollar-dream.pdf,https://file.pide.org.pk/pdfpideresearch/discourse-2025-02-building-a-trillion-dollar-dream-high-resolution.pdf,,pdfs/2025/06/discourse-2025-02-building-a-trillion-dollar-dream.pdf,data/fulltext/budget-2025-26-building-a-trillion-dollar-dream.txt,223
media-coverage-pide-aiib-report-launch,Media Coverage: PIDE & AIIB Report Launch,2025-06-03,2025-06,2025,PIDE in Press,PIDE in Press,PIDE,,,https://pide.org.pk/research/media-coverage-pide-aiib-report-launch/,https://file.pide.org.pk/pdfpideinpress/pip-media-coverage-pide-aiib-report-launch.pdf,,,pdfs/2025/06/pip-media-coverage-pide-aiib-report-launch.pdf,data/fulltext/media-coverage-pide-aiib-report-launch.txt,38
keeping-business-first,Keeping business first,2025-06-02,2025-06,2025,PIDE in Press,PIDE in Press,Nasir Iqbal,,,https://pide.org.pk/research/keeping-business-first/,https://file.pide.org.pk/pdfpideinpress/pip-keeping-business-first.pdf,,,pdfs/2025/06/pip-keeping-business-first.pdf,data/fulltext/keeping-business-first.txt,1226
breaking-the-tariff-trap,Breaking the tariff trap,2025-06-02,2025-06,2025,PIDE in Press,PIDE in Press,Muhammad Zeeshan,,,https://pide.org.pk/research/breaking-the-tariff-trap/,https://file.pide.org.pk/pdfpideinpress/pip-breaking-the-tariff-trap.pdf,,,pdfs/2025/06/pip-breaking-the-tariff-trap.pdf,data/fulltext/breaking-the-tariff-trap.txt,954
from-fragility-to-fidelity-why-pakistan-must-end-fiscal-policy-uncertainty,From fragility to fidelity: why Pakistan must end fiscal policy uncertainty,2025-05-30,2025-05,2025,PIDE in Press,PIDE in Press,Amna Riaz,,,https://pide.org.pk/research/from-fragility-to-fidelity-why-pakistan-must-end-fiscal-policy-uncertainty/,https://file.pide.org.pk/pdfpideinpress/pip-from-fragility-to-fidelity-why-pakistan-must-end-fiscal-policy-uncertainty.pdf,,,pdfs/2025/05/pip-from-fragility-to-fidelity-why-pakistan-must-end-fiscal-policy-uncertainty.pdf,data/fulltext/from-fragility-to-fidelity-why-pakistan-must-end-fiscal-policy-uncertainty.txt,934
deterrence-by-design,Deterrence by design,2025-05-27,2025-05,2025,PIDE in Press,PIDE in Press,,,,https://pide.org.pk/research/deterrence-by-design/,https://file.pide.org.pk/pdfpideinpress/pip-deterrence-by-design.pdf,,,pdfs/2025/05/pip-deterrence-by-design.pdf,data/fulltext/deterrence-by-design.txt,845
deterrence-by-design-2,Deterrence by design,2025-05-24,2025-05,2025,PIDE in Press,PIDE in Press,Fida Muhammad Khan; Iqra Munawar,,,https://pide.org.pk/research/deterrence-by-design-2/,,,,,,0
water-wars-looming-indus-crisis-and-south-asian-stability,Water wars looming? Indus crisis and South Asian stability,2025-05-23,2025-05,2025,PIDE in Press,PIDE in Press,Nayab Khalid,,,https://pide.org.pk/research/water-wars-looming-indus-crisis-and-south-asian-stability/,https://file.pide.org.pk/pdfpideinpress/pip-water-wars-looming-indus-crisis-and-south-asian-stability.pdf,,,pdfs/2025/05/pip-water-wars-looming-indus-crisis-and-south-asian-stability.pdf,data/fulltext/water-wars-looming-indus-crisis-and-south-asian-stability.txt,1119
development-impact-bonds-a-possible-solution-to-curb-learning-poverty-in-pakistan,Development impact bonds: a possible solution to curb learning poverty in Pakistan,2025-05-22,2025-05,2025,PIDE in Press,PIDE in Press,Muhammad Yasir Khan; Anjeela Khurram,,,https://pide.org.pk/research/development-impact-bonds-a-possible-solution-to-curb-learning-poverty-in-pakistan/,https://file.pide.org.pk/pdfpideinpress/pip-development-impact-bonds-a-possible-solution-to-curb-learning-poverty-in-pakistan.pdf,,,pdfs/2025/05/pip-development-impact-bonds-a-possible-solution-to-curb-learning-poverty-in-pakistan.pdf,data/fulltext/development-impact-bonds-a-possible-solution-to-curb-learning-poverty-in-pakistan.txt,774
media-coverage-thai-envoy-visit-to-pide,Media Coverage: Thai Envoy visit to PIDE,2025-05-21,2025-05,2025,PIDE in Press,PIDE in Press,PIDE,,,https://pide.org.pk/research/media-coverage-thai-envoy-visit-to-pide/,https://file.pide.org.pk/pdfpideinpress/pip-media-coverage-thai-ambbasedor-visit-to-pide.pdf,,,pdfs/2025/05/pip-media-coverage-thai-ambbasedor-visit-to-pide.pdf,data/fulltext/media-coverage-thai-envoy-visit-to-pide.txt,24
media-coverage-pide-32nd-syndicate-meeting,Media Coverage: PIDE 32nd Syndicate Meeting,2025-05-21,2025-05,2025,PIDE in Press,PIDE in Press,PIDE,,,https://pide.org.pk/research/media-coverage-pide-32nd-syndicate-meeting/,https://file.pide.org.pk/pdfpideinpress/pip-media-coverage-pide-32nd-syndicate-meeting.pdf,,,pdfs/2025/05/pip-media-coverage-pide-32nd-syndicate-meeting.pdf,data/fulltext/media-coverage-pide-32nd-syndicate-meeting.txt,17
utilizing-cpec-for-benefitting-from-carbon-markets,Utilizing CPEC for benefitting from Carbon Markets,2025-05-16,2025-05,2025,Policy and Research,Policy and Research; Discourse 2025-01,Alishba Khan,,,https://pide.org.pk/research/utilizing-cpec-for-benefitting-from-carbon-markets/,https://file.pide.org.pk/pdfpideresearch/discourse-2025-01-24-utilizing-cpec-for-benefitting-from-carbon-markets.pdf,,,pdfs/2025/05/discourse-2025-01-24-utilizing-cpec-for-benefitting-from-carbon-markets.pdf,data/fulltext/utilizing-cpec-for-benefitting-from-carbon-markets.txt,1414
sustainable-energy-infrastructure-within-the-china-pakistan-economic-corridor-framework,Sustainable Energy Infrastructure within the China-Pakistan Economic Corridor Framework,2025-05-16,2025-05,2025,Policy and Research,Policy and Research; Discourse 2025-01,Ahad Nazir,,,https://pide.org.pk/research/sustainable-energy-infrastructure-within-the-china-pakistan-economic-corridor-framework/,https://file.pide.org.pk/pdfpideresearch/discourse-2025-01-14-sustainable-energy-infrastructure-within-the-china-pakistan-economic-corridor-framework.pdf,,,pdfs/2025/05/discourse-2025-01-14-sustainable-energy-infrastructure-within-the-china-pakistan-economic-corridor-framework.pdf,data/fulltext/sustainable-energy-infrastructure-within-the-china-pakistan-economic-corridor-framework.txt,3511
strengthening-pakistans-connectivity-with-regional-countries-through-cpec,Strengthening Pakistan’s Connectivity with Regional Countries Through CPEC,2025-05-16,2025-05,2025,Policy and Research,Policy and Research; Discourse 2025-01,Zartasha Inayat,,,https://pide.org.pk/research/strengthening-pakistans-connectivity-with-regional-countries-through-cpec/,https://file.pide.org.pk/pdfpideresearch/discourse-2025-01-10-strengthening-pakistans-connectivity-with-regional-countries-through-cpec.pdf,,,pdfs/2025/05/discourse-2025-01-10-strengthening-pakistans-connectivity-with-regional-countries-through-cpec.pdf,data/fulltext/strengthening-pakistans-connectivity-with-regional-countries-through-cpec.txt,1831
rethinking-sezs-as-instrument-of-fdi,Rethinking SEZs as Instrument of FDI,2025-05-16,2025-05,2025,Policy and Research,Policy and Research; Discourse 2025-01,Haroon Sharif,,,https://pide.org.pk/research/rethinking-sezs-as-instrument-of-fdi/,https://file.pide.org.pk/pdfpideresearch/discourse-2025-01-06-rethinking-sezs-as-instrument-of-fdi.pdf,,,pdfs/2025/05/discourse-2025-01-06-rethinking-sezs-as-instrument-of-fdi.pdf,data/fulltext/rethinking-sezs-as-instrument-of-fdi.txt,1185
punjabs-strategy-for-cpec-for-development-of-agriculture-sector-the-urban-unit,Punjab’s Strategy for CPEC for Development of Agriculture Sector – The Urban Unit,2025-05-16,2025-05,2025,Policy and Research,Policy and Research; Discourse 2025-01,Azeem Sardar; Ahmad Bilal; Iqra Akram; Sundas Hassan; Khurram Afzal Malik,,,https://pide.org.pk/research/punjabs-strategy-for-cpec-for-development-of-agriculture-sector-the-urban-unit/,https://file.pide.org.pk/pdfpideresearch/discourse-2025-01-20-punjabs-strategy-for-cpec-for-development-of-agriculture-sector.pdf,,https://www.finance.gov.pk/survey/chapter_24/Highlights.pdf; https://punjab.gov.pk/system/files/PGS_2023.pdf,pdfs/2025/05/discourse-2025-01-20-punjabs-strategy-for-cpec-for-development-of-agriculture-sector.pdf,data/fulltext/punjabs-strategy-for-cpec-for-development-of-agriculture-sector-the-urban-unit.txt,2429
punjabs-strategic-approach-to-cpec-for-livestock-sector-development-the-urban-unit,Punjab’s Strategic Approach to CPEC for Livestock Sector Development – The Urban Unit,2025-05-16,2025-05,2025,Policy and Research,Policy and Research; Discourse 2025-01,Ahmed Bilal; Azeem Sardar; Muhammad Naeem; Noor Ul Iman; Khurram Afzal Malik,,,https://pide.org.pk/research/punjabs-strategic-approach-to-cpec-for-livestock-sector-development-the-urban-unit/,https://file.pide.org.pk/pdfpideresearch/discourse-2025-01-21-punjabs-strategic-approach-to-cpec-for-livestock-sector-development.pdf,,https://www.finance.gov.pk/survey/chapter_24/Economic_Survey_2023_24.pdf,pdfs/2025/05/discourse-2025-01-21-punjabs-strategic-approach-to-cpec-for-livestock-sector-development.pdf,data/fulltext/punjabs-strategic-approach-to-cpec-for-livestock-sector-development-the-urban-unit.txt,1961
pakistans-ev-potential-and-how-we-can-leverage-it-under-cpec,Pakistan’s EV Potential and How We Can Leverage It Under CPEC,2025-05-16,2025-05,2025,Policy and Research,Policy and Research; Discourse 2025-01,Usman Qadir,,,https://pide.org.pk/research/pakistans-ev-potential-and-how-we-can-leverage-it-under-cpec/,https://file.pide.org.pk/pdfpideresearch/discourse-2025-01-07-pakistans-ev-potential-and-how-we-can-leverage-it-under-cpec.pdf,,,pdfs/2025/05/discourse-2025-01-07-pakistans-ev-potential-and-how-we-can-leverage-it-under-cpec.pdf,data/fulltext/pakistans-ev-potential-and-how-we-can-leverage-it-under-cpec.txt,1842
is-cpec-phase-2-0-a-game-changer-for-poverty-reduction-in-pakistan,Is CPEC Phase 2.0 a Game Changer for Poverty Reduction in Pakistan?,2025-05-16,2025-05,2025,Policy and Research,Policy and Research; Discourse 2025-01,Nasir Iqbal,,,https://pide.org.pk/research/is-cpec-phase-2-0-a-game-changer-for-poverty-reduction-in-pakistan/,https://file.pide.org.pk/pdfpideresearch/discourse-2025-01-15-is-cpec-phase-2-0-a-game-changer-for-poverty-reduction-in-pakistan.pdf,,,pdfs/2025/05/discourse-2025-01-15-is-cpec-phase-2-0-a-game-changer-for-poverty-reduction-in-pakistan.pdf,data/fulltext/is-cpec-phase-2-0-a-game-changer-for-poverty-reduction-in-pakistan.txt,967
energy-projects-under-cpec-a-game-changer,Energy Projects under CPEC: A Game Changer?,2025-05-16,2025-05,2025,Policy and Research,Policy and Research; Discourse 2025-01,Afia Malik,,,https://pide.org.pk/research/energy-projects-under-cpec-a-game-changer/,https://file.pide.org.pk/pdfpideresearch/discourse-2025-01-12-energy-projects-under-cpec-a-game-changer.pdf,,,pdfs/2025/05/discourse-2025-01-12-energy-projects-under-cpec-a-game-changer.pdf,data/fulltext/energy-projects-under-cpec-a-game-changer.txt,1423
enabling-business-to-business-b2b-prospects-in-cpec-2-0,Enabling Business-to-Business (B2B) Prospects in CPEC 2.0,2025-05-16,2025-05,2025,Policy and Research,Policy and Research; Discourse 2025-01,Moeez Manzoor; Moaaz Manzoor,,,https://pide.org.pk/research/enabling-business-to-business-b2b-prospects-in-cpec-2-0/,https://file.pide.org.pk/pdfpideresearch/discourse-2025-01-11-enabling-business-to-business-b2b-prospects-in-cpec.pdf,,https://finance.gov.pk/survey/chapter_24/Highlights.pdf; https://www.sbp.org.pk/press/2024/Pr-14-May-2024.pdf,pdfs/2025/05/discourse-2025-01-11-enabling-business-to-business-b2b-prospects-in-cpec.pdf,data/fulltext/enabling-business-to-business-b2b-prospects-in-cpec-2-0.txt,1768
cpecs-power-dilemmas-and-the-case-for-a-just-transition,CPEC’s Power Dilemmas and the Case for a Just Transition,2025-05-16,2025-05,2025,Policy and Research,Policy and Research; Discourse 2025-01,Khalid Waleed,,,https://pide.org.pk/research/cpecs-power-dilemmas-and-the-case-for-a-just-transition/,https://file.pide.org.pk/pdfpideresearch/discourse-2025-01-13-cpecs-power-dilemmas-and-the-case-for-a-just-transition.pdf,,,pdfs/2025/05/discourse-2025-01-13-cpecs-power-dilemmas-and-the-case-for-a-just-transition.pdf,data/fulltext/cpecs-power-dilemmas-and-the-case-for-a-just-transition.txt,1889
cpecs-paradox-economic-aspirations-in-an-era-of-climate-crisis,CPEC’s Paradox: Economic Aspirations in an Era of Climate Crisis,2025-05-16,2025-05,2025,Policy and Research,Policy and Research; Discourse 2025-01,Mohammad Armughan,,,https://pide.org.pk/research/cpecs-paradox-economic-aspirations-in-an-era-of-climate-crisis/,https://file.pide.org.pk/pdfpideresearch/discourse-2025-01-23-cpecs-paradox-economic-aspirations-in-an-era-of-climate-crisis.pdf,,,pdfs/2025/05/discourse-2025-01-23-cpecs-paradox-economic-aspirations-in-an-era-of-climate-crisis.pdf,data/fulltext/cpecs-paradox-economic-aspirations-in-an-era-of-climate-crisis.txt,1046
cpec-unfulfilled-promise,CPEC: Unfulfilled Promise,2025-05-16,2025-05,2025,Policy and Research,Policy and Research; Discourse 2025-01,Niaz Murtaza,,,https://pide.org.pk/research/cpec-unfulfilled-promise/,https://file.pide.org.pk/pdfpideresearch/discourse-2025-01-03-cpec-unfulfilled-promise.pdf,,,pdfs/2025/05/discourse-2025-01-03-cpec-unfulfilled-promise.pdf,data/fulltext/cpec-unfulfilled-promise.txt,2301
cpec-taxes-imf,"CPEC, Taxes & IMF",2025-05-16,2025-05,2025,Policy and Research,Policy and Research; Discourse 2025-01,Dr. Ikramul Haq,,,https://pide.org.pk/research/cpec-taxes-imf/,https://file.pide.org.pk/pdfpideresearch/discourse-2025-01-18-cpec-taxes-and-imf.pdf,,https://www.finance.gov.pk/mefp/extended_Fund_Facility_October_2024.pdf; https://www.jstor.org/stable/pdf/resrep24394.5.pdf,pdfs/2025/05/discourse-2025-01-18-cpec-taxes-and-imf.pdf,data/fulltext/cpec-taxes-imf.txt,1536
cpec-sustainable-development-opportunities-and-challenges,CPEC Sustainable Development: Opportunities and Challenges,2025-05-16,2025-05,2025,Policy and Research,Policy and Research; Discourse 2025-01,Dr. Mujtaba Ellahi,,,https://pide.org.pk/research/cpec-sustainable-development-opportunities-and-challenges/,https://file.pide.org.pk/pdfpideresearch/discourse-2025-01-17-cpec-sustainable-development-opportunities-and-challenges.pdf,,,pdfs/2025/05/discourse-2025-01-17-cpec-sustainable-development-opportunities-and-challenges.pdf,data/fulltext/cpec-sustainable-development-opportunities-and-challenges.txt,3403
cpec-moving-beyond-infrastructure-to-economic-reforms,CPEC: Moving Beyond Infrastructure to Economic Reforms,2025-05-16,2025-05,2025,Policy and Research,Policy and Research; Discourse 2025-01,Manzoor Ahmad,,,https://pide.org.pk/research/cpec-moving-beyond-infrastructure-to-economic-reforms/,https://file.pide.org.pk/pdfpideresearch/discourse-2025-01-16-cpec--moving-beyond-infrastructure-to-economic-reforms.pdf,,,pdfs/2025/05/discourse-2025-01-16-cpec--moving-beyond-infrastructure-to-economic-reforms.pdf,data/fulltext/cpec-moving-beyond-infrastructure-to-economic-reforms.txt,1044
cpec-extensions-how-pakistan-can-get-more-from-bilateral-transit-agreements,CPEC Extensions: How Pakistan can get more from bilateral transit agreements?,2025-05-16,2025-05,2025,Policy and Research,Policy and Research; Discourse 2025-01,Hamid Haroon,,,https://pide.org.pk/research/cpec-extensions-how-pakistan-can-get-more-from-bilateral-transit-agreements/,https://file.pide.org.pk/pdfpideresearch/discourse-2025-01-08-cpec-extensions-how-pakistan-can-get-more-from-bilateral-transit-agreements.pdf,,,pdfs/2025/05/discourse-2025-01-08-cpec-extensions-how-pakistan-can-get-more-from-bilateral-transit-agreements.pdf,data/fulltext/cpec-extensions-how-pakistan-can-get-more-from-bilateral-transit-agreements.txt,2161
cpec-and-sustainable-development,CPEC and Sustainable Development,2025-05-16,2025-05,2025,Policy and Research,Policy and Research; Discourse 2025-01,Jazib Mumtaz,,,https://pide.org.pk/research/cpec-and-sustainable-development/,https://file.pide.org.pk/pdfpideresearch/discourse-2025-01-19-cpec-and-sustainable-development.pdf,,,pdfs/2025/05/discourse-2025-01-19-cpec-and-sustainable-development.pdf,data/fulltext/cpec-and-sustainable-development.txt,2162
cpec-2-0-the-road-to-pakistans-tomorrow,CPEC 2.0: The Road to Pakistan’s Tomorrow,2025-05-16,2025-05,2025,Policy and Research,Policy and Research; Discourse 2025-01,Muhammad Nadeem Javaid,,,https://pide.org.pk/research/cpec-2-0-the-road-to-pakistans-tomorrow/,https://file.pide.org.pk/pdfpideresearch/discourse-2025-01-02-cpec-2-0-the-road-to-pakistans-tomorrow.pdf,,,pdfs/2025/05/discourse-2025-01-02-cpec-2-0-the-road-to-pakistans-tomorrow.pdf,data/fulltext/cpec-2-0-the-road-to-pakistans-tomorrow.txt,1588
cpec-2-0-as-a-corridor-of-innovation-revolutionizing-agriculture-through-chinas-5c-vision,CPEC 2.0 as a Corridor of Innovation: Revolutionizing Agriculture Through China’s 5C Vision,2025-05-16,2025-05,2025,Policy and Research,Policy and Research; Discourse 2025-01,Moaaz Manzoor,,,https://pide.org.pk/research/cpec-2-0-as-a-corridor-of-innovation-revolutionizing-agriculture-through-chinas-5c-vision/,https://file.pide.org.pk/pdfpideresearch/discourse-2025-01-22-cpec-2-0-as-a-corridor-of-innovation-revolutionizing-agriculture-through-chinas-5c-vision.pdf,,https://finance.gov.pk/survey/chapter_24/2_agriculture.pdf; https://urbanunit.gov.pk/Download/publications/Files/22/2024/FINAL%20Agriculture_DGK_Development_Plan%20V2.pdf; https://www.sbp.org.pk/m_policy/2025/MPS-Jan-2025-Eng.pdf; https://www.irrigation.org/IA/FileUploads/IA/Resources/TechnicalPapers/2012/DripIrrigationForSustainingIrrigatedAgricultureInPunjabPakistanIssuesAndStrategy.pdf,pdfs/2025/05/discourse-2025-01-22-cpec-2-0-as-a-corridor-of-innovation-revolutionizing-agriculture-through-chinas-5c-vision.pdf,data/fulltext/cpec-2-0-as-a-corridor-of-innovation-revolutionizing-agriculture-through-chinas-5c-vision.txt,1887
china-pakistan-economic-corridor,China Pakistan Economic Corridor,2025-05-16,2025-05,2025,Policy and Research,P &amp; R Magazine; Policy and Research; Recent Publications,,,,https://pide.org.pk/research/china-pakistan-economic-corridor/,https://file.pide.org.pk/pdfpideresearch/discourse-2025-01-china-pakistan-economic-corridor.pdf,,,pdfs/2025/05/discourse-2025-01-china-pakistan-economic-corridor.pdf,data/fulltext/china-pakistan-economic-corridor.txt,338
can-pakistan-pick-up-its-industrialization-with-cpec,Can Pakistan Pick up its Industrialization with CPEC,2025-05-16,2025-05,2025,Policy and Research,Policy and Research; Discourse 2025-01,Karim Khan,,,https://pide.org.pk/research/can-pakistan-pick-up-its-industrialization-with-cpec/,https://file.pide.org.pk/pdfpideresearch/discourse-2025-01-04-can-pakistan-pick-up-its-industrialization-with-cpec.pdf,,,pdfs/2025/05/discourse-2025-01-04-can-pakistan-pick-up-its-industrialization-with-cpec.pdf,data/fulltext/can-pakistan-pick-up-its-industrialization-with-cpec.txt,2265
can-cpec-boost-pakistans-manufacturing-and-trade,Can CPEC Boost Pakistan’s Manufacturing and Trade?,2025-05-16,2025-05,2025,Policy and Research,Policy and Research; Discourse 2025-01,Vaqar Ahmed,,,https://pide.org.pk/research/can-cpec-boost-pakistans-manufacturing-and-trade/,https://file.pide.org.pk/pdfpideresearch/discourse-2025-01-05-can-cpec-boost-pakistans-manufacturing-and-trade.pdf,,,pdfs/2025/05/discourse-2025-01-05-can-cpec-boost-pakistans-manufacturing-and-trade.pdf,data/fulltext/can-cpec-boost-pakistans-manufacturing-and-trade.txt,1116
border-trade-woes-way-forward,Border Trade Woes & Way Forward,2025-05-16,2025-05,2025,Policy and Research,Policy and Research; Discourse 2025-01,Ajmal Kakar,,,https://pide.org.pk/research/border-trade-woes-way-forward/,https://file.pide.org.pk/pdfpideresearch/discourse-2025-01-09-border-trade-woes-and-way-forward.pdf,,,pdfs/2025/05/discourse-2025-01-09-border-trade-woes-and-way-forward.pdf,data/fulltext/border-trade-woes-way-forward.txt,1706
a-decade-of-cpec-lessons-challenges-and-the-road-ahead,"A Decade of CPEC – Lessons, Challenges, and the Road Ahead",2025-05-16,2025-05,2025,Policy and Research,Policy and Research; Discourse 2025-01,PIDE,,,https://pide.org.pk/research/a-decade-of-cpec-lessons-challenges-and-the-road-ahead/,https://file.pide.org.pk/pdfpideresearch/discourse-2025-01-01-a-decade-of-cpec-interview-with-mr-ahsan-iqbal.pdf,,,pdfs/2025/05/discourse-2025-01-01-a-decade-of-cpec-interview-with-mr-ahsan-iqbal.pdf,data/fulltext/a-decade-of-cpec-lessons-challenges-and-the-road-ahead.txt,1226
when-public-servants-pollute-the-publics-air,When public servants pollute the public’s air,2025-05-09,2025-05,2025,PIDE in Press,PIDE in Press,Usman Qadir,,,https://pide.org.pk/research/when-public-servants-pollute-the-publics-air/,https://file.pide.org.pk/pdfpideinpress/pip-when-public-servants-pollute-the-publics-air.pdf,,,pdfs/2025/05/pip-when-public-servants-pollute-the-publics-air.pdf,data/fulltext/when-public-servants-pollute-the-publics-air.txt,823
reforming-gbs-disaster-management-for-a-safer-tomorrow,Reforming GB’s disaster management for a safer tomorrow,2025-05-08,2025-05,2025,PIDE in Press,PIDE in Press,Wajhullah Fahim; Muhammad Faisal Ali,,,https://pide.org.pk/research/reforming-gbs-disaster-management-for-a-safer-tomorrow/,https://file.pide.org.pk/pdfpideinpress/pip-reforming-gbs-disaster-management-for-a-safer-tomorrow.pdf,,,pdfs/2025/05/pip-reforming-gbs-disaster-management-for-a-safer-tomorrow.pdf,data/fulltext/reforming-gbs-disaster-management-for-a-safer-tomorrow.txt,815
improving-trade-and-technology-cooperation-among-shanghai-cooperation-organization-sco-member-countries-suggestions-and-way-forward,Improving Trade and Technology Cooperation among Shanghai Cooperation Organization (SCO) Member Countries: Suggestions and Way Forward,2025-05-08,2025-05,2025,Research Reports,Center for Industry‚ Trade &amp; Digital Economy; Recent Publications; Research Report,Shujaat Farooq; Mohammad Shaaf Najib; Junaid Ahmed; Uzma Zia; Saba Anwar,,,https://pide.org.pk/research/improving-trade-and-technology-cooperation-among-shanghai-cooperation-organization-sco-member-countries-suggestions-and-way-forward/,https://file.pide.org.pk/pdfpideresearch/rr-217-improving-trade-and-technology-cooperation-among-shanghai-cooperation-organization-sco-member-countries-suggestions-and-way-forward.pdf,,,pdfs/2025/05/rr-217-improving-trade-and-technology-cooperation-among-shanghai-cooperation-organization-sco-member-countries-suggestions-and-way-forward.pdf,data/fulltext/improving-trade-and-technology-cooperation-among-shanghai-cooperation-organization-sco-member-countries-suggestions-and-way-forward.txt,1006
what-pakistan-needs-to-learn-from-saudi-arabia,What Pakistan needs to learn from Saudi Arabia,2025-05-06,2025-05,2025,PIDE in Press,PIDE in Press,Nasir Iqbal,,,https://pide.org.pk/research/what-pakistan-needs-to-learn-from-saudi-arabia/,https://file.pide.org.pk/pdfpideinpress/pip-what-pakistan-needs-to-learn-from-saudi-arabia.pdf,,,pdfs/2025/05/pip-what-pakistan-needs-to-learn-from-saudi-arabia.pdf,data/fulltext/what-pakistan-needs-to-learn-from-saudi-arabia.txt,1153
the-pink-tax-trap,The pink tax trap,2025-05-05,2025-05,2025,PIDE in Press,PIDE in Press,Ayesha Tariq; Anjeela Khurram,,,https://pide.org.pk/research/the-pink-tax-trap/,https://file.pide.org.pk/pdfpideinpress/pip-the-pink-tax-trap.pdf,,,pdfs/2025/05/pip-the-pink-tax-trap.pdf,data/fulltext/the-pink-tax-trap.txt,880
building-a-skills-corridor,Building a skills corridor,2025-05-05,2025-05,2025,PIDE in Press,PIDE in Press,Muhammad Jehangir Khan,,,https://pide.org.pk/research/building-a-skills-corridor/,https://file.pide.org.pk/pdfpideinpress/pip-building-a-skills-corridor.pdf,,,pdfs/2025/05/pip-building-a-skills-corridor.pdf,data/fulltext/building-a-skills-corridor.txt,970
a-digital-solution-for-simplified-business-registration-in-pakistan,A Digital Solution for Simplified Business Registration in Pakistan,2025-05-05,2025-05,2025,Policy Viewpoint,Center for Industry‚ Trade &amp; Digital Economy; Recent Publications; Policy Viewpoint,Nasir Iqbal; Baber Majid Bhatti,,,https://pide.org.pk/research/a-digital-solution-for-simplified-business-registration-in-pakistan/,https://file.pide.org.pk/pdfpideresearch/pv-47-a-digital-solution-for-simplified-business-registration-in-pakistan.pdf,,,pdfs/2025/05/pv-47-a-digital-solution-for-simplified-business-registration-in-pakistan.pdf,data/fulltext/a-digital-solution-for-simplified-business-registration-in-pakistan.txt,1229
future-of-learning,Future of learning,2025-05-01,2025-05,2025,PIDE in Press,PIDE in Press,Usman Ahmad,,,https://pide.org.pk/research/future-of-learning/,https://file.pide.org.pk/pdfpideinpress/pip-future-of-learning.pdf,,,pdfs/2025/05/pip-future-of-learning.pdf,data/fulltext/future-of-learning.txt,1143
can-we-register-a-business-in-18-minutes,Can we register a business in 18 minutes?,2025-04-28,2025-04,2025,PIDE in Press,PIDE in Press,Nasir Iqbal,,,https://pide.org.pk/research/can-we-register-a-business-in-18-minutes/,https://file.pide.org.pk/pdfpideinpress/pip-can-we-register-a-business-in-18-minutes.pdf,,,pdfs/2025/04/pip-can-we-register-a-business-in-18-minutes.pdf,data/fulltext/can-we-register-a-business-in-18-minutes.txt,946
path-to-inclusive-growth-and-innovation,Path to inclusive growth and innovation,2025-04-23,2025-04,2025,PIDE in Press,PIDE in Press,Ajmal Kakar,,,https://pide.org.pk/research/path-to-inclusive-growth-and-innovation/,https://file.pide.org.pk/pdfpideinpress/pip-path-to-inclusive-growth-and-innovation.pdf,,,pdfs/2025/04/pip-path-to-inclusive-growth-and-innovation.pdf,data/fulltext/path-to-inclusive-growth-and-innovation.txt,899
impact-of-unilateral-tariff-increase-by-united-states-on-pakistani-exports,Impact of Unilateral Tariff Increase by United States on Pakistani Exports,2025-04-23,2025-04,2025,Policy Viewpoint,Center for Industry‚ Trade &amp; Digital Economy; Recent Publications; Policy Viewpoint,Muhammad Zeshan; Shujaat Farooq; Usman Qadir,,,https://pide.org.pk/research/impact-of-unilateral-tariff-increase-by-united-states-on-pakistani-exports/,https://file.pide.org.pk/pdfpideresearch/pv-46-impact-of-unilateral-tariff-increase-by-united-states-on-pakistani-exports.pdf,,,pdfs/2025/04/pv-46-impact-of-unilateral-tariff-increase-by-united-states-on-pakistani-exports.pdf,data/fulltext/impact-of-unilateral-tariff-increase-by-united-states-on-pakistani-exports.txt,1103
pakistans-digital-leap-trillion-dollar-opportunity,Pakistan’s digital leap: trillion-dollar opportunity,2025-04-22,2025-04,2025,PIDE in Press,PIDE in Press,Abdus Sattar,,,https://pide.org.pk/research/pakistans-digital-leap-trillion-dollar-opportunity/,https://file.pide.org.pk/pdfpideinpress/pip-pakistans-digital-leap-trillion-dollar-opportunity.pdf,,,pdfs/2025/04/pip-pakistans-digital-leap-trillion-dollar-opportunity.pdf,data/fulltext/pakistans-digital-leap-trillion-dollar-opportunity.txt,978
media-coverage-uraan-pakistan,Media Coverage: URAAN Pakistan,2025-04-18,2025-04,2025,PIDE in Press,PIDE in Press,PIDE,,,https://pide.org.pk/research/media-coverage-uraan-pakistan/,https://file.pide.org.pk/pdfpideinpress/pip-media-coverage-uraan-pakistan.pdf,,,pdfs/2025/04/pip-media-coverage-uraan-pakistan.pdf,data/fulltext/media-coverage-uraan-pakistan.txt,116
media-coverage-policy-viewpoint-impact-of-unilateral-tariff-increase-by-united-states-on-pakistani-exports,Media Coverage: Policy Viewpoint – Impact of Unilateral Tariff Increase by United States on Pakistani Exports,2025-04-17,2025-04,2025,PIDE in Press,PIDE in Press,PIDE,,,https://pide.org.pk/research/media-coverage-policy-viewpoint-impact-of-unilateral-tariff-increase-by-united-states-on-pakistani-exports/,https://file.pide.org.pk/pdfpideinpress/pip-media-coverage-policy-viewpoint-impact-of-unilateral-tariff-increase-by-united-states-on-pakistani-exports.pdf,,,pdfs/2025/04/pip-media-coverage-policy-viewpoint-impact-of-unilateral-tariff-increase-by-united-states-on-pakistani-exports.pdf,data/fulltext/media-coverage-policy-viewpoint-impact-of-unilateral-tariff-increase-by-united-states-on-pakistani-exports.txt,57
transforming-services-trade-through-digital-infrastructure,Transforming services trade through digital infrastructure,2025-04-16,2025-04,2025,PIDE in Press,PIDE in Press,Uzma Zia,,,https://pide.org.pk/research/transforming-services-trade-through-digital-infrastructure/,https://file.pide.org.pk/pdfpideinpress/pip-transforming-services-trade-through-digital-infrastructure.pdf,,,pdfs/2025/04/pip-transforming-services-trade-through-digital-infrastructure.pdf,data/fulltext/transforming-services-trade-through-digital-infrastructure.txt,958
tariff-tensions,Tariff tensions,2025-04-16,2025-04,2025,PIDE in Press,PIDE in Press,Muhammad Zeshan,,,https://pide.org.pk/research/tariff-tensions/,https://file.pide.org.pk/pdfpideinpress/pip-tariff-tensions.pdf,,,pdfs/2025/04/pip-tariff-tensions.pdf,data/fulltext/tariff-tensions.txt,742
bridging-the-digital-divide,Bridging the digital divide,2025-04-11,2025-04,2025,PIDE in Press,PIDE in Press,Henna Ahsan,,,https://pide.org.pk/research/bridging-the-digital-divide/,https://file.pide.org.pk/pdfpideinpress/pip-bridging-the-digital-divide.pdf,,,pdfs/2025/04/pip-bridging-the-digital-divide.pdf,data/fulltext/bridging-the-digital-divide.txt,595
ramazan-and-revenue,Ramazan and revenue,2025-04-07,2025-04,2025,PIDE in Press,PIDE in Press,Usama Abdul Rauf,,,https://pide.org.pk/research/ramazan-and-revenue/,https://file.pide.org.pk/pdfpideinpress/pip-ramazan-and-revenue.pdf,,,pdfs/2025/04/pip-ramazan-and-revenue.pdf,data/fulltext/ramazan-and-revenue.txt,804
a-budget-for-growth,A budget for growth,2025-04-05,2025-04,2025,PIDE in Press,PIDE in Press,Nasir Iqbal,,,https://pide.org.pk/research/a-budget-for-growth/,https://file.pide.org.pk/pdfpideinpress/pip-a-budget-for-growth.pdf,,,pdfs/2025/04/pip-a-budget-for-growth.pdf,data/fulltext/a-budget-for-growth.txt,821
corporate-window-carbon-tax-viability-for-pakistan,CORPORATE WINDOW: Carbon tax viability for Pakistan,2025-03-31,2025-03,2025,PIDE in Press,PIDE in Press,Afia Malik,,,https://pide.org.pk/research/corporate-window-carbon-tax-viability-for-pakistan/,https://file.pide.org.pk/pdfpideinpress/pip-corporate-window-carbon-tax-viability-for-pakistan.pdf,,,pdfs/2025/03/pip-corporate-window-carbon-tax-viability-for-pakistan.pdf,data/fulltext/corporate-window-carbon-tax-viability-for-pakistan.txt,888
visionary-effort,Visionary effort,2025-03-30,2025-03,2025,PIDE in Press,PIDE in Press,Ahmad Fraz,,,https://pide.org.pk/research/visionary-effort/,https://file.pide.org.pk/pdfpideinpress/pip-visionary-effort.pdf,,,pdfs/2025/03/pip-visionary-effort.pdf,data/fulltext/visionary-effort.txt,1142
media-coverage-pide-tsinghua-university-meeting,"Media Coverage: PIDE, Tsinghua University Meeting",2025-03-25,2025-03,2025,PIDE in Press,PIDE in Press,PIDE,,,https://pide.org.pk/research/media-coverage-pide-tsinghua-university-meeting/,https://file.pide.org.pk/pdfpideinpress/pip-media-coverage-pide-tsinghua-university-meeting.pdf,,,pdfs/2025/03/pip-media-coverage-pide-tsinghua-university-meeting.pdf,data/fulltext/media-coverage-pide-tsinghua-university-meeting.txt,24
financing-climate-resilience-in-gilgit-baltistan,Financing climate resilience in Gilgit-Baltistan,2025-03-24,2025-03,2025,PIDE in Press,PIDE in Press,Muhammad Faisal Ali; Wajhullah Fahim,,,https://pide.org.pk/research/financing-climate-resilience-in-gilgit-baltistan/,https://file.pide.org.pk/pdfpideinpress/pip-financing-climate-resilience-in-gilgit-baltistan.pdf,,,pdfs/2025/03/pip-financing-climate-resilience-in-gilgit-baltistan.pdf,data/fulltext/financing-climate-resilience-in-gilgit-baltistan.txt,759
beyond-the-red-tape,Beyond the red tape,2025-03-24,2025-03,2025,PIDE in Press,PIDE in Press,Muhammad Nadeem Javaid,,,https://pide.org.pk/research/beyond-the-red-tape/,,,,,data/fulltext/beyond-the-red-tape.txt,926
pakistans-energy-conundrum-challenges-and-elucidations,Pakistan’s energy conundrum: challenges and elucidations,2025-03-19,2025-03,2025,PIDE in Press,PIDE in Press,Usman Ahmad,,,https://pide.org.pk/research/pakistans-energy-conundrum-challenges-and-elucidations/,https://file.pide.org.pk/pdfpideinpress/pip-pakistans-energy-conundrum-challenges-and-elucidations.pdf,,,pdfs/2025/03/pip-pakistans-energy-conundrum-challenges-and-elucidations.pdf,data/fulltext/pakistans-energy-conundrum-challenges-and-elucidations.txt,904
let-each-one-teach-one,Let each one teach one,2025-03-17,2025-03,2025,PIDE in Press,PIDE in Press,Ajmal Kakar,,,https://pide.org.pk/research/let-each-one-teach-one/,https://file.pide.org.pk/pdfpideinpress/pip-let-each-one-teach-one.pdf,,,pdfs/2025/03/pip-let-each-one-teach-one.pdf,data/fulltext/let-each-one-teach-one.txt,854
making-balance-of-payments-sustainable,Making balance of payments sustainable,2025-03-13,2025-03,2025,PIDE in Press,PIDE in Press,Usman Qadir,,,https://pide.org.pk/research/making-balance-of-payments-sustainable/,https://file.pide.org.pk/pdfpideinpress/pip-making-balance-of-payments-sustainable.pdf,,,pdfs/2025/03/pip-making-balance-of-payments-sustainable.pdf,data/fulltext/making-balance-of-payments-sustainable.txt,892
media-coverage-5th-rasta-conference,Media Coverage: 5th RASTA Conference,2025-03-12,2025-03,2025,PIDE in Press,PIDE in Press,PIDE,,,https://pide.org.pk/research/media-coverage-5th-rasta-conference/,https://file.pide.org.pk/pdfpideinpress/pip-media-coverage-5th-rasta-conference.pdf,,,pdfs/2025/03/pip-media-coverage-5th-rasta-conference.pdf,data/fulltext/media-coverage-5th-rasta-conference.txt,73
conserving-water-smartly,Conserving water smartly,2025-03-10,2025-03,2025,PIDE in Press,PIDE in Press,Muhammad Zeshan,,,https://pide.org.pk/research/conserving-water-smartly/,https://file.pide.org.pk/pdfpideinpress/pip-conserving-water-smartly.pdf,,,pdfs/2025/03/pip-conserving-water-smartly.pdf,data/fulltext/conserving-water-smartly.txt,855
climate-risk-insurance-the-missing-links,Climate risk insurance: the missing links,2025-03-06,2025-03,2025,PIDE in Press,PIDE in Press,Muhammad Faisal Ali,,,https://pide.org.pk/research/climate-risk-insurance-the-missing-links/,https://file.pide.org.pk/pdfpideinpress/pip-climate-risk-insurance-the-missing-links.pdf,,,pdfs/2025/03/pip-climate-risk-insurance-the-missing-links.pdf,data/fulltext/climate-risk-insurance-the-missing-links.txt,1011
a-generation-adrift,A generation adrift,2025-03-06,2025-03,2025,PIDE in Press,PIDE in Press,Usama Abdul Rauf,,,https://pide.org.pk/research/a-generation-adrift/,https://file.pide.org.pk/pdfpideinpress/pip-a-generation-adrift.pdf,,,pdfs/2025/03/pip-a-generation-adrift.pdf,data/fulltext/a-generation-adrift.txt,802
vol-64-no-1-2025,Vol. 64 No.1-2025,2025-03-04,2025-03,2025,PDR,Recent Publications; PDR issue; 2025; Vol. 64 No.1-2025,,,,https://pide.org.pk/research/vol-64-no-1-2025/,https://file.pide.org.pk/pdfpdr/issue/pdr-2025-v64i1.pdf,https://file.pide.org.pk/pdfpdr/2025/1-23.pdf; https://file.pide.org.pk/pdfpdr/2025/25-52.pdf; https://file.pide.org.pk/pdfpdr/2025/53-72.pdf; https://file.pide.org.pk/pdfpdr/2025/73-95.pdf; https://file.pide.org.pk/pdfpdr/2025/97-124.pdf; https://file.pide.org.pk/pdfpdr/2025/125-128.pdf; https://file.pide.org.pk/pdfpdr/2025/129-132.pdf,,pdfs/2025/03/pdr-2025-v64i1.pdf,,0
the-great-defiance-how-the-world-took-on-british-empire-book-review,The Great Defiance How the World took on British Empire (Book Review),2025-03-04,2025-03,2025,PDR,PDR; 2025; Vol. 64 No.1-2025,David Veevers,,,https://pide.org.pk/research/the-great-defiance-how-the-world-took-on-british-empire-book-review/,https://file.pide.org.pk/pdfpdr/2025/125-128.pdf,,,pdfs/2025/03/125-128.pdf,data/fulltext/the-great-defiance-how-the-world-took-on-british-empire-book-review.txt,1044
strategies-for-transforming-agro-commodity-into-agro-industrial-clusters-in-pakistan-article,Strategies for Transforming Agro-Commodity into  Agro-industrial Clusters in Pakistan (Article),2025-03-04,2025-03,2025,PDR,PDR; 2025; Vol. 64 No.1-2025,Mubarik Ali,VALUE CHAIN; Innovation; Agro-commodity Cluster (ACC); Agro-industrial Clusters (AICs); Food Quality; Farmers Entrepreneur Groups (FEGs),,https://pide.org.pk/research/strategies-for-transforming-agro-commodity-into-agro-industrial-clusters-in-pakistan-article/,https://file.pide.org.pk/pdfpdr/2025/53-72.pdf,,,pdfs/2025/03/53-72.pdf,data/fulltext/strategies-for-transforming-agro-commodity-into-agro-industrial-clusters-in-pakistan-article.txt,668
political-violence-as-commitment-problem-evidence-from-balochistan-pakistan,"Political Violence as Commitment Problem: Evidence from Balochistan, Pakistan",2025-03-04,2025-03,2025,PDR,PDR; 2025; Vol. 64 No.1-2025,Karim Khan; Sadia Sherbaz,Balochistan; Game Theory; Commitment Problem; Social Contract; Political Violence; Credible Commitment,,https://pide.org.pk/research/political-violence-as-commitment-problem-evidence-from-balochistan-pakistan/,https://file.pide.org.pk/pdfpdr/2025/73-95.pdf,,,pdfs/2025/03/73-95.pdf,data/fulltext/political-violence-as-commitment-problem-evidence-from-balochistan-pakistan.txt,1448
industrialisation-and-environmental-degradation-in-asia-rethinking-growth-through-an-ecological-lens,Industrialisation and Environmental Degradation in Asia: Rethinking Growth through an Ecological Lens,2025-03-04,2025-03,2025,PDR,PDR; 2025; Vol. 64 No.1-2025,Bushra Mushtaq,,,https://pide.org.pk/research/industrialisation-and-environmental-degradation-in-asia-rethinking-growth-through-an-ecological-lens/,https://file.pide.org.pk/pdfpdr/2025/97-124.pdf,,,pdfs/2025/03/97-124.pdf,data/fulltext/industrialisation-and-environmental-degradation-in-asia-rethinking-growth-through-an-ecological-lens.txt,152
impact-of-globalisation-ai-adoption-and-fintech-integration-on-banking-sector-performance-and-customer-satisfaction-in-post-covid-pakistan,"Impact of Globalisation, AI Adoption, and FinTech Integration on Banking Sector Performance and Customer Satisfaction in Post-COVID Pakistan (Article)",2025-03-04,2025-03,2025,PDR,PDR; 2025; Vol. 64 No.1-2025,Muhammad Saeed Iqbal; Sofi Mohd Fikri,Globalisation; Customer Satisfaction; Artificial Intelligence; FinTech; Banking Sector; Post-COVID Pakistan; Financial Performance; Financial Resilience,,https://pide.org.pk/research/impact-of-globalisation-ai-adoption-and-fintech-integration-on-banking-sector-performance-and-customer-satisfaction-in-post-covid-pakistan/,https://file.pide.org.pk/pdfpdr/2025/1-23.pdf,,,pdfs/2025/03/1-23.pdf,data/fulltext/impact-of-globalisation-ai-adoption-and-fintech-integration-on-banking-sector-performance-and-customer-satisfaction-in-post-covid-pakistan.txt,2303
foundations-of-real-world-economics-what-every-economics-student-needs-to-know-book-review,Foundations of Real-World Economics: What Every Economics Student Needs to Know (Book Review),2025-03-04,2025-03,2025,PDR,PDR; 2025; Vol. 64 No.1-2025,John Komlos,,,https://pide.org.pk/research/foundations-of-real-world-economics-what-every-economics-student-needs-to-know-book-review/,https://file.pide.org.pk/pdfpdr/2025/129-132.pdf,,,pdfs/2025/03/129-132.pdf,data/fulltext/foundations-of-real-world-economics-what-every-economics-student-needs-to-know-book-review.txt,2004
balancing-trade-and-competition-in-pakistan-article,Balancing Trade and Competition in Pakistan (Article),2025-03-04,2025-03,2025,PDR,PDR; 2025; Vol. 64 No.1-2025,Muhammad Zeshan,Trade; Pakistan; IMPORT TARIFFS; Industry; CGE,C67; C68; F1; L5,https://pide.org.pk/research/balancing-trade-and-competition-in-pakistan-article/,https://file.pide.org.pk/pdfpdr/2025/25-52.pdf,,,pdfs/2025/03/25-52.pdf,data/fulltext/balancing-trade-and-competition-in-pakistan-article.txt,1222
improving-the-efficiency-of-the-electricity-billing-system-in-pakistan,Improving the Efficiency of the Electricity Billing System in Pakistan,2025-02-26,2025-02,2025,Research Reports,Recent Publications; Research Report; Rasta Research Report; Center for Energy‚ Logistics‚ and Infrastructure,Afia Malik; Tehmina Asad; Ghulam Mustafa,,,https://pide.org.pk/research/improving-the-efficiency-of-the-electricity-billing-system-in-pakistan/,https://file.pide.org.pk/pdfpideresearch/rr-216-improving-the-efficiency-of-the-electricity-billing-system-in-pakistan.pdf,,,pdfs/2025/02/rr-216-improving-the-efficiency-of-the-electricity-billing-system-in-pakistan.pdf,data/fulltext/improving-the-efficiency-of-the-electricity-billing-system-in-pakistan.txt,490
workers-remittances-a-pivotal-role-in-pakistans-economy,Workers’ Remittances: A Pivotal Role In Pakistan’s Economy,2025-02-21,2025-02,2025,PIDE in Press,PIDE in Press,Abdus Sattar,,,https://pide.org.pk/research/workers-remittances-a-pivotal-role-in-pakistans-economy/,https://file.pide.org.pk/pdfpideinpress/pip-workers-remittances-a-pivotal-role-in-pakistans-economy.pdf,,,pdfs/2025/02/pip-workers-remittances-a-pivotal-role-in-pakistans-economy.pdf,data/fulltext/workers-remittances-a-pivotal-role-in-pakistans-economy.txt,1055
media-coverage-unlocking-climate-finance-potential-carbon-credits-from-renewable-energy,Media Coverage: Unlocking Climate Finance – Potential Carbon Credits from Renewable Energy,2025-02-20,2025-02,2025,PIDE in Press,PIDE in Press,PIDE,,,https://pide.org.pk/research/media-coverage-unlocking-climate-finance-potential-carbon-credits-from-renewable-energy/,https://file.pide.org.pk/pdfpideinpress/pip-media-coverage-unlocking-climate-finance-potential-carbon-credits-from-renewable-energy.pdf,,,pdfs/2025/02/pip-media-coverage-unlocking-climate-finance-potential-carbon-credits-from-renewable-energy.pdf,data/fulltext/media-coverage-unlocking-climate-finance-potential-carbon-credits-from-renewable-energy.txt,38
crises-not-in-2035,Crises? Not in 2035,2025-02-19,2025-02,2025,PIDE in Press,PIDE in Press,Nasir Iqbal,,,https://pide.org.pk/research/crises-not-in-2035/,https://file.pide.org.pk/pdfpideinpress/pip-crises-not-in-2035.pdf,,,pdfs/2025/02/pip-crises-not-in-2035.pdf,data/fulltext/crises-not-in-2035.txt,928
ppps-a-new-mindset-for-pakistan,PPPs: A new mindset for Pakistan,2025-02-14,2025-02,2025,PIDE in Press,PIDE in Press,Muhammad Nadeem Javaid,,,https://pide.org.pk/research/ppps-a-new-mindset-for-pakistan/,https://file.pide.org.pk/pdfpideinpress/pip-ppps-a-new-mindset-for-pakistan.pdf,,,pdfs/2025/02/pip-ppps-a-new-mindset-for-pakistan.pdf,data/fulltext/ppps-a-new-mindset-for-pakistan.txt,921
building-better-teachers-for-the-future,Building Better Teachers For The Future,2025-02-11,2025-02,2025,PIDE in Press,PIDE in Press,Nadeem Khan,,,https://pide.org.pk/research/building-better-teachers-for-the-future/,https://file.pide.org.pk/pdfpideinpress/pip-building-better-teachers-for-the-future.pdf,,,pdfs/2025/02/pip-building-better-teachers-for-the-future.pdf,data/fulltext/building-better-teachers-for-the-future.txt,1059
unlocking-climate-finance-potential-carbon-credits-from-renewable-energy,Unlocking Climate Finance: Potential Carbon Credits from Renewable Energy,2025-02-10,2025-02,2025,Knowledge Brief,Recent Publications; Knowledge Brief; Center for Energy‚ Logistics‚ and Infrastructure,Usama Abdul Rauf; Muhammad Faisal Ali,,,https://pide.org.pk/research/unlocking-climate-finance-potential-carbon-credits-from-renewable-energy/,https://file.pide.org.pk/pdfpideresearch/kb-131-unlocking-climate-finance-potential-carbon-credits-from-renewable-energy.pdf,,,pdfs/2025/02/kb-131-unlocking-climate-finance-potential-carbon-credits-from-renewable-energy.pdf,data/fulltext/unlocking-climate-finance-potential-carbon-credits-from-renewable-energy.txt,2178
pakistans-next-leap,Pakistan’s Next Leap,2025-02-10,2025-02,2025,PIDE in Press,PIDE in Press,Muhammad Zeshan,,,https://pide.org.pk/research/pakistans-next-leap/,https://file.pide.org.pk/pdfpideinpress/pip-pakistans-next-leap.pdf,,,pdfs/2025/02/pip-pakistans-next-leap.pdf,data/fulltext/pakistans-next-leap.txt,893
global-bargains-for-reducing-carbon-emissions,Global Bargains for Reducing Carbon Emissions,2025-02-06,2025-02,2025,Webinars Brief,Webinars Brief; Center for Energy‚ Logistics‚ and Infrastructure,Muhammad Faisal Ali,,,https://pide.org.pk/research/global-bargains-for-reducing-carbon-emissions/,https://file.pide.org.pk/pdfpideresearch/wb-125-global-bargains-for-reducing-carbon-emissions.pdf,,,pdfs/2025/02/wb-125-global-bargains-for-reducing-carbon-emissions.pdf,data/fulltext/global-bargains-for-reducing-carbon-emissions.txt,1815
pakistans-green-gamble,Pakistan’s Green Gamble,2025-02-03,2025-02,2025,PIDE in Press,PIDE in Press,Mansoor Qaisar,,,https://pide.org.pk/research/pakistans-green-gamble/,https://file.pide.org.pk/pdfpideinpress/pip-pakistans-green-gamble.pdf,,,,data/fulltext/pakistans-green-gamble.txt,1013
the-missing-piece-local-governance-and-pakistans-nsp,The Missing Piece: Local Governance And Pakistan’s NSP,2025-01-29,2025-01,2025,PIDE in Press,PIDE in Press,Nayab Khalid,,,https://pide.org.pk/research/the-missing-piece-local-governance-and-pakistans-nsp/,https://file.pide.org.pk/pdfpideinpress/pip-the-missing-piece-local-governance-and-pakistans-nsp.pdf,,,pdfs/2025/01/pip-the-missing-piece-local-governance-and-pakistans-nsp.pdf,data/fulltext/the-missing-piece-local-governance-and-pakistans-nsp.txt,828
media-coverage-improving-grievance-redressal-system-for-service-delivery-lessons-and-learnings-from-sehat-sahulat-program-ssp,Media Coverage: Improving Grievance Redressal System for Service Delivery – Lessons and Learnings from Sehat Sahulat Program (SSP),2025-01-29,2025-01,2025,PIDE in Press,PIDE in Press,PIDE,,,https://pide.org.pk/research/media-coverage-improving-grievance-redressal-system-for-service-delivery-lessons-and-learnings-from-sehat-sahulat-program-ssp/,https://file.pide.org.pk/pdfpideinpress/pip-media-coverage-improving-grievance-redressal-system-for-service-delivery–lessons-and-learnings-from-sehat-sahulat-program.pdf,,,pdfs/2025/01/pip-media-coverage-improving-grievance-redressal-system-for-service-delivery–lessons-and-learnings-from-sehat-sahulat-program.pdf,data/fulltext/media-coverage-improving-grievance-redressal-system-for-service-delivery-lessons-and-learnings-from-sehat-sahulat-program-ssp.txt,23
fiscal-potential-of-agricultural-taxation,Fiscal Potential Of Agricultural Taxation,2025-01-27,2025-01,2025,PIDE in Press,PIDE in Press,Muhammad Faisal Ali,,,https://pide.org.pk/research/fiscal-potential-of-agricultural-taxation/,https://file.pide.org.pk/pdfpideinpress/pip-fiscal-potential-of-agricultural-taxation.pdf,,,pdfs/2025/01/pip-fiscal-potential-of-agricultural-taxation.pdf,data/fulltext/fiscal-potential-of-agricultural-taxation.txt,895
poultry-prospects-and-broiler-boom-in-pakistan,Poultry Prospects And Broiler Boom In Pakistan,2025-01-23,2025-01,2025,PIDE in Press,PIDE in Press,Muhammad Junaid,,,https://pide.org.pk/research/poultry-prospects-and-broiler-boom-in-pakistan/,https://file.pide.org.pk/pdfpideinpress/pip-poultry-prospects-and-broiler-boom-in-pakistan.pdf,,,pdfs/2025/01/pip-poultry-prospects-and-broiler-boom-in-pakistan.pdf,data/fulltext/poultry-prospects-and-broiler-boom-in-pakistan.txt,977
media-coverage-modernizing-pakistans-agricultural-economy-discourse,Media Coverage: Modernizing Pakistan’s Agricultural Economy – Discourse,2025-01-21,2025-01,2025,PIDE in Press,PIDE in Press,PIDE,,,https://pide.org.pk/research/media-coverage-modernizing-pakistans-agricultural-economy-discourse/,https://file.pide.org.pk/pdfpideinpress/pip-media-coverage-modernizing-pakistans-agricultural-economy–discourse.pdf,,,pdfs/2025/01/pip-media-coverage-modernizing-pakistans-agricultural-economy–discourse.pdf,data/fulltext/media-coverage-modernizing-pakistans-agricultural-economy-discourse.txt,27
empowering-lgs-for-better-public-service-delivery,Empowering LGs For Better Public Service Delivery,2025-01-21,2025-01,2025,PIDE in Press,PIDE in Press,Muhammad Aqib Zardad,,,https://pide.org.pk/research/empowering-lgs-for-better-public-service-delivery/,https://file.pide.org.pk/pdfpideinpress/pip-empowering-lgs-for-better-public-service-delivery.pdf,,,pdfs/2025/01/pip-empowering-lgs-for-better-public-service-delivery.pdf,data/fulltext/empowering-lgs-for-better-public-service-delivery.txt,819
advancing-sustainable-development-goals-sdgs-through-southern-punjab-poverty-alleviation-project-sppap-lessons-and-way-forward,Advancing Sustainable Development Goals (SDGs) Through Southern Punjab Poverty Alleviation Project (SPPAP): Lessons And Way Forward,2025-01-21,2025-01,2025,Research Reports,Research Report; Rasta Research Report; Center for Sustainable Futures; Center for Social and Behavioral Analysis,Shujaat Farooq; Durr-e-Nayab; Nabila Kunwal,,,https://pide.org.pk/research/advancing-sustainable-development-goals-sdgs-through-southern-punjab-poverty-alleviation-project-sppap-lessons-and-way-forward/,https://file.pide.org.pk/pdfpideresearch/rr-advancing-sustainable-development-goals-through-southern-punjab-poverty-alleviation-project-lessons-and-way-forward.pdf,,,pdfs/2025/01/rr-advancing-sustainable-development-goals-through-southern-punjab-poverty-alleviation-project-lessons-and-way-forward.pdf,data/fulltext/advancing-sustainable-development-goals-sdgs-through-southern-punjab-poverty-alleviation-project-sppap-lessons-and-way-forward.txt,471
rasta-local-research-local-solutions-sludge-dead-capital-volume-xiv,"RASTA: Local Research, Local Solutions: Sludge & Dead Capital, Volume Xiv",2025-01-20,2025-01,2025,Book,Books; Rasta Books,,,,https://pide.org.pk/research/rasta-local-research-local-solutions-sludge-dead-capital-volume-xiv/,https://file.pide.org.pk/pdfpideresearch/book-rasta-local-research-local-solutions-sludge-and-dead-capital-volume-xiv.pdf,,,pdfs/2025/01/book-rasta-local-research-local-solutions-sludge-and-dead-capital-volume-xiv.pdf,data/fulltext/rasta-local-research-local-solutions-sludge-dead-capital-volume-xiv.txt,929
rasta-local-research-local-solutions-public-finance-managementvolume-xvi,"RASTA: Local Research, Local Solutions: Public Finance Management,volume Xvi",2025-01-20,2025-01,2025,Book,Books; Rasta Books,,,,https://pide.org.pk/research/rasta-local-research-local-solutions-public-finance-managementvolume-xvi/,https://file.pide.org.pk/pdfpideresearch/book-rasta-local-research-local-solutions-public-finance-management-volume-xvi.pdf,,,pdfs/2025/01/book-rasta-local-research-local-solutions-public-finance-management-volume-xvi.pdf,data/fulltext/rasta-local-research-local-solutions-public-finance-managementvolume-xvi.txt,745
rasta-local-research-local-solutions-law-and-judiciary-volume-xii,"RASTA: Local Research, Local Solutions: Law And Judiciary, Volume Xii",2025-01-20,2025-01,2025,Book,Books; Rasta Books,,,,https://pide.org.pk/research/rasta-local-research-local-solutions-law-and-judiciary-volume-xii/,https://file.pide.org.pk/pdfpideresearch/book-rasta-local-research-local-solutions-law-and-judiciary-volume-xii.pdf,,,pdfs/2025/01/book-rasta-local-research-local-solutions-law-and-judiciary-volume-xii.pdf,data/fulltext/rasta-local-research-local-solutions-law-and-judiciary-volume-xii.txt,969
rasta-local-research-local-solutions-human-capital-opportunities-volume-xiii,"RASTA: Local Research, Local Solutions: Human Capital & Opportunities, Volume Xiii",2025-01-20,2025-01,2025,Book,Books; Rasta Books,,,,https://pide.org.pk/research/rasta-local-research-local-solutions-human-capital-opportunities-volume-xiii/,https://file.pide.org.pk/pdfpideresearch/book-rasta-local-research-local-solutions-human-capital-and-opportunities-volume-xiii.pdf,,,pdfs/2025/01/book-rasta-local-research-local-solutions-human-capital-and-opportunities-volume-xiii.pdf,data/fulltext/rasta-local-research-local-solutions-human-capital-opportunities-volume-xiii.txt,1027
rasta-local-research-local-solutions-education-technology-volume-xv,"RASTA: Local Research, Local Solutions: Education & Technology, Volume Xv",2025-01-20,2025-01,2025,Book,Books; Rasta Books,,,,https://pide.org.pk/research/rasta-local-research-local-solutions-education-technology-volume-xv/,https://file.pide.org.pk/pdfpideresearch/book-rasta-local-research-local-solutions-education-and-technology-volume-xv.pdf,,,pdfs/2025/01/book-rasta-local-research-local-solutions-education-and-technology-volume-xv.pdf,data/fulltext/rasta-local-research-local-solutions-education-technology-volume-xv.txt,669
rasta-local-research-local-solutions-business-markets-volume-xi,"RASTA: Local Research, Local Solutions: Business & Markets, Volume Xi",2025-01-20,2025-01,2025,Book,Books; Rasta Books,,,,https://pide.org.pk/research/rasta-local-research-local-solutions-business-markets-volume-xi/,https://file.pide.org.pk/pdfpideresearch/book-rasta-local-research-local-solutions-business-and-markets-volume-xi.pdf,,,pdfs/2025/01/book-rasta-local-research-local-solutions-business-and-markets-volume-xi.pdf,data/fulltext/rasta-local-research-local-solutions-business-markets-volume-xi.txt,968
why-pakistan-must-embrace-genetically-modified-crops,Why Pakistan Must Embrace Genetically Modified Crops,2025-01-16,2025-01,2024,Policy and Research,Policy and Research; Discourse 2024-04,Usama Abdul Rauf,,,https://pide.org.pk/research/why-pakistan-must-embrace-genetically-modified-crops/,https://file.pide.org.pk/pdfpideresearch/discourse-2024-04-21-why-pakistan-must-embrace-genetically-modified-crops.pdf,,,pdfs/2025/01/discourse-2024-04-21-why-pakistan-must-embrace-genetically-modified-crops.pdf,data/fulltext/why-pakistan-must-embrace-genetically-modified-crops.txt,1876
why-investment-in-rd-has-not-improved-agriculture-productivity,Why Investment in R&D has not improved agriculture productivity?,2025-01-16,2025-01,2024,Policy and Research,Policy and Research; Discourse 2024-04,Ayesha Sultana,,,https://pide.org.pk/research/why-investment-in-rd-has-not-improved-agriculture-productivity/,https://file.pide.org.pk/pdfpideresearch/discourse-2024-04-09-why-investment-in-r-d-has-not-improved-agriculture.pdf,,,pdfs/2025/01/discourse-2024-04-09-why-investment-in-r-d-has-not-improved-agriculture.pdf,data/fulltext/why-investment-in-rd-has-not-improved-agriculture-productivity.txt,1459
valuing-lost-energy,Valuing Lost Energy,2025-01-16,2025-01,2025,PIDE in Press,PIDE in Press,Anjeela Khurram; Muhammad Faisal Ali,,,https://pide.org.pk/research/valuing-lost-energy/,https://file.pide.org.pk/pdfpideinpress/pip-valuing-lost-energy.pdf,,,pdfs/2025/01/pip-valuing-lost-energy.pdf,data/fulltext/valuing-lost-energy.txt,945
valuing-energy-efficiency-potential-in-the-agriculture-sector,Valuing Energy Efficiency Potential in the Agriculture Sector,2025-01-16,2025-01,2024,Policy and Research,Policy and Research; Discourse 2024-04,Anjeela Khurram; Muhammad Faisal Ali,,,https://pide.org.pk/research/valuing-energy-efficiency-potential-in-the-agriculture-sector/,https://file.pide.org.pk/pdfpideresearch/discourse-2024-04-7-valuing-energy-efficiency-potential-in-the-agriculture.pdf,,,pdfs/2025/01/discourse-2024-04-7-valuing-energy-efficiency-potential-in-the-agriculture.pdf,data/fulltext/valuing-energy-efficiency-potential-in-the-agriculture-sector.txt,1748
use-of-artificial-intelligence-in-the-agriculture-supply-chains-of-pakistan,Use of Artificial Intelligence in the Agriculture Supply Chains of Pakistan,2025-01-16,2025-01,2024,Policy and Research,Policy and Research; Discourse 2024-04,Sher Khan; Nauman Ejaz; Anwar Shah,,,https://pide.org.pk/research/use-of-artificial-intelligence-in-the-agriculture-supply-chains-of-pakistan/,https://file.pide.org.pk/pdfpideresearch/discourse-2024-04-11-use-of-artificial-intelligence-in-the-agriculture.pdf,,,pdfs/2025/01/discourse-2024-04-11-use-of-artificial-intelligence-in-the-agriculture.pdf,data/fulltext/use-of-artificial-intelligence-in-the-agriculture-supply-chains-of-pakistan.txt,1512
unpacking-pakistans-wheat-crisis-risks-and-realities-for-future-food-security,Unpacking Pakistan’s Wheat Crisis: Risks and Realities for Future Food Security,2025-01-16,2025-01,2024,Policy and Research,Policy and Research; Discourse 2024-04,Abedullah Anjum; Muhammad Faisal Ali,,,https://pide.org.pk/research/unpacking-pakistans-wheat-crisis-risks-and-realities-for-future-food-security/,https://file.pide.org.pk/pdfpideresearch/discourse-2024-04-10-unpacking-pakistans-wheat-crisis-risks-and-realities-for-future-food-security.pdf,,,pdfs/2025/01/discourse-2024-04-10-unpacking-pakistans-wheat-crisis-risks-and-realities-for-future-food-security.pdf,data/fulltext/unpacking-pakistans-wheat-crisis-risks-and-realities-for-future-food-security.txt,853
the-scope-potential-and-challenges-to-move-from-the-green-revolution-to-the-gene-revolution-in-pakistan,"The Scope, Potential, And Challenges To Move From The Green Revolution To The Gene Revolution In Pakistan",2025-01-16,2025-01,2024,Policy and Research,Policy and Research; Discourse 2024-04,Wajhullah Fahim,,,https://pide.org.pk/research/the-scope-potential-and-challenges-to-move-from-the-green-revolution-to-the-gene-revolution-in-pakistan/,https://file.pide.org.pk/pdfpideresearch/discourse-2024-04-22-the-scope-potential-and-challenges-to-move-from-the-green-revolution-to-the-gene-revolution-in-pakistan.pdf,,,pdfs/2025/01/discourse-2024-04-22-the-scope-potential-and-challenges-to-move-from-the-green-revolution-to-the-gene-revolution-in-pakistan.pdf,data/fulltext/the-scope-potential-and-challenges-to-move-from-the-green-revolution-to-the-gene-revolution-in-pakistan.txt,1500
suparco-interventions-for-geospatial-monitoring-of-agricultural-crops,Suparco Interventions For Geospatial Monitoring Of Agricultural Crops,2025-01-16,2025-01,2024,Policy and Research,Policy and Research; Discourse 2024-04,Ibrar ul Hassan Akhtar,,,https://pide.org.pk/research/suparco-interventions-for-geospatial-monitoring-of-agricultural-crops/,https://file.pide.org.pk/pdfpideresearch/discourse-2024-04-6-suparco-interventions-for-geospatial-monitoring-of-agricultural-crops.pdf,,,pdfs/2025/01/discourse-2024-04-6-suparco-interventions-for-geospatial-monitoring-of-agricultural-crops.pdf,data/fulltext/suparco-interventions-for-geospatial-monitoring-of-agricultural-crops.txt,1793
sowing-the-seeds-of-change-pakistans-transition-from-green-to-gene,Sowing the Seeds of Change: Pakistan’s Transition from Green to Gene,2025-01-16,2025-01,2024,Policy and Research,Policy and Research; Discourse 2024-04,Ayesha Rahman,,,https://pide.org.pk/research/sowing-the-seeds-of-change-pakistans-transition-from-green-to-gene/,https://file.pide.org.pk/pdfpideresearch/discourse-2024-04-19-sowing-the-seeds-of-change-pakistans-transition-from-green-to-gene.pdf,,https://paspk.org/wp-content/uploads/2015/12/Biotechnology-Report-2014.pdf; https://thedocs.worldbank.org/en/doc/4a0114eb7d1cecbbbf2f65c5ce0789db-0310012022/original/Pakistan-Floods-2022-PDNA-Main-Report.pdf; https://docs.vis.com.pk/Sector%20Update%202024/DairySector.pdf,pdfs/2025/01/discourse-2024-04-19-sowing-the-seeds-of-change-pakistans-transition-from-green-to-gene.pdf,data/fulltext/sowing-the-seeds-of-change-pakistans-transition-from-green-to-gene.txt,2176
revolutionizing-the-agricultural-sector-of-pakistan-sifcs-top-priority,Revolutionizing the Agricultural Sector of Pakistan – SIFC’s Top Priority,2025-01-16,2025-01,2024,Policy and Research,Policy and Research; Discourse 2024-04,Rizwan Mir; TI(M),,,https://pide.org.pk/research/revolutionizing-the-agricultural-sector-of-pakistan-sifcs-top-priority/,https://file.pide.org.pk/pdfpideresearch/discourse-2024-04-8-revolutionizing-the-agricultural-sector-of-pakistan.pdf,,,pdfs/2025/01/discourse-2024-04-8-revolutionizing-the-agricultural-sector-of-pakistan.pdf,data/fulltext/revolutionizing-the-agricultural-sector-of-pakistan-sifcs-top-priority.txt,1741
regulatory-constraints-in-using-drone-technology,Regulatory Constraints in Using Drone Technology,2025-01-16,2025-01,2024,Policy and Research,Policy and Research; Discourse 2024-04,Hafsa Sarfraz,,,https://pide.org.pk/research/regulatory-constraints-in-using-drone-technology/,https://file.pide.org.pk/pdfpideresearch/discourse-2024-04-18-regulatory-constraints-in-using-drone-technology.pdf,,,pdfs/2025/01/discourse-2024-04-18-regulatory-constraints-in-using-drone-technology.pdf,data/fulltext/regulatory-constraints-in-using-drone-technology.txt,1977
reforming-agricultural-land-markets-in-pakistan-overcoming-structural-inequities,Reforming Agricultural Land Markets In Pakistan: Overcoming Structural Inequities,2025-01-16,2025-01,2024,Policy and Research,Policy and Research; Discourse 2024-04,Sobia Rose,,,https://pide.org.pk/research/reforming-agricultural-land-markets-in-pakistan-overcoming-structural-inequities/,https://file.pide.org.pk/pdfpideresearch/discourse-2024-04-4-reforming-agricultural-land-markets-in-pakistan.pdf,,,pdfs/2025/01/discourse-2024-04-4-reforming-agricultural-land-markets-in-pakistan.pdf,data/fulltext/reforming-agricultural-land-markets-in-pakistan-overcoming-structural-inequities.txt,1102
pathways-to-prosperity-strategic-reforms-for-pakistans-agricultural-markets,Pathways To Prosperity: Strategic Reforms For Pakistan’s Agricultural Markets,2025-01-16,2025-01,2024,Policy and Research,Policy and Research; Discourse 2024-04,Muhammad Faisal Ali; Abedullah Anjum,,,https://pide.org.pk/research/pathways-to-prosperity-strategic-reforms-for-pakistans-agricultural-markets/,https://file.pide.org.pk/pdfpideresearch/discourse-2024-04-2-pathways-to-prosperity--strategic-reforms-for-pakistan.pdf,,,pdfs/2025/01/discourse-2024-04-2-pathways-to-prosperity--strategic-reforms-for-pakistan.pdf,data/fulltext/pathways-to-prosperity-strategic-reforms-for-pakistans-agricultural-markets.txt,1466
pakistans-agricultural-problem-and-its-solutions-using-artificial-intelligence,Pakistan’s Agricultural Problem And Its Solutions Using Artificial Intelligence,2025-01-16,2025-01,2024,Policy and Research,Policy and Research; Discourse 2024-04,Shain Taj Raisani,,,https://pide.org.pk/research/pakistans-agricultural-problem-and-its-solutions-using-artificial-intelligence/,https://file.pide.org.pk/pdfpideresearch/discourse-2024-04-15-pakistans-agricultural-problem-and-its-solutions-using-artificial-intelligence.pdf,,,pdfs/2025/01/discourse-2024-04-15-pakistans-agricultural-problem-and-its-solutions-using-artificial-intelligence.pdf,data/fulltext/pakistans-agricultural-problem-and-its-solutions-using-artificial-intelligence.txt,2265
new-directions-in-precision-agriculture-how-the-rise-of-5g-networks-and-the-iot-can-affect-the-national-economy,New Directions In Precision Agriculture: How The Rise Of 5g Networks And The Iot Can Affect The National Economy,2025-01-16,2025-01,2024,Policy and Research,Policy and Research; Discourse 2024-04,Irfan Ali; Muhammad Sarwar Khan,,,https://pide.org.pk/research/new-directions-in-precision-agriculture-how-the-rise-of-5g-networks-and-the-iot-can-affect-the-national-economy/,https://file.pide.org.pk/pdfpideresearch/discourse-2024-04-14-new-directions-in-precision-agriculture-how-the--rise-of-5g-networks-and-the-iot-can-affect-the-national-economy.pdf,,https://www.finance.gov.pk/survey/chapters_24/02-Agriculture.pdf,pdfs/2025/01/discourse-2024-04-14-new-directions-in-precision-agriculture-how-the--rise-of-5g-networks-and-the-iot-can-affect-the-national-economy.pdf,data/fulltext/new-directions-in-precision-agriculture-how-the-rise-of-5g-networks-and-the-iot-can-affect-the-national-economy.txt,1977
moving-from-green-to-gene-revolution-scope-and-challenges-for-pakistan,Moving From Green To Gene Revolution: Scope And Challenges For Pakistan,2025-01-16,2025-01,2024,Policy and Research,Policy and Research; Discourse 2024-04,Waqar Younas; Uzma Zia,,,https://pide.org.pk/research/moving-from-green-to-gene-revolution-scope-and-challenges-for-pakistan/,https://file.pide.org.pk/pdfpideresearch/discourse-2024-04-20-moving-from-green-to-gene-revolution-scope-and-challenges-for-pakistan.pdf,,,pdfs/2025/01/discourse-2024-04-20-moving-from-green-to-gene-revolution-scope-and-challenges-for-pakistan.pdf,data/fulltext/moving-from-green-to-gene-revolution-scope-and-challenges-for-pakistan.txt,1574
modernizing-pakistans-agricultural-economy,Modernizing Pakistan’s Agricultural Economy,2025-01-16,2025-01,2024,Policy and Research; Recent Publications,Policy and Research; Recent Publications; P &amp; R Magazine,,,,https://pide.org.pk/research/modernizing-pakistans-agricultural-economy/,https://file.pide.org.pk/pdfpideresearch/discourse-2024-04.pdf,,,pdfs/2025/01/discourse-2024-04.pdf,data/fulltext/modernizing-pakistans-agricultural-economy.txt,329
harnessing-technology-for-a-sustainable-agricultural-future,Harnessing Technology for a Sustainable Agricultural Future,2025-01-16,2025-01,2024,Policy and Research,Policy and Research; Discourse 2024-04,Maria Jawad Khan,,,https://pide.org.pk/research/harnessing-technology-for-a-sustainable-agricultural-future/,https://file.pide.org.pk/pdfpideresearch/discourse-2024-04-16-harnessing-technology-for-a-sustainable-agriculture.pdf,,,pdfs/2025/01/discourse-2024-04-16-harnessing-technology-for-a-sustainable-agriculture.pdf,data/fulltext/harnessing-technology-for-a-sustainable-agricultural-future.txt,2095
harnessing-ai-for-agricultural-transformation-a-prospect-of-pakistan,Harnessing AI For Agricultural Transformation– A Prospect Of Pakistan,2025-01-16,2025-01,2024,Policy and Research,Policy and Research; Discourse 2024-04,Mahwish Rose,,,https://pide.org.pk/research/harnessing-ai-for-agricultural-transformation-a-prospect-of-pakistan/,https://file.pide.org.pk/pdfpideresearch/discourse-2024-04-12-harnessing-ai-for-agricultural-transformation-a-prospect-of-pakistan.pdf,,,pdfs/2025/01/discourse-2024-04-12-harnessing-ai-for-agricultural-transformation-a-prospect-of-pakistan.pdf,data/fulltext/harnessing-ai-for-agricultural-transformation-a-prospect-of-pakistan.txt,1267
deregulation-of-the-sugar-sector-critical-to-promote-efficiency,Deregulation Of The Sugar Sector Critical To Promote Efficiency,2025-01-16,2025-01,2024,Policy and Research,Policy and Research; Discourse 2024-04,Zartasha Inayat; Tuaha Adil,,,https://pide.org.pk/research/deregulation-of-the-sugar-sector-critical-to-promote-efficiency/,https://file.pide.org.pk/pdfpideresearch/discourse-2024-04-3-deregulation-of-the-sugar-sector-critical-to-promote-efficiency.pdf,,,pdfs/2025/01/discourse-2024-04-3-deregulation-of-the-sugar-sector-critical-to-promote-efficiency.pdf,data/fulltext/deregulation-of-the-sugar-sector-critical-to-promote-efficiency.txt,1466
decoding-the-dynamics-of-pricing-in-the-fruit-and-vegetable-market-highlighting-the-government-imperfections,Decoding The Dynamics Of Pricing In The Fruit And Vegetable Market: Highlighting The Government Imperfections,2025-01-16,2025-01,2024,Policy and Research,Policy and Research; Discourse 2024-04,Muhammad Asad ur Rehman Naseer,,,https://pide.org.pk/research/decoding-the-dynamics-of-pricing-in-the-fruit-and-vegetable-market-highlighting-the-government-imperfections/,https://file.pide.org.pk/pdfpideresearch/discourse-2024-04-5-decoding-the-dynamics-of-pricing-in-the-fruit-and-vegetable-market-highlighting-the-government-imperfections.pdf,,,pdfs/2025/01/discourse-2024-04-5-decoding-the-dynamics-of-pricing-in-the-fruit-and-vegetable-market-highlighting-the-government-imperfections.pdf,data/fulltext/decoding-the-dynamics-of-pricing-in-the-fruit-and-vegetable-market-highlighting-the-government-imperfections.txt,1598
bring-on-drone-technology-in-pakistans-agriculture-regulatory-constraints,Bring on Drone Technology in Pakistan’s Agriculture: Regulatory Constraints,2025-01-16,2025-01,2024,Policy and Research,Policy and Research; Discourse 2024-04,Sadaf Safder,,,https://pide.org.pk/research/bring-on-drone-technology-in-pakistans-agriculture-regulatory-constraints/,https://file.pide.org.pk/pdfpideresearch/discourse-2024-04-17-bring-on-drone-technology-in-pakistans-agriculture.pdf,,,pdfs/2025/01/discourse-2024-04-17-bring-on-drone-technology-in-pakistans-agriculture.pdf,data/fulltext/bring-on-drone-technology-in-pakistans-agriculture-regulatory-constraints.txt,1166
artificial-intelligence-ai-for-agricultural-advancement,Artificial Intelligence (AI) For Agricultural Advancement,2025-01-16,2025-01,2024,Policy and Research,Policy and Research; Discourse 2024-04,Shayan Malik,,,https://pide.org.pk/research/artificial-intelligence-ai-for-agricultural-advancement/,https://file.pide.org.pk/pdfpideresearch/discourse-2024-04-13-artificial-intelligence-ai-for-agricultural-advancement.pdf,,,pdfs/2025/01/discourse-2024-04-13-artificial-intelligence-ai-for-agricultural-advancement.pdf,data/fulltext/artificial-intelligence-ai-for-agricultural-advancement.txt,2235
the-exodus,The exodus,2025-01-15,2025-01,2025,PIDE in Press,PIDE in Press,Iqra Munawar,,,https://pide.org.pk/research/the-exodus/,https://file.pide.org.pk/pdfpideinpress/pip-the-exodus.pdf,,,pdfs/2025/01/pip-the-exodus.pdf,data/fulltext/the-exodus.txt,850
corporate-window-untangling-the-gas-sector,CORPORATE WINDOW: Untangling the gas sector,2025-01-07,2025-01,2025,PIDE in Press,PIDE in Press,Afia Malik,,,https://pide.org.pk/research/corporate-window-untangling-the-gas-sector/,https://file.pide.org.pk/pdfpideinpress/pip-corporate-window-untangling-the-gas-sector.pdf,,,pdfs/2025/01/pip-corporate-window-untangling-the-gas-sector.pdf,data/fulltext/corporate-window-untangling-the-gas-sector.txt,889
the-year-of-a-business-revolution,The year of a business revolution,2025-01-06,2025-01,2025,PIDE in Press,PIDE in Press,Nasir Iqbal,,,https://pide.org.pk/research/the-year-of-a-business-revolution/,https://file.pide.org.pk/pdfpideinpress/pip-the-year-of-a-business-revolution.pdf,,,pdfs/2025/01/pip-the-year-of-a-business-revolution.pdf,data/fulltext/the-year-of-a-business-revolution.txt,1052
the-economics-of-festivals,The economics of festivals,2025-01-06,2025-01,2025,PIDE in Press,PIDE in Press,Usama Abdul Rauf,,,https://pide.org.pk/research/the-economics-of-festivals/,https://file.pide.org.pk/pdfpideinpress/pip-the-economics-of-festivals.pdf,,,pdfs/2025/01/pip-the-economics-of-festivals.pdf,data/fulltext/the-economics-of-festivals.txt,850
tackling-smog-in-pakistan-causes-impacts-and-way-forward,"Tackling Smog in Pakistan: Causes, Impacts, and Way Forward",2025-01-03,2025-01,2025,Webinars Brief,Webinars Brief; Center for Agriculture‚ Climate Change and Rural Economy,Wajhullah Fahim; Muhammad Faisal Ali,,,https://pide.org.pk/research/tackling-smog-in-pakistan-causes-impacts-and-way-forward/,https://file.pide.org.pk/pdfpideresearch/wb-124-tackling-smog-in-pakistan-causes-impacts-and-way-forward.pdf,,,pdfs/2025/01/wb-124-tackling-smog-in-pakistan-causes-impacts-and-way-forward.pdf,data/fulltext/tackling-smog-in-pakistan-causes-impacts-and-way-forward.txt,1111
research-over-replication,Research over replication,2025-01-01,2025-01,2024,PIDE in Press,PIDE in Press,Usama Abdul Rauf,,,https://pide.org.pk/research/research-over-replication/,https://file.pide.org.pk/pdfpideinpress/pip-research-over-replication.pdf,,,pdfs/2025/01/pip-research-over-replication.pdf,data/fulltext/research-over-replication.txt,727
improving-grievance-redressal-system-for-service-delivery-lessons-and-learnings-from-sehat-sahulat-program-ssp,Improving Grievance Redressal System for Service Delivery: Lessons and Learnings from Sehat Sahulat Program (SSP),2024-12-28,2024-12,2024,Research Reports,Recent Publications; Research Report; Center for Social and Behavioral Analysis; Center for Governance‚ Markets and Regulatory Analysis,Shujaat Farooq; Nabila Kunwal,,,https://pide.org.pk/research/improving-grievance-redressal-system-for-service-delivery-lessons-and-learnings-from-sehat-sahulat-program-ssp/,https://file.pide.org.pk/pdfpideresearch/rr-214-improving-grievance-redressal-system-for-service-delivery-lessons-and-learnings-from-sehat-sahulat-program-ssp.pdf,,,pdfs/2024/12/rr-214-improving-grievance-redressal-system-for-service-delivery-lessons-and-learnings-from-sehat-sahulat-program-ssp.pdf,data/fulltext/improving-grievance-redressal-system-for-service-delivery-lessons-and-learnings-from-sehat-sahulat-program-ssp.txt,1811
rethink-the-university,Rethink the university,2024-12-17,2024-12,2024,PIDE in Press,PIDE in Press,Nasir Iqbal,,,https://pide.org.pk/research/rethink-the-university/,https://file.pide.org.pk/pdfpideinpress/pip-rethink-the-university.pdf,,,pdfs/2024/12/pip-rethink-the-university.pdf,data/fulltext/rethink-the-university.txt,1019
media-coverage-future-on-wheels-policy-brief,Media Coverage: Future on Wheels – Policy Brief,2024-12-17,2024-12,2024,PIDE in Press,PIDE in Press,PIDE,,,https://pide.org.pk/research/media-coverage-future-on-wheels-policy-brief/,https://file.pide.org.pk/pdfpideinpress/pip-media-coverage-future-on-wheels-policy-brief.pdf,,,pdfs/2024/12/pip-media-coverage-future-on-wheels-policy-brief.pdf,data/fulltext/media-coverage-future-on-wheels-policy-brief.txt,54
pakistans-lifeline-for-survival,Pakistan’s lifeline for survival,2024-12-16,2024-12,2024,PIDE in Press,PIDE in Press,Muhammad Zeshan,,,https://pide.org.pk/research/pakistans-lifeline-for-survival/,https://file.pide.org.pk/pdfpideinpress/pip-pakistans-lifeline-for-survival.pdf,,,pdfs/2024/12/pip-pakistans-lifeline-for-survival.pdf,data/fulltext/pakistans-lifeline-for-survival.txt,846
future-on-wheels,Future on Wheels,2024-12-06,2024-12,2024,Policy Viewpoint,Recent Publications; Policy Viewpoint; Center for Industry‚ Trade &amp; Digital Economy,Usman Qadir; Mohammad Shaaf Najib; Saddam Hussein,,,https://pide.org.pk/research/future-on-wheels/,https://file.pide.org.pk/pdfpideresearch/pv-45-future-on-wheels.pdf,,,pdfs/2024/12/pv-45-future-on-wheels.pdf,data/fulltext/future-on-wheels.txt,957
from-ashes-to-assets,From ashes to assets,2024-12-02,2024-12,2024,PIDE in Press,Recent Publications; PIDE in Press,Muhammad Zeshan,,,https://pide.org.pk/research/from-ashes-to-assets/,https://file.pide.org.pk/pdfpideinpress/pip-from-ashes-to-assets.pdf,,,pdfs/2024/12/pip-from-ashes-to-assets.pdf,data/fulltext/from-ashes-to-assets.txt,774
fiscal-policy-and-austerity-in-pakistan-reduce-expenditures-or-raise-taxes,Fiscal Policy and Austerity in Pakistan; Reduce Expenditures or Raise Taxes?,2024-11-29,2024-11,2024,Knowledge Brief,Recent Publications; Knowledge Brief,Yasir Zada Khan,,,https://pide.org.pk/research/fiscal-policy-and-austerity-in-pakistan-reduce-expenditures-or-raise-taxes/,https://file.pide.org.pk/pdfpideresearch/kb-130-fiscal-policy-and-austerity-in-pakistan-reduce-expenditures-or-raise-taxes.pdf,,https://www.finance.gov.pk/circulars/circular_15072021.pdf; https://www.finance.gov.pk/circulars/circular_07072022_1.pdf; https://www.ilo.org/wcmsp5/groups/public/---asia/---ro-bangkok/---ilo-islamabad/documents/briefingnote/wcms_893724.pdf; https://download1.fbr.gov.pk/Docs/20237211773220909CircularNo.02of2023-24.pdf,pdfs/2024/11/kb-130-fiscal-policy-and-austerity-in-pakistan-reduce-expenditures-or-raise-taxes.pdf,data/fulltext/fiscal-policy-and-austerity-in-pakistan-reduce-expenditures-or-raise-taxes.txt,4400
gvcs-and-trade-reforms,GVCs and Trade Reforms,2024-11-28,2024-11,2024,Knowledge Brief,Recent Publications; Knowledge Brief; Center for Industry‚ Trade &amp; Digital Economy,Muhammad Zeshan; Tehmina Asad,,,https://pide.org.pk/research/gvcs-and-trade-reforms/,https://file.pide.org.pk/pdfpideresearch/kb-129-gvcs-and-trade-reforms.pdf,,https://www.sbp.org.pk/reports/quarterly/fy20/First/Special-Section-1.pdf,pdfs/2024/11/kb-129-gvcs-and-trade-reforms.pdf,data/fulltext/gvcs-and-trade-reforms.txt,497
unlocking-the-potential-of-pakistans-fisheries-sector,Unlocking the potential of Pakistan’s fisheries sector,2024-11-21,2024-11,2024,PIDE in Press,PIDE in Press,Muhammad Junaid,,,https://pide.org.pk/research/unlocking-the-potential-of-pakistans-fisheries-sector/,https://file.pide.org.pk/pdfpideinpress/pip-unlocking-the-potential-of-pakistans-fisheries-sector.pdf,,,pdfs/2024/11/pip-unlocking-the-potential-of-pakistans-fisheries-sector.pdf,data/fulltext/unlocking-the-potential-of-pakistans-fisheries-sector.txt,1022
turn-trash-to-treasure,Turn trash to treasure,2024-11-19,2024-11,2024,PIDE in Press,PIDE in Press,Muhammad Zeshan,,,https://pide.org.pk/research/turn-trash-to-treasure/,https://file.pide.org.pk/pdfpideinpress/pip-turn-trash-to-treasure.pdf,,,pdfs/2024/11/pip-turn-trash-to-treasure.pdf,data/fulltext/turn-trash-to-treasure.txt,775
immovable-property-rights-a-case-for-law-reforms-in-punjab,Immovable Property Rights: A Case for Law Reforms in Punjab,2024-11-15,2024-11,2024,Research Reports,Recent Publications; Research Report; Rasta Research Report; Center for Governance‚ Markets and Regulatory Analysis,Mohsin Abbas Syed,,,https://pide.org.pk/research/immovable-property-rights-a-case-for-law-reforms-in-punjab/,https://file.pide.org.pk/pdfpideresearch/rr-213-2024-immovable-property-rights-a-case-for-law-reforms-in-punjab.pdf,,,pdfs/2024/11/rr-213-2024-immovable-property-rights-a-case-for-law-reforms-in-punjab.pdf,data/fulltext/immovable-property-rights-a-case-for-law-reforms-in-punjab.txt,1440
blushing-golden-apples,Blushing golden apples,2024-11-12,2024-11,2024,PIDE in Press,PIDE in Press,Wajhullah Fahim; Muhammad Faisal Ali,,,https://pide.org.pk/research/blushing-golden-apples/,https://file.pide.org.pk/pdfpideinpress/pip-blushing-golden-apples.pdf,,,pdfs/2024/11/pip-blushing-golden-apples.pdf,data/fulltext/blushing-golden-apples.txt,1002
pakistans-economic-opportunities-in-the-sco,Pakistan’s economic opportunities in the SCO,2024-10-23,2024-10,2024,PIDE in Press,PIDE in Press,Uzma Zia,,,https://pide.org.pk/research/pakistans-economic-opportunities-in-the-sco/,https://file.pide.org.pk/pdfpideinpress/pip-pakistans-economic-opportunities-in-the-sco.pdf,,,pdfs/2024/10/pip-pakistans-economic-opportunities-in-the-sco.pdf,data/fulltext/pakistans-economic-opportunities-in-the-sco.txt,761
fleeting-calm-here-comes-the-smog,Fleeting calm: here comes the smog,2024-10-22,2024-10,2024,PIDE in Press,PIDE in Press,Sobia Rose,,,https://pide.org.pk/research/fleeting-calm-here-comes-the-smog/,https://file.pide.org.pk/pdfpideinpress/pip-fleeting-calm-here-comes-the-smog.pdf,,,pdfs/2024/10/pip-fleeting-calm-here-comes-the-smog.pdf,data/fulltext/fleeting-calm-here-comes-the-smog.txt,917
urban-engines-or-elite-enclaves-a-reflection-on-pides-insights,Urban Engines or Elite Enclaves? A Reflection on PIDE’s Insights,2024-10-21,2024-10,2024,Book Chapter,Book Chapter; Book - Celebrating Five Years of Reason Rigor &amp; Research; Center for Sustainable Futures; Center for Social and Behavioral Analysis,Yasir Zada Khan; Haris Azeem,,,https://pide.org.pk/research/urban-engines-or-elite-enclaves-a-reflection-on-pides-insights/,https://file.pide.org.pk/pdfpideresearch/book-60-24-urban-engines-or-elite-enclaves-a-reflection.pdf,,,pdfs/2024/10/book-60-24-urban-engines-or-elite-enclaves-a-reflection.pdf,data/fulltext/urban-engines-or-elite-enclaves-a-reflection-on-pides-insights.txt,895
unveiling-the-smog-crisis-solutions-ahead,Unveiling the Smog Crisis: Solutions Ahead,2024-10-21,2024-10,2024,Research Reports,Recent Publications; Research Report; Center for Agriculture‚ Climate Change and Rural Economy,Sobia Rose; Muhammad Faisal Ali,,,https://pide.org.pk/research/unveiling-the-smog-crisis-solutions-ahead/,https://file.pide.org.pk/pdfpideresearch/rr-unveiling-the-smog-crisis-solutions-ahead.pdf,,,pdfs/2024/10/rr-unveiling-the-smog-crisis-solutions-ahead.pdf,data/fulltext/unveiling-the-smog-crisis-solutions-ahead.txt,1786
unlocking-state-captured-real-estate,Unlocking State Captured Real Estate,2024-10-21,2024-10,2024,Book Chapter,Book Chapter; Book - Celebrating Five Years of Reason Rigor &amp; Research; Center for Governance‚ Markets and Regulatory Analysis,Azwar Muhammad Aslam,,,https://pide.org.pk/research/unlocking-state-captured-real-estate/,https://file.pide.org.pk/pdfpideresearch/book-60-19-unlocking-state-captured-real-estate.pdf,https://file.pide.org.pk/pdfpideresearch/rr-unlocking-state-captured-real-estate%E2%80%93the-case-of-islamabad.pdf,,pdfs/2024/10/book-60-19-unlocking-state-captured-real-estate.pdf,data/fulltext/unlocking-state-captured-real-estate.txt,565
transforming-education-in-pakistan-pides-research-perspectives,Transforming Education in Pakistan: PIDE’s Research Perspectives,2024-10-21,2024-10,2024,Book Chapter,Book Chapter; Book - Celebrating Five Years of Reason Rigor &amp; Research; Center for Social and Behavioral Analysis,Muhammad Jehangir Khan,,,https://pide.org.pk/research/transforming-education-in-pakistan-pides-research-perspectives/,https://file.pide.org.pk/pdfpideresearch/book-60-15-transforming-education-in-pakistan-pides-research.pdf,,,pdfs/2024/10/book-60-15-transforming-education-in-pakistan-pides-research.pdf,data/fulltext/transforming-education-in-pakistan-pides-research-perspectives.txt,990
the-paradox-of-elite-capture-a-double-edged-sword,The Paradox of Elite Capture: A Double-Edged Sword,2024-10-21,2024-10,2024,Book Chapter,Book Chapter; Book - Celebrating Five Years of Reason Rigor &amp; Research; Center for Governance‚ Markets and Regulatory Analysis,Tehmina Asad,,,https://pide.org.pk/research/the-paradox-of-elite-capture-a-double-edged-sword/,https://file.pide.org.pk/pdfpideresearch/book-60-11-the-paradox-of-elite-capture-a-double-edged-sword.pdf,,,pdfs/2024/10/book-60-11-the-paradox-of-elite-capture-a-double-edged-sword.pdf,data/fulltext/the-paradox-of-elite-capture-a-double-edged-sword.txt,472
the-import-substitution-policy-and-strong-domestic-commerce-case-study-of-mobile-phones,The Import Substitution Policy and Strong Domestic Commerce: Case Study of Mobile Phones,2024-10-21,2024-10,2024,Book Chapter,Book Chapter; Book - Celebrating Five Years of Reason Rigor &amp; Research; Center for Industry‚ Trade &amp; Digital Economy,Abid Rehman,,,https://pide.org.pk/research/the-import-substitution-policy-and-strong-domestic-commerce-case-study-of-mobile-phones/,https://file.pide.org.pk/pdfpideresearch/book-60-06-the-import-substitution-policy-and-strong-domestic.pdf,,,pdfs/2024/10/book-60-06-the-import-substitution-policy-and-strong-domestic.pdf,data/fulltext/the-import-substitution-policy-and-strong-domestic-commerce-case-study-of-mobile-phones.txt,632
stunted-seth-state-owned-companies,Stunted Seth-State Owned Companies,2024-10-21,2024-10,2024,Book Chapter,Book Chapter; Book - Celebrating Five Years of Reason Rigor &amp; Research; Center for Industry‚ Trade &amp; Digital Economy,Anjeela Khurram,,,https://pide.org.pk/research/stunted-seth-state-owned-companies/,https://file.pide.org.pk/pdfpideresearch/book-60-08-stunted-seth-state-owned-companies.pdf,,,pdfs/2024/10/book-60-08-stunted-seth-state-owned-companies.pdf,data/fulltext/stunted-seth-state-owned-companies.txt,591
sludge-economy-of-pakistan-a-dynamic-cge-sludge-framework,Sludge economy of Pakistan: A dynamic CGE-Sludge Framework,2024-10-21,2024-10,2024,Book Chapter,Book Chapter; Book - Celebrating Five Years of Reason Rigor &amp; Research; Center for Governance‚ Markets and Regulatory Analysis,Muhammad Zeshan,,,https://pide.org.pk/research/sludge-economy-of-pakistan-a-dynamic-cge-sludge-framework/,https://file.pide.org.pk/pdfpideresearch/book-60-07-sludge-economy-of-pakistan-a-dynamic-cge-sludge-framework.pdf,,,pdfs/2024/10/book-60-07-sludge-economy-of-pakistan-a-dynamic-cge-sludge-framework.pdf,data/fulltext/sludge-economy-of-pakistan-a-dynamic-cge-sludge-framework.txt,518
seth-owned-unlisted-non-corporatised-stagnant-enterprises-of-pakistan,"Seth-owned, Unlisted, Non-corporatised Stagnant Enterprises of Pakistan",2024-10-21,2024-10,2024,Book Chapter,Book Chapter; Book - Celebrating Five Years of Reason Rigor &amp; Research; Center for Industry‚ Trade &amp; Digital Economy,Usman Qadir,,,https://pide.org.pk/research/seth-owned-unlisted-non-corporatised-stagnant-enterprises-of-pakistan/,https://file.pide.org.pk/pdfpideresearch/book-60-10-seth-owned-unlisted-non-corporatized-stagnant-enterprises.pdf,,,pdfs/2024/10/book-60-10-seth-owned-unlisted-non-corporatized-stagnant-enterprises.pdf,data/fulltext/seth-owned-unlisted-non-corporatised-stagnant-enterprises-of-pakistan.txt,490
reshape-cities-into-economic-machines,Reshape Cities Into Economic Machines,2024-10-21,2024-10,2024,Book Chapter,Book Chapter; Book - Celebrating Five Years of Reason Rigor &amp; Research; Center for Governance‚ Markets and Regulatory Analysis,Saddam Hussein,,,https://pide.org.pk/research/reshape-cities-into-economic-machines/,https://file.pide.org.pk/pdfpideresearch/book-60-25-reshape-cities-into-economic-machines.pdf,,,pdfs/2024/10/book-60-25-reshape-cities-into-economic-machines.pdf,data/fulltext/reshape-cities-into-economic-machines.txt,1203
reer-as-a-measure-of-exchange-rate-misalignment,REER as a Measure of Exchange Rate Misalignment,2024-10-21,2024-10,2024,Book Chapter,Book Chapter; Book - Celebrating Five Years of Reason Rigor &amp; Research; Macro Policy Lab; Center for Economic Modelling and Data Analytics,Hafsa Hina,,,https://pide.org.pk/research/reer-as-a-measure-of-exchange-rate-misalignment/,https://file.pide.org.pk/pdfpideresearch/book-60-02-reer-as-a-measure-of-exchange-rate-misalignment.pdf,,,pdfs/2024/10/book-60-02-reer-as-a-measure-of-exchange-rate-misalignment.pdf,data/fulltext/reer-as-a-measure-of-exchange-rate-misalignment.txt,271
pides-vision-on-environmental-issues,PIDE’s Vision on Environmental Issues,2024-10-21,2024-10,2024,Book Chapter,Book Chapter; Book - Celebrating Five Years of Reason Rigor &amp; Research; Center for Agriculture‚ Climate Change and Rural Economy,Sobia Rose,,,https://pide.org.pk/research/pides-vision-on-environmental-issues/,https://file.pide.org.pk/pdfpideresearch/book-60-18-pides-vision-on-environmental-issues-a-concise.pdf,,,pdfs/2024/10/book-60-18-pides-vision-on-environmental-issues-a-concise.pdf,data/fulltext/pides-vision-on-environmental-issues.txt,1011
pides-vision-for-reforming-agricultural-markets,PIDE’s vision for reforming agricultural markets,2024-10-21,2024-10,2024,PIDE in Press,PIDE in Press,Muhammad Faisal Ali; Abedullah Anjum,,,https://pide.org.pk/research/pides-vision-for-reforming-agricultural-markets/,https://file.pide.org.pk/pdfpideinpress/pip-pides-vision-for-reforming-agricultural-markets.pdf,,,pdfs/2024/10/pip-pides-vision-for-reforming-agricultural-markets.pdf,data/fulltext/pides-vision-for-reforming-agricultural-markets.txt,1028
pides-prescription-for-better-agriculture-in-pakistan,PIDE’s Prescription for Better Agriculture in Pakistan,2024-10-21,2024-10,2024,Book Chapter,Book Chapter; Book - Celebrating Five Years of Reason Rigor &amp; Research; Center for Agriculture‚ Climate Change and Rural Economy,Muhammad Faisal Ali; Abedullah Anjum,,,https://pide.org.pk/research/pides-prescription-for-better-agriculture-in-pakistan/,https://file.pide.org.pk/pdfpideresearch/book-60-21-pides-prescription-for-better-agriculture-in-pakistan.pdf,,,pdfs/2024/10/book-60-21-pides-prescription-for-better-agriculture-in-pakistan.pdf,data/fulltext/pides-prescription-for-better-agriculture-in-pakistan.txt,940
people-versus-cars-rethinking-pakistans-urban-mobility,People versus Cars: Rethinking Pakistan’s Urban Mobility,2024-10-21,2024-10,2024,Book Chapter,Book Chapter; Book - Celebrating Five Years of Reason Rigor &amp; Research; Center for Industry‚ Trade &amp; Digital Economy,Mohammad Shaaf Najib,,,https://pide.org.pk/research/people-versus-cars-rethinking-pakistans-urban-mobility/,https://file.pide.org.pk/pdfpideresearch/book-60-26-people-versus-cars-rethinking-pakistans-urban.pdf,,,pdfs/2024/10/book-60-26-people-versus-cars-rethinking-pakistans-urban.pdf,data/fulltext/people-versus-cars-rethinking-pakistans-urban-mobility.txt,1227
opportunities-not-relief,"Opportunities, not “Relief”!",2024-10-21,2024-10,2024,Book Chapter,Book Chapter; Book - Celebrating Five Years of Reason Rigor &amp; Research; Center for Social and Behavioral Analysis,Durr-e-Nayab,,,https://pide.org.pk/research/opportunities-not-relief/,https://file.pide.org.pk/pdfpideresearch/book-60-12-opportunities-not-relief.pdf,,,pdfs/2024/10/book-60-12-opportunities-not-relief.pdf,data/fulltext/opportunities-not-relief.txt,639
misunderstanding-markets-the-case-for-a-market-friendly-government-in-pakistan,Misunderstanding Markets: The Case for a Market-Friendly Government in Pakistan,2024-10-21,2024-10,2024,Book Chapter,Book Chapter; Book - Celebrating Five Years of Reason Rigor &amp; Research; Center for Governance‚ Markets and Regulatory Analysis,Abbas Murtaza Maken,,,https://pide.org.pk/research/misunderstanding-markets-the-case-for-a-market-friendly-government-in-pakistan/,https://file.pide.org.pk/pdfpideresearch/book-60-20-misunderstanding-markets-the-case-for-a-market-friendly-government.pdf,,,pdfs/2024/10/book-60-20-misunderstanding-markets-the-case-for-a-market-friendly-government.pdf,data/fulltext/misunderstanding-markets-the-case-for-a-market-friendly-government-in-pakistan.txt,747
key-takeaways-from-research-on-cities,Key Takeaways from Research on Cities,2024-10-21,2024-10,2024,Book Chapter,Book Chapter; Book - Celebrating Five Years of Reason Rigor &amp; Research; Center for Sustainable Futures; Center for Governance‚ Markets and Regulatory Analysis,Lubna Hasan,,,https://pide.org.pk/research/key-takeaways-from-research-on-cities/,https://file.pide.org.pk/pdfpideresearch/book-60-22-key-takeaways-from-research-on-cities.pdf,,,pdfs/2024/10/book-60-22-key-takeaways-from-research-on-cities.pdf,data/fulltext/key-takeaways-from-research-on-cities.txt,995
internet-for-all-a-vision-and-a-mission,Internet for All: A Vision and a Mission,2024-10-21,2024-10,2024,Book Chapter,Book Chapter; Book - Celebrating Five Years of Reason Rigor &amp; Research; Center for Industry‚ Trade &amp; Digital Economy,Fizzah Khalid Butt,,,https://pide.org.pk/research/internet-for-all-a-vision-and-a-mission/,https://file.pide.org.pk/pdfpideresearch/book-60-13-internet-for-all-a-vision-and-a-mission.pdf,,,pdfs/2024/10/book-60-13-internet-for-all-a-vision-and-a-mission.pdf,data/fulltext/internet-for-all-a-vision-and-a-mission.txt,402
hard-vs-soft-infrastructure-blue-print-of-paradigm-shift,Hard vs Soft Infrastructure? Blue Print of Paradigm Shift,2024-10-21,2024-10,2024,Book Chapter,Book Chapter; Book - Celebrating Five Years of Reason Rigor &amp; Research; Center for Energy‚ Logistics‚ and Infrastructure,Saba Anwar,,,https://pide.org.pk/research/hard-vs-soft-infrastructure-blue-print-of-paradigm-shift/,https://file.pide.org.pk/pdfpideresearch/book-60-23-hard-vs-soft-infrastructure-blue-print-of-paradigm-shift.pdf,,,pdfs/2024/10/book-60-23-hard-vs-soft-infrastructure-blue-print-of-paradigm-shift.pdf,data/fulltext/hard-vs-soft-infrastructure-blue-print-of-paradigm-shift.txt,736
export-subsidies-and-import-substitution-steering-mercantilism-in-the-modern-time,Export Subsidies and Import Substitution: Steering Mercantilism in the Modern Time,2024-10-21,2024-10,2024,Book Chapter,Book Chapter; Book - Celebrating Five Years of Reason Rigor &amp; Research; Center for Industry‚ Trade &amp; Digital Economy,Uzma Zia,,,https://pide.org.pk/research/export-subsidies-and-import-substitution-steering-mercantilism-in-the-modern-time/,https://file.pide.org.pk/pdfpideresearch/book-60-03-export-subsidies-and-import-substitution-steering.pdf,,,pdfs/2024/10/book-60-03-export-subsidies-and-import-substitution-steering.pdf,data/fulltext/export-subsidies-and-import-substitution-steering-mercantilism-in-the-modern-time.txt,554
energy-policy-directions-seeking-the-right-path,Energy Policy Directions: Seeking the Right Path,2024-10-21,2024-10,2024,Book Chapter,Book Chapter; Book - Celebrating Five Years of Reason Rigor &amp; Research; Center for Energy‚ Logistics‚ and Infrastructure,Afia Malik,,,https://pide.org.pk/research/energy-policy-directions-seeking-the-right-path/,https://file.pide.org.pk/pdfpideresearch/book-60-17-energy-policy-directions-seeking-the-right-path.pdf,,,pdfs/2024/10/book-60-17-energy-policy-directions-seeking-the-right-path.pdf,data/fulltext/energy-policy-directions-seeking-the-right-path.txt,551
doing-development-better-2,Doing Development Better,2024-10-21,2024-10,2024,Book Chapter,Book Chapter; Book - Celebrating Five Years of Reason Rigor &amp; Research; Center for Sustainable Futures; Center for Social and Behavioral Analysis,Mohammad Shaaf Najib,,,https://pide.org.pk/research/doing-development-better-2/,https://file.pide.org.pk/pdfpideresearch/book-60-01-doing-development-better.pdf,,,pdfs/2024/10/book-60-01-doing-development-better.pdf,data/fulltext/doing-development-better-2.txt,393
celebrating-five-years-of-reason-rigor-research,"Celebrating Five Years of Reason, Rigor & Research",2024-10-21,2024-10,2024,Book,Recent Publications; Books; Center for Industry‚ Trade &amp; Digital Economy; Center for Energy‚ Logistics‚ and Infrastructure,Mohammad Shaaf Najib; Hafsa Hina; Uzma Zia; Iftikhar Ahmad; Omer Siddique; Abid Rehman; Muhammad Zeshan; Anjeela Khurram; Farhat Mahmood; Tehmina Asad; Durr-e-Nayab; Fizzah Khalid Butt; Henna Ahsan; Muhammad Jehangir Khan; Ghulam Mustafa; Afia Malik; Sobia Rose; Azwar Muhammad Aslam; Abbas Murtaza Maken; Abedullah Anjum; Muhammad Faisal Ali; Lubna Hasan; Saba Anwar; Yasir Zada Khan; Usman Qadir; Saddam Hussein; Haris Azeem,,,https://pide.org.pk/research/celebrating-five-years-of-reason-rigor-research/,https://file.pide.org.pk/pdfpideresearch/book-celebrating-five-years-of-reason-rigor-research.pdf,,,pdfs/2024/10/book-celebrating-five-years-of-reason-rigor-research.pdf,data/fulltext/celebrating-five-years-of-reason-rigor-research.txt,1396
business-community-problems-in-pakistan-an-overview,Business Community Problems in Pakistan: An Overview,2024-10-21,2024-10,2024,Book Chapter,Book Chapter; Book - Celebrating Five Years of Reason Rigor &amp; Research; Center for Industry‚ Trade &amp; Digital Economy,Farhat Mahmood,,,https://pide.org.pk/research/business-community-problems-in-pakistan-an-overview/,https://file.pide.org.pk/pdfpideresearch/book-60-09-business-community-problems-in-pakistan-an-overview.pdf,,,pdfs/2024/10/book-60-09-business-community-problems-in-pakistan-an-overview.pdf,data/fulltext/business-community-problems-in-pakistan-an-overview.txt,511
brain-drain-in-pakistan-analyzing-trend-causes-and-consequences,"Brain Drain in Pakistan: Analyzing Trend, Causes and Consequences",2024-10-21,2024-10,2024,Book Chapter,Book Chapter; Book - Celebrating Five Years of Reason Rigor &amp; Research; Center for Social and Behavioral Analysis,Henna Ahsan,,,https://pide.org.pk/research/brain-drain-in-pakistan-analyzing-trend-causes-and-consequences/,https://file.pide.org.pk/pdfpideresearch/book-60-14-brain-drain-in-pakistan-analyzing-trend-causes-and-consequences.pdf,,,pdfs/2024/10/book-60-14-brain-drain-in-pakistan-analyzing-trend-causes-and-consequences.pdf,data/fulltext/brain-drain-in-pakistan-analyzing-trend-causes-and-consequences.txt,808
assessing-fiscal-resource-distribution-in-pakistan-the-nfc-awards,Assessing Fiscal Resource Distribution in Pakistan- The NFC Awards,2024-10-21,2024-10,2024,Book Chapter,Book Chapter; Book - Celebrating Five Years of Reason Rigor &amp; Research; Macro Policy Lab,Iftikhar Ahmad,,,https://pide.org.pk/research/assessing-fiscal-resource-distribution-in-pakistan-the-nfc-awards/,https://file.pide.org.pk/pdfpideresearch/book-60-04-assessing-fiscal-resource-distribution-in-pakistan.pdf,,,pdfs/2024/10/book-60-04-assessing-fiscal-resource-distribution-in-pakistan.pdf,data/fulltext/assessing-fiscal-resource-distribution-in-pakistan-the-nfc-awards.txt,1445
analysis-of-research-and-development-in-pakistan,Analysis of Research and Development in Pakistan,2024-10-21,2024-10,2024,Book Chapter,Book Chapter; Book - Celebrating Five Years of Reason Rigor &amp; Research; Center for Sustainable Futures; Center for Social and Behavioral Analysis,Ghulam Mustafa,,,https://pide.org.pk/research/analysis-of-research-and-development-in-pakistan/,https://file.pide.org.pk/pdfpideresearch/book-60-16-analysis-of-research-and-development-in-pakistan.pdf,,,pdfs/2024/10/book-60-16-analysis-of-research-and-development-in-pakistan.pdf,data/fulltext/analysis-of-research-and-development-in-pakistan.txt,896
a-case-for-domestic-commerce-led-growth,A Case for Domestic Commerce-Led Growth,2024-10-21,2024-10,2024,Book Chapter,Book Chapter; Book - Celebrating Five Years of Reason Rigor &amp; Research; Center for Governance‚ Markets and Regulatory Analysis,Omer Siddique,,,https://pide.org.pk/research/a-case-for-domestic-commerce-led-growth/,https://file.pide.org.pk/pdfpideresearch/book-60-05-a-case-for-domestic-commerce-led-growth.pdf,,,pdfs/2024/10/book-60-05-a-case-for-domestic-commerce-led-growth.pdf,data/fulltext/a-case-for-domestic-commerce-led-growth.txt,505
why-do-indians-experience-less-happiness-than-pakistanis,Why Do Indians Experience Less Happiness  Than Pakistanis? (Article),2024-10-18,2024-10,2024,PDR,PDR; 2024; Vol. 63 No.3-2024,P Azad; PK Sujathan; Aamir Ahmad Teeli,Pakistan; India; Happiness Inequality; Social Factors; World Values Survey; FFL Decomposition,,https://pide.org.pk/research/why-do-indians-experience-less-happiness-than-pakistanis/,https://file.pide.org.pk/pdfpdr/2024/417-428.pdf,,,pdfs/2024/10/417-428.pdf,data/fulltext/why-do-indians-experience-less-happiness-than-pakistanis.txt,1383
vol-63-no-3-2024,Vol. 63 No.3-2024,2024-10-18,2024-10,2024,PDR,Recent Publications; PDR issue; 2024; Vol. 63 No.3-2024,,,,https://pide.org.pk/research/vol-63-no-3-2024/,https://file.pide.org.pk/pdfpdr/issue/pdr-2024-v63i3.pdf,https://file.pide.org.pk/pdfpdr/2024/357-382.pdf; https://file.pide.org.pk/pdfpdr/2024/383-398.pdf; https://file.pide.org.pk/pdfpdr/2024/399-416.pdf; https://file.pide.org.pk/pdfpdr/2024/417-428.pdf; https://file.pide.org.pk/pdfpdr/2024/429-448.pdf; https://file.pide.org.pk/pdfpdr/2024/449-462.pdf; https://file.pide.org.pk/pdfpdr/2024/463-474.pdf; https://file.pide.org.pk/pdfpdr/2024/475-477.pdf,,pdfs/2024/10/pdr-2024-v63i3.pdf,,0
understanding-the-role-of-income-in-personal-happiness-a-comprehensive-psm-analysis-in-the-united-states-article,Understanding the Role of Income in Personal  Happiness: A Comprehensive PSM Analysis  in the United States (Article),2024-10-18,2024-10,2024,PDR,PDR; 2024; Vol. 63 No.3-2024,Hicham Ouakil; Lakhal Tarik; Hicham El Ouazzani; Abdelhamid Moustabchir,Income; Individual happiness; Propensity score matching (PSM); United States; GSS 2022,I31; D31,https://pide.org.pk/research/understanding-the-role-of-income-in-personal-happiness-a-comprehensive-psm-analysis-in-the-united-states-article/,https://file.pide.org.pk/pdfpdr/2024/399-416.pdf,,,pdfs/2024/10/399-416.pdf,data/fulltext/understanding-the-role-of-income-in-personal-happiness-a-comprehensive-psm-analysis-in-the-united-states-article.txt,2183
pakistans-urban-water-challenges-and-prospects-policy,Pakistan’s Urban Water Challenges and Prospects (Policy),2024-10-18,2024-10,2024,PDR,PDR; 2024; Vol. 63 No.3-2024,Nazam Maqbool,,,https://pide.org.pk/research/pakistans-urban-water-challenges-and-prospects-policy/,https://file.pide.org.pk/pdfpdr/2024/449-462.pdf,,,pdfs/2024/10/449-462.pdf,data/fulltext/pakistans-urban-water-challenges-and-prospects-policy.txt,495
issues-of-food-pricing-policy-in-pakistan-and-the-way-forward,Issues of Food Pricing Policy in Pakistan  and the Way Forward (Article),2024-10-18,2024-10,2024,PDR,PDR; 2024; Vol. 63 No.3-2024,Abedullah Anjum; Farah Naz,,,https://pide.org.pk/research/issues-of-food-pricing-policy-in-pakistan-and-the-way-forward/,https://file.pide.org.pk/pdfpdr/2024/357-382.pdf,,,pdfs/2024/10/357-382.pdf,data/fulltext/issues-of-food-pricing-policy-in-pakistan-and-the-way-forward.txt,1741
forex-savings-through-biogas-energy-in-pakistan,Forex Savings through Biogas  Energy in Pakistan (Policy),2024-10-18,2024-10,2024,PDR,PDR; 2024; Vol. 63 No.3-2024,Syed Muhammad Mehdi,,,https://pide.org.pk/research/forex-savings-through-biogas-energy-in-pakistan/,https://file.pide.org.pk/pdfpdr/2024/463-474.pdf,,,pdfs/2024/10/463-474.pdf,data/fulltext/forex-savings-through-biogas-energy-in-pakistan.txt,754
feminisation-of-migration-historical-aspects-contemporary-trends-and-socio-economic-empowerment-of-women,"Feminisation of Migration; Historical Aspects, Contemporary Trends and Socio-economic Empowerment of Women (Article)",2024-10-18,2024-10,2024,PDR,PDR; 2024; Vol. 63 No.3-2024,Meetha Ram; Bakhtawar Nizamani,Migration; Feminisation; Women Migration; Migration Trends; Women Empowerment,E24; A14; J11; J15; J61; J01,https://pide.org.pk/research/feminisation-of-migration-historical-aspects-contemporary-trends-and-socio-economic-empowerment-of-women/,https://file.pide.org.pk/pdfpdr/2024/429-448.pdf,,,pdfs/2024/10/429-448.pdf,data/fulltext/feminisation-of-migration-historical-aspects-contemporary-trends-and-socio-economic-empowerment-of-women.txt,1802
evidence-of-turkey-falling-into-the-middle-income-trap,Evidence of Turkey Falling into the Middle Income Trap (Article),2024-10-18,2024-10,2024,PDR,PDR; 2024; Vol. 63 No.3-2024,Bilal Kargi,Economic Growth; Middle Income Trap (MIT); Convergence Hypothesis; Capital Movements,F44; F43; F21; E22,https://pide.org.pk/research/evidence-of-turkey-falling-into-the-middle-income-trap/,https://file.pide.org.pk/pdfpdr/2024/383-398.pdf,,,pdfs/2024/10/383-398.pdf,data/fulltext/evidence-of-turkey-falling-into-the-middle-income-trap.txt,915
a-practical-guide-for-policy-analysis-the-eightfold-path-to-more-effective-book-review,A Practical Guide for Policy Analysis: The Eightfold Path to More Effective (Book Review),2024-10-18,2024-10,2024,PDR,PDR; 2024; Vol. 63 No.3-2024,Asad Ejaz Butt,,,https://pide.org.pk/research/a-practical-guide-for-policy-analysis-the-eightfold-path-to-more-effective-book-review/,https://file.pide.org.pk/pdfpdr/2024/475-477.pdf,,,pdfs/2024/10/475-477.pdf,data/fulltext/a-practical-guide-for-policy-analysis-the-eightfold-path-to-more-effective-book-review.txt,1229
building-bridges,Building bridges,2024-10-15,2024-10,2024,PIDE in Press,PIDE in Press,Nasir Iqbal,,,https://pide.org.pk/research/building-bridges/,https://file.pide.org.pk/pdfpideinpress/pip-building-bridges.pdf,,,pdfs/2024/10/pip-building-bridges.pdf,data/fulltext/building-bridges.txt,1040
why-the-sco-meeting-matters,Why the SCO meeting matters,2024-10-14,2024-10,2024,PIDE in Press,PIDE in Press,Maria Jawad Khan,,,https://pide.org.pk/research/why-the-sco-meeting-matters/,https://file.pide.org.pk/pdfpideinpress/pip-why-the-sco-meeting-matters.pdf,,,pdfs/2024/10/pip-why-the-sco-meeting-matters.pdf,data/fulltext/why-the-sco-meeting-matters.txt,872
pakistans-stunted-business-landscape-needs-a-revamp,Pakistan’s stunted business landscape needs a revamp,2024-10-14,2024-10,2024,PIDE in Press,PIDE in Press,Anjeela Khurram,,,https://pide.org.pk/research/pakistans-stunted-business-landscape-needs-a-revamp/,https://file.pide.org.pk/pdfpideinpress/pip-pakistans-stunted-business-landscape-needs-a-revamp.pdf,,,pdfs/2024/10/pip-pakistans-stunted-business-landscape-needs-a-revamp.pdf,data/fulltext/pakistans-stunted-business-landscape-needs-a-revamp.txt,1032
lifeline-of-balochistan,Lifeline of Balochistan,2024-10-11,2024-10,2024,PIDE in Press,PIDE in Press,Ajmal Kakar,,,https://pide.org.pk/research/lifeline-of-balochistan/,https://file.pide.org.pk/pdfpideinpress/pip-lifeline-of-balochistan.pdf,,,pdfs/2024/10/pip-lifeline-of-balochistan.pdf,data/fulltext/lifeline-of-balochistan.txt,984
reimagining-the-poverty-debate,Reimagining the poverty debate,2024-10-09,2024-10,2024,PIDE in Press,PIDE in Press,Nasir Iqbal,,,https://pide.org.pk/research/reimagining-the-poverty-debate/,https://file.pide.org.pk/pdfpideinpress/pip-reimagining-the-poverty-debate.pdf,,,pdfs/2024/10/pip-reimagining-the-poverty-debate.pdf,data/fulltext/reimagining-the-poverty-debate.txt,1141
pakistans-population-boom-shaping-a-future-powerhouse,Pakistan’s population boom: shaping a future powerhouse,2024-10-09,2024-10,2024,PIDE in Press,PIDE in Press,Abbas Murtaza Maken,,,https://pide.org.pk/research/pakistans-population-boom-shaping-a-future-powerhouse/,https://file.pide.org.pk/pdfpideinpress/pip-pakistans-population-boom-shaping-a-future-powerhouse.pdf,,,pdfs/2024/10/pip-pakistans-population-boom-shaping-a-future-powerhouse.pdf,data/fulltext/pakistans-population-boom-shaping-a-future-powerhouse.txt,1158
media-coverage-pide-festschrift-celebrating-five-years-of-reason-rigor-research,"Media Coverage: PIDE FESTSCHRIFT, Celebrating Five Years of Reason, Rigor & Research",2024-10-08,2024-10,2024,PIDE in Press,PIDE in Press,PIDE,,,https://pide.org.pk/research/media-coverage-pide-festschrift-celebrating-five-years-of-reason-rigor-research/,https://file.pide.org.pk/pdfpideinpress/pip-media-coverage-pide-festschrift-celebrating-five-years-of-reason-rigor-research.pdf,,,pdfs/2024/10/pip-media-coverage-pide-festschrift-celebrating-five-years-of-reason-rigor-research.pdf,data/fulltext/media-coverage-pide-festschrift-celebrating-five-years-of-reason-rigor-research.txt,41
driving-backwards-what-is-wrong-with-pakistans-automobile-industry,Driving Backwards: What is Wrong with Pakistan’s Automobile Industry?,2024-10-08,2024-10,2024,Book,Recent Publications; Books; Center for Industry‚ Trade &amp; Digital Economy,Usman Qadir; Mohammad Shaaf Najib; Saddam Hussein; Mohammad Armughan; Abid Rehman; Anjeela Khurram; Saba Anwar,Competitiveness; Localisation; Global Value Chain; On money; Electric Vehicles,,https://pide.org.pk/research/driving-backwards-what-is-wrong-with-pakistans-automobile-industry/,https://file.pide.org.pk/pdfpideresearch/book-driving-backwards-what-is-wrong-with-pakistans-automobile-industry.pdf,,,pdfs/2024/10/book-driving-backwards-what-is-wrong-with-pakistans-automobile-industry.pdf,data/fulltext/driving-backwards-what-is-wrong-with-pakistans-automobile-industry.txt,1980
the-untapped-value-of-water,The untapped value of water,2024-10-03,2024-10,2024,PIDE in Press,PIDE in Press,Muhammad Faisal Ali,,,https://pide.org.pk/research/the-untapped-value-of-water/,https://file.pide.org.pk/pdfpideinpress/pip-the-untapped-value-of-water.pdf,,,pdfs/2024/10/pip-the-untapped-value-of-water.pdf,data/fulltext/the-untapped-value-of-water.txt,967
brain-drain-in-pakistan-causes-consequences-and-way-forward,"Brain drain in Pakistan: causes, consequences and way forward",2024-10-02,2024-10,2024,PIDE in Press,PIDE in Press,Henna Ahsan,,,https://pide.org.pk/research/brain-drain-in-pakistan-causes-consequences-and-way-forward/,https://file.pide.org.pk/pdfpideinpress/pip-brain-drain-in-pakistan-causes-consequences-and-way-forward.pdf,,,pdfs/2024/10/pip-brain-drain-in-pakistan-causes-consequences-and-way-forward.pdf,data/fulltext/brain-drain-in-pakistan-causes-consequences-and-way-forward.txt,891
will-the-import-ban-prove-its-effectiveness-2,Will The Import Ban Prove Its Effectiveness?,2024-10-01,2024-10,2024,PDR,PDR; 2024; Special Policy Supplement,Mohammad Shaaf Najib,,,https://pide.org.pk/research/will-the-import-ban-prove-its-effectiveness-2/,https://file.pide.org.pk/pdfpdr/2024/special-policy-supplement/63-66.pdf,,,pdfs/2024/10/63-66.pdf,data/fulltext/will-the-import-ban-prove-its-effectiveness-2.txt,1836
using-cash-transfer-programmes-to-get-children-back-to-school-from-work,Using Cash Transfer Programmes to Get Children  Back to School from Work,2024-10-01,2024-10,2024,PDR,PDR; 2024; Special Policy Supplement,Nasir Iqbal,,,https://pide.org.pk/research/using-cash-transfer-programmes-to-get-children-back-to-school-from-work/,https://file.pide.org.pk/pdfpdr/2024/special-policy-supplement/9-12.pdf,,,pdfs/2024/10/9-12.pdf,data/fulltext/using-cash-transfer-programmes-to-get-children-back-to-school-from-work.txt,1503
understanding-the-provincial-generational-economy-for-improved-policy-making,Understanding the Provincial Generational Economy for Improved Policy-making,2024-10-01,2024-10,2024,PDR,PDR; 2024; Special Policy Supplement,Durr-e-Nayab; Nabila Kunwal,,,https://pide.org.pk/research/understanding-the-provincial-generational-economy-for-improved-policy-making/,https://file.pide.org.pk/pdfpdr/2024/special-policy-supplement/77-81.pdf,,,pdfs/2024/10/77-81.pdf,data/fulltext/understanding-the-provincial-generational-economy-for-improved-policy-making.txt,1465
unconditional-cash-transfer-and-poverty-alleviation-in-pakistan-bisps-impact-on-households-socioeconomic-wellbeing-2,Unconditional Cash Transfer and Poverty Alleviation in Pakistan: BISPs Impact on  Households’ Socioeconomic Wellbeing,2024-10-01,2024-10,2024,PDR,2024; Special Policy Supplement,Durr-e-Nayab; Shujaat Farooq,,,https://pide.org.pk/research/unconditional-cash-transfer-and-poverty-alleviation-in-pakistan-bisps-impact-on-households-socioeconomic-wellbeing-2/,https://file.pide.org.pk/pdfpdr/2024/special-policy-supplement/1-8.pdf,,,pdfs/2024/10/1-8.pdf,data/fulltext/unconditional-cash-transfer-and-poverty-alleviation-in-pakistan-bisps-impact-on-households-socioeconomic-wellbeing-2.txt,2182
the-biased-nature-of-the-corruption-perception-index-2,The Biased Nature of the Corruption Perception Index,2024-10-01,2024-10,2024,PDR,PDR; 2024; Special Policy Supplement,Abida Naurin,,,https://pide.org.pk/research/the-biased-nature-of-the-corruption-perception-index-2/,https://file.pide.org.pk/pdfpdr/2024/special-policy-supplement/67-72.pdf,,,pdfs/2024/10/67-72.pdf,data/fulltext/the-biased-nature-of-the-corruption-perception-index-2.txt,1763
special-policy-supplement,Special Policy Supplement,2024-10-01,2024-10,2024,PDR,Recent Publications; PDR issue; 2024; Special Policy Supplement,,,,https://pide.org.pk/research/special-policy-supplement/,https://file.pide.org.pk/pdfpdr/issue/pdr-2024-special-policy-supplement.pdf,https://file.pide.org.pk/pdfpdr/2024/special-policy-supplement/1-8.pdf; https://file.pide.org.pk/pdfpdr/2024/special-policy-supplement/9-12.pdf; https://file.pide.org.pk/pdfpdr/2024/special-policy-supplement/13-16.pdf; https://file.pide.org.pk/pdfpdr/2024/special-policy-supplement/17-20.pdf; https://file.pide.org.pk/pdfpdr/2024/special-policy-supplement/21-24.pdf; https://file.pide.org.pk/pdfpdr/2024/special-policy-supplement/25-32.pdf; https://file.pide.org.pk/pdfpdr/2024/special-policy-supplement/33-40.pdf; https://file.pide.org.pk/pdfpdr/2024/special-policy-supplement/41-46.pdf; https://file.pide.org.pk/pdfpdr/2024/special-policy-supplement/47-52.pdf; https://file.pide.org.pk/pdfpdr/2024/special-policy-supplement/53-56.pdf; https://file.pide.org.pk/pdfpdr/2024/special-policy-supplement/57-62.pdf; https://file.pide.org.pk/pdfpdr/2024/special-policy-supplement/63-66.pdf; https://file.pide.org.pk/pdfpdr/2024/special-policy-supplement/67-72.pdf; https://file.pide.org.pk/pdfpdr/2024/special-policy-supplement/73-76.pdf; https://file.pide.org.pk/pdfpdr/2024/special-policy-supplement/77-81.pdf; https://file.pide.org.pk/pdfpdr/2024/special-policy-supplement/83-88.pdf,,pdfs/2024/10/pdr-2024-special-policy-supplement.pdf,,0
rethinking-the-development-model,Rethinking the Development Model,2024-10-01,2024-10,2024,PDR,PDR; 2024; Special Policy Supplement,Ahmed Waqar Qasim,,,https://pide.org.pk/research/rethinking-the-development-model/,https://file.pide.org.pk/pdfpdr/2024/special-policy-supplement/41-46.pdf,,,pdfs/2024/10/41-46.pdf,data/fulltext/rethinking-the-development-model.txt,1590
rethinking-growth-model-from-hardware-to-software,Rethinking Growth Model: From  Hardware to Software,2024-10-01,2024-10,2024,PDR,PDR; 2024; Special Policy Supplement,Idrees Khawaja,,,https://pide.org.pk/research/rethinking-growth-model-from-hardware-to-software/,https://file.pide.org.pk/pdfpdr/2024/special-policy-supplement/25-32.pdf,,,pdfs/2024/10/25-32.pdf,data/fulltext/rethinking-growth-model-from-hardware-to-software.txt,1027
reforming-the-civil-service-compensation-in-pakistan,Reforming the Civil Service Compensation  in Pakistan,2024-10-01,2024-10,2024,PDR,PDR; 2024; Special Policy Supplement,Omer Siddique; Naseem Faraz,,,https://pide.org.pk/research/reforming-the-civil-service-compensation-in-pakistan/,https://file.pide.org.pk/pdfpdr/2024/special-policy-supplement/17-20.pdf,,,pdfs/2024/10/17-20.pdf,data/fulltext/reforming-the-civil-service-compensation-in-pakistan.txt,1645
power-sector-effective-regulation-not-regulatory-burden-2,Power Sector: Effective Regulation Not Regulatory Burden,2024-10-01,2024-10,2024,PDR,PDR; 2024; Special Policy Supplement,Afia Malik,,,https://pide.org.pk/research/power-sector-effective-regulation-not-regulatory-burden-2/,https://file.pide.org.pk/pdfpdr/2024/special-policy-supplement/53-56.pdf,,,pdfs/2024/10/53-56.pdf,data/fulltext/power-sector-effective-regulation-not-regulatory-burden-2.txt,1384
policy-framework-for-vaccinating-all-2,Policy Framework for Vaccinating All,2024-10-01,2024-10,2024,PDR,PDR; 2024; Special Policy Supplement,Nasir Iqbal,,,https://pide.org.pk/research/policy-framework-for-vaccinating-all-2/,https://file.pide.org.pk/pdfpdr/2024/special-policy-supplement/13-16.pdf,,,pdfs/2024/10/13-16.pdf,data/fulltext/policy-framework-for-vaccinating-all-2.txt,1574
making-sehat-sahulat-programme-sustainable,Making Sehat Sahulat Programme Sustainable,2024-10-01,2024-10,2024,PDR,PDR; 2024; Special Policy Supplement,Shujaat Farooq; Nabila Kunwal,,,https://pide.org.pk/research/making-sehat-sahulat-programme-sustainable/,https://file.pide.org.pk/pdfpdr/2024/special-policy-supplement/83-88.pdf,,,pdfs/2024/10/83-88.pdf,data/fulltext/making-sehat-sahulat-programme-sustainable.txt,1377
investigating-the-role-of-formal-credit-in-promoting-rural-regional-transformation-in-pakistan-suggestions-and-way-forward,Investigating the Role of Formal Credit in Promoting Rural-Regional Transformation in Pakistan: Suggestions and Way Forward,2024-10-01,2024-10,2024,Policy Viewpoint,Recent Publications; Policy Viewpoint; Center for Agriculture‚ Climate Change and Rural Economy; Center for Social and Behavioral Analysis,Abedullah Anjum; Shujaat Farooq,,,https://pide.org.pk/research/investigating-the-role-of-formal-credit-in-promoting-rural-regional-transformation-in-pakistan-suggestions-and-way-forward/,https://file.pide.org.pk/pdfpideresearch/pv-2024-investigating-the-role-of-formal-credit-in-promoting-rural-regional-transformation-in-pakistan-suggestions-and-way-forward.pdf,,,pdfs/2024/10/pv-2024-investigating-the-role-of-formal-credit-in-promoting-rural-regional-transformation-in-pakistan-suggestions-and-way-forward.pdf,data/fulltext/investigating-the-role-of-formal-credit-in-promoting-rural-regional-transformation-in-pakistan-suggestions-and-way-forward.txt,3332
invest-in-future-prioritising-youth-family-planning,Invest in Future: Prioritising Youth Family Planning,2024-10-01,2024-10,2024,PDR,PDR; 2024; Special Policy Supplement,Saima Bashir,,,https://pide.org.pk/research/invest-in-future-prioritising-youth-family-planning/,https://file.pide.org.pk/pdfpdr/2024/special-policy-supplement/57-62.pdf,,,pdfs/2024/10/57-62.pdf,data/fulltext/invest-in-future-prioritising-youth-family-planning.txt,1514
internets-access-in-pakistan-issues-and-way-forward,Internet’s Access in Pakistan: Issues and Way Forward,2024-10-01,2024-10,2024,PDR,PDR; 2024; Special Policy Supplement,Shujaat Farooq,,,https://pide.org.pk/research/internets-access-in-pakistan-issues-and-way-forward/,https://file.pide.org.pk/pdfpdr/2024/special-policy-supplement/33-40.pdf,,,pdfs/2024/10/33-40.pdf,data/fulltext/internets-access-in-pakistan-issues-and-way-forward.txt,2120
internet-for-all-8,Internet for All,2024-10-01,2024-10,2024,PDR,PDR; 2024; Special Policy Supplement,Saba Anwar; Unbreen Qayyum,,,https://pide.org.pk/research/internet-for-all-8/,https://file.pide.org.pk/pdfpdr/2024/special-policy-supplement/21-24.pdf,,,pdfs/2024/10/21-24.pdf,data/fulltext/internet-for-all-8.txt,1496
fiscal-federalism-in-pakistan-need-for-a-revisit-2,Fiscal Federalism in Pakistan: Need for a Revisit,2024-10-01,2024-10,2024,PDR,PDR; 2024; Special Policy Supplement,Iftikhar Ahmad; Nasir Iqbal; Mahmood Khalid,,,https://pide.org.pk/research/fiscal-federalism-in-pakistan-need-for-a-revisit-2/,https://file.pide.org.pk/pdfpdr/2024/special-policy-supplement/47-52.pdf,,,pdfs/2024/10/47-52.pdf,data/fulltext/fiscal-federalism-in-pakistan-need-for-a-revisit-2.txt,1861
counting-womens-unpaid-care-work-in-pakistan-2,Counting Women’s Unpaid Care Work in Pakistan,2024-10-01,2024-10,2024,PDR,PDR; 2024; Special Policy Supplement,Durr-e-Nayab; Nabila Kunwal,,,https://pide.org.pk/research/counting-womens-unpaid-care-work-in-pakistan-2/,https://file.pide.org.pk/pdfpdr/2024/special-policy-supplement/73-76.pdf,https://file.pide.org.pk/pdfpdr/2024/special-policy-supplement/77-81.pdf,,pdfs/2024/10/73-76.pdf,data/fulltext/counting-womens-unpaid-care-work-in-pakistan-2.txt,540
review-of-major-development-initiatives-in-punjab,Review Of Major Development Initiatives In Punjab,2024-09-30,2024-09,2024,Monograph Series,Recent Publications; Monograph Series; Center for Governance‚ Markets and Regulatory Analysis,Sobia Rose; Tehmina Asad; Yasir Zada Khan,,,https://pide.org.pk/research/review-of-major-development-initiatives-in-punjab/,https://file.pide.org.pk/pdfpideresearch/ms-12-review-of-major-development-initiatives-in-punjab.pdf,,,pdfs/2024/09/ms-12-review-of-major-development-initiatives-in-punjab.pdf,data/fulltext/review-of-major-development-initiatives-in-punjab.txt,575
stunted-governance-stunted-economy,"Stunted governance, stunted economy",2024-09-27,2024-09,2024,PIDE in Press,PIDE in Press,Anjeela Khurram,,,https://pide.org.pk/research/stunted-governance-stunted-economy/,https://file.pide.org.pk/pdfpideinpress/pip-stunted-governance-stunted-economy.pdf,,,pdfs/2024/09/pip-stunted-governance-stunted-economy.pdf,data/fulltext/stunted-governance-stunted-economy.txt,772
media-coverage-modernizing-governance-challenges-and-solutions-in-pakistans-rules-of-business-and-secretariat-instructions,Media Coverage  Modernizing Governance: Challenges And Solutions In Pakistan’s Rules Of  Business And Secretariat Instructions,2024-09-25,2024-09,2024,PIDE in Press,PIDE in Press,,,,https://pide.org.pk/research/media-coverage-modernizing-governance-challenges-and-solutions-in-pakistans-rules-of-business-and-secretariat-instructions/,https://file.pide.org.pk/pdfpideinpress/pip-media-coverage-modernizing-goverment.pdf,,,pdfs/2024/09/pip-media-coverage-modernizing-goverment.pdf,data/fulltext/media-coverage-modernizing-governance-challenges-and-solutions-in-pakistans-rules-of-business-and-secretariat-instructions.txt,33
slow-and-unresponsive-governance,Slow And Unresponsive Governance,2024-09-24,2024-09,2024,PIDE in Press,PIDE in Press,Business Recorder,,,https://pide.org.pk/research/slow-and-unresponsive-governance/,https://file.pide.org.pk/pdfpideinpress/pip-slow-and-unresponsive-governance.pdf,,,pdfs/2024/09/pip-slow-and-unresponsive-governance.pdf,data/fulltext/slow-and-unresponsive-governance.txt,623
pakistans-dual-crisis-conflict-and-climate,Pakistan’s Dual Crisis: Conflict And Climate,2024-09-24,2024-09,2024,PIDE in Press,PIDE in Press,Maria Jawad Khan,,,https://pide.org.pk/research/pakistans-dual-crisis-conflict-and-climate/,https://file.pide.org.pk/pdfpideinpress/pip-pakistans-dual-crisis-conflict-and-climate.pdf,,,pdfs/2024/09/pip-pakistans-dual-crisis-conflict-and-climate.pdf,data/fulltext/pakistans-dual-crisis-conflict-and-climate.txt,991
a-collection-of-theses-on-sustainable-public-transport,A Collection of Theses on Sustainable Public Transport,2024-09-20,2024-09,2024,Book,Recent Publications; Books; Center for Energy‚ Logistics‚ and Infrastructure,,,,https://pide.org.pk/research/a-collection-of-theses-on-sustainable-public-transport/,https://file.pide.org.pk/pdfpideresearch/book-a-collection-of-theses-on-sustainable-public-transport.pdf,,,pdfs/2024/09/book-a-collection-of-theses-on-sustainable-public-transport.pdf,data/fulltext/a-collection-of-theses-on-sustainable-public-transport.txt,2664
endless-cycle-of-relief,Endless cycle of ‘relief’,2024-09-18,2024-09,2024,PIDE in Press,PIDE in Press,Nadeem Ul Haque,,,https://pide.org.pk/research/endless-cycle-of-relief/,https://file.pide.org.pk/pdfpideinpress/pip-endless-cycle-of-relief.pdf,,,pdfs/2024/09/pip-endless-cycle-of-relief.pdf,data/fulltext/endless-cycle-of-relief.txt,981
dairy-sector-facing-the-challenge-of-unsustainable-productivity,Dairy sector facing the challenge of unsustainable productivity,2024-09-18,2024-09,2024,PIDE in Press,PIDE in Press,Abdus Sattar,,,https://pide.org.pk/research/dairy-sector-facing-the-challenge-of-unsustainable-productivity/,https://file.pide.org.pk/pdfpideinpress/pip-dairy-sector-facing-the-challenge-of-unsustainable-productivity.pdf,,,pdfs/2024/09/pip-dairy-sector-facing-the-challenge-of-unsustainable-productivity.pdf,data/fulltext/dairy-sector-facing-the-challenge-of-unsustainable-productivity.txt,1427
the-hidden-price-of-protectionism-pakistans-tariff-trap,The Hidden Price Of Protectionism: Pakistan’s Tariff Trap,2024-09-12,2024-09,2024,PIDE in Press,PIDE in Press,Abbas Murtaza Maken,,,https://pide.org.pk/research/the-hidden-price-of-protectionism-pakistans-tariff-trap/,https://file.pide.org.pk/pdfpideinpress/pip-the-hidden-price-of-protectionism-pakistans-tariff-trap.pdf,,,pdfs/2024/09/pip-the-hidden-price-of-protectionism-pakistans-tariff-trap.pdf,data/fulltext/the-hidden-price-of-protectionism-pakistans-tariff-trap.txt,1091
unveiling-the-hidden-costs-of-economic-inefficiencies-in-pakistan,Unveiling the Hidden Costs of Economic Inefficiencies in Pakistan,2024-09-10,2024-09,2024,Costonomics,Recent Publications; Costonomics; Center for Governance‚ Markets and Regulatory Analysis,Abbas Murtaza Maken; Mohammad Shaaf Najib; Uzma Zia; Saddam Hussein; Muhammad Jehangir Khan; Junaid Ahmed; Muhammad Faisal Ali; Abedullah Anjum; Muhammad Zeshan,,,https://pide.org.pk/research/unveiling-the-hidden-costs-of-economic-inefficiencies-in-pakistan/,https://file.pide.org.pk/pdfpideresearch/ccr-unveiling-the-hidden-costs-of-economic-inefficiencies-in-pakistan.pdf,,,pdfs/2024/09/ccr-unveiling-the-hidden-costs-of-economic-inefficiencies-in-pakistan.pdf,data/fulltext/unveiling-the-hidden-costs-of-economic-inefficiencies-in-pakistan.txt,1018
riding-the-gvc-wave,Riding the GVC wave,2024-09-10,2024-09,2024,PIDE in Press,PIDE in Press,Muhammad Zeeshan Arif,,,https://pide.org.pk/research/riding-the-gvc-wave/,https://file.pide.org.pk/pdfpideinpress/pip-riding-the-gvc-wave.pdf,,,pdfs/2024/09/pip-riding-the-gvc-wave.pdf,data/fulltext/riding-the-gvc-wave.txt,768
pakistans-influence-from-regional-growth-to-global-shifts,Pakistan’s Influence From  Regional Growth To Global Shifts,2024-09-10,2024-09,2024,Infographics,Infographics; Center for Industry‚ Trade &amp; Digital Economy,Abbas Murtaza Maken,,,https://pide.org.pk/research/pakistans-influence-from-regional-growth-to-global-shifts/,https://file.pide.org.pk/uploads/ig-03-pakistans-influence-from-regional-growth-to-global-shifts.pdf,,,pdfs/2024/09/ig-03-pakistans-influence-from-regional-growth-to-global-shifts.pdf,,0
from-crisis-to-reforms-in-argentina-learning-for-pakistan,From Crisis to Reforms in Argentina: Learning for Pakistan,2024-09-10,2024-09,2024,Knowledge Brief,Recent Publications; Knowledge Brief,Nadeem Ul Haque; Nasir Iqbal,,,https://pide.org.pk/research/from-crisis-to-reforms-in-argentina-learning-for-pakistan/,https://file.pide.org.pk/pdfpideresearch/kb-128-from-crisis-to-reforms-in-argentina-learning-for-pakistan.pdf,,,pdfs/2024/09/kb-128-from-crisis-to-reforms-in-argentina-learning-for-pakistan.pdf,data/fulltext/from-crisis-to-reforms-in-argentina-learning-for-pakistan.txt,3883
the-economy-of-sacrificed-animals,The Economy of Sacrificed Animals,2024-09-09,2024-09,2024,Knowledge Brief,Recent Publications; Knowledge Brief; Center for Agriculture‚ Climate Change and Rural Economy,Muhammad Faisal Ali,,,https://pide.org.pk/research/the-economy-of-sacrificed-animals/,https://file.pide.org.pk/pdfpideresearch/kb-126-the-economy-of-sacrificed-animals.pdf,,,pdfs/2024/09/kb-126-the-economy-of-sacrificed-animals.pdf,data/fulltext/the-economy-of-sacrificed-animals.txt,1590
tax-reforms-revenue-with-growth,Tax Reforms Revenue With Growth,2024-09-09,2024-09,2024,Research Reports,Recent Publications; Research Report; Macro Policy Lab; Center for Governance‚ Markets and Regulatory Analysis,Nadeem Ul Haque; Ali Salman; Shahid H. Kardar; Syed Shabbar Zaidi; Ikram ul Haq; Manzoor Ahmad; Nasir Iqbal; Mahmood Khalid; Khalil Ahmad,,,https://pide.org.pk/research/tax-reforms-revenue-with-growth/,https://file.pide.org.pk/pdfpideresearch/rr-tax-reforms-revenue-with-growth.pdf,,,pdfs/2024/09/rr-tax-reforms-revenue-with-growth.pdf,data/fulltext/tax-reforms-revenue-with-growth.txt,602
energy-efficiency-prospects-in-the-textile-sector,Energy Efficiency Prospects in the Textile Sector,2024-09-09,2024-09,2024,Knowledge Brief,Recent Publications; Knowledge Brief; Center for Industry‚ Trade &amp; Digital Economy; Center for Energy‚ Logistics‚ and Infrastructure,Anjeela Khurram; Uzma Zia,,,https://pide.org.pk/research/energy-efficiency-prospects-in-the-textile-sector/,https://file.pide.org.pk/pdfpideresearch/kb-127-energy-efficiency-prospects-in-the-textile-sector.pdf,https://www.pide.org.pk/Research/Regionally-Competitive-Energy-Tariffs.pdf,https://aptma.org.pk/wp-content/uploads/2023/07/APTMA-Management-Report-June-2023-without-Accounts-and-with-Attachments.pdf; https://www.pc.gov.pk/uploads/report/IEP_Outlook_Final.pdf; https://www.undp.org/sites/g/files/zskgke326/files/migration/pk/National-Action-Plan---Final-28th-Nov-2019.pdf; https://dukespace.lib.duke.edu/dspace/bitstream/handle/10161/24906/Assessing%20Industrial%20Energy%20Transition%20in%20Pakistan%27s%20Textile%20Sector.pdf; https://neeca.gov.pk/SiteImage/Downloads/DRAFT%20NEEC%20ACTION%20PLAN%202023-2030.pdf,pdfs/2024/09/kb-127-energy-efficiency-prospects-in-the-textile-sector.pdf,data/fulltext/energy-efficiency-prospects-in-the-textile-sector.txt,2240
border-trade-in-balochistan,Border trade in Balochistan,2024-09-08,2024-09,2024,PIDE in Press,PIDE in Press,Ajmal Kakar,,,https://pide.org.pk/research/border-trade-in-balochistan/,https://file.pide.org.pk/pdfpideinpress/pip-border-trade-in-balochistan.pdf,,,pdfs/2024/09/pip-border-trade-in-balochistan.pdf,data/fulltext/border-trade-in-balochistan.txt,1113
modernizing-governance-challenges-and-solutions-in-pakistans-rules-of-business-and-secretariat-instructions,Modernizing Governance: Challenges and Solutions in Pakistan’s Rules of Business and Secretariat Instructions,2024-09-06,2024-09,2024,Research Reports,Recent Publications; Research Report; Center for Governance‚ Markets and Regulatory Analysis,Nadeem Ul Haque; Nadeem Ahmed Khan; Khurram Ellahi Khan; Hassan Rasool,,,https://pide.org.pk/research/modernizing-governance-challenges-and-solutions-in-pakistans-rules-of-business-and-secretariat-instructions/,https://file.pide.org.pk/pdfpideresearch/rr-modernizing-governance-challenges-and-solutions-in-pakistans-rules-of-business-and-secretariat-instructions.pdf,,,pdfs/2024/09/rr-modernizing-governance-challenges-and-solutions-in-pakistans-rules-of-business-and-secretariat-instructions.pdf,data/fulltext/modernizing-governance-challenges-and-solutions-in-pakistans-rules-of-business-and-secretariat-instructions.txt,835
media-coverage-of-4th-rasta-conference,Media Coverage of 4th Rasta Conference,2024-09-06,2024-09,2024,PIDE in Press,PIDE in Press,,,,https://pide.org.pk/research/media-coverage-of-4th-rasta-conference/,https://file.pide.org.pk/pdfpideinpress/media-coverage-of-4th-rasta-conference.pdf,,,pdfs/2024/09/media-coverage-of-4th-rasta-conference.pdf,data/fulltext/media-coverage-of-4th-rasta-conference.txt,29
newsletter-may-june-july-2024,"Newsletter: May, June, July 2024",2024-09-05,2024-09,2024,Newsletter,Newsletter,Afia Malik; Ghulam Mustafa,,,https://pide.org.pk/research/newsletter-may-june-july-2024/,https://file.pide.org.pk/pdfpideresearch/nl-may-june-July-newsletter-2024.pdf,,,pdfs/2024/09/nl-may-june-July-newsletter-2024.pdf,,0
echoes-from-twitter-x-public-opinion-on-pakistans-socio-economic-issues,Echoes from Twitter/X: Public Opinion on Pakistan’s Socio-Economic Issues,2024-09-05,2024-09,2024,Research Reports,Recent Publications; Research Report; Center for Industry‚ Trade &amp; Digital Economy,Nadeem Ul Haque,,,https://pide.org.pk/research/echoes-from-twitter-x-public-opinion-on-pakistans-socio-economic-issues/,https://file.pide.org.pk/pdfpideresearch/rr-echoes-from-twitter-x-public-opinion-on-pakistans-socio-economic-issues.pdf,,,pdfs/2024/09/rr-echoes-from-twitter-x-public-opinion-on-pakistans-socio-economic-issues.pdf,data/fulltext/echoes-from-twitter-x-public-opinion-on-pakistans-socio-economic-issues.txt,1146
the-power-struggle-navigating-pakistans-energy-crisis,The power struggle: navigating Pakistan’s energy crisis,2024-09-04,2024-09,2024,PIDE in Press,PIDE in Press,Afia Malik; Ayesha Rehman,,,https://pide.org.pk/research/the-power-struggle-navigating-pakistans-energy-crisis/,https://file.pide.org.pk/pdfpideinpress/pip-the-power-struggle-navigating-pakistan's-energy-crisis.pdf,,,pdfs/2024/09/pip-the-power-struggle-navigating-pakistan's-energy-crisis.pdf,data/fulltext/the-power-struggle-navigating-pakistans-energy-crisis.txt,1058
linchpin-reform,Linchpin reform,2024-08-31,2024-08,2024,PIDE in Press,PIDE in Press,Nadeem Ul Haque,,,https://pide.org.pk/research/linchpin-reform/,https://file.pide.org.pk/pdfpideinpress/pip-linchpin-reform.pdf,,,pdfs/2024/08/pip-linchpin-reform.pdf,data/fulltext/linchpin-reform.txt,1025
tech-glitches-economy-twitches,"Tech glitches, economy twitches",2024-08-29,2024-08,2024,PIDE in Press,PIDE in Press,Iqra Munawar,,,https://pide.org.pk/research/tech-glitches-economy-twitches/,https://file.pide.org.pk/pdfpideinpress/pip-tech-glitches-economy-twitches.pdf,,,pdfs/2024/08/pip-tech-glitches-economy-twitches.pdf,data/fulltext/tech-glitches-economy-twitches.txt,683
land-titles-a-missing-basic-elemental-of-the-real-estate-market,Land Titles: A Missing Basic Elemental Of The Real Estate Market,2024-08-29,2024-08,2024,Knowledge Brief,Recent Publications; Knowledge Brief; Center for Governance‚ Markets and Regulatory Analysis,Azwar Muhammad Aslam; Ahmed Waqar Qasim,,,https://pide.org.pk/research/land-titles-a-missing-basic-elemental-of-the-real-estate-market/,https://file.pide.org.pk/pdfpideresearch/kb-125-land-titles-a-missing-basic-elemental-of-the-real-estate-market.pdf,,,pdfs/2024/08/kb-125-land-titles-a-missing-basic-elemental-of-the-real-estate-market.pdf,data/fulltext/land-titles-a-missing-basic-elemental-of-the-real-estate-market.txt,4174
unlocking-state-captured-real-estate-the-case-of-islamabad,Unlocking State-captured Real Estate – The Case Of Islamabad,2024-08-26,2024-08,2024,Research Reports,Recent Publications; Research Report; Center for Governance‚ Markets and Regulatory Analysis,Nadeem Ul Haque; Azwar Muhammad Aslam; Ahmed Waqar Qasim,,,https://pide.org.pk/research/unlocking-state-captured-real-estate-the-case-of-islamabad/,https://file.pide.org.pk/pdfpideresearch/rr-unlocking-state-captured-real-estate–the-case-of-islamabad.pdf,,,pdfs/2024/08/rr-unlocking-state-captured-real-estate–the-case-of-islamabad.pdf,data/fulltext/unlocking-state-captured-real-estate-the-case-of-islamabad.txt,1016
the-ipp-deals-that-keep-draining,The IPP deals that keep draining,2024-08-26,2024-08,2024,PIDE in Press,PIDE in Press,Abedullah Anjum; Usama Abdul Rauf,,,https://pide.org.pk/research/the-ipp-deals-that-keep-draining/,https://file.pide.org.pk/pdfpideinpress/pip-the-ipp-deals-that-keep-draining.pdf,,,pdfs/2024/08/pip-the-ipp-deals-that-keep-draining.pdf,data/fulltext/the-ipp-deals-that-keep-draining.txt,780
unlocking-the-global-potential-of-pakistani-mangoes,Unlocking the global potential of  Pakistani mangoes,2024-08-20,2024-08,2024,PIDE in Press,PIDE in Press,Muhammad Junaid,,,https://pide.org.pk/research/unlocking-the-global-potential-of-pakistani-mangoes/,https://file.pide.org.pk/pdfpideinpress/pip-unlocking-the-global-potential-of-pakistani-mangoes.pdf,,,pdfs/2024/08/pip-unlocking-the-global-potential-of-pakistani-mangoes.pdf,data/fulltext/unlocking-the-global-potential-of-pakistani-mangoes.txt,834
when-help-becomes-a-handicap,When help becomes a handicap,2024-08-19,2024-08,2024,PIDE in Press,PIDE in Press,Nadeem Ul Haque; Durr-e-Nayab,,,https://pide.org.pk/research/when-help-becomes-a-handicap/,https://file.pide.org.pk/pdfpideinpress/pip-when-help-becomes-a-handicap.pdf,,,pdfs/2024/08/pip-when-help-becomes-a-handicap.pdf,data/fulltext/when-help-becomes-a-handicap.txt,1036
wheels-of-change-tracing-pakistans-automotive-evolution-through-political-economy-and-technology-acquisition,Wheels Of Change: Tracing Pakistan’s Automotive Evolution Through Political Economy And Technology Acquisition,2024-08-19,2024-08,2024,Book,Recent Publications; Books; Center for Industry‚ Trade &amp; Digital Economy,Usman Qadir,,,https://pide.org.pk/research/wheels-of-change-tracing-pakistans-automotive-evolution-through-political-economy-and-technology-acquisition/,https://file.pide.org.pk/pdfpideresearch/book-wheels-of-change-tracing-pakistans-automotive-evolution-through-political-economy-and-technology-acquisition.pdf,,,pdfs/2024/08/book-wheels-of-change-tracing-pakistans-automotive-evolution-through-political-economy-and-technology-acquisition.pdf,data/fulltext/wheels-of-change-tracing-pakistans-automotive-evolution-through-political-economy-and-technology-acquisition.txt,1808
an-enigma-of-net-metering,An Enigma Of Net Metering,2024-08-09,2024-08,2024,Knowledge Brief,Knowledge Brief,Afia Malik; Ayesha Rehman,,,https://pide.org.pk/research/an-enigma-of-net-metering/,https://file.pide.org.pk/pdfpideresearch/kb-124-an-enigma-of-net-metering.pdf,,,pdfs/2024/08/kb-124-an-enigma-of-net-metering.pdf,data/fulltext/an-enigma-of-net-metering.txt,6336
the-cost-of-government-interference-in-agricultural-markets,The Cost of Government Interference in Agricultural Markets,2024-08-07,2024-08,2024,Costonomics,Costonomics; Center for Agriculture‚ Climate Change and Rural Economy,Abedullah Anjum; Muhammad Faisal Ali,,,https://pide.org.pk/research/the-cost-of-government-interference-in-agricultural-markets/,https://file.pide.org.pk/pdfpideresearch/ccr-cost-of-government-interference-in-agricultural-markets.pdf,,,pdfs/2024/08/ccr-cost-of-government-interference-in-agricultural-markets.pdf,data/fulltext/the-cost-of-government-interference-in-agricultural-markets.txt,1980
no-more-saturdays,No more Saturdays?,2024-08-06,2024-08,2024,PIDE in Press,PIDE in Press,Saddam Hussein,,,https://pide.org.pk/research/no-more-saturdays/,https://file.pide.org.pk/pdfpideinpress/pip-no-more-saturdays.pdf,,,pdfs/2024/08/pip-no-more-saturdays.pdf,data/fulltext/no-more-saturdays.txt,978
costs-of-lost-talent-in-pakistan,Costs of Lost Talent in Pakistan,2024-08-06,2024-08,2024,Costonomics,Costonomics; Center for Social and Behavioral Analysis,Muhammad Jehangir Khan; Junaid Ahmed,,,https://pide.org.pk/research/costs-of-lost-talent-in-pakistan/,https://file.pide.org.pk/pdfpideresearch/rrc-costs-of-lost-talent-in-pakistan.pdf,,,pdfs/2024/08/rrc-costs-of-lost-talent-in-pakistan.pdf,data/fulltext/costs-of-lost-talent-in-pakistan.txt,1790
cost-of-protectionism,Cost of Protectionism,2024-08-06,2024-08,2024,Costonomics,Costonomics; Center for Industry‚ Trade &amp; Digital Economy,Abbas Murtaza Maken; Uzma Zia,,,https://pide.org.pk/research/cost-of-protectionism/,https://file.pide.org.pk/pdfpideresearch/rrc-cost-of-protectionism.pdf,,,pdfs/2024/08/rrc-cost-of-protectionism.pdf,data/fulltext/cost-of-protectionism.txt,932
cost-of-contesting-elections-from-multiple-constituencies,Cost of Contesting Elections from Multiple Constituencies,2024-08-06,2024-08,2024,Costonomics,Costonomics; Center for Social and Behavioral Analysis; Center for Governance‚ Markets and Regulatory Analysis,Mohammad Shaaf Najib,,,https://pide.org.pk/research/cost-of-contesting-elections-from-multiple-constituencies/,https://file.pide.org.pk/pdfpideresearch/rrc-cost-of-contesting-elections-from-multiple-constituencies.pdf,,,pdfs/2024/08/rrc-cost-of-contesting-elections-from-multiple-constituencies.pdf,data/fulltext/cost-of-contesting-elections-from-multiple-constituencies.txt,740
cost-of-a-non-competitive-economy,Cost of a Non-Competitive Economy,2024-08-06,2024-08,2024,Costonomics,Costonomics; Macro Policy Lab,Muhammad Zeshan,,,https://pide.org.pk/research/cost-of-a-non-competitive-economy/,https://file.pide.org.pk/pdfpideresearch/rrc-cost-of-a-non-competitive-economy.pdf,,,pdfs/2024/08/rrc-cost-of-a-non-competitive-economy.pdf,data/fulltext/cost-of-a-non-competitive-economy.txt,446
the-power-equation-a-comprehensive-review-of-ntdc,The Power Equation: A Comprehensive Review of NTDC,2024-08-05,2024-08,2024,Research Reports,Recent Publications; Research Report; Center for Energy‚ Logistics‚ and Infrastructure,Afia Malik; Saddam Hussein; Tehmina Asad,,,https://pide.org.pk/research/the-power-equation-a-comprehensive-review-of-ntdc/,https://file.pide.org.pk/pdfpideresearch/rr-the-power-equation-a-comprehensive-review-of-ntdc.pdf,,,pdfs/2024/08/rr-the-power-equation-a-comprehensive-review-of-ntdc.pdf,data/fulltext/the-power-equation-a-comprehensive-review-of-ntdc.txt,620
media-coverage-memorial-of-prof-dr-naqvi,Media Coverage- Memorial of Prof. Dr. Naqvi,2024-08-05,2024-08,2024,PIDE in Press,PIDE in Press,,,,https://pide.org.pk/research/media-coverage-memorial-of-prof-dr-naqvi/,https://file.pide.org.pk/pdfpideinpress/Media%20Coverage-%20Memorial-of-Prof-Dr-Naqvi.pdf,,,pdfs/2024/08/Media%20Coverage-%20Memorial-of-Prof-Dr-Naqvi.pdf,data/fulltext/media-coverage-memorial-of-prof-dr-naqvi.txt,13
media-coverage-chines-delegation-visit-to-pakistan,Media Coverage – Chines Delegation Visit to Pakistan,2024-08-05,2024-08,2024,PIDE in Press,PIDE in Press,,,,https://pide.org.pk/research/media-coverage-chines-delegation-visit-to-pakistan/,https://file.pide.org.pk/pdfpideinpress/Media%20Coverage%20-%20Chines%20Delegation%20Visit%20to%20Pakistan.pdf,,,pdfs/2024/08/Media%20Coverage%20-%20Chines%20Delegation%20Visit%20to%20Pakistan.pdf,data/fulltext/media-coverage-chines-delegation-visit-to-pakistan.txt,42
made-in-pakistan,Made in Pakistan?,2024-08-05,2024-08,2024,PIDE in Press,PIDE in Press,Muhammad Zeshan,,,https://pide.org.pk/research/made-in-pakistan/,https://file.pide.org.pk/pdfpideinpress/pip-made-in-pakistan.pdf,,,pdfs/2024/08/pip-made-in-pakistan.pdf,data/fulltext/made-in-pakistan.txt,983
redefining-urban-spaces,Redefining urban spaces,2024-08-04,2024-08,2024,PIDE in Press,PIDE in Press,Durr-e-Nayab; Nadeem Ul Haque,,,https://pide.org.pk/research/redefining-urban-spaces/,https://file.pide.org.pk/pdfpideinpress/pip-redefining-urban-spaces.pdf,,,pdfs/2024/08/pip-redefining-urban-spaces.pdf,data/fulltext/redefining-urban-spaces.txt,755
where-do-they-spend-my-taxes,Where do they spend my taxes?,2024-08-02,2024-08,2024,Policy and Research,Policy and Research; Discourse 2024-03,Karim Khan; Mahmood Khalid,,,https://pide.org.pk/research/where-do-they-spend-my-taxes/,https://file.pide.org.pk/pdfpideresearch/discourse-2024-3-51-where-do-they-spend-my-taxes.pdf,,,pdfs/2024/08/discourse-2024-3-51-where-do-they-spend-my-taxes.pdf,data/fulltext/where-do-they-spend-my-taxes.txt,1750
time-to-deregulate-2,Time to Deregulate,2024-08-02,2024-08,2024,Policy and Research,Policy and Research; Discourse 2024-03,Anjeela Khurram,,,https://pide.org.pk/research/time-to-deregulate-2/,https://file.pide.org.pk/pdfpideresearch/discourse-2024-3-35-time-to-deregulate.pdf,,,pdfs/2024/08/discourse-2024-3-35-time-to-deregulate.pdf,data/fulltext/time-to-deregulate-2.txt,1211
the-unbearable-cost-of-living,The Unbearable Cost of Living,2024-08-02,2024-08,2024,Policy and Research,Policy and Research; Discourse 2024-03,Henna Ahsan,,,https://pide.org.pk/research/the-unbearable-cost-of-living/,https://file.pide.org.pk/pdfpideresearch/discourse-2024-3-50-the-unbearable-cost-of-living.pdf,,,pdfs/2024/08/discourse-2024-3-50-the-unbearable-cost-of-living.pdf,data/fulltext/the-unbearable-cost-of-living.txt,945
the-misleading-story-of-elite-capture-in-pakistan,The Misleading Story of Elite capture in pakistan,2024-08-02,2024-08,2024,Policy and Research,Policy and Research; Discourse 2024-03,Asad ur Rehman,,,https://pide.org.pk/research/the-misleading-story-of-elite-capture-in-pakistan/,https://file.pide.org.pk/pdfpideresearch/discourse-2024-3-18-the-misleading-story-of-elite-capture-in-pakistan.pdf,,,pdfs/2024/08/discourse-2024-3-18-the-misleading-story-of-elite-capture-in-pakistan.pdf,data/fulltext/the-misleading-story-of-elite-capture-in-pakistan.txt,1116
the-elite-network-blocking-pakistans-progress,The Elite Network Blocking Pakistan’s Progress,2024-08-02,2024-08,2024,Policy and Research,Policy and Research; Discourse 2024-03,Zainab Ali,,,https://pide.org.pk/research/the-elite-network-blocking-pakistans-progress/,https://file.pide.org.pk/pdfpideresearch/discourse-2024-3-12-the-elite-network-blocking-pakistans-progress.pdf,,,pdfs/2024/08/discourse-2024-3-12-the-elite-network-blocking-pakistans-progress.pdf,data/fulltext/the-elite-network-blocking-pakistans-progress.txt,1045
the-effects-of-culture-on-economic-outcomes,The effects of culture on Economic outcomes,2024-08-02,2024-08,2024,Policy and Research,Policy and Research; Discourse 2024-03,Shahid Mehmood,,,https://pide.org.pk/research/the-effects-of-culture-on-economic-outcomes/,https://file.pide.org.pk/pdfpideresearch/discourse-2024-3-40-the-effects-of-culture-on-economic-outcomes.pdf,,,pdfs/2024/08/discourse-2024-3-40-the-effects-of-culture-on-economic-outcomes.pdf,data/fulltext/the-effects-of-culture-on-economic-outcomes.txt,847
the-costly-addiction-of-foreign-aid,The Costly Addiction of Foreign Aid,2024-08-02,2024-08,2024,Policy and Research,Policy and Research; Discourse 2024-03,Uzma Zia,,,https://pide.org.pk/research/the-costly-addiction-of-foreign-aid/,https://file.pide.org.pk/pdfpideresearch/discourse-2024-3-44-the-costly-addiction-of-foreign-aid.pdf,,,pdfs/2024/08/discourse-2024-3-44-the-costly-addiction-of-foreign-aid.pdf,data/fulltext/the-costly-addiction-of-foreign-aid.txt,792
stunted-growth-the-economic-stalemate-of-pakistans-business-landscape-2,Stunted Growth: The Economic Stalemate of Pakistan’s Business Landscape,2024-08-02,2024-08,2024,Policy and Research,Policy and Research; Discourse 2024-03,Abbas Murtaza Maken,,,https://pide.org.pk/research/stunted-growth-the-economic-stalemate-of-pakistans-business-landscape-2/,https://file.pide.org.pk/pdfpideresearch/discourse-2024-3-49-stunted-growth-the-economic-stalemate-of-pakistans-business-landscape.pdf,,,pdfs/2024/08/discourse-2024-3-49-stunted-growth-the-economic-stalemate-of-pakistans-business-landscape.pdf,data/fulltext/stunted-growth-the-economic-stalemate-of-pakistans-business-landscape-2.txt,772
socialism-for-the-rich-and-capitalism-for-the-poor,Socialism for the Rich and Capitalism for the poor,2024-08-02,2024-08,2024,Policy and Research,Policy and Research; Discourse 2024-03,Rehmat Alam,,,https://pide.org.pk/research/socialism-for-the-rich-and-capitalism-for-the-poor/,https://file.pide.org.pk/pdfpideresearch/discourse-2024-3-30-socialism-for-the-rich-and-capitalism-for-the-poor.pdf,,,pdfs/2024/08/discourse-2024-3-30-socialism-for-the-rich-and-capitalism-for-the-poor.pdf,data/fulltext/socialism-for-the-rich-and-capitalism-for-the-poor.txt,914
sifarish-culture-a-form-of-elite-capture,Sifarish Culture: A Form of Elite Capture,2024-08-02,2024-08,2024,Policy and Research,Policy and Research; Discourse 2024-03,Mustafa Wynne,,,https://pide.org.pk/research/sifarish-culture-a-form-of-elite-capture/,https://file.pide.org.pk/pdfpideresearch/discourse-2024-3-23-sifarish-culture-a-form-of-elite-capture.pdf,,,pdfs/2024/08/discourse-2024-3-23-sifarish-culture-a-form-of-elite-capture.pdf,data/fulltext/sifarish-culture-a-form-of-elite-capture.txt,1359
revamping-ptv-a-blueprint-for-global-success,Revamping PTV: A Blueprint for Global Success,2024-08-02,2024-08,2024,Policy and Research,Policy and Research; Discourse 2024-03,Abbas Murtaza Maken,,,https://pide.org.pk/research/revamping-ptv-a-blueprint-for-global-success/,https://file.pide.org.pk/pdfpideresearch/discourse-2024-3-47-revamping-ptv-a-blueprint-for-global-success.pdf,,,pdfs/2024/08/discourse-2024-3-47-revamping-ptv-a-blueprint-for-global-success.pdf,data/fulltext/revamping-ptv-a-blueprint-for-global-success.txt,1123
pakistans-energy-mess-2,Pakistan’s Energy Mess,2024-08-02,2024-08,2024,Policy and Research,Policy and Research; Discourse 2024-03,Afia Malik; Tehmina Asad,,,https://pide.org.pk/research/pakistans-energy-mess-2/,https://file.pide.org.pk/pdfpideresearch/discourse-2024-3-41-pakistans-energy-mess.pdf,,,pdfs/2024/08/discourse-2024-3-41-pakistans-energy-mess.pdf,data/fulltext/pakistans-energy-mess-2.txt,1436
islaah-for-public-administration,Islaah for Public Administration,2024-08-02,2024-08,2024,Policy and Research,Policy and Research; Discourse 2024-03,Maida Ayyaz,,,https://pide.org.pk/research/islaah-for-public-administration/,https://file.pide.org.pk/pdfpideresearch/discourse-2024-3-34-islaah-for-public-administration.pdf,,,pdfs/2024/08/discourse-2024-3-34-islaah-for-public-administration.pdf,data/fulltext/islaah-for-public-administration.txt,1020
islaah-beyond-imf-2,Islaah Beyond IMF,2024-08-02,2024-08,2024,Policy and Research,Policy and Research; Discourse 2024-03,Muhammad Faisal Ali,,,https://pide.org.pk/research/islaah-beyond-imf-2/,https://file.pide.org.pk/pdfpideresearch/discourse-2024-3-52-islaah-beyond-imf.pdf,,,pdfs/2024/08/discourse-2024-3-52-islaah-beyond-imf.pdf,data/fulltext/islaah-beyond-imf-2.txt,2353
how-elite-capture-is-choking-pakistans-economic-potential,How Elite Capture is Choking Pakistan’s Economic Potential,2024-08-02,2024-08,2024,Policy and Research,Policy and Research; Discourse 2024-03,Muhammad Zeshan,,,https://pide.org.pk/research/how-elite-capture-is-choking-pakistans-economic-potential/,https://file.pide.org.pk/pdfpideresearch/discourse-2024-3-13-how-elite-capture-is-choking-pakistans-economic-potential.pdf,,,pdfs/2024/08/discourse-2024-3-13-how-elite-capture-is-choking-pakistans-economic-potential.pdf,data/fulltext/how-elite-capture-is-choking-pakistans-economic-potential.txt,902
geo-economic-dexterity-starts-at-home,Geo-economic dexterity starts at home,2024-08-02,2024-08,2024,Policy and Research,Policy and Research; Discourse 2024-03,Saddam Hussein,,,https://pide.org.pk/research/geo-economic-dexterity-starts-at-home/,https://file.pide.org.pk/pdfpideresearch/discourse-2024-3-48-geo-economic-dexterity-starts-at-home.pdf,,,pdfs/2024/08/discourse-2024-3-48-geo-economic-dexterity-starts-at-home.pdf,data/fulltext/geo-economic-dexterity-starts-at-home.txt,1477
from-colonizers-to-corporatocrats-the-evolution-of-elite-capture,From Colonizers to Corporatocrats: The Evolution of Elite Capture,2024-08-02,2024-08,2024,Policy and Research; Must Read,Policy and Research; Discourse 2024-03,Waqar Ahmad,,,https://pide.org.pk/research/from-colonizers-to-corporatocrats-the-evolution-of-elite-capture/,https://file.pide.org.pk/pdfpideresearch/discourse-2024-3-20-from-colonizers-to-corporatocrats-the-evolution-of-elite-capture.pdf,,,pdfs/2024/08/discourse-2024-3-20-from-colonizers-to-corporatocrats-the-evolution-of-elite-capture.pdf,data/fulltext/from-colonizers-to-corporatocrats-the-evolution-of-elite-capture.txt,1611
essential-steps-for-pakistani-companies-to-compete-globally,Essential Steps for Pakistani Companies to Compete Globally,2024-08-02,2024-08,2024,Policy and Research,Policy and Research; Discourse 2024-03,Farhat Mahmood,,,https://pide.org.pk/research/essential-steps-for-pakistani-companies-to-compete-globally/,https://file.pide.org.pk/pdfpideresearch/discourse-2024-3-39-essential-steps-for-pakistani-companies-to-compete.pdf,,,pdfs/2024/08/discourse-2024-3-39-essential-steps-for-pakistani-companies-to-compete.pdf,data/fulltext/essential-steps-for-pakistani-companies-to-compete-globally.txt,1067
elites-and-the-modus-operandi-of-constructing-fear,Elites and the Modus Operandi of Constructing Fear,2024-08-02,2024-08,2024,Policy and Research,Policy and Research; Discourse 2024-03,Fahd Zulfiqar,,,https://pide.org.pk/research/elites-and-the-modus-operandi-of-constructing-fear/,https://file.pide.org.pk/pdfpideresearch/discourse-2024-3-22-elites-and-the-modus-operandi-of-constructing-fear.pdf,,,pdfs/2024/08/discourse-2024-3-22-elites-and-the-modus-operandi-of-constructing-fear.pdf,data/fulltext/elites-and-the-modus-operandi-of-constructing-fear.txt,1368
elites-and-the-climate-change-accelerating-the-crisis-from-the-top-down,Elites and the Climate Change: Accelerating the Crisis from the Top Down,2024-08-02,2024-08,2024,Policy and Research,Policy and Research; Discourse 2024-03,Maleeha Sattar,,,https://pide.org.pk/research/elites-and-the-climate-change-accelerating-the-crisis-from-the-top-down/,https://file.pide.org.pk/pdfpideresearch/discourse-2024-3-29-elites-and-the-climate-change-accelerating-the-crisis-from-the-top-down.pdf,,,pdfs/2024/08/discourse-2024-3-29-elites-and-the-climate-change-accelerating-the-crisis-from-the-top-down.pdf,data/fulltext/elites-and-the-climate-change-accelerating-the-crisis-from-the-top-down.txt,1425
elite-capture-on-steroids,Elite Capture on Steroids,2024-08-02,2024-08,2024,Policy and Research; Must Read,Policy and Research; Discourse 2024-03,Taimur Rahman,,,https://pide.org.pk/research/elite-capture-on-steroids/,https://file.pide.org.pk/pdfpideresearch/discourse-2024-3-14-elite-capture-on-steroids.pdf,,,pdfs/2024/08/discourse-2024-3-14-elite-capture-on-steroids.pdf,data/fulltext/elite-capture-on-steroids.txt,1236
elite-capture-of-broadcast-and-social-media,Elite capture of broadcast and social media,2024-08-02,2024-08,2024,Policy and Research,Policy and Research; Discourse 2024-03,Sania Ahmed,,,https://pide.org.pk/research/elite-capture-of-broadcast-and-social-media/,https://file.pide.org.pk/pdfpideresearch/discourse-2024-3-28-elite-capture-of-broadcast-and-social-media.pdf,,,pdfs/2024/08/discourse-2024-3-28-elite-capture-of-broadcast-and-social-media.pdf,data/fulltext/elite-capture-of-broadcast-and-social-media.txt,1537
elite-capture-in-sports,Elite Capture in Sports,2024-08-02,2024-08,2024,Policy and Research,Policy and Research; Discourse 2024-03,Fizzah Khalid Butt,,,https://pide.org.pk/research/elite-capture-in-sports/,https://file.pide.org.pk/pdfpideresearch/discourse-2024-3-32-elite-capture-in-sports.pdf,,,pdfs/2024/08/discourse-2024-3-32-elite-capture-in-sports.pdf,data/fulltext/elite-capture-in-sports.txt,985
elite-capture-gatekeeping-elites-meritocracy,"Elite Capture: Gatekeeping Elites, Meritocracy",2024-08-02,2024-08,2024,Policy and Research,Policy and Research; Recent Publications; P &amp; R Magazine,PIDE,,,https://pide.org.pk/research/elite-capture-gatekeeping-elites-meritocracy/,https://file.pide.org.pk/pdfpideresearch/discourse-2024-03.pdf,,,pdfs/2024/08/discourse-2024-03.pdf,data/fulltext/elite-capture-gatekeeping-elites-meritocracy.txt,440
elite-capture-and-governance-in-pakistan-unravelling-historical-patterns,Elite Capture and Governance in Pakistan: Unravelling Historical Patterns,2024-08-02,2024-08,2024,Policy and Research,Policy and Research; Discourse 2024-03,Fida Muhammad Khan,,,https://pide.org.pk/research/elite-capture-and-governance-in-pakistan-unravelling-historical-patterns/,https://file.pide.org.pk/pdfpideresearch/discourse-2024-3-17-elite-capture-and-governance-in-pakistan-unravelling-historical-patterns.pdf,,,pdfs/2024/08/discourse-2024-3-17-elite-capture-and-governance-in-pakistan-unravelling-historical-patterns.pdf,data/fulltext/elite-capture-and-governance-in-pakistan-unravelling-historical-patterns.txt,2645
elite-bargains-and-commoners-revisiting-the-two-nation-theory-in-pakistan,Elite Bargains and Commoners: Revisiting The Two Nation Theory in Pakistan,2024-08-02,2024-08,2024,Policy and Research,Policy and Research; Discourse 2024-03,Zahanat Hussain,,,https://pide.org.pk/research/elite-bargains-and-commoners-revisiting-the-two-nation-theory-in-pakistan/,https://file.pide.org.pk/pdfpideresearch/discourse-2024-3-31-elite-bargains-and-commoners-revisiting-the-two-nation-theory-in-pakistan.pdf,,,pdfs/2024/08/discourse-2024-3-31-elite-bargains-and-commoners-revisiting-the-two-nation-theory-in-pakistan.pdf,data/fulltext/elite-bargains-and-commoners-revisiting-the-two-nation-theory-in-pakistan.txt,1694
elite-bargaining-in-pakistan-developments-saga,Elite Bargaining in Pakistan Development’s Saga,2024-08-02,2024-08,2024,Policy and Research,Policy and Research; Discourse 2024-03,Naveed Akhtar; Muhammad Junaid,,,https://pide.org.pk/research/elite-bargaining-in-pakistan-developments-saga/,https://file.pide.org.pk/pdfpideresearch/discourse-2024-3-19-elite-bargaining-in-pakistan-developments.pdf,,,pdfs/2024/08/discourse-2024-3-19-elite-bargaining-in-pakistan-developments.pdf,data/fulltext/elite-bargaining-in-pakistan-developments-saga.txt,1475
electoral-reform-post-2024,ELECTORAL REFORM POST 2024,2024-08-02,2024-08,2024,Policy and Research,Policy and Research; Discourse 2024-03,Abbas Moosvi,,,https://pide.org.pk/research/electoral-reform-post-2024/,https://file.pide.org.pk/pdfpideresearch/discourse-2024-3-43-electoral-reform-post-2024.pdf,,,pdfs/2024/08/discourse-2024-3-43-electoral-reform-post-2024.pdf,data/fulltext/electoral-reform-post-2024.txt,2198
econfest-2024-fostering-economic-discourse-and-youth-empowerment,EconFest 2024: Fostering Economic Discourse and Youth Empowerment,2024-08-02,2024-08,2024,Policy and Research,Policy and Research; Discourse 2024-03,Maria Jawad Khan,,,https://pide.org.pk/research/econfest-2024-fostering-economic-discourse-and-youth-empowerment/,https://file.pide.org.pk/pdfpideresearch/discourse-2024-3-42-econfest-2024-fostering-economic-discourse-and-youth-empowerment.pdf,,,pdfs/2024/08/discourse-2024-3-42-econfest-2024-fostering-economic-discourse-and-youth-empowerment.pdf,data/fulltext/econfest-2024-fostering-economic-discourse-and-youth-empowerment.txt,795
conversation-tamkenat-mansoor,Conversation Tamkenat Mansoor,2024-08-02,2024-08,2024,Policy and Research,Policy and Research; Discourse 2024-03,Tamkenat Mansoor,,,https://pide.org.pk/research/conversation-tamkenat-mansoor/,https://file.pide.org.pk/pdfpideresearch/discourse-2024-3-24-pide-conversation-tamkenat-mansoor.pdf,,,pdfs/2024/08/discourse-2024-3-24-pide-conversation-tamkenat-mansoor.pdf,data/fulltext/conversation-tamkenat-mansoor.txt,3438
clarifying-elite-capture,Clarifying Elite Capture,2024-08-02,2024-08,2024,Policy and Research,Policy and Research; Discourse 2024-03,Umair Javed,,,https://pide.org.pk/research/clarifying-elite-capture/,https://file.pide.org.pk/pdfpideresearch/discourse-2024-3-10-clarifying-elite-capture.pdf,,,pdfs/2024/08/discourse-2024-3-10-clarifying-elite-capture.pdf,data/fulltext/clarifying-elite-capture.txt,1127
building-wealth-through-investments,Building Wealth Through Investments,2024-08-02,2024-08,2024,Policy and Research,Policy and Research; Discourse 2024-03,Amena Urooj; Saud Ahmed Khan,,,https://pide.org.pk/research/building-wealth-through-investments/,https://file.pide.org.pk/pdfpideresearch/discourse-2024-3-36-building-wealth-through-investments.pdf,,,pdfs/2024/08/discourse-2024-3-36-building-wealth-through-investments.pdf,data/fulltext/building-wealth-through-investments.txt,3158
are-we-afraid-of-evaluation,Are we afraid of Evaluation,2024-08-02,2024-08,2024,Policy and Research,Policy and Research; Discourse 2024-03,Anjeela Khurram,,,https://pide.org.pk/research/are-we-afraid-of-evaluation/,https://file.pide.org.pk/pdfpideresearch/discourse-2024-3-37-are-we-afraid-of-evaluation.pdf,,,pdfs/2024/08/discourse-2024-3-37-are-we-afraid-of-evaluation.pdf,data/fulltext/are-we-afraid-of-evaluation.txt,4069
ai-and-the-future-of-work-for-women-in-pakistan,AI and the Future of Work for Women in Pakistan,2024-08-02,2024-08,2024,Policy and Research,Policy and Research; Discourse 2024-03,Saba Anwar,,,https://pide.org.pk/research/ai-and-the-future-of-work-for-women-in-pakistan/,https://file.pide.org.pk/pdfpideresearch/discourse-2024-3-46-ai-and-the-future-of-work-for-women-in-pakistan.pdf,,,pdfs/2024/08/discourse-2024-3-46-ai-and-the-future-of-work-for-women-in-pakistan.pdf,data/fulltext/ai-and-the-future-of-work-for-women-in-pakistan.txt,1140
ai-and-educational-elitism,AI and Educational Elitism,2024-08-02,2024-08,2024,Policy and Research; Must Read,Policy and Research; Discourse 2024-03,Bina Shah,,,https://pide.org.pk/research/ai-and-educational-elitism/,https://file.pide.org.pk/pdfpideresearch/discourse-2024-3-26-ai-and-educational-elitism.pdf,,https://www.hec.gov.pk/english/services/faculty/Documents/Plagiarism/Guidelines%20on%20Turnitin.pdf,pdfs/2024/08/discourse-2024-3-26-ai-and-educational-elitism.pdf,data/fulltext/ai-and-educational-elitism.txt,1303
agriculture-is-not-the-future-of-pakistan-2,Agriculture is not the future of Pakistan,2024-08-02,2024-08,2024,Policy and Research,Policy and Research; Discourse 2024-03,Sobia Rose,,,https://pide.org.pk/research/agriculture-is-not-the-future-of-pakistan-2/,https://file.pide.org.pk/pdfpideresearch/discourse-2024-3-38-agriculture-is-not-the-future-of-pakistan.pdf,,,pdfs/2024/08/discourse-2024-3-38-agriculture-is-not-the-future-of-pakistan.pdf,data/fulltext/agriculture-is-not-the-future-of-pakistan-2.txt,1213
a-conversation-with-michael-sandel,A Conversation With Michael Sandel,2024-08-02,2024-08,2024,Policy and Research,Policy and Research; Discourse 2024-03,Michael Sandel,,,https://pide.org.pk/research/a-conversation-with-michael-sandel/,https://file.pide.org.pk/pdfpideresearch/discourse-2024-3-11-pide-conversation-michael-sandel.pdf,,,pdfs/2024/08/discourse-2024-3-11-pide-conversation-michael-sandel.pdf,data/fulltext/a-conversation-with-michael-sandel.txt,1478
24th-imf-program,24th IMF Program,2024-08-02,2024-08,2024,Policy and Research,Policy and Research; Discourse 2024-03,Mohammad Shaaf Najib,,,https://pide.org.pk/research/24th-imf-program/,https://file.pide.org.pk/pdfpideresearch/discourse-2024-3-45-24th-imf-program.pdf,,,pdfs/2024/08/discourse-2024-3-45-24th-imf-program.pdf,data/fulltext/24th-imf-program.txt,1092
the-phenomenon-of-underdevelopment-a-case-of-pakistan,The Phenomenon of Underdevelopment: A Case of Pakistan,2024-08-01,2024-08,2024,Policy and Research,Policy and Research; Discourse 2024-03,Tahir Kamran,,,https://pide.org.pk/research/the-phenomenon-of-underdevelopment-a-case-of-pakistan/,https://file.pide.org.pk/pdfpideresearch/discourse-2024-3-27-the-phenomenon-of-underdevelopment-a-case-of-pakistan.pdf,,,pdfs/2024/08/discourse-2024-3-27-the-phenomenon-of-underdevelopment-a-case-of-pakistan.pdf,data/fulltext/the-phenomenon-of-underdevelopment-a-case-of-pakistan.txt,1493
pide-conversation-with-sania-saeed,PIDE Conversation with Sania Saeed,2024-08-01,2024-08,2024,Policy and Research,Policy and Research; Discourse 2024-03,PIDE,,,https://pide.org.pk/research/pide-conversation-with-sania-saeed/,https://file.pide.org.pk/pdfpideresearch/discourse-2024-3-7-pide-conversation-sania-saeed.pdf,,,pdfs/2024/08/discourse-2024-3-7-pide-conversation-sania-saeed.pdf,data/fulltext/pide-conversation-with-sania-saeed.txt,2670
not-elite-capture-but-capture-by-colonial-made-elite-2,Not Elite Capture but Capture by Colonial-made Elite,2024-08-01,2024-08,2024,Policy and Research; Must Read,Policy and Research; Discourse 2024-03,Nadeem Ul Haque; Fahd Zulfiqar,,,https://pide.org.pk/research/not-elite-capture-but-capture-by-colonial-made-elite-2/,https://file.pide.org.pk/pdfpideresearch/discourse-2024-3-6-not-elite-capture-but-capture-by-colonial-made-elite.pdf,,,pdfs/2024/08/discourse-2024-3-6-not-elite-capture-but-capture-by-colonial-made-elite.pdf,data/fulltext/not-elite-capture-but-capture-by-colonial-made-elite-2.txt,4960
elite-capture-or-elite-failure,Elite Capture or Elite Failure,2024-08-01,2024-08,2024,Policy and Research,Policy and Research; Discourse 2024-03,Fayyaz Baqir,,,https://pide.org.pk/research/elite-capture-or-elite-failure/,https://file.pide.org.pk/pdfpideresearch/discourse-2024-3-9-elite-capture-or-elite-failure.pdf,,,pdfs/2024/08/discourse-2024-3-9-elite-capture-or-elite-failure.pdf,data/fulltext/elite-capture-or-elite-failure.txt,1536
elite-capture-by-meritocracy-the-meritocracy-paradox-in-pakistan,Elite Capture by Meritocracy: The Meritocracy Paradox in Pakistan,2024-08-01,2024-08,2024,Policy and Research,Policy and Research; Discourse 2024-03,Ayesha Rehman,,,https://pide.org.pk/research/elite-capture-by-meritocracy-the-meritocracy-paradox-in-pakistan/,https://file.pide.org.pk/pdfpideresearch/discourse-2024-3-15-elite-capture-by-meritocracy-the-meritocracy-paradox-in-pakistan.pdf,,https://aserpakistan.org/document/2024/aser_national_2023.pdf,pdfs/2024/08/discourse-2024-3-15-elite-capture-by-meritocracy-the-meritocracy-paradox-in-pakistan.pdf,data/fulltext/elite-capture-by-meritocracy-the-meritocracy-paradox-in-pakistan.txt,1024
stunted-growth-the-economic-stalemate-of-pakistans-business-landscape,Stunted growth: The economic stalemate of Pakistan’s business landscape,2024-07-31,2024-07,2024,PIDE in Press,PIDE in Press,Abbas Murtaza Maken,,,https://pide.org.pk/research/stunted-growth-the-economic-stalemate-of-pakistans-business-landscape/,https://file.pide.org.pk/pdfpideinpress/pip-stunted-growth-the-economic-stalemate-of-pakistan-business-landscape.pdf,,,pdfs/2024/07/pip-stunted-growth-the-economic-stalemate-of-pakistan-business-landscape.pdf,data/fulltext/stunted-growth-the-economic-stalemate-of-pakistans-business-landscape.txt,784
path-to-trade-prosperity,Path to trade prosperity,2024-07-30,2024-07,2024,PIDE in Press,PIDE in Press,Muhammad Zeshan,,,https://pide.org.pk/research/path-to-trade-prosperity/,https://file.pide.org.pk/pdfpideinpress/pip-path-to-trade-prosperity.pdf,,,pdfs/2024/07/pip-path-to-trade-prosperity.pdf,data/fulltext/path-to-trade-prosperity.txt,658
islaah-beyond-imf,Islaah beyond IMF,2024-07-30,2024-07,2024,PIDE in Press,PIDE in Press,Muhammad Faisal Ali,,,https://pide.org.pk/research/islaah-beyond-imf/,https://file.pide.org.pk/pdfpideinpress/pip-islaah-beyond-imf.pdf,,,pdfs/2024/07/pip-islaah-beyond-imf.pdf,data/fulltext/islaah-beyond-imf.txt,1256
a-laggards-economy,A laggard’s economy,2024-07-30,2024-07,2024,PIDE in Press,PIDE in Press,Shahid Mehmood,,,https://pide.org.pk/research/a-laggards-economy/,https://file.pide.org.pk/pdfpideinpress/pip-a-laggards-economy.pdf,,,pdfs/2024/07/pip-a-laggards-economy.pdf,data/fulltext/a-laggards-economy.txt,1008
corporate-window-ipps-and-capacity-payments,CORPORATE WINDOW: IPPs and capacity payments,2024-07-29,2024-07,2024,PIDE in Press,PIDE in Press,Afia Malik,,,https://pide.org.pk/research/corporate-window-ipps-and-capacity-payments/,https://file.pide.org.pk/pdfpideinpress/pip-corporate-window-ipps-and-capacity-payments.pdf,,,pdfs/2024/07/pip-corporate-window-ipps-and-capacity-payments.pdf,data/fulltext/corporate-window-ipps-and-capacity-payments.txt,1167
newsletter-april-2024,Newsletter: April 2024,2024-07-26,2024-07,2024,Newsletter,Newsletter,,,,https://pide.org.pk/research/newsletter-april-2024/,https://file.pide.org.pk/pdfpideresearch/nl-11-newsletter-april-2024.pdf,,,pdfs/2024/07/nl-11-newsletter-april-2024.pdf,,0
taxes-for-extravagance,Taxes for extravagance?,2024-07-24,2024-07,2024,PIDE in Press,PIDE in Press,Mohammad Shaaf Najib,,,https://pide.org.pk/research/taxes-for-extravagance/,https://file.pide.org.pk/pdfpideinpress/pip-taxes-for-extravagance.pdf,,,pdfs/2024/07/pip-taxes-for-extravagance.pdf,data/fulltext/taxes-for-extravagance.txt,1020
from-wheat-crisis-to-food-crisis-a-reality-check,From wheat crisis to food crisis: a reality check,2024-07-22,2024-07,2024,PIDE in Press,PIDE in Press,Abedullah Anjum; Muhammad Faisal Ali,,,https://pide.org.pk/research/from-wheat-crisis-to-food-crisis-a-reality-check/,https://file.pide.org.pk/pdfpideinpress/pip-from-wheat-crisis-to-food-crisis-a-reality-check.pdf,,,pdfs/2024/07/pip-from-wheat-crisis-to-food-crisis-a-reality-check.pdf,data/fulltext/from-wheat-crisis-to-food-crisis-a-reality-check.txt,950
pakistans-energy-mess,Pakistan’s energy mess,2024-07-15,2024-07,2024,PIDE in Press,PIDE in Press,Tehmina Asad; Afia Malik,,,https://pide.org.pk/research/pakistans-energy-mess/,,,,,data/fulltext/pakistans-energy-mess.txt,1090
time-to-deregulate,Time to deregulate,2024-07-14,2024-07,2024,PIDE in Press,PIDE in Press,Anjeela Khurram,,,https://pide.org.pk/research/time-to-deregulate/,,,,,data/fulltext/time-to-deregulate.txt,613
data-for-development,Data for development,2024-07-10,2024-07,2024,PIDE in Press,PIDE in Press,Anjeela Khurram,,,https://pide.org.pk/research/data-for-development/,https://file.pide.org.pk/pdfpideinpress/pip-data-for-development.pdf,,,pdfs/2024/07/pip-data-for-development.pdf,data/fulltext/data-for-development.txt,792
agriculture-is-not-the-future-of-pakistan,Agriculture is not the future of Pakistan,2024-07-09,2024-07,2024,PIDE in Press,PIDE in Press,Sobia Rose,,,https://pide.org.pk/research/agriculture-is-not-the-future-of-pakistan/,,,,,data/fulltext/agriculture-is-not-the-future-of-pakistan.txt,1173
whats-the-deal-with-our-solar-policy,What’s the deal with our solar policy?,2024-07-05,2024-07,2024,PIDE in Press,PIDE in Press,Usama Abdul Rauf,,,https://pide.org.pk/research/whats-the-deal-with-our-solar-policy/,,,,,data/fulltext/whats-the-deal-with-our-solar-policy.txt,873
political-party-manifestos-reform-paradox-in-pakistan-2,Political Party Manifestos Reform Paradox in Pakistan,2024-07-04,2024-07,2024,Research Reports,Recent Publications; Research Report; Center for Social and Behavioral Analysis; Center for Governance‚ Markets and Regulatory Analysis,Shujaat Farooq; Azwar Muhammad Aslam; Nadeem Ul Haque,,,https://pide.org.pk/research/political-party-manifestos-reform-paradox-in-pakistan-2/,https://file.pide.org.pk/pdfpideresearch/rr-political-party-manifestos-reform-paradox-in-pakistan-july-2024.pdf,https://file.pide.org.pk/pdfpideresearch/rr-political-party-manifestos-reform-paradox-in-pakistan-2.pdf,,pdfs/2024/07/rr-political-party-manifestos-reform-paradox-in-pakistan-july-2024.pdf,data/fulltext/political-party-manifestos-reform-paradox-in-pakistan-2.txt,653
taxation-in-pakistan-taxing-the-untaxed-elites,Taxation in Pakistan: taxing the untaxed elites,2024-07-02,2024-07,2024,PIDE in Press,PIDE in Press,Abdus Sattar,,,https://pide.org.pk/research/taxation-in-pakistan-taxing-the-untaxed-elites/,https://file.pide.org.pk/pdfpideinpress/pip-taxation-in-pakistan-taxing-the-untaxed-elites.pdf,,,pdfs/2024/07/pip-taxation-in-pakistan-taxing-the-untaxed-elites.pdf,data/fulltext/taxation-in-pakistan-taxing-the-untaxed-elites.txt,1006
leadership-at-a-crossroads-prioritizing-long-term-prosperity-over-short-term-gains,Leadership at a crossroads: Prioritizing long-term prosperity over short-term gains,2024-07-01,2024-07,2024,PIDE in Press,PIDE in Press,Usman Qadir,,,https://pide.org.pk/research/leadership-at-a-crossroads-prioritizing-long-term-prosperity-over-short-term-gains/,https://file.pide.org.pk/pdfpideinpress/pip-leadership-at-a-crossroads-prioritizing-long-term-prosperity-over-short-term-gains.pdf,,,pdfs/2024/07/pip-leadership-at-a-crossroads-prioritizing-long-term-prosperity-over-short-term-gains.pdf,data/fulltext/leadership-at-a-crossroads-prioritizing-long-term-prosperity-over-short-term-gains.txt,889
developing-geo-economic-dexterity,Developing geo-economic dexterity,2024-06-30,2024-06,2024,PIDE in Press,PIDE in Press,Saddam Hussein,,,https://pide.org.pk/research/developing-geo-economic-dexterity/,https://file.pide.org.pk/pdfpideinpress/pip-developing-geo-economic%20dexterity.pdf,,,pdfs/2024/06/pip-developing-geo-economic%20dexterity.pdf,data/fulltext/developing-geo-economic-dexterity.txt,1381
72647,Making solar accessible,2024-06-29,2024-06,2024,PIDE in Press,PIDE in Press,Usama Abdul Rauf; Abedullah Anjum,,,https://pide.org.pk/research/72647/,https://file.pide.org.pk/pdfpideinpress/pip-making-solar-accessible.pdf,,,pdfs/2024/06/pip-making-solar-accessible.pdf,data/fulltext/72647.txt,907
visionary-leadership-the-missing-ingredient-in-economic-transformation,Visionary leadership: the missing ingredient in economic transformation,2024-06-25,2024-06,2024,PIDE in Press,PIDE in Press,Usman Qadir,,,https://pide.org.pk/research/visionary-leadership-the-missing-ingredient-in-economic-transformation/,https://file.pide.org.pk/pdfpideinpress/pip-visionary-leadership-the-missing-ingredient-in-economic-transformation.pdf,,,pdfs/2024/06/pip-visionary-leadership-the-missing-ingredient-in-economic-transformation.pdf,data/fulltext/visionary-leadership-the-missing-ingredient-in-economic-transformation.txt,887
how-to-ameliorate-drug-shortages,How to Ameliorate Drug Shortages?,2024-06-25,2024-06,2024,Knowledge Brief,Recent Publications; Knowledge Brief; Center for Industry‚ Trade &amp; Digital Economy; Center for Governance‚ Markets and Regulatory Analysis,Shahid Mehmood,,,https://pide.org.pk/research/how-to-ameliorate-drug-shortages/,https://file.pide.org.pk/pdfpideresearch/kb-123-how-to-ameliorate-drug-shortages.pdf,,,pdfs/2024/06/kb-123-how-to-ameliorate-drug-shortages.pdf,data/fulltext/how-to-ameliorate-drug-shortages.txt,1436
media-coverage-pide-prime-press-conference-at-national-press-club-islamabad,"Media Coverage: PIDE – PRIME Press Conference at National Press Club, Islamabad",2024-06-21,2024-06,2024,PIDE in Press,PIDE in Press,PIDE,,,https://pide.org.pk/research/media-coverage-pide-prime-press-conference-at-national-press-club-islamabad/,https://file.pide.org.pk/pdfpideinpress/pip-media-coverage-pide-prime-press-conference-at-national-press-club.pdf,,,pdfs/2024/06/pip-media-coverage-pide-prime-press-conference-at-national-press-club.pdf,,0
pide-reform-manifesto-transforming-economy-and-society-urdu,PIDE Reform Manifesto: Transforming Economy and Society,2024-06-15,2024-06,2024,Research Reports,Recent Publications; Research Report; Center for Social and Behavioral Analysis; Center for Governance‚ Markets and Regulatory Analysis,PIDE,,,https://pide.org.pk/research/pide-reform-manifesto-transforming-economy-and-society-urdu/,https://file.pide.org.pk/pdfpideresearch/rr-pide-reform-manifesto-transforming-economy-and-society-urdu.pdf,,,pdfs/2024/06/rr-pide-reform-manifesto-transforming-economy-and-society-urdu.pdf,,0
pide-commentary-pms-committee-on-ease-of-doing-business,PIDE Commentary: PM’s Committee on Ease of Doing Business,2024-06-14,2024-06,2024,Research Reports,Recent Publications; Research Report; Center for Industry‚ Trade &amp; Digital Economy; Center for Governance‚ Markets and Regulatory Analysis,Nadeem Ul Haque; Ahmed Waqar Qasim; Azwar Muhammad Aslam; Abbas Moosvi; Usman Qadir; Shahid Mahmood; Mohammad Armughan,,,https://pide.org.pk/research/pide-commentary-pms-committee-on-ease-of-doing-business/,https://file.pide.org.pk/pdfpideresearch/rr-pide-commentary-pms-committee-on-ease-of-doing-business.pdf,,,pdfs/2024/06/rr-pide-commentary-pms-committee-on-ease-of-doing-business.pdf,data/fulltext/pide-commentary-pms-committee-on-ease-of-doing-business.txt,694
squid-game-of-css,Squid Game of CSS,2024-06-13,2024-06,2024,PIDE in Press,PIDE in Press,Khurram Ellahi Khan,,,https://pide.org.pk/research/squid-game-of-css/,https://file.pide.org.pk/pdfpideinpress/pip-squid-game-of-css.pdf,,,pdfs/2024/06/pip-squid-game-of-css.pdf,data/fulltext/squid-game-of-css.txt,816
vol-63-no-2-2024,Vol. 63 No.2-2024,2024-06-12,2024-06,2024,PDR,Recent Publications; PDR issue; 2024; Vol. 63 No.2-2024,,,,https://pide.org.pk/research/vol-63-no-2-2024/,https://file.pide.org.pk/pdfpdr/issue/pdr-2024-v63i2.pdf,https://file.pide.org.pk/pdfpdr/2024/135-160.pdf; https://file.pide.org.pk/pdfpdr/2024/161-184.pdf; https://file.pide.org.pk/pdfpdr/2024/185-202.pdf; https://file.pide.org.pk/pdfpdr/2024/203-220.pdf; https://file.pide.org.pk/pdfpdr/2024/221-246.pdf; https://file.pide.org.pk/pdfpdr/2024/247-288.pdf; https://file.pide.org.pk/pdfpdr/2024/289-306.pdf; https://file.pide.org.pk/pdfpdr/2024/307-324.pdf; https://file.pide.org.pk/pdfpdr/2024/325-352.pdf; https://file.pide.org.pk/pdfpdr/2024/353-355.pdf,,pdfs/2024/06/pdr-2024-v63i2.pdf,,0
utilisation-challenges-of-public-health-insurance-initiatives-evidences-from-sehat-sahulat-programme-ssp-in-pakistan-policy,Utilisation Challenges of  Public Health Insurance Initiatives: Evidences from Sehat Sahulat Programme (SSP) in Pakistan (Policy),2024-06-12,2024-06,2024,PDR,PDR; 2024; Vol. 63 No.2-2024,Durr-e-Nayab; Shujaat Farooq; Nabila Kunwal,,,https://pide.org.pk/research/utilisation-challenges-of-public-health-insurance-initiatives-evidences-from-sehat-sahulat-programme-ssp-in-pakistan-policy/,https://file.pide.org.pk/pdfpdr/2024/247-288.pdf,,,pdfs/2024/06/247-288.pdf,data/fulltext/utilisation-challenges-of-public-health-insurance-initiatives-evidences-from-sehat-sahulat-programme-ssp-in-pakistan-policy.txt,539
transports-and-logistics-policy,Transports and Logistics (Policy),2024-06-12,2024-06,2024,PDR,PDR; 2024; Vol. 63 No.2-2024,Nadeem Ul Haque; Saba Anwar,,,https://pide.org.pk/research/transports-and-logistics-policy/,https://file.pide.org.pk/pdfpdr/2024/325-352.pdf,,,pdfs/2024/06/325-352.pdf,data/fulltext/transports-and-logistics-policy.txt,256
the-role-of-early-childbearing-on-child-health-outcomes-in-punjab-article,The Role of Early Childbearing on Child Health Outcomes in Punjab (Article),2024-06-12,2024-06,2024,PDR,PDR; 2024; Vol. 63 No.2-2024,Aeman Nadeem,Child Health; Maternal Characteristics; Social Norms; Household Fixed Effects,,https://pide.org.pk/research/the-role-of-early-childbearing-on-child-health-outcomes-in-punjab-article/,https://file.pide.org.pk/pdfpdr/2024/221-246.pdf,,,pdfs/2024/06/221-246.pdf,data/fulltext/the-role-of-early-childbearing-on-child-health-outcomes-in-punjab-article.txt,161
static-and-dynamic-comparison-of-monetary-and-non-monetary-multidimensional-poverty-evidence-from-morocco-article,Static and Dynamic Comparison of Monetary and Non-monetary Multidimensional Poverty: Evidence from Morocco (Article),2024-06-12,2024-06,2024,PDR,PDR; 2024; Vol. 63 No.2-2024,El Azami Hicham; Xia Qingjie,,,https://pide.org.pk/research/static-and-dynamic-comparison-of-monetary-and-non-monetary-multidimensional-poverty-evidence-from-morocco-article/,https://file.pide.org.pk/pdfpdr/2024/161-184.pdf,,,pdfs/2024/06/161-184.pdf,data/fulltext/static-and-dynamic-comparison-of-monetary-and-non-monetary-multidimensional-poverty-evidence-from-morocco-article.txt,128
political-economy-of-tax-and-digital-transformations-in-pakistan-article,Political Economy of Tax and Digital Transformations in Pakistan – Special Invited Lecture (Article),2024-06-12,2024-06,2024,PDR,PDR; 2024; Vol. 63 No.2-2024,Ehtisham Ahmad,,,https://pide.org.pk/research/political-economy-of-tax-and-digital-transformations-in-pakistan-article/,https://file.pide.org.pk/pdfpdr/2024/135-160.pdf,,,pdfs/2024/06/135-160.pdf,data/fulltext/political-economy-of-tax-and-digital-transformations-in-pakistan-article.txt,357
microcredit-versus-child-schooling-nexus-exploring-child-schooling-decisions-in-rural-bangladesh-article,Microcredit versus Child Schooling Nexus: Exploring Child Schooling Decisions in Rural Bangladesh (Article),2024-06-12,2024-06,2024,PDR,PDR; 2024; Vol. 63 No.2-2024,Shahriar Kabir; Bindu Prashad Kairy; Mirza Kainath Ashrafi Khusbu,School Dropout; Rural Economy; EDUCATION; Economic Growth; Microfinance; Logistic Regression,I24; O15; I25,https://pide.org.pk/research/microcredit-versus-child-schooling-nexus-exploring-child-schooling-decisions-in-rural-bangladesh-article/,https://file.pide.org.pk/pdfpdr/2024/185-202.pdf,,,pdfs/2024/06/185-202.pdf,data/fulltext/microcredit-versus-child-schooling-nexus-exploring-child-schooling-decisions-in-rural-bangladesh-article.txt,135
local-puzzles-foreign-pieces,"Local puzzles, foreign pieces",2024-06-12,2024-06,2024,PIDE in Press,PIDE in Press,Saddam Hussein,,,https://pide.org.pk/research/local-puzzles-foreign-pieces/,https://file.pide.org.pk/pdfpideinpress/pip-local-puzzles-foreign-pieces.pdf,,,pdfs/2024/06/pip-local-puzzles-foreign-pieces.pdf,data/fulltext/local-puzzles-foreign-pieces.txt,1042
life-time-cost-of-public-servants-policy,Life Time Cost of Public Servants (Policy),2024-06-12,2024-06,2024,PDR,PDR; 2024; Vol. 63 No.2-2024,Nadeem Ul Haque; Muhammad Ajmal Kakar; Nadeem Ahmed Khan; Khurram Ellahi Khan; Hassan Rasool,,,https://pide.org.pk/research/life-time-cost-of-public-servants-policy/,https://file.pide.org.pk/pdfpdr/2024/289-306.pdf,,,pdfs/2024/06/289-306.pdf,data/fulltext/life-time-cost-of-public-servants-policy.txt,207
improving-state-owned-discos,Improving state-owned Discos,2024-06-12,2024-06,2024,PIDE in Press,PIDE in Press,Afia Malik,,,https://pide.org.pk/research/improving-state-owned-discos/,https://file.pide.org.pk/pdfpideinpress/pip-improving-state-owned-discos.pdf,,,pdfs/2024/06/pip-improving-state-owned-discos.pdf,data/fulltext/improving-state-owned-discos.txt,832
employing-assistive-technology-at-for-children-with-special-educational-needs-a-case-study-from-pakistan-article,Employing Assistive Technology (AT) for Children with Special Educational Needs: A Case Study from Pakistan (Article),2024-06-12,2024-06,2024,PDR,PDR; 2024; Vol. 63 No.2-2024,Mahwish Kamran; Nazia Bano,Children with Special Educational Needs (CWSN); Educational Transformation; Thematic Analysis; INCLUSIVE EDUCATION; Sustainability; Assistive Technology (AT); Case Study,,https://pide.org.pk/research/employing-assistive-technology-at-for-children-with-special-educational-needs-a-case-study-from-pakistan-article/,https://file.pide.org.pk/pdfpdr/2024/203-220.pdf,,,pdfs/2024/06/203-220.pdf,data/fulltext/employing-assistive-technology-at-for-children-with-special-educational-needs-a-case-study-from-pakistan-article.txt,164
economic-war-ukraine-and-the-global-conflict-between-russia-and-the-west-by-maximilian-hess-book-review,Economic War: Ukraine and the Global Conflict between Russia and the West by Maximilian Hess (Book Review),2024-06-12,2024-06,2024,PDR,PDR; 2024; Vol. 63 No.2-2024,Rameen Shahid,,,https://pide.org.pk/research/economic-war-ukraine-and-the-global-conflict-between-russia-and-the-west-by-maximilian-hess-book-review/,https://file.pide.org.pk/pdfpdr/2024/353-355.pdf,,,pdfs/2024/06/353-355.pdf,data/fulltext/economic-war-ukraine-and-the-global-conflict-between-russia-and-the-west-by-maximilian-hess-book-review.txt,450
agricultural-commodity-markets-in-pakistan-analysis-of-issues-policy,Agricultural Commodity Markets in Pakistan: Analysis of Issues (Policy),2024-06-12,2024-06,2024,PDR,PDR; 2024; Vol. 63 No.2-2024,Samir Ahmed; Mansoor Ali,,,https://pide.org.pk/research/agricultural-commodity-markets-in-pakistan-analysis-of-issues-policy/,https://file.pide.org.pk/pdfpdr/2024/307-324.pdf,,,pdfs/2024/06/307-324.pdf,data/fulltext/agricultural-commodity-markets-in-pakistan-analysis-of-issues-policy.txt,231
pide-prime-tax-reforms-commission-revenue-with-growth,PIDE-PRIME Tax Reforms Commission: Revenue With Growth,2024-06-11,2024-06,2024,Research Reports,Recent Publications; Research Report; Macro Policy Lab; Center for Governance‚ Markets and Regulatory Analysis,PIDE Tax Commission,,,https://pide.org.pk/research/pide-prime-tax-reforms-commission-revenue-with-growth/,https://file.pide.org.pk/pdfpideresearch/rr-pide-prime-tax-reforms-commission-revenue-with-growth.pdf,,,pdfs/2024/06/rr-pide-prime-tax-reforms-commission-revenue-with-growth.pdf,data/fulltext/pide-prime-tax-reforms-commission-revenue-with-growth.txt,227
sustainable-wheat-crop-strategies,Sustainable wheat crop: strategies,2024-06-10,2024-06,2024,PIDE in Press,PIDE in Press,Sobia Rose,,,https://pide.org.pk/research/sustainable-wheat-crop-strategies/,https://file.pide.org.pk/pdfpideinpress/pip-sustainable-wheat-crop-strategies.pdf,,,pdfs/2024/06/pip-sustainable-wheat-crop-strategies.pdf,data/fulltext/sustainable-wheat-crop-strategies.txt,851
revisiting-govt-jobs,Revisiting govt jobs,2024-06-10,2024-06,2024,PIDE in Press,PIDE in Press,Nadeem Ahmed Khan,,,https://pide.org.pk/research/revisiting-govt-jobs/,https://file.pide.org.pk/pdfpideinpress/pip-revisiting-govt-jobs.pdf,,,pdfs/2024/06/pip-revisiting-govt-jobs.pdf,data/fulltext/revisiting-govt-jobs.txt,1221
power-sector-debt-and-pakistans-economy,Power Sector Debt and Pakistan’s Economy,2024-06-03,2024-06,2024,Working Paper,Recent Publications; Working Paper; Center for Energy‚ Logistics‚ and Infrastructure,Afia Malik; Ghulam Mustafa,Circular Debt; Pakistans Economy; Electricity Tariff,Q43; C68; D22,https://pide.org.pk/research/power-sector-debt-and-pakistans-economy/,https://file.pide.org.pk/pdfpideresearch/wp-2024-2-power-sector-debt-and-pakistans-economy.pdf,,,pdfs/2024/06/wp-2024-2-power-sector-debt-and-pakistans-economy.pdf,data/fulltext/power-sector-debt-and-pakistans-economy.txt,523
why-is-productivity-low-in-pakistan,Why is productivity low in Pakistan?,2024-05-31,2024-05,2024,PIDE in Press,PIDE in Press,Abdus Sattar,,,https://pide.org.pk/research/why-is-productivity-low-in-pakistan/,https://file.pide.org.pk/pdfpideinpress/pip-why-is-productivity-low-in-pakistan.pdf,,,pdfs/2024/05/pip-why-is-productivity-low-in-pakistan.pdf,data/fulltext/why-is-productivity-low-in-pakistan.txt,919
media-coverage-3rd-econfest-2024-islamabad,"Media Coverage: 3rd EconFest 2024, Islamabad",2024-05-31,2024-05,2024,PIDE in Press,PIDE in Press,,,,https://pide.org.pk/research/media-coverage-3rd-econfest-2024-islamabad/,https://file.pide.org.pk/pdfpideinpress/pip-media-coverage-3rd-econfest-2024-islamabad.pdf,,,pdfs/2024/05/pip-media-coverage-3rd-econfest-2024-islamabad.pdf,,0
auto-industry,Auto industry,2024-05-29,2024-05,2024,PIDE in Press,PIDE in Press,Usman Qadir,,,https://pide.org.pk/research/auto-industry/,https://file.pide.org.pk/pdfpideinpress/pip-auto-industry.pdf,,,pdfs/2024/05/pip-auto-industry.pdf,data/fulltext/auto-industry.txt,747
privatisation-of-soes-a-focus-on-pia,Privatisation of SOEs: a focus on PIA,2024-05-23,2024-05,2024,PIDE in Press,PIDE in Press,Ayesha Rehman,,,https://pide.org.pk/research/privatisation-of-soes-a-focus-on-pia/,https://file.pide.org.pk/pdfpideinpress/pip-privatisation-of-soes-a-focus-on-pia.pdf,,,pdfs/2024/05/pip-privatisation-of-soes-a-focus-on-pia.pdf,data/fulltext/privatisation-of-soes-a-focus-on-pia.txt,931
media-coverage-revitalizing-pakistan-automobile-industry-karachi-lahore,Media Coverage: Revitalizing Pakistan Automobile Industry (Karachi & Lahore),2024-05-22,2024-05,2024,PIDE in Press,PIDE in Press,,,,https://pide.org.pk/research/media-coverage-revitalizing-pakistan-automobile-industry-karachi-lahore/,https://file.pide.org.pk/pdfpideinpress/pip-media-coverage-revitalizing-pakistan-automobile-industry-karachi-and-lahore.pdf,,,pdfs/2024/05/pip-media-coverage-revitalizing-pakistan-automobile-industry-karachi-and-lahore.pdf,,0
judicial-transformation-efficiency-transparency-depoliticisation,"Judicial Transformation: Efficiency, Transparency, Depoliticisation",2024-05-21,2024-05,2024,Policy and Research,Policy and Research; Recent Publications; P &amp; R Magazine,,,,https://pide.org.pk/research/judicial-transformation-efficiency-transparency-depoliticisation/,https://file.pide.org.pk/pdfpideresearch/discourse-2024-02.pdf,,,pdfs/2024/05/discourse-2024-02.pdf,data/fulltext/judicial-transformation-efficiency-transparency-depoliticisation.txt,346
developing-a-competent-energy-market,Developing a competent energy market,2024-05-21,2024-05,2024,PIDE in Press,PIDE in Press,Afia Malik; Tehmina Asad,,,https://pide.org.pk/research/developing-a-competent-energy-market/,https://file.pide.org.pk/pdfpideinpress/pip-developing-a-competent-energy-market.pdf,,,pdfs/2024/05/pip-developing-a-competent-energy-market.pdf,data/fulltext/developing-a-competent-energy-market.txt,963
unlocking-success-the-power-play-of-politics-versus-economy,Unlocking Success: The Power Play of Politics Versus Economy,2024-05-20,2024-05,2024,Policy and Research,Policy and Research; Discourse 2024-02,Laiba Farooq,,,https://pide.org.pk/research/unlocking-success-the-power-play-of-politics-versus-economy/,https://file.pide.org.pk/pdfpideresearch/discourse-2024-02-21-unlocking-success-the-power-play-of-politics.pdf,,,pdfs/2024/05/discourse-2024-02-21-unlocking-success-the-power-play-of-politics.pdf,data/fulltext/unlocking-success-the-power-play-of-politics-versus-economy.txt,1234
threats-across-the-borders-tackling-transboundary-environmental-injustice,Threats Across the Borders: Tackling Transboundary Environmental Injustice,2024-05-20,2024-05,2024,Policy and Research,Policy and Research; Discourse 2024-02,Sobia Rose,,,https://pide.org.pk/research/threats-across-the-borders-tackling-transboundary-environmental-injustice/,https://file.pide.org.pk/pdfpideresearch/discourse-2024-02-28-threats-across-the-borders-tackling-transboundary.pdf,,,pdfs/2024/05/discourse-2024-02-28-threats-across-the-borders-tackling-transboundary.pdf,data/fulltext/threats-across-the-borders-tackling-transboundary-environmental-injustice.txt,1024
the-siraiki-province-imbroglio-two-steps-forward-one-step-back,"The Siraiki Province Imbroglio: Two Steps Forward, One Step Back",2024-05-20,2024-05,2024,Policy and Research,Policy and Research; Discourse 2024-02,Asma Faiz,,,https://pide.org.pk/research/the-siraiki-province-imbroglio-two-steps-forward-one-step-back/,https://file.pide.org.pk/pdfpideresearch/discourse-2024-02-33-the-siraiki-province-imbroglio-two-steps-forward.pdf,,,pdfs/2024/05/discourse-2024-02-33-the-siraiki-province-imbroglio-two-steps-forward.pdf,data/fulltext/the-siraiki-province-imbroglio-two-steps-forward-one-step-back.txt,1212
the-humanitarian-crisis-in-the-israel-gaza-war-what-needs-to-be-done,The Humanitarian Crisis in the Israel-Gaza War: What Needs to be Done?,2024-05-20,2024-05,2024,Policy and Research,Policy and Research; Discourse 2024-02,Tayyaba Razzaq,,,https://pide.org.pk/research/the-humanitarian-crisis-in-the-israel-gaza-war-what-needs-to-be-done/,https://file.pide.org.pk/pdfpideresearch/discourse-2024-02-18-the-humanitarian-crisis-in-the-israel-gaza-war.pdf,,,pdfs/2024/05/discourse-2024-02-18-the-humanitarian-crisis-in-the-israel-gaza-war.pdf,data/fulltext/the-humanitarian-crisis-in-the-israel-gaza-war-what-needs-to-be-done.txt,1288
statuesque-melodies-the-tale-of-the-golden-man-and-the-urban-beggars,Statuesque Melodies: The Tale of ‘The Golden Man’ and the Urban Beggars,2024-05-20,2024-05,2024,Policy and Research,Policy and Research; Discourse 2024-02,Aadil Riaz,,,https://pide.org.pk/research/statuesque-melodies-the-tale-of-the-golden-man-and-the-urban-beggars/,https://file.pide.org.pk/pdfpideresearch/discourse-2024-02-40-statuesque-melodies-the-tale-of-the-golden-man.pdf,,,pdfs/2024/05/discourse-2024-02-40-statuesque-melodies-the-tale-of-the-golden-man.pdf,data/fulltext/statuesque-melodies-the-tale-of-the-golden-man-and-the-urban-beggars.txt,1596
reviving-the-jirga-system-as-alternative-dispute-resolution-adr-in-pakistans-tribal-areas,Reviving the Jirga System as Alternative Dispute Resolution (ADR) in Pakistan’s Tribal Areas,2024-05-20,2024-05,2024,Policy and Research,Policy and Research; Discourse 2024-02,Samreen Fatima,,,https://pide.org.pk/research/reviving-the-jirga-system-as-alternative-dispute-resolution-adr-in-pakistans-tribal-areas/,https://file.pide.org.pk/pdfpideresearch/discourse-2024-02-13-reviving-the-jirga-systemas-alternative-dispute.pdf,,,pdfs/2024/05/discourse-2024-02-13-reviving-the-jirga-systemas-alternative-dispute.pdf,data/fulltext/reviving-the-jirga-system-as-alternative-dispute-resolution-adr-in-pakistans-tribal-areas.txt,1534
revitalising-agriculture-road-to-green-revolution,Revitalising Agriculture: Road To Green Revolution,2024-05-20,2024-05,2024,Policy and Research,Policy and Research; Discourse 2024-02,Sobia Rose; Muhammad Faisal Ali,,,https://pide.org.pk/research/revitalising-agriculture-road-to-green-revolution/,https://file.pide.org.pk/pdfpideresearch/discourse-2024-02-29-revitalising-agriculture-road-to-green-revolution.pdf,,,pdfs/2024/05/discourse-2024-02-29-revitalising-agriculture-road-to-green-revolution.pdf,data/fulltext/revitalising-agriculture-road-to-green-revolution.txt,1941
rethinking-industrial-policy-in-pakistan-a-political-economy-view,Rethinking Industrial Policy in Pakistan: A Political Economy View,2024-05-20,2024-05,2024,Policy and Research,Policy and Research; Discourse 2024-02,Shahram Azhar,,,https://pide.org.pk/research/rethinking-industrial-policy-in-pakistan-a-political-economy-view/,https://file.pide.org.pk/pdfpideresearch/discourse-2024-02-25-rethinking-industrial-policy-in-pakistan.pdf,,,pdfs/2024/05/discourse-2024-02-25-rethinking-industrial-policy-in-pakistan.pdf,data/fulltext/rethinking-industrial-policy-in-pakistan-a-political-economy-view.txt,2313
reflections-on-the-political-economy-of-judicial-delay-in-pakistan,Reflections on the Political Economy of Judicial Delay in Pakistan,2024-05-20,2024-05,2024,Policy and Research,Policy and Research; Discourse 2024-02,Umer Ijaz Gilani,,,https://pide.org.pk/research/reflections-on-the-political-economy-of-judicial-delay-in-pakistan/,https://file.pide.org.pk/pdfpideresearch/discourse-2024-02-06-reﬂections-on-the-political-economy-of-Judicial.pdf,,,pdfs/2024/05/discourse-2024-02-06-reﬂections-on-the-political-economy-of-Judicial.pdf,data/fulltext/reflections-on-the-political-economy-of-judicial-delay-in-pakistan.txt,3870
reflections-of-society-the-role-of-pakistani-television-in-perpetuating-patriarchal-norms,Reflections of Society: The Role of Pakistani Television in Perpetuating Patriarchal Norms,2024-05-20,2024-05,2024,Policy and Research,Policy and Research; Discourse 2024-02,Sara J. Rathore,,,https://pide.org.pk/research/reflections-of-society-the-role-of-pakistani-television-in-perpetuating-patriarchal-norms/,https://file.pide.org.pk/pdfpideresearch/discourse-2024-02-39-reflections-of-society.pdf,,,pdfs/2024/05/discourse-2024-02-39-reflections-of-society.pdf,data/fulltext/reflections-of-society-the-role-of-pakistani-television-in-perpetuating-patriarchal-norms.txt,1216
public-choice-and-public-value,Public Choice and Public Value,2024-05-20,2024-05,2024,Policy and Research,Policy and Research; Discourse 2024-02,Usman W. Chohan,,,https://pide.org.pk/research/public-choice-and-public-value/,https://file.pide.org.pk/pdfpideresearch/discourse-2024-02-27-public-choice-and-public-value.pdf,,,pdfs/2024/05/discourse-2024-02-27-public-choice-and-public-value.pdf,data/fulltext/public-choice-and-public-value.txt,1626
pide-bi-monthly-roundup-5,PIDE Bi-Monthly Roundup,2024-05-20,2024-05,2024,Policy and Research,Policy and Research; Discourse 2024-02,,,,https://pide.org.pk/research/pide-bi-monthly-roundup-5/,https://file.pide.org.pk/pdfpideresearch/discourse-2024-02-41-pide-bi-monthly-roundup.pdf,,,pdfs/2024/05/discourse-2024-02-41-pide-bi-monthly-roundup.pdf,data/fulltext/pide-bi-monthly-roundup-5.txt,507
pakistans-missing-95-trillion-rupees,Pakistan’s Missing 95 Trillion Rupees,2024-05-20,2024-05,2024,Policy and Research,Policy and Research; Discourse 2024-02,Shahjahan Chaudhary,,,https://pide.org.pk/research/pakistans-missing-95-trillion-rupees/,https://file.pide.org.pk/pdfpideresearch/discourse-2024-02-37-pakistans-missing-95-trillion-rupees.pdf,,,pdfs/2024/05/discourse-2024-02-37-pakistans-missing-95-trillion-rupees.pdf,data/fulltext/pakistans-missing-95-trillion-rupees.txt,1960
need-for-judicial-reforms,Need for Judicial Reforms,2024-05-20,2024-05,2024,Policy and Research,Policy and Research; Discourse 2024-02,Shahid Kardar,,,https://pide.org.pk/research/need-for-judicial-reforms/,https://file.pide.org.pk/pdfpideresearch/discourse-2024-02-08-need-for-judicial-reforms.pdf,,,pdfs/2024/05/discourse-2024-02-08-need-for-judicial-reforms.pdf,data/fulltext/need-for-judicial-reforms.txt,1417
misconceptions-that-impede-national-development,Misconceptions that Impede National Development,2024-05-20,2024-05,2024,Policy and Research,Policy and Research; Discourse 2024-02,Zafar U. Ahmed,,,https://pide.org.pk/research/misconceptions-that-impede-national-development/,https://file.pide.org.pk/pdfpideresearch/discourse-2024-02-17-misconceptions-that-impede-national-development.pdf,,,pdfs/2024/05/discourse-2024-02-17-misconceptions-that-impede-national-development.pdf,data/fulltext/misconceptions-that-impede-national-development.txt,3060
justonomics-justice-economics,Justonomics = Justice + Economics,2024-05-20,2024-05,2024,Policy and Research,Policy and Research; Discourse 2024-02,Saddam Hussein,,,https://pide.org.pk/research/justonomics-justice-economics/,https://file.pide.org.pk/pdfpideresearch/discourse-2024-02-15-justonomics-justice-economics.pdf,,,pdfs/2024/05/discourse-2024-02-15-justonomics-justice-economics.pdf,data/fulltext/justonomics-justice-economics.txt,1163
justices-of-the-peace,Justices of the Peace,2024-05-20,2024-05,2024,Policy and Research,Policy and Research; Discourse 2024-02,Uzair Kayani,,,https://pide.org.pk/research/justices-of-the-peace/,https://file.pide.org.pk/pdfpideresearch/discourse-2024-02-12-justice-of-the-peace.pdf,,,pdfs/2024/05/discourse-2024-02-12-justice-of-the-peace.pdf,data/fulltext/justices-of-the-peace.txt,1158
judicial-relics-and-the-quest-for-justice,Judicial Relics and the Quest for Justice,2024-05-20,2024-05,2024,Policy and Research,Policy and Research; Discourse 2024-02,Syed Sheheryar Raza Zaidi,,,https://pide.org.pk/research/judicial-relics-and-the-quest-for-justice/,https://file.pide.org.pk/pdfpideresearch/discourse-2024-02-11-judicial-relics-and-the-quest-for-justice.pdf,,,pdfs/2024/05/discourse-2024-02-11-judicial-relics-and-the-quest-for-justice.pdf,data/fulltext/judicial-relics-and-the-quest-for-justice.txt,1636
imf-and-the-pro-growth-strategy-2024,IMF and the Pro-Growth Strategy 2024,2024-05-20,2024-05,2024,Policy and Research,Policy and Research; Discourse 2024-02,Naqi Akbar,,,https://pide.org.pk/research/imf-and-the-pro-growth-strategy-2024/,https://file.pide.org.pk/pdfpideresearch/discourse-2024-02-19-imf-and-the-pro-growth-strategy.pdf,,,pdfs/2024/05/discourse-2024-02-19-imf-and-the-pro-growth-strategy.pdf,data/fulltext/imf-and-the-pro-growth-strategy-2024.txt,1536
greening-the-nation-pakistans-way-forward,Greening the Nation: Pakistan’s Way Forward,2024-05-20,2024-05,2024,Policy and Research,Policy and Research; Discourse 2024-02,Wajhullah Fahim,,,https://pide.org.pk/research/greening-the-nation-pakistans-way-forward/,https://file.pide.org.pk/pdfpideresearch/discourse-2024-02-30-greening-the-nation-pakistans-way-forward.pdf,,,pdfs/2024/05/discourse-2024-02-30-greening-the-nation-pakistans-way-forward.pdf,data/fulltext/greening-the-nation-pakistans-way-forward.txt,1138
esg-impact-lawyers-innovation-in-the-pakistani-legal-system,"ESG, Impact Lawyers & Innovation in the Pakistani Legal System",2024-05-20,2024-05,2024,Policy and Research,Policy and Research; Discourse 2024-02,Ammara Farooq Malik,,,https://pide.org.pk/research/esg-impact-lawyers-innovation-in-the-pakistani-legal-system/,https://file.pide.org.pk/pdfpideresearch/discourse-2024-02-14-esg-impact-lawyers-and-innovation-in-the-pakistani-legel-system.pdf,,,pdfs/2024/05/discourse-2024-02-14-esg-impact-lawyers-and-innovation-in-the-pakistani-legel-system.pdf,data/fulltext/esg-impact-lawyers-innovation-in-the-pakistani-legal-system.txt,1776
economic-costs-of-judicial-weaponisation,Economic Costs of Judicial Weaponisation,2024-05-20,2024-05,2024,Policy and Research,Policy and Research; Discourse 2024-02,Nadeem Ul Haque,,,https://pide.org.pk/research/economic-costs-of-judicial-weaponisation/,https://file.pide.org.pk/pdfpideresearch/discourse-2024-02-09-economic-costs-of-judicial-weaponisation.pdf,,,pdfs/2024/05/discourse-2024-02-09-economic-costs-of-judicial-weaponisation.pdf,data/fulltext/economic-costs-of-judicial-weaponisation.txt,835
echoes-of-wisdom-tracing-the-intellectual-heritage-of-old-delhis-madrasas,Echoes of Wisdom: Tracing the Intellectual Heritage of Old Delhi’s Madrasas,2024-05-20,2024-05,2024,Policy and Research,Policy and Research; Discourse 2024-02,Sonia Gulzeb,,,https://pide.org.pk/research/echoes-of-wisdom-tracing-the-intellectual-heritage-of-old-delhis-madrasas/,https://file.pide.org.pk/pdfpideresearch/discourse-2024-02-34-echoes-of-wisdom-tracing-the-intellectual-heritage.pdf,,,pdfs/2024/05/discourse-2024-02-34-echoes-of-wisdom-tracing-the-intellectual-heritage.pdf,data/fulltext/echoes-of-wisdom-tracing-the-intellectual-heritage-of-old-delhis-madrasas.txt,1399
driving-pakistans-industrialisation-strategy-rethinking-import-of-capital-goods,Driving Pakistan’s Industrialisation Strategy: Rethinking Import of Capital Goods,2024-05-20,2024-05,2024,Policy and Research,Policy and Research; Discourse 2024-02,Aadil Nakhoda,,,https://pide.org.pk/research/driving-pakistans-industrialisation-strategy-rethinking-import-of-capital-goods/,https://file.pide.org.pk/pdfpideresearch/discourse-2024-02-36-driving-pakistans-industrialisation-strategy.pdf,,,pdfs/2024/05/discourse-2024-02-36-driving-pakistans-industrialisation-strategy.pdf,data/fulltext/driving-pakistans-industrialisation-strategy-rethinking-import-of-capital-goods.txt,1550
doubling-down-on-industrial-policy,Doubling Down on Industrial Policy,2024-05-20,2024-05,2024,Policy and Research,Policy and Research; Discourse 2024-02,Ammar H. Khan,,,https://pide.org.pk/research/doubling-down-on-industrial-policy/,https://file.pide.org.pk/pdfpideresearch/discourse-2024-02-24-doubling-down-on-industrial-policy.pdf,,,pdfs/2024/05/discourse-2024-02-24-doubling-down-on-industrial-policy.pdf,data/fulltext/doubling-down-on-industrial-policy.txt,777
cover-piece-4,COVER PIECE,2024-05-20,2024-05,2024,Policy and Research,Policy and Research; Discourse 2024-02,,,,https://pide.org.pk/research/cover-piece-4/,https://file.pide.org.pk/pdfpideresearch/discourse-2024-02-04-cover-piece.pdf,,,pdfs/2024/05/discourse-2024-02-04-cover-piece.pdf,data/fulltext/cover-piece-4.txt,934
conceptualising-judicial-reform-in-pakistan,Conceptualising Judicial Reform in Pakistan,2024-05-20,2024-05,2024,Policy and Research,Policy and Research; Discourse 2024-02,Abdul Moiz Jaferii,,,https://pide.org.pk/research/conceptualising-judicial-reform-in-pakistan/,https://file.pide.org.pk/pdfpideresearch/discourse-2024-02-07-conceptualising-judicial-reform-in-pakistan.pdf,,,pdfs/2024/05/discourse-2024-02-07-conceptualising-judicial-reform-in-pakistan.pdf,data/fulltext/conceptualising-judicial-reform-in-pakistan.txt,1386
children-and-working-class-women-trade-liberalisation-imf-and-international-law-protections,"Children and Working-Class Women: Trade Liberalisation, IMF, and International Law Protections",2024-05-20,2024-05,2024,Policy and Research,Policy and Research; Discourse 2024-02,Shahzeb Usman,,,https://pide.org.pk/research/children-and-working-class-women-trade-liberalisation-imf-and-international-law-protections/,https://file.pide.org.pk/pdfpideresearch/discourse-2024-02-31-children-and-working-class-women.pdf,,,pdfs/2024/05/discourse-2024-02-31-children-and-working-class-women.pdf,data/fulltext/children-and-working-class-women-trade-liberalisation-imf-and-international-law-protections.txt,1928
book-review-pakistans-institutional-instability-and-underdevelopment-state-people-and-consciousness-by-akmal-hussain,"Book Review | Pakistan’s Institutional Instability and Underdevelopment: State, People, and Consciousness by Akmal Hussain",2024-05-20,2024-05,2024,Policy and Research,Policy and Research; Discourse 2024-02,Dushka H. Saiyid,,,https://pide.org.pk/research/book-review-pakistans-institutional-instability-and-underdevelopment-state-people-and-consciousness-by-akmal-hussain/,https://file.pide.org.pk/pdfpideresearch/discourse-2024-02-20-book-review-pakistans-institutional-instability.pdf,,,pdfs/2024/05/discourse-2024-02-20-book-review-pakistans-institutional-instability.pdf,data/fulltext/book-review-pakistans-institutional-instability-and-underdevelopment-state-people-and-consciousness-by-akmal-hussain.txt,1946
aping-the-west-the-cost-of-multiple-judicial-streams,Aping the West: The Cost of Multiple Judicial Streams,2024-05-20,2024-05,2024,Policy and Research,Policy and Research; Discourse 2024-02,Nadeem Ul Haque,,,https://pide.org.pk/research/aping-the-west-the-cost-of-multiple-judicial-streams/,https://file.pide.org.pk/pdfpideresearch/discourse-2024-02-10-aping-the-west-the-cost-of-multiple-judicial.pdf,,,pdfs/2024/05/discourse-2024-02-10-aping-the-west-the-cost-of-multiple-judicial.pdf,data/fulltext/aping-the-west-the-cost-of-multiple-judicial-streams.txt,997
media-coverage-economy-of-azad-jammu-kashmir-unlocking-the-potential,Media Coverage – Economy Of Azad Jammu & Kashmir: Unlocking The Potential,2024-05-16,2024-05,2024,PIDE in Press,PIDE in Press,,,,https://pide.org.pk/research/media-coverage-economy-of-azad-jammu-kashmir-unlocking-the-potential/,https://file.pide.org.pk/pdfpideinpress/pip-media-coverage-economy-of-azad-jammu-kashmir-unlocking-the-potential.pdf,,,pdfs/2024/05/pip-media-coverage-economy-of-azad-jammu-kashmir-unlocking-the-potential.pdf,,0
chakkar-istan-degree-attestation-is-a-new-business-in-pakistan,Chakkar-istan: degree attestation is a new business in Pakistan,2024-05-16,2024-05,2024,PIDE in Press,PIDE in Press,Faheem Jehangir Khan; Zahanat Hussain,,,https://pide.org.pk/research/chakkar-istan-degree-attestation-is-a-new-business-in-pakistan/,https://file.pide.org.pk/pdfpideinpress/pip-chakkar-istan-degree-attestation-is-a-new-business-in-pakistan.pdf,,,pdfs/2024/05/pip-chakkar-istan-degree-attestation-is-a-new-business-in-pakistan.pdf,data/fulltext/chakkar-istan-degree-attestation-is-a-new-business-in-pakistan.txt,839
strategy-for-sustainable-growth-energy-efficient-textile-industry,Strategy for sustainable growth: Energy-efficient textile industry,2024-05-13,2024-05,2024,PIDE in Press,PIDE in Press,Uzma Zia; Anjeela Khurram,,,https://pide.org.pk/research/strategy-for-sustainable-growth-energy-efficient-textile-industry/,https://file.pide.org.pk/pdfpideinpress/pip-strategy-for-sustainable-growth-energy-efficient-textile-industry.pdf,,,pdfs/2024/05/pip-strategy-for-sustainable-growth-energy-efficient-textile-industry.pdf,data/fulltext/strategy-for-sustainable-growth-energy-efficient-textile-industry.txt,728
the-mirage-of-financial-freedom,The mirage of financial freedom,2024-05-09,2024-05,2024,PIDE in Press,PIDE in Press,Usama Abdul Rauf,,,https://pide.org.pk/research/the-mirage-of-financial-freedom/,https://file.pide.org.pk/pdfpideinpress/pip-the-mirage-of-financial-freedom.pdf,,,pdfs/2024/05/pip-the-mirage-of-financial-freedom.pdf,data/fulltext/the-mirage-of-financial-freedom.txt,794
subsidies-vs-market-forces,Subsidies vs market forces,2024-05-06,2024-05,2024,PIDE in Press,PIDE in Press,Abedullah Anjum; Sobia Rose,,,https://pide.org.pk/research/subsidies-vs-market-forces/,https://file.pide.org.pk/pdfpideinpress/pip-subsidies-vs-market-forces.pdf,,,pdfs/2024/05/pip-subsidies-vs-market-forces.pdf,data/fulltext/subsidies-vs-market-forces.txt,838
principal-accounting-officer-issues-challenges,Principal Accounting Officer Issues & Challenges,2024-05-06,2024-05,2024,Knowledge Brief,Recent Publications; Knowledge Brief; Center for Governance‚ Markets and Regulatory Analysis,Nadeem Ul Haque; Khurram Ellahi Khan; Nadeem Ahmed Khan; Hassan Rasool,,,https://pide.org.pk/research/principal-accounting-officer-issues-challenges/,https://file.pide.org.pk/pdfpideresearch/kb-122-principle-accounting-officer-issues-challenges.pdf,,,pdfs/2024/05/kb-122-principle-accounting-officer-issues-challenges.pdf,data/fulltext/principal-accounting-officer-issues-challenges.txt,1230
media-coverage-pide-world-bank-debate-reform-priorities-for-pakistan-fiscal-governance-reforms,Media Coverage – PIDE & World Bank Debate – Reform Priorities For Pakistan: Fiscal & Governance Reforms,2024-05-06,2024-05,2024,PIDE in Press,PIDE in Press,,,,https://pide.org.pk/research/media-coverage-pide-world-bank-debate-reform-priorities-for-pakistan-fiscal-governance-reforms/,https://file.pide.org.pk/pdfpideinpress/pip-media-coverage-reform-priorities-for-pakistan-fiscal-and-governance-reforms.pdf,,,pdfs/2024/05/pip-media-coverage-reform-priorities-for-pakistan-fiscal-and-governance-reforms.pdf,,0
pakistans-civil-service-dilemma,Pakistan’s civil service dilemma,2024-05-02,2024-05,2024,PIDE in Press,PIDE in Press,Khurram Ellahi Khan,,,https://pide.org.pk/research/pakistans-civil-service-dilemma/,https://file.pide.org.pk/pdfpideinpress/pip-pakistans-civil-service-dilemma.pdf,,,pdfs/2024/05/pip-pakistans-civil-service-dilemma.pdf,data/fulltext/pakistans-civil-service-dilemma.txt,588
pide-sludge-audit-vol-3,PIDE SLUDGE AUDIT VOL – 3,2024-04-30,2024-04,2024,Sludge Audits; Sludge Series,Sludge Audits; Rasta Sludge Series; Center for Governance‚ Markets and Regulatory Analysis,Nadeem Ul Haque; Ahmed Waqar Qasim,,,https://pide.org.pk/research/pide-sludge-audit-vol-3/,https://file.pide.org.pk/pdfpideresearch/pide-sludge-audit-vol-3.pdf,,,pdfs/2024/04/pide-sludge-audit-vol-3.pdf,data/fulltext/pide-sludge-audit-vol-3.txt,477
justice-at-a-standstill,Justice at a standstill?,2024-04-29,2024-04,2024,PIDE in Press,PIDE in Press,Maria Jawad Khan,,,https://pide.org.pk/research/justice-at-a-standstill/,https://file.pide.org.pk/pdfpideinpress/pip-justice-at-a-standstill.pdf,,,pdfs/2024/04/pip-justice-at-a-standstill.pdf,data/fulltext/justice-at-a-standstill.txt,1021
foreign-aid-donors-and-consultants-analyzing-pakistans-foreign-aid-inflows-and-its-outcomes,Foreign Aid Donors And Consultants: Analyzing Pakistan’s Foreign Aid Inflows And Its Outcomes,2024-04-19,2024-04,2024,Research Reports,Recent Publications; Research Report; Macro Policy Lab,Nadeem Ul Haque; Shahid Mehmood; Hafiz Hanzla Jalil; Ambreen Shabbir; Syeda Um Ul Baneen,,,https://pide.org.pk/research/foreign-aid-donors-and-consultants-analyzing-pakistans-foreign-aid-inflows-and-its-outcomes/,https://file.pide.org.pk/pdfpideresearch/rr-foreign-aid-donors-and-consultants-analyzing-pakistans-foreign-aid-inflows-and-its-outcomes.pdf,,,pdfs/2024/04/rr-foreign-aid-donors-and-consultants-analyzing-pakistans-foreign-aid-inflows-and-its-outcomes.pdf,data/fulltext/foreign-aid-donors-and-consultants-analyzing-pakistans-foreign-aid-inflows-and-its-outcomes.txt,1286
not-elite-capture-but-capture-by-colonial-made-elite,Not Elite Capture but Capture by Colonial-made Elite,2024-04-17,2024-04,2024,Knowledge Brief,Recent Publications; Knowledge Brief,Nadeem Ul Haque; Fahd Zulfiqar,,,https://pide.org.pk/research/not-elite-capture-but-capture-by-colonial-made-elite/,https://file.pide.org.pk/pdfpideresearch/kb-121-not-elite-capture-but-capture-by-colonial-made-elite.pdf,,,pdfs/2024/04/kb-121-not-elite-capture-but-capture-by-colonial-made-elite.pdf,data/fulltext/not-elite-capture-but-capture-by-colonial-made-elite.txt,4972
polls-the-environment,Polls & the environment,2024-04-15,2024-04,2024,PIDE in Press,PIDE in Press,Muhammad Faisal Ali,,,https://pide.org.pk/research/polls-the-environment/,https://file.pide.org.pk/pdfpideinpress/pip-polls-and-the-environment.pdf,,,pdfs/2024/04/pip-polls-and-the-environment.pdf,data/fulltext/polls-the-environment.txt,738
parliament-a-house-to-serve-the-national-interest,Parliament – A house to serve the national interest?,2024-04-15,2024-04,2024,PIDE in Press,PIDE in Press,Saba Anwar; Anjeela Khurram,,,https://pide.org.pk/research/parliament-a-house-to-serve-the-national-interest/,https://file.pide.org.pk/pdfpideinpress/pip-parliament-a-house-to-serve-the-national-interest.pdf,,,pdfs/2024/04/pip-parliament-a-house-to-serve-the-national-interest.pdf,data/fulltext/parliament-a-house-to-serve-the-national-interest.txt,1023
media-coverage-islaah-the-immediate-reform-agenda-for-pakistan,Media Coverage: ISLAAH – The Immediate Reform Agenda for Pakistan,2024-04-15,2024-04,2024,PIDE in Press,PIDE in Press,,,,https://pide.org.pk/research/media-coverage-islaah-the-immediate-reform-agenda-for-pakistan/,https://file.pide.org.pk/pdfpideinpress/pip-media-coverage-islaah-the-immediate-reform-agenda-for-pakistan.pdf,,,pdfs/2024/04/pip-media-coverage-islaah-the-immediate-reform-agenda-for-pakistan.pdf,,0
amidst-the-what-how-when-to-privatize,"Amidst the what, how, when to privatize",2024-04-15,2024-04,2024,PIDE in Press,PIDE in Press,Saba Anwar,,,https://pide.org.pk/research/amidst-the-what-how-when-to-privatize/,https://file.pide.org.pk/pdfpideinpress/pip-amidst-the-what-how-when-to-privatize.pdf,,,pdfs/2024/04/pip-amidst-the-what-how-when-to-privatize.pdf,data/fulltext/amidst-the-what-how-when-to-privatize.txt,972
rasta-local-research-local-solutions-sugar-industry-water-cooperation-financial-inclusion-volume-x,"RASTA Local Research, Local Solutions: Sugar Industry, Water Cooperation & Financial Inclusion, Volume X",2024-04-08,2024-04,2024,Book,Books; Rasta Books,,,,https://pide.org.pk/research/rasta-local-research-local-solutions-sugar-industry-water-cooperation-financial-inclusion-volume-x/,https://file.pide.org.pk/pdfpideresearch/book-rasta-local-research-local-solutions-sugar-industry-water-cooperation-and-financial-inclusion-volume-x.pdf,,,pdfs/2024/04/book-rasta-local-research-local-solutions-sugar-industry-water-cooperation-and-financial-inclusion-volume-x.pdf,,0
rasta-local-research-local-solutions-public-service-delivery-volume-ix,"RASTA Local Research, Local Solutions: Public Service Delivery, Volume IX",2024-04-08,2024-04,2024,Book,Books; Rasta Books,,,,https://pide.org.pk/research/rasta-local-research-local-solutions-public-service-delivery-volume-ix/,https://file.pide.org.pk/pdfpideresearch/book-rasta-local-research-local-solutions-public-service-delivery-volume-ix.pdf,,,pdfs/2024/04/book-rasta-local-research-local-solutions-public-service-delivery-volume-ix.pdf,,0
rasta-local-research-local-solutions-growth-taxation-volume-vii,"RASTA Local Research, Local Solutions: Growth & Taxation, Volume VII",2024-04-08,2024-04,2024,Book,Books; Rasta Books,,,,https://pide.org.pk/research/rasta-local-research-local-solutions-growth-taxation-volume-vii/,https://file.pide.org.pk/pdfpideresearch/book-rasta-local-research-local-solutions-growth-and-taxation-volume-vii.pdf,,,pdfs/2024/04/book-rasta-local-research-local-solutions-growth-and-taxation-volume-vii.pdf,,0
rasta-local-research-local-solutions-farm-productivity-food-prices-volume-viii,"RASTA Local Research, Local Solutions: Farm Productivity & Food Prices, Volume VIII",2024-04-08,2024-04,2024,Book,Books; Rasta Books,,,,https://pide.org.pk/research/rasta-local-research-local-solutions-farm-productivity-food-prices-volume-viii/,https://file.pide.org.pk/pdfpideresearch/book-rasta-local-research-local-solutions-farm-productivity-and-food-prices-volume-viii.pdf,,,pdfs/2024/04/book-rasta-local-research-local-solutions-farm-productivity-and-food-prices-volume-viii.pdf,,0
ineffective-measures,Ineffective measures,2024-04-08,2024-04,2024,PIDE in Press,PIDE in Press,Afia Malik,,,https://pide.org.pk/research/ineffective-measures/,https://file.pide.org.pk/pdfpideinpress/pip-ineffective-measures.pdf,,,pdfs/2024/04/pip-ineffective-measures.pdf,data/fulltext/ineffective-measures.txt,906
an-evaluation-of-comparative-advantage-of-domestically-produced-edible-oil-crops-challenges-and-oportunities,An Evaluation of Comparative Advantage of Domestically Produced Edible Oil Crops: Challenges and Oportunities,2024-04-08,2024-04,2024,Research Reports,Research Report; Rasta Research Report; Center for Agriculture‚ Climate Change and Rural Economy,Abedullah Anjum; Farah Naz,,,https://pide.org.pk/research/an-evaluation-of-comparative-advantage-of-domestically-produced-edible-oil-crops-challenges-and-oportunities/,https://file.pide.org.pk/pdfpideresearch/rr-an-evaluation-of-comparative-advantage-of-domestically-produced-edible-oil-crops-challenges-and-oportunities.pdf,,,pdfs/2024/04/rr-an-evaluation-of-comparative-advantage-of-domestically-produced-edible-oil-crops-challenges-and-oportunities.pdf,,0
agricultural-commodity-markets-in-pakistan-analysis-of-issues,Agricultural Commodity Markets In Pakistan: Analysis Of Issues,2024-04-08,2024-04,2024,Research Reports,Research Report; Rasta Research Report; Center for Agriculture‚ Climate Change and Rural Economy,Samir Ahmed; Mansoor Ali,,,https://pide.org.pk/research/agricultural-commodity-markets-in-pakistan-analysis-of-issues/,https://file.pide.org.pk/pdfpideresearch/rr-agricultural-commodity-markets-in-pakistan-analysis-of-issues.pdf,,,pdfs/2024/04/rr-agricultural-commodity-markets-in-pakistan-analysis-of-issues.pdf,,0
rising-energy-prices-adverse-impact-on-masses,Rising energy prices: adverse impact on masses,2024-04-05,2024-04,2024,PIDE in Press,PIDE in Press,Abdus Sattar,,,https://pide.org.pk/research/rising-energy-prices-adverse-impact-on-masses/,https://file.pide.org.pk/pdfpideinpress/pip-rising-energy-prices-adverse-impact-on-masses.pdf,,,pdfs/2024/04/pip-rising-energy-prices-adverse-impact-on-masses.pdf,data/fulltext/rising-energy-prices-adverse-impact-on-masses.txt,874
newsletter-march-2024,Newsletter: March 2024,2024-04-05,2024-04,2024,Newsletter,Newsletter,,,,https://pide.org.pk/research/newsletter-march-2024/,https://file.pide.org.pk/pdfpideresearch/nl-10-newsletter-march-2024.pdf,,,pdfs/2024/04/nl-10-newsletter-march-2024.pdf,,0
transports-and-logistics,Transports and Logistics,2024-04-04,2024-04,2024,Research Reports,Recent Publications; Research Report; Center for Energy‚ Logistics‚ and Infrastructure,Nadeem Ul Haque; Saba Anwar,,,https://pide.org.pk/research/transports-and-logistics/,https://file.pide.org.pk/pdfpideresearch/rr-transports-and-logistics.pdf,,,pdfs/2024/04/rr-transports-and-logistics.pdf,data/fulltext/transports-and-logistics.txt,712
utilization-challenges-of-public-health-insurance-initiatives-evidences-from-sehat-sahulat-program-ssp-in-pakistan,Utilization Challenges of  Public Health Insurance Initiatives: Evidences from Sehat Sahulat Program (SSP) in Pakistan,2024-04-01,2024-04,2024,Research Reports,Recent Publications; Research Report; Macro Policy Lab; Center for Social and Behavioral Analysis,Durr-e-Nayab; Shujaat Farooq; Nabila Kunwal,,,https://pide.org.pk/research/utilization-challenges-of-public-health-insurance-initiatives-evidences-from-sehat-sahulat-program-ssp-in-pakistan/,https://file.pide.org.pk/pdfpideresearch/rr-utilization-challenges-of-%20public-health-insurance-initiatives.pdf,https://file.pide.org.pk/pdfpideresearch/rr-utilization-challenges-of-%20public-health-insurance-initiatives.pdf,,pdfs/2024/04/rr-utilization-challenges-of-%20public-health-insurance-initiatives.pdf,data/fulltext/utilization-challenges-of-public-health-insurance-initiatives-evidences-from-sehat-sahulat-program-ssp-in-pakistan.txt,1106
immediate-reform-agenda-imf-beyond,Immediate Reform Agenda: IMF & Beyond,2024-04-01,2024-04,2024,Research Reports,Recent Publications; Research Report; Macro Policy Lab; Center for Governance‚ Markets and Regulatory Analysis,PIDE,,,https://pide.org.pk/research/immediate-reform-agenda-imf-beyond/,https://file.pide.org.pk/pdfpideresearch/rr-immediate-reform-agenda-imf-and-beyond.pdf,,,pdfs/2024/04/rr-immediate-reform-agenda-imf-and-beyond.pdf,data/fulltext/immediate-reform-agenda-imf-beyond.txt,81
file-culture-a-crippling-affliction-to-the-real-estate-market,File Culture: A Crippling Affliction to the Real Estate Market,2024-04-01,2024-04,2024,Monograph Series,Recent Publications; Monograph Series; Center for Governance‚ Markets and Regulatory Analysis,Nadeem Ul Haque; Ahmed Waqar Qasim; Muhammad Nameer Wajahat,,,https://pide.org.pk/research/file-culture-a-crippling-affliction-to-the-real-estate-market/,https://file.pide.org.pk/pdfpideresearch/ms-11-file-culture-a-crippling-affliction-to-the-real-estate-market.pdf,,,pdfs/2024/04/ms-11-file-culture-a-crippling-affliction-to-the-real-estate-market.pdf,data/fulltext/file-culture-a-crippling-affliction-to-the-real-estate-market.txt,1597
wood-demand-and-supply-in-pakistan,Wood Demand And Supply In Pakistan,2024-03-29,2024-03,2024,Knowledge Brief,Knowledge Brief; Center for Agriculture‚ Climate Change and Rural Economy,Shujaat Farooq; Durr-e-Nayab; Saddam Hussein; Nabila Kunwal,,,https://pide.org.pk/research/wood-demand-and-supply-in-pakistan/,https://file.pide.org.pk/pdfpideresearch/kb-wood-demand-and-supply-in-pakistan.pdf,,,pdfs/2024/03/kb-wood-demand-and-supply-in-pakistan.pdf,data/fulltext/wood-demand-and-supply-in-pakistan.txt,334
towards-sustainable-range-resource-management-in-pakistan,Towards Sustainable Range Resource Management In Pakistan,2024-03-29,2024-03,2024,Knowledge Brief,Recent Publications; Knowledge Brief; Center for Sustainable Futures; Center for Agriculture‚ Climate Change and Rural Economy,Shujaat Farooq; Durr-e-Nayab; Saddam Hussein; Nabila Kunwal,,,https://pide.org.pk/research/towards-sustainable-range-resource-management-in-pakistan/,https://file.pide.org.pk/pdfpideresearch/kb-towards-sustainable-range-resource-management-in-pakistan.pdf,,,pdfs/2024/03/kb-towards-sustainable-range-resource-management-in-pakistan.pdf,data/fulltext/towards-sustainable-range-resource-management-in-pakistan.txt,1032
forests-indirect-services-for-watersheds-the-case-of-mangla-dam,Forest’s Indirect Services For Watersheds: The Case Of Mangla Dam,2024-03-29,2024-03,2024,Knowledge Brief,Knowledge Brief; Center for Agriculture‚ Climate Change and Rural Economy,Muhammad Imran; Shujaat Farooq; Durr-e-Nayab; Saddam Hussein; Nabila Kunwal,,,https://pide.org.pk/research/forests-indirect-services-for-watersheds-the-case-of-mangla-dam/,https://file.pide.org.pk/pdfpideresearch/kb-forests-indirect-services-for-watersheds-the-case-of-mangla-dam.pdf,,,pdfs/2024/03/kb-forests-indirect-services-for-watersheds-the-case-of-mangla-dam.pdf,data/fulltext/forests-indirect-services-for-watersheds-the-case-of-mangla-dam.txt,826
forestrys-economic-contribution-is-beyond-just-wood,Forestry’s Economic Contribution Is Beyond Just Wood,2024-03-29,2024-03,2024,Knowledge Brief,Knowledge Brief; Center for Agriculture‚ Climate Change and Rural Economy,Shujaat Farooq; Durr-e-Nayab; Saddam Hussein; Nabila Kunwal,,,https://pide.org.pk/research/forestrys-economic-contribution-is-beyond-just-wood/,https://file.pide.org.pk/pdfpideresearch/kb-forestrys-economic-contribution-is-beyond-just-wood.pdf,,,pdfs/2024/03/kb-forestrys-economic-contribution-is-beyond-just-wood.pdf,,0
forest-based-tourism-services-in-pakistan,Forest Based Tourism Services In Pakistan,2024-03-29,2024-03,2024,Knowledge Brief,Knowledge Brief; Center for Agriculture‚ Climate Change and Rural Economy; Center for Social and Behavioral Analysis,Shujaat Farooq; Durr-e-Nayab; Saddam Hussein; Nabila Kunwal,,,https://pide.org.pk/research/forest-based-tourism-services-in-pakistan/,https://file.pide.org.pk/pdfpideresearch/kb-forest-based-tourism-services-in-pakistan.pdf,,,pdfs/2024/03/kb-forest-based-tourism-services-in-pakistan.pdf,data/fulltext/forest-based-tourism-services-in-pakistan.txt,434
rethinking-the-seed-industry-in-pakistan,Rethinking the seed industry in Pakistan,2024-03-28,2024-03,2024,PIDE in Press,PIDE in Press,Abedullah Anjum; Muhammad Faisal Ali,,,https://pide.org.pk/research/rethinking-the-seed-industry-in-pakistan/,https://file.pide.org.pk/pdfpideinpress/pip-rethinking-the-seed-industry-in-pakistan.pdf,,,pdfs/2024/03/pip-rethinking-the-seed-industry-in-pakistan.pdf,data/fulltext/rethinking-the-seed-industry-in-pakistan.txt,933
what-matters-most-votes-or-numbers,What Matters Most – Votes or Numbers?,2024-03-25,2024-03,2024,Policy and Research,Policy and Research; Discourse 2024-01,Sarwar Bari,,,https://pide.org.pk/research/what-matters-most-votes-or-numbers/,https://file.pide.org.pk/pdfpideresearch/discourse-2024-01-10-what-matters-most-votes-or-numbers.pdf,,,pdfs/2024/03/discourse-2024-01-10-what-matters-most-votes-or-numbers.pdf,data/fulltext/what-matters-most-votes-or-numbers.txt,1977
walking-the-tightrope-of-journalism-in-pakistan,Walking the Tightrope of Journalism in Pakistan,2024-03-25,2024-03,2024,Policy and Research,Policy and Research; Discourse 2024-01,Bismah Mughal,,,https://pide.org.pk/research/walking-the-tightrope-of-journalism-in-pakistan/,https://file.pide.org.pk/pdfpideresearch/discourse-2024-01-05-walking-the-tightrope-of-journalism-in-pakistan.pdf,,,pdfs/2024/03/discourse-2024-01-05-walking-the-tightrope-of-journalism-in-pakistan.pdf,data/fulltext/walking-the-tightrope-of-journalism-in-pakistan.txt,1359
unending-crises-of-unending-hybridity,Unending Crises of Unending Hybridity,2024-03-25,2024-03,2024,Policy and Research,Policy and Research; Discourse 2024-01,Rasul Bakhsh Rais,,,https://pide.org.pk/research/unending-crises-of-unending-hybridity/,https://file.pide.org.pk/pdfpideresearch/discourse-2024-01-12-unending-crises-of-unending-hybridity.pdf,,,pdfs/2024/03/discourse-2024-01-12-unending-crises-of-unending-hybridity.pdf,data/fulltext/unending-crises-of-unending-hybridity.txt,1872
the-silent-crisis-how-climate-change-is-driving-food-inflation-in-pakistan,The Silent Crisis: How Climate change is Driving Food Inflation in Pakistan,2024-03-25,2024-03,2024,Policy and Research,Policy and Research; Discourse 2024-01,Bilal Hussain,,,https://pide.org.pk/research/the-silent-crisis-how-climate-change-is-driving-food-inflation-in-pakistan/,https://file.pide.org.pk/pdfpideresearch/discourse-2024-01-25-the-silent-crisis-how-climate-change-is-driving.pdf,,https://www.adb.org/sites/default/files/publication/357876/climate-change-profile-pakistan.pdf; https://www.pbs.gov.pk/sites/default/files/price_statistics/cpi/CPI_Review_May_2023.pdf,pdfs/2024/03/discourse-2024-01-25-the-silent-crisis-how-climate-change-is-driving.pdf,data/fulltext/the-silent-crisis-how-climate-change-is-driving-food-inflation-in-pakistan.txt,1225
the-significance-of-oral-histories-in-pakistan,The Significance of Oral Histories in Pakistan,2024-03-25,2024-03,2024,Policy and Research,Policy and Research; Discourse 2024-01,Anam Zakaria,,,https://pide.org.pk/research/the-significance-of-oral-histories-in-pakistan/,https://file.pide.org.pk/pdfpideresearch/discourse-2024-01-23-the-significance-of-oral-histories-in-pakistan.pdf,,,pdfs/2024/03/discourse-2024-01-23-the-significance-of-oral-histories-in-pakistan.pdf,data/fulltext/the-significance-of-oral-histories-in-pakistan.txt,1044
the-precarious-path-of-pakistans-media-landscape-navigating-freedom-regulation-and-sustainability,"The Precarious Path of Pakistan’s Media Landscape: Navigating Freedom, Regulation, and Sustainability",2024-03-25,2024-03,2024,Policy and Research,Policy and Research; Discourse 2024-01,Marvi Sirmed,,,https://pide.org.pk/research/the-precarious-path-of-pakistans-media-landscape-navigating-freedom-regulation-and-sustainability/,https://file.pide.org.pk/pdfpideresearch/discourse-2024-01-04-the-precarious-path-of-pakistans-media-landscape.pdf,,https://www.fnpk.org/wp-content/uploads/2022/04/FINAL-Pakistan-Press-Freedom-Report-2022.pdf; https://pakistancode.gov.pk/pdffiles/administrator46c9a3c62acc16428e73999e7d30ba2a.pdf,pdfs/2024/03/discourse-2024-01-04-the-precarious-path-of-pakistans-media-landscape.pdf,data/fulltext/the-precarious-path-of-pakistans-media-landscape-navigating-freedom-regulation-and-sustainability.txt,2353
the-cult-of-digital-media,The Cult of Digital Media,2024-03-25,2024-03,2024,Policy and Research,Policy and Research; Discourse 2024-01,Tahir Dhindsa,,,https://pide.org.pk/research/the-cult-of-digital-media/,https://file.pide.org.pk/pdfpideresearch/discourse-2024-01-09-the-cult-of-digital-media.pdf,,,pdfs/2024/03/discourse-2024-01-09-the-cult-of-digital-media.pdf,data/fulltext/the-cult-of-digital-media.txt,1157
strategic-leadership-and-statecraft,Strategic Leadership and Statecraft,2024-03-25,2024-03,2024,Policy and Research,Policy and Research; Discourse 2024-01,Ashraf Jehangir Qazi,,,https://pide.org.pk/research/strategic-leadership-and-statecraft/,https://file.pide.org.pk/pdfpideresearch/discourse-2024-01-22-strategic-leadership-and-statecraft.pdf,,,pdfs/2024/03/discourse-2024-01-22-strategic-leadership-and-statecraft.pdf,data/fulltext/strategic-leadership-and-statecraft.txt,3487
state-control-corporate-interests-and-media-independence-in-pakistan-raza-rumi,"State Control, Corporate Interests, and Media Independence in Pakistan – Raza Rumi",2024-03-25,2024-03,2024,Policy and Research,Policy and Research; Discourse 2024-01,Raza Rumi,,,https://pide.org.pk/research/state-control-corporate-interests-and-media-independence-in-pakistan-raza-rumi/,https://file.pide.org.pk/pdfpideresearch/discourse-2024-01-01-state-control-corporate-interests-and-media.pdf,,,pdfs/2024/03/discourse-2024-01-01-state-control-corporate-interests-and-media.pdf,data/fulltext/state-control-corporate-interests-and-media-independence-in-pakistan-raza-rumi.txt,2443
restoring-the-arbiter,Restoring the Arbiter,2024-03-25,2024-03,2024,Policy and Research,Policy and Research; Discourse 2024-01,Amber Rahim Shamsi,,,https://pide.org.pk/research/restoring-the-arbiter/,https://file.pide.org.pk/pdfpideresearch/discourse-2024-01-02-restoring-the-arbiter.pdf,,https://pemra.gov.pk/uploads/pub-rep/pemra_annual_report_19-20.pdf,pdfs/2024/03/discourse-2024-01-02-restoring-the-arbiter.pdf,data/fulltext/restoring-the-arbiter.txt,1576
reshaping-media-in-pakistan,Reshaping Media in Pakistan,2024-03-25,2024-03,2024,Policy and Research,Policy and Research; Discourse 2024-01,Matiullah Jan,,,https://pide.org.pk/research/reshaping-media-in-pakistan/,https://file.pide.org.pk/pdfpideresearch/discourse-2024-01-03-reshaping-media-in-pakistan.pdf,,,pdfs/2024/03/discourse-2024-01-03-reshaping-media-in-pakistan.pdf,data/fulltext/reshaping-media-in-pakistan.txt,1513
political-reform-constitution-sans-implementation,Political Reform: Constitution Sans Implementation,2024-03-25,2024-03,2024,Policy and Research,Policy and Research; Discourse 2024-01,Naqi Akbar,,,https://pide.org.pk/research/political-reform-constitution-sans-implementation/,https://file.pide.org.pk/pdfpideresearch/discourse-2024-01-20-political-reform-constitution-sans-implementation.pdf,,,pdfs/2024/03/discourse-2024-01-20-political-reform-constitution-sans-implementation.pdf,data/fulltext/political-reform-constitution-sans-implementation.txt,962
pide-bi-monthly-roundup-4,PIDE Bi-Monthly Roundup,2024-03-25,2024-03,2024,Policy and Research,Policy and Research; Discourse 2024-01,,,,https://pide.org.pk/research/pide-bi-monthly-roundup-4/,https://file.pide.org.pk/pdfpideresearch/discourse-2024-01-29-pide-bi-monthly-roundup.pdf,,,pdfs/2024/03/discourse-2024-01-29-pide-bi-monthly-roundup.pdf,data/fulltext/pide-bi-monthly-roundup-4.txt,161
olomopolo-ten-years-of-drive-discourse-and-dialogue,"OLOMOPOLO:  Ten Years of Drive, Discourse, and Dialogue",2024-03-25,2024-03,2024,Policy and Research,Policy and Research; Discourse 2024-01,Vicky Zhuang Yi-Yin,,,https://pide.org.pk/research/olomopolo-ten-years-of-drive-discourse-and-dialogue/,https://file.pide.org.pk/pdfpideresearch/discourse-2024-01-27-olomopolo-ten-years-of-drive-discourse-and-dia.pdf,,,pdfs/2024/03/discourse-2024-01-27-olomopolo-ten-years-of-drive-discourse-and-dia.pdf,data/fulltext/olomopolo-ten-years-of-drive-discourse-and-dialogue.txt,1410
monumental-shifts-in-pakistans-startup-for-the-better-or-for-the-worse,Monumental Shifts in Pakistan’s Startup Landscape: For the Better or Worse?,2024-03-25,2024-03,2024,Policy and Research,Policy and Research; Discourse 2024-01,Ahtasam Ahmad,,,https://pide.org.pk/research/monumental-shifts-in-pakistans-startup-for-the-better-or-for-the-worse/,https://file.pide.org.pk/pdfpideresearch/discourse-2024-01-26-monumental-shifts-in-pakistans-startup-landscape.pdf,,,pdfs/2024/03/discourse-2024-01-26-monumental-shifts-in-pakistans-startup-landscape.pdf,data/fulltext/monumental-shifts-in-pakistans-startup-for-the-better-or-for-the-worse.txt,1120
media-modernisation-news-journalism-infotainment,"Media Modernisation: News, Journalism, Infotainment",2024-03-25,2024-03,2024,Policy and Research,Policy and Research; Recent Publications; P &amp; R Magazine,,,,https://pide.org.pk/research/media-modernisation-news-journalism-infotainment/,https://file.pide.org.pk/pdfpideresearch/discourse-2024-01.pdf,,,pdfs/2024/03/discourse-2024-01.pdf,data/fulltext/media-modernisation-news-journalism-infotainment.txt,316
media-manipulation-terrorism-corruption-and-the-shifting-sands-of-perception,"Media Manipulation: Terrorism, Corruption, and the Shifting Sands of Perception",2024-03-25,2024-03,2024,Policy and Research,Policy and Research; Discourse 2024-01,Nadeem F. Paracha,,,https://pide.org.pk/research/media-manipulation-terrorism-corruption-and-the-shifting-sands-of-perception/,https://file.pide.org.pk/pdfpideresearch/discourse-2024-01-08-media-source-state-of-industry-report-nepra.pdf,,,pdfs/2024/03/discourse-2024-01-08-media-source-state-of-industry-report-nepra.pdf,data/fulltext/media-manipulation-terrorism-corruption-and-the-shifting-sands-of-perception.txt,1373
making-sense-of-pakistans-retaliation-against-iran,Making Sense of Pakistan’s Retaliation Against Iran,2024-03-25,2024-03,2024,Policy and Research,Policy and Research; Discourse 2024-01,Syed Ali Zia Jaffery,,,https://pide.org.pk/research/making-sense-of-pakistans-retaliation-against-iran/,https://file.pide.org.pk/pdfpideresearch/discourse-2024-01-13-making-sense-of-pakistans-retaliation-against-ira.pdf,https://file.pide.org.pk/pdfpideresearch/discourse-2024-01-14-grassroots-politics-the-only-way-forward.pdf,,pdfs/2024/03/discourse-2024-01-13-making-sense-of-pakistans-retaliation-against-ira.pdf,data/fulltext/making-sense-of-pakistans-retaliation-against-iran.txt,1110
how-the-imfs-structural-adjustment-programmes-in-pakistan-violate-ilo-conventions,How the IMF’s Structural Adjustment Programmes in Pakistan Violate ILO Conventions,2024-03-25,2024-03,2024,Policy and Research,Policy and Research; Discourse 2024-01,Shahzeb Usman,,,https://pide.org.pk/research/how-the-imfs-structural-adjustment-programmes-in-pakistan-violate-ilo-conventions/,https://file.pide.org.pk/pdfpideresearch/discourse-2024-01-19-how-imfs-structural-adjustment-programmes-violat.pdf,,,pdfs/2024/03/discourse-2024-01-19-how-imfs-structural-adjustment-programmes-violat.pdf,data/fulltext/how-the-imfs-structural-adjustment-programmes-in-pakistan-violate-ilo-conventions.txt,2193
half-human-the-bastardisation-of-science-via-standardisation,Half-Human: The Bastardisation of Science Via Standardisation,2024-03-25,2024-03,2024,Policy and Research,Policy and Research; Discourse 2024-01,Subas Amjad,,,https://pide.org.pk/research/half-human-the-bastardisation-of-science-via-standardisation/,https://file.pide.org.pk/pdfpideresearch/discourse-2024-01-24-half-human-the-bastardisation-of-science-via-stan.pdf,,,pdfs/2024/03/discourse-2024-01-24-half-human-the-bastardisation-of-science-via-stan.pdf,data/fulltext/half-human-the-bastardisation-of-science-via-standardisation.txt,1412
grassroots-politics-the-only-way-forward,Grassroots Politics: The Only Way Forward,2024-03-25,2024-03,2024,Policy and Research,Policy and Research; Discourse 2024-01,Shahnaz Khan,,,https://pide.org.pk/research/grassroots-politics-the-only-way-forward/,https://file.pide.org.pk/pdfpideresearch/discourse-2024-01-14-grassroots-politics-the-only-way-forward.pdf,,,pdfs/2024/03/discourse-2024-01-14-grassroots-politics-the-only-way-forward.pdf,data/fulltext/grassroots-politics-the-only-way-forward.txt,1557
empowering-the-lowest-strata-a-vehicle-for-socioeconomic-transformation,Empowering the Lowest Strata: A Vehicle for Socioeconomic Transformation,2024-03-25,2024-03,2024,Policy and Research,Policy and Research; Discourse 2024-01,Nasim Beg,,,https://pide.org.pk/research/empowering-the-lowest-strata-a-vehicle-for-socioeconomic-transformation/,https://file.pide.org.pk/pdfpideresearch/discourse-2024-01-18-empowering-the-lowest-strata-a-vehicle-for-socio.pdf,,,pdfs/2024/03/discourse-2024-01-18-empowering-the-lowest-strata-a-vehicle-for-socio.pdf,data/fulltext/empowering-the-lowest-strata-a-vehicle-for-socioeconomic-transformation.txt,2370
electables-the-unsung-losers-of-the-2024-elections,Electables: The Unsung Losers of the 2024 Elections,2024-03-25,2024-03,2024,Policy and Research,Policy and Research; Discourse 2024-01,Bilal Lakhani,,,https://pide.org.pk/research/electables-the-unsung-losers-of-the-2024-elections/,https://file.pide.org.pk/pdfpideresearch/discourse-2024-01-16-electables-the-unsung-losers-of-the-2024-election.pdf,,,pdfs/2024/03/discourse-2024-01-16-electables-the-unsung-losers-of-the-2024-election.pdf,data/fulltext/electables-the-unsung-losers-of-the-2024-elections.txt,1010
default-incentivising-cooperation-between-creditors,Default: Incentivising Cooperation Between Creditors,2024-03-25,2024-03,2024,Policy and Research,Policy and Research; Discourse 2024-01,Ahmed Jamal Pirzada,,,https://pide.org.pk/research/default-incentivising-cooperation-between-creditors/,https://file.pide.org.pk/pdfpideresearch/discourse-2024-01-11-default-incentivising-cooperation-between.pdf,,https://www.cbsl.gov.lk/sites/default/files/cbslweb_documents/national_accounts_estimates_2023_q2.pdf,pdfs/2024/03/discourse-2024-01-11-default-incentivising-cooperation-between.pdf,data/fulltext/default-incentivising-cooperation-between-creditors.txt,1776
countertrafficking-counterinsurgency-a-counter-productive-relationship,Countertrafficking/Counterinsurgency: A (Counter) Productive Relationship,2024-03-25,2024-03,2024,Policy and Research,Policy and Research; Discourse 2024-01,Hammad Bilal,,,https://pide.org.pk/research/countertrafficking-counterinsurgency-a-counter-productive-relationship/,https://file.pide.org.pk/pdfpideresearch/discourse-2024-01-21-counter-trafficking-and-counterinsurgency.pdf,,,pdfs/2024/03/discourse-2024-01-21-counter-trafficking-and-counterinsurgency.pdf,data/fulltext/countertrafficking-counterinsurgency-a-counter-productive-relationship.txt,2268
concerns-of-intelligentsia-in-pakistan-content-analysis-of-newspapers,Concerns of Intelligentsia in Pakistan: Content Analysis of Newspapers,2024-03-25,2024-03,2024,Policy and Research,Policy and Research; Discourse 2024-01,Nadeem Ul Haque; Arif Sheikh,,,https://pide.org.pk/research/concerns-of-intelligentsia-in-pakistan-content-analysis-of-newspapers/,https://file.pide.org.pk/pdfpideresearch/discourse-2024-01-06-concerns-of-intelligentsia-in-pakistan-content-an.pdf,,,pdfs/2024/03/discourse-2024-01-06-concerns-of-intelligentsia-in-pakistan-content-an.pdf,data/fulltext/concerns-of-intelligentsia-in-pakistan-content-analysis-of-newspapers.txt,3999
climate-and-media-reporting-based-on-conflict-theory-or-structural-functionalism,Climate and Media: Reporting based on Conflict theory or Structural Functionalism,2024-03-25,2024-03,2024,Policy and Research,Policy and Research; Discourse 2024-01,Khalid Waleed,,,https://pide.org.pk/research/climate-and-media-reporting-based-on-conflict-theory-or-structural-functionalism/,https://file.pide.org.pk/pdfpideresearch/discourse-2024-01-07-climate-and-media-reporting-based-on-conﬂict.pdf,,,pdfs/2024/03/discourse-2024-01-07-climate-and-media-reporting-based-on-conﬂict.pdf,data/fulltext/climate-and-media-reporting-based-on-conflict-theory-or-structural-functionalism.txt,1584
abstraction-in-art-aesthetic-excellence-or-elitist-farce,Abstraction in Art: Aesthetic Excellence or Elitist Farce?,2024-03-25,2024-03,2024,Policy and Research,Policy and Research; Discourse 2024-01,Abbas Moosvi,,,https://pide.org.pk/research/abstraction-in-art-aesthetic-excellence-or-elitist-farce/,https://file.pide.org.pk/pdfpideresearch/discourse-2024-01-28-abstraction-in-art-aesthetic-excellence-or-elitis.pdf,,,pdfs/2024/03/discourse-2024-01-28-abstraction-in-art-aesthetic-excellence-or-elitis.pdf,data/fulltext/abstraction-in-art-aesthetic-excellence-or-elitist-farce.txt,2372
2024-elections-the-end-of-electables,2024 Elections: The End of Electables?,2024-03-25,2024-03,2024,Policy and Research,Policy and Research; Discourse 2024-01,Hassan Javid,,,https://pide.org.pk/research/2024-elections-the-end-of-electables/,https://file.pide.org.pk/pdfpideresearch/discourse-2024-01-17-2024-elections-the-end-of-electables.pdf,,,pdfs/2024/03/discourse-2024-01-17-2024-elections-the-end-of-electables.pdf,data/fulltext/2024-elections-the-end-of-electables.txt,1993
media-coverage-gors-everywhere,Media Coverage: GORS Everywhere,2024-03-20,2024-03,2024,PIDE in Press,PIDE in Press,,,,https://pide.org.pk/research/media-coverage-gors-everywhere/,https://file.pide.org.pk/pdfpideinpress/pip-media-coverage-gors-everywhere.pdf,,,pdfs/2024/03/pip-media-coverage-gors-everywhere.pdf,,0
what-do-we-know-about-the-online-freelancing-market-in-pakistan,What Do We Know About The Online Freelancing Market In Pakistan,2024-03-19,2024-03,2024,Knowledge Brief,Recent Publications; Knowledge Brief; Center for Industry‚ Trade &amp; Digital Economy; Center for Governance‚ Markets and Regulatory Analysis,Ahmed Waqar Qasim; Azwar Muhammad Aslam,,,https://pide.org.pk/research/what-do-we-know-about-the-online-freelancing-market-in-pakistan/,https://file.pide.org.pk/pdfpideresearch/kb-116-what-do-we-know-about-the-online-freelancing-market-in-pakistan.pdf,,,pdfs/2024/03/kb-116-what-do-we-know-about-the-online-freelancing-market-in-pakistan.pdf,data/fulltext/what-do-we-know-about-the-online-freelancing-market-in-pakistan.txt,448
pakistans-urban-water-challenges-and-prospects,Pakistan’s Urban Water Challenges and Prospects,2024-03-19,2024-03,2024,Knowledge Brief,Knowledge Brief; Rasta Knowledge Brief; Center for Sustainable Futures; Center for Agriculture‚ Climate Change and Rural Economy,Nazam Maqbool,,,https://pide.org.pk/research/pakistans-urban-water-challenges-and-prospects/,https://file.pide.org.pk/pdfpideresearch/kb-115-pakistans-urban-water-challenges-and-prospects.pdf,,,pdfs/2024/03/kb-115-pakistans-urban-water-challenges-and-prospects.pdf,data/fulltext/pakistans-urban-water-challenges-and-prospects.txt,586
batala-engineering-company-beco-a-tragic-story-of-plummet-from-the-apex,Batala Engineering Company (BECO): A Tragic Story of Plummet from the Apex,2024-03-19,2024-03,2024,Knowledge Brief,Recent Publications; Knowledge Brief; Center for Industry‚ Trade &amp; Digital Economy,Anjeela Khurram; Saba Anwar,,,https://pide.org.pk/research/batala-engineering-company-beco-a-tragic-story-of-plummet-from-the-apex/,https://file.pide.org.pk/pdfpideresearch/kb-114-batala-engineering-company-beco-a-tragic-story-of-plummet-from-the-apex.pdf,,,pdfs/2024/03/kb-114-batala-engineering-company-beco-a-tragic-story-of-plummet-from-the-apex.pdf,data/fulltext/batala-engineering-company-beco-a-tragic-story-of-plummet-from-the-apex.txt,470
evs-toys-for-the-rich,EVs — toys for the rich?,2024-03-18,2024-03,2024,PIDE in Press,PIDE in Press,Mohammad Shaaf Najib,,,https://pide.org.pk/research/evs-toys-for-the-rich/,https://file.pide.org.pk/pdfpideinpress/pip-evs-toys-for-the-rich.pdf,,,pdfs/2024/03/pip-evs-toys-for-the-rich.pdf,data/fulltext/evs-toys-for-the-rich.txt,801
asserting-economic-sovereignty,Asserting economic sovereignty,2024-03-18,2024-03,2024,PIDE in Press,PIDE in Press,Abbas Moosvi,,,https://pide.org.pk/research/asserting-economic-sovereignty/,https://file.pide.org.pk/pdfpideinpress/pip-asserting-economic-sovereignty.pdf,,,pdfs/2024/03/pip-asserting-economic-sovereignty.pdf,data/fulltext/asserting-economic-sovereignty.txt,664
ticket-to-a-better-future,Ticket to a Better Future,2024-03-16,2024-03,2024,PIDE in Press,PIDE in Press,Junaid Ahmed,,,https://pide.org.pk/research/ticket-to-a-better-future/,https://file.pide.org.pk/pdfpideinpress/pip-ticket-to-a-better-future.pdf,,,pdfs/2024/03/pip-ticket-to-a-better-future.pdf,data/fulltext/ticket-to-a-better-future.txt,925
the-economic-and-environmental-cost-of-election-2024,The Economic and Environmental Cost of Election 2024,2024-03-14,2024-03,2024,Research Reports,Recent Publications; Research Report; Macro Policy Lab; Center for Social and Behavioral Analysis,Muhammad Faisal Ali,,,https://pide.org.pk/research/the-economic-and-environmental-cost-of-election-2024/,https://file.pide.org.pk/pdfpideresearch/rr-the-economic-and-environmental-cost-of-election-2024.pdf,,,pdfs/2024/03/rr-the-economic-and-environmental-cost-of-election-2024.pdf,data/fulltext/the-economic-and-environmental-cost-of-election-2024.txt,1031
reinventing-cities-as-catalyst-for-growth-a-collection-of-work-at-pide,Reinventing Cities as Catalyst for growth: A Collection of Work at PIDE,2024-03-11,2024-03,2024,Book,Recent Publications; Books; Center for Governance‚ Markets and Regulatory Analysis,,,,https://pide.org.pk/research/reinventing-cities-as-catalyst-for-growth-a-collection-of-work-at-pide/,https://file.pide.org.pk/pdfpideresearch/book-reinventing-cities-as-catalyst-for-growth-a-collection-of-work-at-pide.pdf,,,pdfs/2024/03/book-reinventing-cities-as-catalyst-for-growth-a-collection-of-work-at-pide.pdf,data/fulltext/reinventing-cities-as-catalyst-for-growth-a-collection-of-work-at-pide.txt,893
gors-everywhere-university-land-for-public-housing,GORs Everywhere: University Land For Public Housing,2024-03-11,2024-03,2024,Research Reports,Recent Publications; Research Report; Center for Governance‚ Markets and Regulatory Analysis,Nadeem Ul Haque; Muhammad Jehangir Khan; Iram Nadeem,,,https://pide.org.pk/research/gors-everywhere-university-land-for-public-housing/,https://file.pide.org.pk/pdfpideresearch/rr-gors-everywhere-university-land-for-public-housing.pdf,,,pdfs/2024/03/rr-gors-everywhere-university-land-for-public-housing.pdf,data/fulltext/gors-everywhere-university-land-for-public-housing.txt,475
monetary-policy-crafting-a-path-for-pakistans-economic-stability,Monetary Policy: Crafting a Path for Pakistan’s Economic Stability,2024-03-07,2024-03,2024,Book,Recent Publications; Books; Macro Policy Lab,,,,https://pide.org.pk/research/monetary-policy-crafting-a-path-for-pakistans-economic-stability/,https://file.pide.org.pk/pdfpideresearch/book-monetary-policy-crafting-a-path-for-pakistans-economic-stability.pdf,,,pdfs/2024/03/book-monetary-policy-crafting-a-path-for-pakistans-economic-stability.pdf,data/fulltext/monetary-policy-crafting-a-path-for-pakistans-economic-stability.txt,1519
evaluation-of-seed-industry-way-forward,Evaluation of Seed Industry: Way Forward,2024-03-06,2024-03,2024,Monograph Series,Recent Publications; Monograph Series; Center for Agriculture‚ Climate Change and Rural Economy,Abedullah Anjum; Muhammad Faisal Ali,,,https://pide.org.pk/research/evaluation-of-seed-industry-way-forward/,https://file.pide.org.pk/pdfpideresearch/ms-10-evaluation-of-seed-industry-way-forward.pdf,,,pdfs/2024/03/ms-10-evaluation-of-seed-industry-way-forward.pdf,data/fulltext/evaluation-of-seed-industry-way-forward.txt,746
newsletter-february-2024,Newsletter: February 2024,2024-03-05,2024-03,2024,Newsletter,Newsletter,,,,https://pide.org.pk/research/newsletter-february-2024/,https://file.pide.org.pk/pdfpideresearch/nl-09-newsletter-February-2024.pdf,,,pdfs/2024/03/nl-09-newsletter-February-2024.pdf,,0
innovation-in-academia,Innovation in academia,2024-03-04,2024-03,2024,PIDE in Press,PIDE in Press,Abida Naurin,,,https://pide.org.pk/research/innovation-in-academia/,https://file.pide.org.pk/pdfpideinpress/pip-innovation-in-academia.pdf,,,pdfs/2024/03/pip-innovation-in-academia.pdf,data/fulltext/innovation-in-academia.txt,636
article-63-a-the-delicate-dance,Article 63-a: the delicate dance,2024-03-04,2024-03,2024,PIDE in Press,PIDE in Press,Saddam Hussein,,,https://pide.org.pk/research/article-63-a-the-delicate-dance/,https://file.pide.org.pk/pdfpideinpress/pip-article-63-a-the-delicate-dance.pdf,,,pdfs/2024/03/pip-article-63-a-the-delicate-dance.pdf,data/fulltext/article-63-a-the-delicate-dance.txt,882
vol-63-no-1-2024,Vol. 63 No.1-2024,2024-02-26,2024-02,2024,PDR,Recent Publications; PDR issue; 2024; Vol. 63 No.1-2024,,,,https://pide.org.pk/research/vol-63-no-1-2024/,https://file.pide.org.pk/pdfpdr/issue/pdr-2024-v63i1.pdf,https://file.pide.org.pk/pdfpdr/2024/1-18.pdf; https://file.pide.org.pk/pdfpdr/2024/19-44.pdf; https://file.pide.org.pk/pdfpdr/2024/45-64.pdf; https://file.pide.org.pk/pdfpdr/2024/65-88.pdf; https://file.pide.org.pk/pdfpdr/2024/89-100.pdf; https://file.pide.org.pk/pdfpdr/2024/101-110.pdf; https://file.pide.org.pk/pdfpdr/2024/111-122.pdf; https://file.pide.org.pk/pdfpdr/2024/123-131.pdf; https://file.pide.org.pk/pdfpdr/2024/133-134.pdf,,pdfs/2024/02/pdr-2024-v63i1.pdf,,0
the-geopolitics-of-peace-in-a-post-western-world-special-invited-lecture-article,The Geopolitics of Peace in a Post-Western World – Special Invited Lecture (Article),2024-02-26,2024-02,2024,PDR,PDR; 2024; Vol. 63 No.1-2024,Jeffrey Sachs,,,https://pide.org.pk/research/the-geopolitics-of-peace-in-a-post-western-world-special-invited-lecture-article/,https://file.pide.org.pk/pdfpdr/2024/1-18.pdf,,,pdfs/2024/02/1-18.pdf,data/fulltext/the-geopolitics-of-peace-in-a-post-western-world-special-invited-lecture-article.txt,320
public-cognizance-of-e-waste-effects-on-human-health-and-environment-evidence-from-punjab-pakistan-article,"Public Cognizance of E-waste Effects on Human Health and Environment: Evidence from Punjab, Pakistan (Article)",2024-02-26,2024-02,2024,PDR,PDR; 2024; Vol. 63 No.1-2024,Mohammad Armughan; Sameen Zafar,Environment; E-waste; Human health; Public awareness,,https://pide.org.pk/research/public-cognizance-of-e-waste-effects-on-human-health-and-environment-evidence-from-punjab-pakistan-article/,https://file.pide.org.pk/pdfpdr/2024/65-88.pdf,,,pdfs/2024/02/65-88.pdf,data/fulltext/public-cognizance-of-e-waste-effects-on-human-health-and-environment-evidence-from-punjab-pakistan-article.txt,144
pre-afghan-taliban-refugee-exodus-and-the-complexities-of-returning-home-policy,Pre-Afghan Taliban Refugee Exodus and the Complexities of Returning Home (Policy),2024-02-26,2024-02,2024,PDR,PDR; 2024; Vol. 63 No.1-2024,Muhammad Ajmal Khan,,,https://pide.org.pk/research/pre-afghan-taliban-refugee-exodus-and-the-complexities-of-returning-home-policy/,https://file.pide.org.pk/pdfpdr/2024/111-122.pdf,,,pdfs/2024/02/111-122.pdf,data/fulltext/pre-afghan-taliban-refugee-exodus-and-the-complexities-of-returning-home-policy.txt,121
manifestoes-without-substance-policy,Manifestoes without Substance (Policy),2024-02-26,2024-02,2024,PDR,PDR; 2024; Vol. 63 No.1-2024,Nadeem Ul Haque; Saddam Hussein,,,https://pide.org.pk/research/manifestoes-without-substance-policy/,https://file.pide.org.pk/pdfpdr/2024/101-110.pdf,,,pdfs/2024/02/101-110.pdf,data/fulltext/manifestoes-without-substance-policy.txt,249
macroeconomic-policy-institutional-quality-and-inclusive-growth-in-nigeria-article,"Macroeconomic Policy, Institutional Quality and Inclusive growth in Nigeria (Article)",2024-02-26,2024-02,2024,PDR,PDR; 2024; Vol. 63 No.1-2024,Nwosa Philip Ifeakachukwu; Babafemi Augustine Fagite,Inclusive Growth; FMOLS; Institutional Quality; Macroeconomic Variables; Nigeria,E52; O43; E62,https://pide.org.pk/research/macroeconomic-policy-institutional-quality-and-inclusive-growth-in-nigeria-article/,https://file.pide.org.pk/pdfpdr/2024/89-100.pdf,,,pdfs/2024/02/89-100.pdf,data/fulltext/macroeconomic-policy-institutional-quality-and-inclusive-growth-in-nigeria-article.txt,150
lahore-in-the-21st-century-the-functioning-and-development-of-a-megacity-in-the-global-south-book-review,Lahore in the 21st Century: The functioning and development of a megacity in the global south (Book Review),2024-02-26,2024-02,2024,PDR,PDR; 2024; Vol. 63 No.1-2024,M. S. Nawaz,,,https://pide.org.pk/research/lahore-in-the-21st-century-the-functioning-and-development-of-a-megacity-in-the-global-south-book-review/,https://file.pide.org.pk/pdfpdr/2024/133-134.pdf,,,pdfs/2022/08/133-134.pdf,data/fulltext/lahore-in-the-21st-century-the-functioning-and-development-of-a-megacity-in-the-global-south-book-review.txt,371
koreas-saemaul-undong-revisited-as-rural-development-game-for-poverty-eradication-a-new-development-economics-perspective-article,Korea’s Saemaul Undong Revisited as Rural Development Game for Poverty Eradication: A New Development Economics Perspective (Article),2024-02-26,2024-02,2024,PDR,PDR; 2024; Vol. 63 No.1-2024,Sung-Hee Jwa,Rural Development; Korea’s Saemaul Undong; Economic Discrimination; General Theory of Economic Development; Poverty Eradication,B; D; O; Q; R,https://pide.org.pk/research/koreas-saemaul-undong-revisited-as-rural-development-game-for-poverty-eradication-a-new-development-economics-perspective-article/,https://file.pide.org.pk/pdfpdr/2024/19-44.pdf,,,pdfs/2024/02/19-44.pdf,data/fulltext/koreas-saemaul-undong-revisited-as-rural-development-game-for-poverty-eradication-a-new-development-economics-perspective-article.txt,126
is-corruption-perception-index-biased-an-ethnicity-based-analysis-policy,Is Corruption Perception Index Biased? An Ethnicity Based Analysis (Policy),2024-02-26,2024-02,2024,PDR,PDR; 2024; Vol. 63 No.1-2024,Abida Naurin,,,https://pide.org.pk/research/is-corruption-perception-index-biased-an-ethnicity-based-analysis-policy/,https://file.pide.org.pk/pdfpdr/2024/123-131.pdf,,,pdfs/2024/02/123-131.pdf,data/fulltext/is-corruption-perception-index-biased-an-ethnicity-based-analysis-policy.txt,162
determinants-of-management-practices-among-manufacturing-firms-in-pakistan-article,Determinants of Management Practices among Manufacturing Firms in Pakistan (Article),2024-02-26,2024-02,2024,PDR,PDR; 2024; Vol. 63 No.1-2024,Farrukh Iqbal; Aadil Nakhoda,Productivity; Management Practices; Product Market Competition; Ownership Diffusion; Information Access; World Bank Enterprise Survey,L25; M5; L1,https://pide.org.pk/research/determinants-of-management-practices-among-manufacturing-firms-in-pakistan-article/,https://file.pide.org.pk/pdfpdr/2024/45-64.pdf,,,pdfs/2024/02/45-64.pdf,data/fulltext/determinants-of-management-practices-among-manufacturing-firms-in-pakistan-article.txt,141
corporate-window-bureaucrats-on-soe-boards,CORPORATE WINDOW: Bureaucrats on SOE boards,2024-02-19,2024-02,2024,PIDE in Press,PIDE in Press,Ahmad Fraz,,,https://pide.org.pk/research/corporate-window-bureaucrats-on-soe-boards/,https://file.pide.org.pk/pdfpideinpress/pip-corporate-window-bureaucrats-on-soe-boards.pdf,,,pdfs/2024/02/pip-corporate-window-bureaucrats-on-soe-boards.pdf,data/fulltext/corporate-window-bureaucrats-on-soe-boards.txt,909
pakistans-emigration-trends-insights,Pakistan’s Emigration: Trends & Insights,2024-02-16,2024-02,2024,Knowledge Brief,Recent Publications; Knowledge Brief; Center for Social and Behavioral Analysis,Junaid Ahmed,,,https://pide.org.pk/research/pakistans-emigration-trends-insights/,https://file.pide.org.pk/pdfpideresearch/kb-112-pakistans-emigration-trends-and-insights.pdf,,,pdfs/2024/02/kb-112-pakistans-emigration-trends-and-insights.pdf,data/fulltext/pakistans-emigration-trends-insights.txt,430
political-party-manifestos-reform-paradox-in-pakistan,Political Party Manifestos: Reform Paradox in Pakistan,2024-02-06,2024-02,2024,Research Reports,Recent Publications; Research Report; Center for Social and Behavioral Analysis,PIDE,,,https://pide.org.pk/research/political-party-manifestos-reform-paradox-in-pakistan/,https://file.pide.org.pk/pdfpideresearch/rr-political-party-manifestos-reform-paradox-in-pakistan.pdf,,,pdfs/2024/02/rr-political-party-manifestos-reform-paradox-in-pakistan.pdf,data/fulltext/political-party-manifestos-reform-paradox-in-pakistan.txt,1478
a-tax-to-transform-the-auto-sector,A tax to transform the auto sector,2024-02-06,2024-02,2024,PIDE in Press,PIDE in Press,Nadeem Ul Haque; Muhammad Zeshan,,,https://pide.org.pk/research/a-tax-to-transform-the-auto-sector/,https://file.pide.org.pk/uploads/pip-a-tax-to-transform-the-auto-sector.pdf,,,pdfs/2024/02/pip-a-tax-to-transform-the-auto-sector.pdf,data/fulltext/a-tax-to-transform-the-auto-sector.txt,756
urban-resilience-and-its-impact-on-electricity-provision-in-karachi-islamabad-and-peshawar-2,"Urban Resilience and its Impact on Electricity Provision  in Karachi, Islamabad, and Peshawar",2024-02-02,2024-02,2024,Book Chapter,Book Chapter; Book - Readings in Pakistans Energy Challenges; Center for Social and Behavioral Analysis; Center for Energy‚ Logistics‚ and Infrastructure,Afia Malik; Idrees Khawaja,,,https://pide.org.pk/research/urban-resilience-and-its-impact-on-electricity-provision-in-karachi-islamabad-and-peshawar-2/,https://file.pide.org.pk/pdfpideresearch/book-50-05-urban-resilience-and-its-impact-on-electricity-provision-in-karachi-islamabad-and-peshawar.pdf,,,pdfs/2024/02/book-50-05-urban-resilience-and-its-impact-on-electricity-provision-in-karachi-islamabad-and-peshawar.pdf,data/fulltext/urban-resilience-and-its-impact-on-electricity-provision-in-karachi-islamabad-and-peshawar-2.txt,957
readings-in-pakistans-energy-challenges,Readings in Pakistan’s Energy Challenges,2024-02-02,2024-02,2024,Book,Recent Publications; Books; Center for Energy‚ Logistics‚ and Infrastructure,,,,https://pide.org.pk/research/readings-in-pakistans-energy-challenges/,https://file.pide.org.pk/pdfpideresearch/book-readings-in-pakistans-energy-challenges.pdf,,,pdfs/2024/02/book-readings-in-pakistans-energy-challenges.pdf,data/fulltext/readings-in-pakistans-energy-challenges.txt,1938
privatisation-of-electricity-distribution-companies-a-way-forward-2,Privatisation of Electricity Distribution Companies— A Way Forward?,2024-02-02,2024-02,2024,Book Chapter,Book Chapter; Book - Readings in Pakistans Energy Challenges; Center for Energy‚ Logistics‚ and Infrastructure,Afia Malik,,,https://pide.org.pk/research/privatisation-of-electricity-distribution-companies-a-way-forward-2/,https://file.pide.org.pk/pdfpideresearch/book-50-03-privatisation-of-electricity-distribution-companies-a-way-forward.pdf,,,pdfs/2024/02/book-50-03-privatisation-of-electricity-distribution-companies-a-way-forward.pdf,data/fulltext/privatisation-of-electricity-distribution-companies-a-way-forward-2.txt,791
preface-readings-in-pakistans-energy-challenges,Preface: Readings in Pakistan’s Energy Challenges,2024-02-02,2024-02,2024,Book Chapter,Book Chapter; Book - Readings in Pakistans Energy Challenges; Center for Energy‚ Logistics‚ and Infrastructure,Afia Malik,,,https://pide.org.pk/research/preface-readings-in-pakistans-energy-challenges/,https://file.pide.org.pk/pdfpideresearch/book-50-00a-preface-readings-in-pakistans-energy-challenges.pdf,,,pdfs/2024/02/book-50-00a-preface-readings-in-pakistans-energy-challenges.pdf,data/fulltext/preface-readings-in-pakistans-energy-challenges.txt,861
power-sector-effective-regulation-not-regulatory-burden-3,Power Sector : Effective Regulation not  Regulatory Burden,2024-02-02,2024-02,2024,Book Chapter,Book Chapter; Book - Readings in Pakistans Energy Challenges; Center for Energy‚ Logistics‚ and Infrastructure,Afia Malik,,,https://pide.org.pk/research/power-sector-effective-regulation-not-regulatory-burden-3/,https://file.pide.org.pk/pdfpideresearch/book-50-08-power-sector-effective-regulation-not-regulatory-burden.pdf,,,pdfs/2024/02/book-50-08-power-sector-effective-regulation-not-regulatory-burden.pdf,data/fulltext/power-sector-effective-regulation-not-regulatory-burden-3.txt,888
petroleum-pricing-in-pakistan,Petroleum Pricing in Pakistan,2024-02-02,2024-02,2024,Book Chapter,Book Chapter; Book - Readings in Pakistans Energy Challenges; Center for Energy‚ Logistics‚ and Infrastructure,Hafsa Hina; Afia Malik,,,https://pide.org.pk/research/petroleum-pricing-in-pakistan/,https://file.pide.org.pk/pdfpideresearch/book-50-11-petroleum-pricing-in-pakistan.pdf,,,pdfs/2024/02/book-50-11-petroleum-pricing-in-pakistan.pdf,data/fulltext/petroleum-pricing-in-pakistan.txt,560
pakistans-nuclear-energy-outlook-2,Pakistan’s Nuclear Energy Outlook,2024-02-02,2024-02,2024,Book Chapter,Book Chapter; Book - Readings in Pakistans Energy Challenges; Center for Energy‚ Logistics‚ and Infrastructure,Afia Malik,,,https://pide.org.pk/research/pakistans-nuclear-energy-outlook-2/,https://file.pide.org.pk/pdfpideresearch/book-50-14-pakistans-nuclear-energy-outlook.pdf,,,pdfs/2024/02/book-50-14-pakistans-nuclear-energy-outlook.pdf,data/fulltext/pakistans-nuclear-energy-outlook-2.txt,876
pakistan-energy-sector,Pakistan Energy Sector,2024-02-02,2024-02,2024,Book Chapter,Book Chapter; Book - Readings in Pakistans Energy Challenges; Center for Energy‚ Logistics‚ and Infrastructure,Afia Malik,,,https://pide.org.pk/research/pakistan-energy-sector/,https://file.pide.org.pk/pdfpideresearch/book-50-00b-pakistan-energy-sector.pdf,,,pdfs/2024/02/book-50-00b-pakistan-energy-sector.pdf,data/fulltext/pakistan-energy-sector.txt,3
newsletter-january-2024,Newsletter: January 2024,2024-02-02,2024-02,2024,Newsletter,Newsletter,,,,https://pide.org.pk/research/newsletter-january-2024/,https://file.pide.org.pk/pdfpideresearch/nl-09-newsletter-january-2024.pdf,,,pdfs/2024/02/nl-09-newsletter-january-2024.pdf,,0
national-electric-power-regulatory-authority-nepra-2,National Electric Power Regulatory  Authority (NEPRA),2024-02-02,2024-02,2024,Book Chapter,Book Chapter; Book - Readings in Pakistans Energy Challenges; Center for Energy‚ Logistics‚ and Infrastructure,Afia Malik,,,https://pide.org.pk/research/national-electric-power-regulatory-authority-nepra-2/,https://file.pide.org.pk/pdfpideresearch/book-50-06-national-electric-power-regulatory-authority-nepra.pdf,,,pdfs/2024/02/book-50-06-national-electric-power-regulatory-authority-nepra.pdf,data/fulltext/national-electric-power-regulatory-authority-nepra-2.txt,775
local-coal-for-power-generation-in-pakistan-2,Local Coal for Power Generation in Pakistan,2024-02-02,2024-02,2024,Book Chapter,Book Chapter; Book - Readings in Pakistans Energy Challenges; Center for Energy‚ Logistics‚ and Infrastructure,Afia Malik,,,https://pide.org.pk/research/local-coal-for-power-generation-in-pakistan-2/,https://file.pide.org.pk/pdfpideresearch/book-50-13-local-coal-for-power-generation-in-pakistan.pdf,,,pdfs/2024/02/book-50-13-local-coal-for-power-generation-in-pakistan.pdf,data/fulltext/local-coal-for-power-generation-in-pakistan-2.txt,298
gas-crisis-in-pakistan-2,Gas Crisis in Pakistan,2024-02-02,2024-02,2024,Book Chapter,Book Chapter; Book - Readings in Pakistans Energy Challenges; Center for Energy‚ Logistics‚ and Infrastructure,Afia Malik; Usman Ahmad,,,https://pide.org.pk/research/gas-crisis-in-pakistan-2/,https://file.pide.org.pk/pdfpideresearch/book-50-10-gas-crisis-in-pakistan.pdf,,,pdfs/2024/02/book-50-10-gas-crisis-in-pakistan.pdf,data/fulltext/gas-crisis-in-pakistan-2.txt,276
energy-market-structure-oil-gas,Energy Market Structure: Oil & Gas,2024-02-02,2024-02,2024,Book Chapter,Book Chapter; Book - Readings in Pakistans Energy Challenges; Center for Energy‚ Logistics‚ and Infrastructure,Afia Malik; Amena Urooj; Uzma Zia; Saba Anwar; Saud Ahmed Khan,,,https://pide.org.pk/research/energy-market-structure-oil-gas/,https://file.pide.org.pk/pdfpideresearch/book-50-09-energy-market-structure-oil-and-gas.pdf,,,pdfs/2024/02/book-50-09-energy-market-structure-oil-and-gas.pdf,data/fulltext/energy-market-structure-oil-gas.txt,355
energy-efficient-buildings-to-save-energy-in-pakistan,Energy Efficient Buildings to Save Energy in Pakistan,2024-02-02,2024-02,2024,Book Chapter,Book Chapter; Book - Readings in Pakistans Energy Challenges; Center for Energy‚ Logistics‚ and Infrastructure,Anjeela Khurram; Tehmina Asad,,,https://pide.org.pk/research/energy-efficient-buildings-to-save-energy-in-pakistan/,https://file.pide.org.pk/pdfpideresearch/book-50-15-energy-efficient-buildings-to-save-energy-in-pakistan.pdf,,,pdfs/2024/02/book-50-15-energy-efficient-buildings-to-save-energy-in-pakistan.pdf,data/fulltext/energy-efficient-buildings-to-save-energy-in-pakistan.txt,802
electricity-tariff-design-a-survey-2,Electricity Tariff Design: A Survey,2024-02-02,2024-02,2024,Book Chapter,Book Chapter; Book - Readings in Pakistans Energy Challenges; Center for Energy‚ Logistics‚ and Infrastructure,Afia Malik; Amena Urooj,,,https://pide.org.pk/research/electricity-tariff-design-a-survey-2/,https://file.pide.org.pk/pdfpideresearch/book-50-04-electricity-tariff-design-a-survey.pdf,,,pdfs/2024/02/book-50-04-electricity-tariff-design-a-survey.pdf,data/fulltext/electricity-tariff-design-a-survey-2.txt,739
effectiveness-of-oil-and-gas-regulatory-authority-2,Effectiveness of Oil and Gas Regulatory Authority,2024-02-02,2024-02,2024,Book Chapter,Book Chapter; Book - Readings in Pakistans Energy Challenges; Center for Energy‚ Logistics‚ and Infrastructure,Afia Malik,,,https://pide.org.pk/research/effectiveness-of-oil-and-gas-regulatory-authority-2/,https://file.pide.org.pk/pdfpideresearch/book-50-07-effectiveness-of-oil-and-gas-regulatory-authority.pdf,,,pdfs/2024/02/book-50-07-effectiveness-of-oil-and-gas-regulatory-authority.pdf,data/fulltext/effectiveness-of-oil-and-gas-regulatory-authority-2.txt,788
corporate-governance-in-the-state-owned-electricity-distribution-companies-2,Corporate Governance in the State-owned Electricity  Distribution Companies,2024-02-02,2024-02,2024,Book Chapter,Book Chapter; Book - Readings in Pakistans Energy Challenges; Center for Governance‚ Markets and Regulatory Analysis,Afia Malik,,,https://pide.org.pk/research/corporate-governance-in-the-state-owned-electricity-distribution-companies-2/,https://file.pide.org.pk/pdfpideresearch/book-50-02-corporate-governance-in-the-state-owned-electricity-distribution-companies.pdf,,,pdfs/2024/02/book-50-02-corporate-governance-in-the-state-owned-electricity-distribution-companies.pdf,data/fulltext/corporate-governance-in-the-state-owned-electricity-distribution-companies-2.txt,461
circular-debt-an-unfortunate-misnomer-2,Circular Debt An Unfortunate Misnomer,2024-02-02,2024-02,2024,Book Chapter,Book Chapter; Book - Readings in Pakistans Energy Challenges; Macro Policy Lab,Afia Malik,,,https://pide.org.pk/research/circular-debt-an-unfortunate-misnomer-2/,https://file.pide.org.pk/pdfpideresearch/book-50-01-circular-debt-an-unfortunate-misnomer.pdf,,,pdfs/2024/02/book-50-01-circular-debt-an-unfortunate-misnomer.pdf,data/fulltext/circular-debt-an-unfortunate-misnomer-2.txt,925
a-review-of-oil-marketing-companies-omcs-and-petroleum-dealers-margins-on-petroleum-products,A Review of Oil Marketing Companies (OMCS) and Petroleum Dealers’ Margins on Petroleum Products,2024-02-02,2024-02,2024,Book Chapter,Book Chapter; Book - Readings in Pakistans Energy Challenges; Center for Energy‚ Logistics‚ and Infrastructure,Ahmad Waqar Qasim; Omer Siddique,,,https://pide.org.pk/research/a-review-of-oil-marketing-companies-omcs-and-petroleum-dealers-margins-on-petroleum-products/,https://file.pide.org.pk/pdfpideresearch/book-50-12-a-review-of-oil-marketing-companies-omcs-and-petroleum-dealers-margins-on-petroleum-products.pdf,,,pdfs/2024/02/book-50-12-a-review-of-oil-marketing-companies-omcs-and-petroleum-dealers-margins-on-petroleum-products.pdf,data/fulltext/a-review-of-oil-marketing-companies-omcs-and-petroleum-dealers-margins-on-petroleum-products.txt,548
challenges-and-opportunities-of-the-ten-billion-tree-tsunami-project-tbttpp-a-case-study-of-the-ex-fata-pakistan,Challenges And Opportunities Of The Ten Billion Tree Tsunami Project (TBTTPP): A Case Study Of The Ex-FATA (Pakistan),2024-01-31,2024-01,2024,Knowledge Brief,Recent Publications; Knowledge Brief; Rasta Knowledge Brief; Center for Agriculture‚ Climate Change and Rural Economy,Nazam Maqbool,,,https://pide.org.pk/research/challenges-and-opportunities-of-the-ten-billion-tree-tsunami-project-tbttpp-a-case-study-of-the-ex-fata-pakistan/,https://file.pide.org.pk/pdfpideresearch/kb-111-challenges-and-opportunities-of-the-ten-billion-tree-tsunami-project-tbttpp.pdf,,,pdfs/2024/01/kb-111-challenges-and-opportunities-of-the-ten-billion-tree-tsunami-project-tbttpp.pdf,data/fulltext/challenges-and-opportunities-of-the-ten-billion-tree-tsunami-project-tbttpp-a-case-study-of-the-ex-fata-pakistan.txt,3790
government-training-development-endeavors,Government Training & Development Endeavors,2024-01-29,2024-01,2024,Research Reports,Research Report; Rasta Research Report; Center for Governance‚ Markets and Regulatory Analysis,Nadeem Ul Haque; Faheem Jehangir Khan; Izzah Salam,,,https://pide.org.pk/research/government-training-development-endeavors/,https://file.pide.org.pk/pdfpideresearch/rr-government-training-and-development-endeavors.pdf,,,pdfs/2024/01/rr-government-training-and-development-endeavors.pdf,data/fulltext/government-training-development-endeavors.txt,374
plots-privileges-and-protocols,"Plots, Privileges and Protocols",2024-01-25,2024-01,2024,Knowledge Brief,Recent Publications; Knowledge Brief; Center for Agriculture‚ Climate Change and Rural Economy,Shahid Mahmood,,,https://pide.org.pk/research/plots-privileges-and-protocols/,https://file.pide.org.pk/pdfpideresearch/kb-110-plots-privileges-and-protocols.pdf,,,pdfs/2024/01/kb-110-plots-privileges-and-protocols.pdf,data/fulltext/plots-privileges-and-protocols.txt,2417
media-coverage-pide-reform-manifesto,Media Coverage – PIDE Reform Manifesto,2024-01-25,2024-01,2024,PIDE in Press,PIDE in Press,,,,https://pide.org.pk/research/media-coverage-pide-reform-manifesto/,https://file.pide.org.pk/pdfpideinpress/pip-media-coverage-pide-reform-manifesto.pdf,,,pdfs/2024/01/pip-media-coverage-pide-reform-manifesto.pdf,,0
a-manifesto-for-reform,A Manifesto for Reform,2024-01-23,2024-01,2024,PIDE in Press,PIDE in Press,Nasir Iqbal,,,https://pide.org.pk/research/a-manifesto-for-reform/,https://file.pide.org.pk/pdfpideinpress/pip-a-manifesto-for-reform.pdf,,,pdfs/2024/01/pip-a-manifesto-for-reform.pdf,data/fulltext/a-manifesto-for-reform.txt,940
the-true-costs-of-perks-and-privileges-of-government-employees,The true costs of perks and privileges of government employees,2024-01-22,2024-01,2024,PIDE in Press,PIDE in Press,Ajmal Kakar,,,https://pide.org.pk/research/the-true-costs-of-perks-and-privileges-of-government-employees/,https://file.pide.org.pk/pdfpideinpress/pip-the-true-costs-of-perks-and-privileges-of-government-employees.pdf,,,pdfs/2024/01/pip-the-true-costs-of-perks-and-privileges-of-government-employees.pdf,data/fulltext/the-true-costs-of-perks-and-privileges-of-government-employees.txt,841
pide-reform-manifesto-transforming-economy-and-society,PIDE Reform Manifesto: Transforming Economy and Society,2024-01-21,2024-01,2024,Research Reports,Recent Publications; Research Report; Rasta Research Report; Center for Sustainable Futures,PIDE,,,https://pide.org.pk/research/pide-reform-manifesto-transforming-economy-and-society/,https://file.pide.org.pk/pdfpideresearch/rr-pide-reform-manifesto-transforming-economy-and-society.pdf,,,pdfs/2024/01/rr-pide-reform-manifesto-transforming-economy-and-society.pdf,data/fulltext/pide-reform-manifesto-transforming-economy-and-society.txt,989
media-coverage-4th-think-tanks-moot,Media Coverage – 4th Think Tanks Moot,2024-01-18,2024-01,2024,PIDE in Press,PIDE in Press,,,,https://pide.org.pk/research/media-coverage-4th-think-tanks-moot/,https://file.pide.org.pk/pdfpideinpress/pip-media-coverage-4th-think-tanks-moot.pdf,,,pdfs/2024/01/pip-media-coverage-4th-think-tanks-moot.pdf,,0
media-coverage-discourse,MEDIA COVERAGE – DISCOURSE,2024-01-16,2024-01,2024,PIDE in Press,PIDE in Press,,,,https://pide.org.pk/research/media-coverage-discourse/,https://file.pide.org.pk/pdfpideinpress/pip-media-coverage-discourse-january-2024.pdf,,,pdfs/2024/01/pip-media-coverage-discourse-january-2024.pdf,,0
media-coverage-memorial-sartaj-aziz,Media Coverage – Memorial Sartaj Aziz,2024-01-15,2024-01,2024,PIDE in Press,PIDE in Press,,,,https://pide.org.pk/research/media-coverage-memorial-sartaj-aziz/,https://file.pide.org.pk/pdfpideinpress/pip-media-coverage-memorial-sartaj-aziz.pdf,,,pdfs/2024/01/pip-media-coverage-memorial-sartaj-aziz.pdf,,0
message-from-reformistan,Message from Reformistan,2024-01-09,2024-01,2024,PIDE in Press,PIDE in Press,Nasir Iqbal,,,https://pide.org.pk/research/message-from-reformistan/,https://file.pide.org.pk/pdfpideinpress/pip-message-from-reformistan.pdf,,,pdfs/2024/01/pip-message-from-reformistan.pdf,data/fulltext/message-from-reformistan.txt,1143
newsletter-december-2023,Newsletter: December 2023,2024-01-06,2024-01,2023,Newsletter,Newsletter,,,,https://pide.org.pk/research/newsletter-december-2023/,https://file.pide.org.pk/pdfpideresearch/nl-08-newsletter-december-2023.pdf,,,pdfs/2024/01/nl-08-newsletter-december-2023.pdf,,0
why-is-pakistani-politics-stuck-in-a-groove,Why is Pakistani Politics Stuck in a Groove?,2024-01-05,2024-01,2023,Policy and Research,Policy and Research; Discourse 2023-06,Shahzad Chaudhry,,,https://pide.org.pk/research/why-is-pakistani-politics-stuck-in-a-groove/,https://file.pide.org.pk/pdfpideresearch/discourse-2023-06-18-why-is-pakistani-politics-stuck-in-a-groove.pdf,,,pdfs/2024/01/discourse-2023-06-18-why-is-pakistani-politics-stuck-in-a-groove.pdf,data/fulltext/why-is-pakistani-politics-stuck-in-a-groove.txt,1627
where-are-the-opportunities-for-the-poor-3,Where are the Opportunities for the Poor?,2024-01-05,2024-01,2023,Policy and Research,Policy and Research; Discourse 2023-06,Nadeem Ul Haque,,,https://pide.org.pk/research/where-are-the-opportunities-for-the-poor-3/,https://file.pide.org.pk/pdfpideresearch/discourse-2023-06-77-where-are-the-opportunities-for-the-poor.pdf,,,pdfs/2024/01/discourse-2023-06-77-where-are-the-opportunities-for-the-poor.pdf,data/fulltext/where-are-the-opportunities-for-the-poor-3.txt,1140
unmasking-the-hidden-costs,Unmasking the Hidden Costs,2024-01-05,2024-01,2023,Policy and Research,Policy and Research; Discourse 2023-06,Ajmal Kakar,,,https://pide.org.pk/research/unmasking-the-hidden-costs/,https://file.pide.org.pk/pdfpideresearch/discourse-2023-06-28-unmasking-the-hidden-costs.pdf,,,pdfs/2024/01/discourse-2023-06-28-unmasking-the-hidden-costs.pdf,data/fulltext/unmasking-the-hidden-costs.txt,858
the-unfinished-agenda-of-parliamentary-reforms,The Unfinished Agenda of Parliamentary Reforms,2024-01-05,2024-01,2023,Policy and Research,Policy and Research; Discourse 2023-06,Ahmed Bilal Mehboob,,,https://pide.org.pk/research/the-unfinished-agenda-of-parliamentary-reforms/,https://file.pide.org.pk/pdfpideresearch/discourse-2023-06-27-the-unfinished-agenda-of-parliamentary-reforms.pdf,,,pdfs/2024/01/discourse-2023-06-27-the-unfinished-agenda-of-parliamentary-reforms.pdf,data/fulltext/the-unfinished-agenda-of-parliamentary-reforms.txt,1387
the-three-year-political-term-benefits-challenges-and-staggered-elections-in-focus,"The Three-Year Political Term: Benefits, Challenges, and Staggered Elections in Focus",2024-01-05,2024-01,2023,Policy and Research,Policy and Research; Discourse 2023-06,Abida Naurin,,,https://pide.org.pk/research/the-three-year-political-term-benefits-challenges-and-staggered-elections-in-focus/,https://file.pide.org.pk/pdfpideresearch/discourse-2023-06-21-the-three-year-political-term-benefits-challenge.pdf,,,pdfs/2024/01/discourse-2023-06-21-the-three-year-political-term-benefits-challenge.pdf,data/fulltext/the-three-year-political-term-benefits-challenges-and-staggered-elections-in-focus.txt,1196
the-tangled-web-of-energy-governance,The Tangled Web of Energy Governance,2024-01-05,2024-01,2023,Policy and Research,Policy and Research; Discourse 2023-06,Khalid Waleed,,,https://pide.org.pk/research/the-tangled-web-of-energy-governance/,https://file.pide.org.pk/pdfpideresearch/discourse-2023-06-47-the-tangled-web-of-energy-governance.pdf,,,pdfs/2024/01/discourse-2023-06-47-the-tangled-web-of-energy-governance.pdf,data/fulltext/the-tangled-web-of-energy-governance.txt,1605
the-reality-of-housing-in-pakistan,The Reality of Housing in Pakistan,2024-01-05,2024-01,2023,Policy and Research,Policy and Research; Discourse 2023-06,Arif Hasan,,,https://pide.org.pk/research/the-reality-of-housing-in-pakistan/,https://file.pide.org.pk/pdfpideresearch/discourse-2023-06-79-the-reality-of-housing-in-pakistan.pdf,,,pdfs/2024/01/discourse-2023-06-79-the-reality-of-housing-in-pakistan.pdf,data/fulltext/the-reality-of-housing-in-pakistan.txt,1330
the-neglected-tale-of-agricultural-land-markets,The Neglected Tale of Agricultural Land Markets,2024-01-05,2024-01,2023,Policy and Research,Policy and Research; Discourse 2023-06,Sobia Rose,,,https://pide.org.pk/research/the-neglected-tale-of-agricultural-land-markets/,https://file.pide.org.pk/pdfpideresearch/discourse-2023-06-63-the-neglected-tale-of-agricultural-land-markets.pdf,,,pdfs/2024/01/discourse-2023-06-63-the-neglected-tale-of-agricultural-land-markets.pdf,data/fulltext/the-neglected-tale-of-agricultural-land-markets.txt,1058
the-need-for-trade-policy-reforms-in-pakistan,The Need for Trade Policy Reforms in Pakistan,2024-01-05,2024-01,2023,Policy and Research,Policy and Research; Discourse 2023-06,Muhammad Zeshan,,,https://pide.org.pk/research/the-need-for-trade-policy-reforms-in-pakistan/,https://file.pide.org.pk/pdfpideresearch/discourse-2023-06-54-the-need-for-trade-policy-reforms-in-pakistan.pdf,https://pide.org.pk/Research/PIDE-Reform-Agenda-Report.pdf; https://file.pide.org.pk/uploads/rr-057-sectoral-total-factor-productivity-in-pakistan.pdf; https://file.pide.org.pk/pdf/Policy-Viewpoint-14.pdf,,pdfs/2024/01/discourse-2023-06-54-the-need-for-trade-policy-reforms-in-pakistan.pdf,data/fulltext/the-need-for-trade-policy-reforms-in-pakistan.txt,1456
the-double-edged-sword-of-identity-capitalism-a-case-study-of-pakistans-khwajasira-community-based-organisations,The Double-Edged Sword of Identity Capitalism: A Case Study of Pakistan’s Khwajasira Community Based Organisations,2024-01-05,2024-01,2023,Policy and Research,Policy and Research; Discourse 2023-06,Mehrub Moiz Awan,,,https://pide.org.pk/research/the-double-edged-sword-of-identity-capitalism-a-case-study-of-pakistans-khwajasira-community-based-organisations/,https://file.pide.org.pk/pdfpideresearch/discourse-2023-06-44-the-double-edged-sword-of-identity-capitalism.pdf,,,pdfs/2024/01/discourse-2023-06-44-the-double-edged-sword-of-identity-capitalism.pdf,data/fulltext/the-double-edged-sword-of-identity-capitalism-a-case-study-of-pakistans-khwajasira-community-based-organisations.txt,1586
textual-mapping-of-gender-in-pakistans-constitution,Textual Mapping of Gender in Pakistan’s Constitution,2024-01-05,2024-01,2023,Policy and Research,Policy and Research; Discourse 2023-06,Marva Khan,,,https://pide.org.pk/research/textual-mapping-of-gender-in-pakistans-constitution/,https://file.pide.org.pk/pdfpideresearch/discourse-2023-06-13-textual-mapping-of-gender-in-pakistans-constitution.pdf,,,pdfs/2024/01/discourse-2023-06-13-textual-mapping-of-gender-in-pakistans-constitution.pdf,data/fulltext/textual-mapping-of-gender-in-pakistans-constitution.txt,1247
strengthening-institutions-and-simplifying-regulations-key-to-unleashing-pakistans-trade-and-industrial-potential,Strengthening Institutions and Simplifying Regulations: Key to Unleashing Pakistan’s Trade and Industrial Potential,2024-01-05,2024-01,2023,Policy and Research,Policy and Research; Discourse 2023-06,Vaqar Ahmed,,,https://pide.org.pk/research/strengthening-institutions-and-simplifying-regulations-key-to-unleashing-pakistans-trade-and-industrial-potential/,https://file.pide.org.pk/pdfpideresearch/discourse-2023-06-56-strengthening-institutions-and-simplifying-regulat.pdf,,,pdfs/2024/01/discourse-2023-06-56-strengthening-institutions-and-simplifying-regulat.pdf,data/fulltext/strengthening-institutions-and-simplifying-regulations-key-to-unleashing-pakistans-trade-and-industrial-potential.txt,1311
social-protection-in-pakistan-reforms-for-inclusive-equity,Social Protection in Pakistan: Reforms for Inclusive Equity,2024-01-05,2024-01,2023,Policy and Research,Policy and Research; Discourse 2023-06,Shujaat Farooq,,,https://pide.org.pk/research/social-protection-in-pakistan-reforms-for-inclusive-equity/,https://file.pide.org.pk/pdfpideresearch/discourse-2023-06-78-social-protection-in-pakistan-reforms.pdf,,,pdfs/2024/01/discourse-2023-06-78-social-protection-in-pakistan-reforms.pdf,data/fulltext/social-protection-in-pakistan-reforms-for-inclusive-equity.txt,1261
so-much-aid-so-little-development,"So Much Aid, So Little Development!",2024-01-05,2024-01,2023,Policy and Research,Policy and Research; Discourse 2023-06,Shahid Mehmood,,,https://pide.org.pk/research/so-much-aid-so-little-development/,https://file.pide.org.pk/pdfpideresearch/discourse-2023-06-39-so-much-aid-so-little-development.pdf,,,pdfs/2024/01/discourse-2023-06-39-so-much-aid-so-little-development.pdf,data/fulltext/so-much-aid-so-little-development.txt,1258
revitalising-the-seed-industry-in-pakistan,Revitalising the Seed Industry in Pakistan,2024-01-05,2024-01,2023,Policy and Research,Policy and Research; Discourse 2023-06,Abedullah Anjum; Muhammad Faisal Ali,,,https://pide.org.pk/research/revitalising-the-seed-industry-in-pakistan/,https://file.pide.org.pk/pdfpideresearch/discourse-2023-06-59-revitalising-the-seed-industry-in-pakistan.pdf,,,pdfs/2024/01/discourse-2023-06-59-revitalising-the-seed-industry-in-pakistan.pdf,data/fulltext/revitalising-the-seed-industry-in-pakistan.txt,1158
revitalising-pakistans-industrial-sector-a-roadmap-for-resilience-and-innovation,Revitalising Pakistan’s Industrial Sector: A Roadmap for Resilience and Innovation,2024-01-05,2024-01,2023,Policy and Research,Policy and Research; Discourse 2023-06,Usman Qadir,,,https://pide.org.pk/research/revitalising-pakistans-industrial-sector-a-roadmap-for-resilience-and-innovation/,https://file.pide.org.pk/pdfpideresearch/discourse-2023-06-51-revitalising-pakistans-industrial-sector-a-roadmap.pdf,,,pdfs/2024/01/discourse-2023-06-51-revitalising-pakistans-industrial-sector-a-roadmap.pdf,data/fulltext/revitalising-pakistans-industrial-sector-a-roadmap-for-resilience-and-innovation.txt,1156
revitalising-pakistans-financial-landscape-a-call-for-comprehensive-reforms-in-the-stock-market,Revitalising Pakistan’s Financial Landscape: A Call for Comprehensive Reforms in the Stock Market,2024-01-05,2024-01,2023,Policy and Research,Policy and Research; Discourse 2023-06,Ahmad Fraz,,,https://pide.org.pk/research/revitalising-pakistans-financial-landscape-a-call-for-comprehensive-reforms-in-the-stock-market/,https://file.pide.org.pk/pdfpideresearch/discourse-2023-06-37-revitalising-pakistans-financial-landscape.pdf,,,pdfs/2024/01/discourse-2023-06-37-revitalising-pakistans-financial-landscape.pdf,data/fulltext/revitalising-pakistans-financial-landscape-a-call-for-comprehensive-reforms-in-the-stock-market.txt,1505
revitalising-labour-relations-in-pakistan-a-call-for-comprehensive-reforms,Revitalising Labour Relations in Pakistan: A Call for Comprehensive Reforms,2024-01-05,2024-01,2023,Policy and Research,Policy and Research; Discourse 2023-06,Asma Hyder,,,https://pide.org.pk/research/revitalising-labour-relations-in-pakistan-a-call-for-comprehensive-reforms/,https://file.pide.org.pk/pdfpideresearch/discourse-2023-06-69-revitalising-labour-relations-in-pakistan.pdf,,,pdfs/2024/01/discourse-2023-06-69-revitalising-labour-relations-in-pakistan.pdf,data/fulltext/revitalising-labour-relations-in-pakistan-a-call-for-comprehensive-reforms.txt,1371
revamping-energy-systems-for-a-sustainable-future,Revamping Energy Systems for a Sustainable Future,2024-01-05,2024-01,2023,Policy and Research,Policy and Research; Discourse 2023-06,Afia Malik,,,https://pide.org.pk/research/revamping-energy-systems-for-a-sustainable-future/,https://file.pide.org.pk/pdfpideresearch/discourse-2023-06-46-revamping-energy-systems-for-a-sustainable-future.pdf,,,pdfs/2024/01/discourse-2023-06-46-revamping-energy-systems-for-a-sustainable-future.pdf,data/fulltext/revamping-energy-systems-for-a-sustainable-future.txt,1374
rethinking-electoral-politics,Rethinking Electoral Politics,2024-01-05,2024-01,2023,Policy and Research,Policy and Research; Discourse 2023-06,Abbas Moosvi,,,https://pide.org.pk/research/rethinking-electoral-politics/,https://file.pide.org.pk/pdfpideresearch/discourse-2023-06-20-rethinking-electoral-politics.pdf,,,pdfs/2024/01/discourse-2023-06-20-rethinking-electoral-politics.pdf,data/fulltext/rethinking-electoral-politics.txt,1099
restructuring-and-rescheduling-of-external-and-domestic-debt,Restructuring and Rescheduling of External and Domestic Debt,2024-01-05,2024-01,2023,Policy and Research,Policy and Research; Discourse 2023-06,Shahid Kardar,,,https://pide.org.pk/research/restructuring-and-rescheduling-of-external-and-domestic-debt/,https://file.pide.org.pk/pdfpideresearch/discourse-2023-06-32-restructuring-and-rescheduling-of-external-and-dome.pdf,,,pdfs/2024/01/discourse-2023-06-32-restructuring-and-rescheduling-of-external-and-dome.pdf,data/fulltext/restructuring-and-rescheduling-of-external-and-domestic-debt.txt,750
renegotiating-agreements-with-ipps-to-reform-the-energy-sector,Renegotiating Agreements with IPPs to Reform the Energy Sector,2024-01-05,2024-01,2023,Policy and Research,Policy and Research; Discourse 2023-06,Shahid Kardar,,,https://pide.org.pk/research/renegotiating-agreements-with-ipps-to-reform-the-energy-sector/,https://file.pide.org.pk/pdfpideresearch/discourse-2023-06-48-renegotiating-agreements-with-ipps-to-reform.pdf,,,pdfs/2024/01/discourse-2023-06-48-renegotiating-agreements-with-ipps-to-reform.pdf,data/fulltext/renegotiating-agreements-with-ipps-to-reform-the-energy-sector.txt,793
reforms-monetary-and-fiscal,Reforms – Monetary and Fiscal,2024-01-05,2024-01,2023,Policy and Research,Policy and Research; Discourse 2023-06,Salim Raza,,,https://pide.org.pk/research/reforms-monetary-and-fiscal/,https://file.pide.org.pk/pdfpideresearch/discourse-2023-06-34-reforms-monetary-and-fiscal.pdf,,,pdfs/2024/01/discourse-2023-06-34-reforms-monetary-and-fiscal.pdf,data/fulltext/reforms-monetary-and-fiscal.txt,1006
reform-what-why-and-for-whom,"Reform: What, Why and for Whom?",2024-01-05,2024-01,2023,Policy and Research; Must Read,Policy and Research; Discourse 2023-06,Nadeem Ul Haque,,,https://pide.org.pk/research/reform-what-why-and-for-whom/,https://file.pide.org.pk/pdfpideresearch/discourse-2023-06-02-reform-what-why-and-for-whom.pdf,,,pdfs/2024/01/discourse-2023-06-02-reform-what-why-and-for-whom.pdf,data/fulltext/reform-what-why-and-for-whom.txt,945
privoconomy-private-sectors-impact-on-pakistans-unemployment-shrinking-employability-of-human-capital,Privoconomy: Private-Sector’s Impact on Pakistan’s Unemployment & Shrinking Employability of Human Capital,2024-01-05,2024-01,2023,Policy and Research,Policy and Research; Discourse 2023-06,Rutaba Adnan,,,https://pide.org.pk/research/privoconomy-private-sectors-impact-on-pakistans-unemployment-shrinking-employability-of-human-capital/,https://file.pide.org.pk/pdfpideresearch/discourse-2023-06-67-privoconomy-private-sectors-impact-on-pakistans.pdf,,,pdfs/2024/01/discourse-2023-06-67-privoconomy-private-sectors-impact-on-pakistans.pdf,data/fulltext/privoconomy-private-sectors-impact-on-pakistans-unemployment-shrinking-employability-of-human-capital.txt,2166
pakistan-and-the-imf,Pakistan and the IMF,2024-01-05,2024-01,2023,Policy and Research,Policy and Research; Discourse 2023-06,Khurram Husain,,,https://pide.org.pk/research/pakistan-and-the-imf/,https://file.pide.org.pk/pdfpideresearch/discourse-2023-06-43-pakistan-and-the-imf.pdf,,,pdfs/2024/01/discourse-2023-06-43-pakistan-and-the-imf.pdf,data/fulltext/pakistan-and-the-imf.txt,1398
no-progress-without-land-reform,No Progress Without Land Reform,2024-01-05,2024-01,2023,Policy and Research,Policy and Research; Discourse 2023-06,Abbas Moosvi,,,https://pide.org.pk/research/no-progress-without-land-reform/,https://file.pide.org.pk/pdfpideresearch/discourse-2023-06-62-no-progress-without-land-reform.pdf,,,pdfs/2024/01/discourse-2023-06-62-no-progress-without-land-reform.pdf,data/fulltext/no-progress-without-land-reform.txt,1463
need-for-constitutional-reforms,Need for Constitutional Reforms,2024-01-05,2024-01,2023,Policy and Research; Must Read,Policy and Research; Discourse 2023-06,Farhatullah Babar,,,https://pide.org.pk/research/need-for-constitutional-reforms/,https://file.pide.org.pk/pdfpideresearch/discourse-2023-06-09-need-for-constitutional-reforms.pdf,,,pdfs/2024/01/discourse-2023-06-09-need-for-constitutional-reforms.pdf,data/fulltext/need-for-constitutional-reforms.txt,1254
meaningful-energy-transition-in-pakistan-microscale-to-macroscale,Meaningful Energy Transition in Pakistan: Microscale to Macroscale,2024-01-05,2024-01,2023,Policy and Research,Policy and Research; Discourse 2023-06,Muhammad Amir Raza,,,https://pide.org.pk/research/meaningful-energy-transition-in-pakistan-microscale-to-macroscale/,https://file.pide.org.pk/pdfpideresearch/discourse-2023-06-49-meaningful-energy-transition-in-pakistan.pdf,,,pdfs/2024/01/discourse-2023-06-49-meaningful-energy-transition-in-pakistan.pdf,data/fulltext/meaningful-energy-transition-in-pakistan-microscale-to-macroscale.txt,1485
making-our-democracy-work-what-went-wrong-and-how-to-fix-it-a-lawyers-view,Making our Democracy Work – What Went Wrong and How to Fix It: A Lawyer’s View,2024-01-05,2024-01,2023,Policy and Research,Policy and Research; Discourse 2023-06,Umer Ijaz Gilani,,,https://pide.org.pk/research/making-our-democracy-work-what-went-wrong-and-how-to-fix-it-a-lawyers-view/,https://file.pide.org.pk/pdfpideresearch/discourse-2023-06-10-making-our-democracy-work.pdf,,,pdfs/2024/01/discourse-2023-06-10-making-our-democracy-work.pdf,data/fulltext/making-our-democracy-work-what-went-wrong-and-how-to-fix-it-a-lawyers-view.txt,1680
looking-beyond-the-mainstream-business-economic-approaches-restoring-acts-of-humanising-in-pakistan,Looking Beyond the Mainstream Business & Economic Approaches: Restoring Acts of Humanising in Pakistan,2024-01-05,2024-01,2023,Policy and Research,Policy and Research; Discourse 2023-06,Shaista E. Khilji,,,https://pide.org.pk/research/looking-beyond-the-mainstream-business-economic-approaches-restoring-acts-of-humanising-in-pakistan/,https://file.pide.org.pk/pdfpideresearch/discourse-2023-06-70-looking-beyond-the-mainstream-business-and-economic.pdf,,,pdfs/2024/01/discourse-2023-06-70-looking-beyond-the-mainstream-business-and-economic.pdf,data/fulltext/looking-beyond-the-mainstream-business-economic-approaches-restoring-acts-of-humanising-in-pakistan.txt,1523
latest-pisa-assessment-lessons-for-pakistan,Latest PISA Assessment: Lessons for Pakistan,2024-01-05,2024-01,2023,Policy and Research,Policy and Research; Discourse 2023-06,Muhammad Jehangir Khan,,,https://pide.org.pk/research/latest-pisa-assessment-lessons-for-pakistan/,https://file.pide.org.pk/pdfpideresearch/discourse-2023-06-74-latest-pisa-assessment-lessons-for-pakistan.pdf,,,pdfs/2024/01/discourse-2023-06-74-latest-pisa-assessment-lessons-for-pakistan.pdf,data/fulltext/latest-pisa-assessment-lessons-for-pakistan.txt,1019
land-reforms-through-agricultural-land-consolidation,Land Reforms through Agricultural Land Consolidation,2024-01-05,2024-01,2023,Policy and Research,Policy and Research; Discourse 2023-06,Muhammad Faisal Ali,,,https://pide.org.pk/research/land-reforms-through-agricultural-land-consolidation/,https://file.pide.org.pk/pdfpideresearch/discourse-2023-06-61-land-reforms-through-agricultural-land-consolidation.pdf,,,pdfs/2024/01/discourse-2023-06-61-land-reforms-through-agricultural-land-consolidation.pdf,data/fulltext/land-reforms-through-agricultural-land-consolidation.txt,1430
labour-legislation,Labour Legislation,2024-01-05,2024-01,2023,Policy and Research,Policy and Research; Discourse 2023-06,Parvez Rahim,,,https://pide.org.pk/research/labour-legislation/,https://file.pide.org.pk/pdfpideresearch/discourse-2023-06-12-labour-legislation.pdf,,,pdfs/2024/01/discourse-2023-06-12-labour-legislation.pdf,data/fulltext/labour-legislation.txt,1423
kill-transactions-kill-economic-growth,"Kill Transactions, Kill Economic Growth",2024-01-05,2024-01,2023,Policy and Research,Policy and Research; Discourse 2023-06,Nadeem Ul Haque,,,https://pide.org.pk/research/kill-transactions-kill-economic-growth/,https://file.pide.org.pk/pdfpideresearch/discourse-2023-06-30-kill-transactions-kill-economic-growth.pdf,,,pdfs/2024/01/discourse-2023-06-30-kill-transactions-kill-economic-growth.pdf,data/fulltext/kill-transactions-kill-economic-growth.txt,1047
is-there-an-alternative-path-to-foreign-aid,Is There an Alternative Path to Foreign Aid?,2024-01-05,2024-01,2023,Policy and Research,Policy and Research; Discourse 2023-06,Themrise Khan,,,https://pide.org.pk/research/is-there-an-alternative-path-to-foreign-aid/,https://file.pide.org.pk/pdfpideresearch/discourse-2023-06-41-is-there-an-alternative-path-to-foreign-aid.pdf,,,pdfs/2024/01/discourse-2023-06-41-is-there-an-alternative-path-to-foreign-aid.pdf,data/fulltext/is-there-an-alternative-path-to-foreign-aid.txt,1386
industrial-policy-reform,Industrial Policy Reform,2024-01-05,2024-01,2023,Policy and Research,Policy and Research; Discourse 2023-06,Ishrat Husain,,,https://pide.org.pk/research/industrial-policy-reform/,https://file.pide.org.pk/pdfpideresearch/discourse-2023-06-53-industrial-policy-reform.pdf,,,pdfs/2024/01/discourse-2023-06-53-industrial-policy-reform.pdf,data/fulltext/industrial-policy-reform.txt,1897
incorporating-women-into-pakistans-labour-force,Incorporating Women into Pakistan’s Labour Force,2024-01-05,2024-01,2023,Policy and Research,Policy and Research; Discourse 2023-06,Hadia Majid,,,https://pide.org.pk/research/incorporating-women-into-pakistans-labour-force/,https://file.pide.org.pk/pdfpideresearch/discourse-2023-06-65-incorporating-women-into-pakistans-labour-force.pdf,,,pdfs/2024/01/discourse-2023-06-65-incorporating-women-into-pakistans-labour-force.pdf,data/fulltext/incorporating-women-into-pakistans-labour-force.txt,1188
governance-reforms-anchored-in-civil-service-reforms,Governance Reforms: Anchored in Civil Service Reforms,2024-01-05,2024-01,2023,Policy and Research,Policy and Research; Discourse 2023-06,Shahid Kardar,,,https://pide.org.pk/research/governance-reforms-anchored-in-civil-service-reforms/,https://file.pide.org.pk/pdfpideresearch/discourse-2023-06-24-governance-reforms-anchored-in-civil-service-reforms.pdf,,,pdfs/2024/01/discourse-2023-06-24-governance-reforms-anchored-in-civil-service-reforms.pdf,data/fulltext/governance-reforms-anchored-in-civil-service-reforms.txt,3236
governance-reform-in-pakistan,Governance Reform in Pakistan,2024-01-05,2024-01,2023,Policy and Research,Policy and Research; Discourse 2023-06,Muhammad Yasser Wattu,,,https://pide.org.pk/research/governance-reform-in-pakistan/,https://file.pide.org.pk/pdfpideresearch/discourse-2023-06-05-governance-reform-in-pakistan.pdf,,,pdfs/2024/01/discourse-2023-06-05-governance-reform-in-pakistan.pdf,data/fulltext/governance-reform-in-pakistan.txt,915
fostering-trade-and-industry,Fostering Trade and Industry,2024-01-05,2024-01,2023,Policy and Research,Policy and Research; Discourse 2023-06,Manzoor Ahmad,,,https://pide.org.pk/research/fostering-trade-and-industry/,https://file.pide.org.pk/pdfpideresearch/discourse-2023-06-57-fostering-trade-and-industry.pdf,,,pdfs/2024/01/discourse-2023-06-57-fostering-trade-and-industry.pdf,data/fulltext/fostering-trade-and-industry.txt,1220
fiscal-policy-for-economic-growth,Fiscal Policy for Economic Growth,2024-01-05,2024-01,2023,Policy and Research,Policy and Research; Discourse 2023-06,Faisal Rashid,,,https://pide.org.pk/research/fiscal-policy-for-economic-growth/,https://file.pide.org.pk/pdfpideresearch/discourse-2023-06-36-fiscal-policy-for-economic-growth.pdf,,,pdfs/2024/01/discourse-2023-06-36-fiscal-policy-for-economic-growth.pdf,data/fulltext/fiscal-policy-for-economic-growth.txt,1220
fiscal-management-in-pakistan-the-way-forward,Fiscal Management in Pakistan: The Way Forward,2024-01-05,2024-01,2023,Policy and Research,Policy and Research; Discourse 2023-06,Mahmood Khalid,,,https://pide.org.pk/research/fiscal-management-in-pakistan-the-way-forward/,https://file.pide.org.pk/pdfpideresearch/discourse-2023-06-31-fiscal-management-in-pakistan-the-way-forward.pdf,,,pdfs/2024/01/discourse-2023-06-31-fiscal-management-in-pakistan-the-way-forward.pdf,data/fulltext/fiscal-management-in-pakistan-the-way-forward.txt,1364
fbr-tax-policy-and-performance-loopholes-in-federal-tax-revenue-forecasting,FBR Tax Policy and Performance: Loopholes in Federal Tax Revenue Forecasting,2024-01-05,2024-01,2023,Policy and Research,Policy and Research; Discourse 2023-06,Syeda Um Ul Baneen,,,https://pide.org.pk/research/fbr-tax-policy-and-performance-loopholes-in-federal-tax-revenue-forecasting/,https://file.pide.org.pk/pdfpideresearch/discourse-2023-06-35-fbr-tax-policy-and-performance-loopholes-in-feder.pdf,,,pdfs/2024/01/discourse-2023-06-35-fbr-tax-policy-and-performance-loopholes-in-feder.pdf,data/fulltext/fbr-tax-policy-and-performance-loopholes-in-federal-tax-revenue-forecasting.txt,887
enhancing-electoral-trust-for-economic-stability,Enhancing Electoral Trust for Economic Stability,2024-01-05,2024-01,2023,Policy and Research,Policy and Research; Discourse 2023-06,Nasir Iqbal,,,https://pide.org.pk/research/enhancing-electoral-trust-for-economic-stability/,https://file.pide.org.pk/pdfpideresearch/discourse-2023-06-19-enhancing-electoral-trust-for-economic-stability.pdf,,,pdfs/2024/01/discourse-2023-06-19-enhancing-electoral-trust-for-economic-stability.pdf,data/fulltext/enhancing-electoral-trust-for-economic-stability.txt,1069
electoral-reform-a-case-for-proportional-representation,Electoral Reform: A Case for Proportional Representation,2024-01-05,2024-01,2023,Policy and Research; Must Read,Policy and Research; Discourse 2023-06,Sarwar Bari,,,https://pide.org.pk/research/electoral-reform-a-case-for-proportional-representation/,https://file.pide.org.pk/pdfpideresearch/discourse-2023-06-16-electoral-reform-a-case-for-proportional-representation.pdf,,,pdfs/2024/01/discourse-2023-06-16-electoral-reform-a-case-for-proportional-representation.pdf,data/fulltext/electoral-reform-a-case-for-proportional-representation.txt,2952
effective-aid-requires-a-locally-owned-development-vision,Effective Aid Requires a Locally Owned Development Vision,2024-01-05,2024-01,2023,Policy and Research,Policy and Research; Discourse 2023-06,Tobias Haque,,,https://pide.org.pk/research/effective-aid-requires-a-locally-owned-development-vision/,https://file.pide.org.pk/pdfpideresearch/discourse-2023-06-42-effective-aid-requires-a-locally-owned-development.pdf,,,pdfs/2024/01/discourse-2023-06-42-effective-aid-requires-a-locally-owned-development.pdf,data/fulltext/effective-aid-requires-a-locally-owned-development-vision.txt,1432
education-some-thoughts-on-the-way-forward,Education: Some Thoughts on the Way Forward,2024-01-05,2024-01,2023,Policy and Research,Policy and Research; Discourse 2023-06,Faisal Bari,,,https://pide.org.pk/research/education-some-thoughts-on-the-way-forward/,https://file.pide.org.pk/pdfpideresearch/discourse-2023-06-73-education-some-thoughts-on-the-way-forward.pdf,,,pdfs/2024/01/discourse-2023-06-73-education-some-thoughts-on-the-way-forward.pdf,data/fulltext/education-some-thoughts-on-the-way-forward.txt,1591
education-priorities-access-vs-quality,Education Priorities: Access Vs. Quality,2024-01-05,2024-01,2023,Policy and Research,Policy and Research; Discourse 2023-06,Raja Rafi Ullah,,,https://pide.org.pk/research/education-priorities-access-vs-quality/,https://file.pide.org.pk/pdfpideresearch/discourse-2023-06-75-education-priorities-access-vs-quality.pdf,,,pdfs/2024/01/discourse-2023-06-75-education-priorities-access-vs-quality.pdf,data/fulltext/education-priorities-access-vs-quality.txt,1258
economic-self-determination-the-imf-and-pakistan,"Economic Self-Determination, the IMF, and Pakistan",2024-01-05,2024-01,2023,Policy and Research,Policy and Research; Discourse 2023-06,Ayesha Malik,,,https://pide.org.pk/research/economic-self-determination-the-imf-and-pakistan/,https://file.pide.org.pk/pdfpideresearch/discourse-2023-06-40-economic-self-determination-the-imf-and-pakistan.pdf,,,pdfs/2024/01/discourse-2023-06-40-economic-self-determination-the-imf-and-pakistan.pdf,data/fulltext/economic-self-determination-the-imf-and-pakistan.txt,4641
constitutional-economics-development,Constitutional Economics & Development,2024-01-05,2024-01,2023,Policy and Research,Policy and Research; Discourse 2023-06,Mohammed Sarwar Khan,,,https://pide.org.pk/research/constitutional-economics-development/,https://file.pide.org.pk/pdfpideresearch/discourse-2023-06-14-constitutional-economics-and-development.pdf,,,pdfs/2024/01/discourse-2023-06-14-constitutional-economics-and-development.pdf,data/fulltext/constitutional-economics-development.txt,1983
conceptualising-reform-political-economy-of-incremental-processes-versus-sudden-overhauls,Conceptualising Reform: Political Economy of Incremental Processes Versus Sudden Overhauls,2024-01-05,2024-01,2023,Policy and Research,Policy and Research; Discourse 2023-06,Asad Ejaz Butt,,,https://pide.org.pk/research/conceptualising-reform-political-economy-of-incremental-processes-versus-sudden-overhauls/,https://file.pide.org.pk/pdfpideresearch/discourse-2023-06-26-conceptualising-reform-political-economy.pdf,,,pdfs/2024/01/discourse-2023-06-26-conceptualising-reform-political-economy.pdf,data/fulltext/conceptualising-reform-political-economy-of-incremental-processes-versus-sudden-overhauls.txt,2524
cold-flesh-thanda-gosht,Cold Flesh (Thanda Gosht),2024-01-05,2024-01,2023,Policy and Research,Policy and Research; Discourse 2023-06,Ayesha Siddiqa,,,https://pide.org.pk/research/cold-flesh-thanda-gosht/,https://file.pide.org.pk/pdfpideresearch/discourse-2023-06-17-cold-flesh-thanda-gosht.pdf,,,pdfs/2024/01/discourse-2023-06-17-cold-flesh-thanda-gosht.pdf,data/fulltext/cold-flesh-thanda-gosht.txt,1383
civil-service-reform-in-pakistan-some-principles,Civil Service Reform in Pakistan: Some Principles,2024-01-05,2024-01,2023,Policy and Research; Must Read,Policy and Research; Discourse 2023-06,Nadeem Ul Haque,,,https://pide.org.pk/research/civil-service-reform-in-pakistan-some-principles/,https://file.pide.org.pk/pdfpideresearch/discourse-2023-06-23-civil-service-reform-in-pakistan-some-principles.pdf,,,pdfs/2024/01/discourse-2023-06-23-civil-service-reform-in-pakistan-some-principles.pdf,data/fulltext/civil-service-reform-in-pakistan-some-principles.txt,1717
charting-the-course-at-a-nations-crossroads,Charting the Course at a Nation’s Crossroads,2024-01-05,2024-01,2023,Policy and Research,Policy and Research; Discourse 2023-06,Syed Kaleem Imam,,,https://pide.org.pk/research/charting-the-course-at-a-nations-crossroads/,https://file.pide.org.pk/pdfpideresearch/discourse-2023-06-06-charting-the-course-at-a-nations-crossroads.pdf,,,pdfs/2024/01/discourse-2023-06-06-charting-the-course-at-a-nations-crossroads.pdf,data/fulltext/charting-the-course-at-a-nations-crossroads.txt,933
can-domestic-trade-be-the-engine-of-pakistans-growth,Can Domestic Trade be the Engine of Pakistan’s Growth?,2024-01-05,2024-01,2023,Policy and Research,Policy and Research; Discourse 2023-06,Omer Siddique,,,https://pide.org.pk/research/can-domestic-trade-be-the-engine-of-pakistans-growth/,https://file.pide.org.pk/pdfpideresearch/discourse-2023-06-52-can-domestic-trade-be-the-engine-of-pakistans.pdf,,,pdfs/2024/01/discourse-2023-06-52-can-domestic-trade-be-the-engine-of-pakistans.pdf,data/fulltext/can-domestic-trade-be-the-engine-of-pakistans-growth.txt,1686
bureaucratic-reform,Bureaucratic Reform,2024-01-05,2024-01,2023,Policy and Research,Policy and Research; Discourse 2023-06,Sameen A. Mohsin Ali,,,https://pide.org.pk/research/bureaucratic-reform/,https://file.pide.org.pk/pdfpideresearch/discourse-2023-06-25-bureaucratic-reform.pdf,,https://securelivelihoods.org/wp-content/uploads/13.-Are-public-services-the-building-blocks-of-legitimacy_Input-to-the-World-Banks-2017-WDR.pdf,pdfs/2024/01/discourse-2023-06-25-bureaucratic-reform.pdf,data/fulltext/bureaucratic-reform.txt,1385
beyond-import-substitution-charting-pakistans-future-with-export-led-growth,Beyond Import Substitution: Charting Pakistan’s Future with Export-led Growth!,2024-01-05,2024-01,2023,Policy and Research,Policy and Research; Discourse 2023-06,Shahid Satar; Amena Urooj,,,https://pide.org.pk/research/beyond-import-substitution-charting-pakistans-future-with-export-led-growth/,https://file.pide.org.pk/pdfpideresearch/discourse-2023-06-55-beyond-import-substitution-charting-pakistans.pdf,,https://cc.gov.pk/assets/images/Downloads/assessment_studies/competition_impact_assessment_report1.pdf; https://www.sbp.org.pk/reports/quarterly/fy18/Third/SpecialSection-2.pdf,pdfs/2024/01/discourse-2023-06-55-beyond-import-substitution-charting-pakistans.pdf,data/fulltext/beyond-import-substitution-charting-pakistans-future-with-export-led-growth.txt,3389
beneath-the-surface-unmasking-the-cost-of-public-servant-in-pakistan,Beneath the Surface: Unmasking the Cost of Public Servant in Pakistan,2024-01-05,2024-01,2023,Policy and Research,Policy and Research; Discourse 2023-06,Nadeem Ahmed Khan; Khurram Ellahi Khan,,,https://pide.org.pk/research/beneath-the-surface-unmasking-the-cost-of-public-servant-in-pakistan/,https://file.pide.org.pk/pdfpideresearch/discourse-2023-06-66-beneath-the-surface-unmasking-the-cost-of-public.pdf,,https://establishment.gov.pk/SiteImage/Downloads/Annual%20Bulletin%20%0D2018-19.pdf,pdfs/2024/01/discourse-2023-06-66-beneath-the-surface-unmasking-the-cost-of-public.pdf,data/fulltext/beneath-the-surface-unmasking-the-cost-of-public-servant-in-pakistan.txt,910
arbitrary-adjournments,Arbitrary Adjournments,2024-01-05,2024-01,2023,Policy and Research,Policy and Research; Discourse 2023-06,Sahar Saqib,,,https://pide.org.pk/research/arbitrary-adjournments/,https://file.pide.org.pk/pdfpideresearch/discourse-2023-06-11-arbitrary-adjournments.pdf,,,pdfs/2024/01/discourse-2023-06-11-arbitrary-adjournments.pdf,data/fulltext/arbitrary-adjournments.txt,1419
akhuwat-university-a-paradigm-shift-in-education,Akhuwat University: A Paradigm Shift in Education,2024-01-05,2024-01,2023,Policy and Research,Policy and Research; Discourse 2023-06,Asad Zaman,,,https://pide.org.pk/research/akhuwat-university-a-paradigm-shift-in-education/,https://file.pide.org.pk/pdfpideresearch/discourse-2023-06-72-akhuwat-university-a-paradigm-shift-in-education.pdf,,,pdfs/2024/01/discourse-2023-06-72-akhuwat-university-a-paradigm-shift-in-education.pdf,data/fulltext/akhuwat-university-a-paradigm-shift-in-education.txt,2333
agricultural-income-tax,Agricultural Income Tax,2024-01-05,2024-01,2023,Policy and Research,Policy and Research; Discourse 2023-06,Ikramul Haq,,,https://pide.org.pk/research/agricultural-income-tax/,https://file.pide.org.pk/pdfpideresearch/discourse-2023-06-60-agricultural-income-tax.pdf,,http://na.gov.pk/uploads/documents/1566986522_519.pdf; http://download1.fbr.gov.pk/Docs/2020622186353342TaxExpenditureReport2020.pdf; https://www.finance.gov.pk/fiscal/July_June_2022_23.pdf; https://www.sbp.org.pk/reports/quarterly/fy10/first/specialsection2.pdf,pdfs/2024/01/discourse-2023-06-60-agricultural-income-tax.pdf,data/fulltext/agricultural-income-tax.txt,2356
agenda-for-the-incoming-government,Agenda for the Incoming Government,2024-01-05,2024-01,2023,Policy and Research; Must Read,Policy and Research; Discourse 2023-06,Pakistan Business Council,,,https://pide.org.pk/research/agenda-for-the-incoming-government/,https://file.pide.org.pk/pdfpideresearch/discourse-2023-06-07-agenda-for-the-incoming-government.pdf,,,pdfs/2024/01/discourse-2023-06-07-agenda-for-the-incoming-government.pdf,data/fulltext/agenda-for-the-incoming-government.txt,1609
a-proactive-and-pro-people-policy-framework,A Proactive and Pro-People Policy Framework,2024-01-05,2024-01,2023,Policy and Research,Policy and Research; Discourse 2023-06,Ammar H. Khan,,,https://pide.org.pk/research/a-proactive-and-pro-people-policy-framework/,https://file.pide.org.pk/pdfpideresearch/discourse-2023-06-33-a-proactive-and-pro-people-policy-framework.pdf,,,pdfs/2024/01/discourse-2023-06-33-a-proactive-and-pro-people-policy-framework.pdf,data/fulltext/a-proactive-and-pro-people-policy-framework.txt,801
a-possible-reform-agenda,A Possible Reform Agenda,2024-01-05,2024-01,2023,Policy and Research,Policy and Research; Discourse 2023-06,Shahid Kardar,,,https://pide.org.pk/research/a-possible-reform-agenda/,https://file.pide.org.pk/pdfpideresearch/discourse-2023-06-03-a-possible-reform-agenda.pdf,,,pdfs/2024/01/discourse-2023-06-03-a-possible-reform-agenda.pdf,data/fulltext/a-possible-reform-agenda.txt,3846
a-case-for-unionisation,A Case for Unionisation,2024-01-05,2024-01,2023,Policy and Research,Policy and Research; Discourse 2023-06,Namra Gilani; Ramis Sohail,,,https://pide.org.pk/research/a-case-for-unionisation/,https://file.pide.org.pk/pdfpideresearch/discourse-2023-06-68-a-case-for-unionisation.pdf,,,pdfs/2024/01/discourse-2023-06-68-a-case-for-unionisation.pdf,data/fulltext/a-case-for-unionisation.txt,1162
whats-in-a-name-the-indeterminacy-of-power-politics-and-people,"What’s in a Name? The Indeterminacy of Power, Politics and People",2024-01-04,2024-01,2023,Policy and Research,Policy and Research; Discourse 2023-06,Afrasiyab Khan,,,https://pide.org.pk/research/whats-in-a-name-the-indeterminacy-of-power-politics-and-people/,https://file.pide.org.pk/pdfpideresearch/discourse-2023-06-96-whats-in-a-name-the-indeterminacy-of-power.pdf,,,pdfs/2024/01/discourse-2023-06-96-whats-in-a-name-the-indeterminacy-of-power.pdf,data/fulltext/whats-in-a-name-the-indeterminacy-of-power-politics-and-people.txt,1776
urban-transit-and-transportation-service-in-pakistan-challenges-and-opportunities,Urban Transit and Transportation Service in Pakistan: Challenges and Opportunities,2024-01-04,2024-01,2023,Policy and Research,Policy and Research; Discourse 2023-06,Murtaza Haider,,,https://pide.org.pk/research/urban-transit-and-transportation-service-in-pakistan-challenges-and-opportunities/,https://file.pide.org.pk/pdfpideresearch/discourse-2023-06-85-urban-transit-and-transportation-service-in-pakistan.pdf,,,pdfs/2024/01/discourse-2023-06-85-urban-transit-and-transportation-service-in-pakistan.pdf,data/fulltext/urban-transit-and-transportation-service-in-pakistan-challenges-and-opportunities.txt,2217
the-vulgar-in-the-vernacular-from-meeraji-to-punjabi-theatre,The Vulgar in the Vernacular: From Meeraji to Punjabi Theatre,2024-01-04,2024-01,2023,Policy and Research,Policy and Research; Discourse 2023-06,Hammad Bilal,,,https://pide.org.pk/research/the-vulgar-in-the-vernacular-from-meeraji-to-punjabi-theatre/,https://file.pide.org.pk/pdfpideresearch/discourse-2023-06-97-the-vulgar-in-the-vernacular-from-meeraji-to-punja.pdf,,,pdfs/2024/01/discourse-2023-06-97-the-vulgar-in-the-vernacular-from-meeraji-to-punja.pdf,data/fulltext/the-vulgar-in-the-vernacular-from-meeraji-to-punjabi-theatre.txt,1355
the-song-remains-the-same,The Song Remains the Same,2024-01-04,2024-01,2023,Policy and Research,Policy and Research; Discourse 2023-06,Aasim Sajjad Akhtar,,,https://pide.org.pk/research/the-song-remains-the-same/,https://file.pide.org.pk/pdfpideresearch/discourse-2023-06-88-the-song-remains-the-same.pdf,,,pdfs/2024/01/discourse-2023-06-88-the-song-remains-the-same.pdf,data/fulltext/the-song-remains-the-same.txt,1252
public-health-crisis-a-cry-for-reforms,Public Health Crisis: A Cry for Reforms,2024-01-04,2024-01,2023,Policy and Research,Policy and Research; Discourse 2023-06,Zafar Mirza,,,https://pide.org.pk/research/public-health-crisis-a-cry-for-reforms/,https://file.pide.org.pk/pdfpideresearch/discourse-2023-06-80-public-health-crisis-a-cry-for-reforms.pdf,,,pdfs/2023/12/discourse-2023-06-80-public-health-crisis-a-cry-for-reforms.pdf,data/fulltext/public-health-crisis-a-cry-for-reforms.txt,1591
online-communities-sense-of-belonging-and-beyond,"Online Communities, Sense of Belonging and Beyond",2024-01-04,2024-01,2023,Policy and Research,Policy and Research; Discourse 2023-06,Saman Nazir,,,https://pide.org.pk/research/online-communities-sense-of-belonging-and-beyond/,https://file.pide.org.pk/pdfpideresearch/discourse-2023-06-98-online-communities-sense-of-belonging-and-beyond.pdf,,,pdfs/2024/01/discourse-2023-06-98-online-communities-sense-of-belonging-and-beyond.pdf,data/fulltext/online-communities-sense-of-belonging-and-beyond.txt,906
local-government-reforms-an-overview,Local Government Reforms: An Overview,2024-01-04,2024-01,2023,Policy and Research,Policy and Research; Discourse 2023-06,Iftikhar Ahmad,,,https://pide.org.pk/research/local-government-reforms-an-overview/,https://file.pide.org.pk/pdfpideresearch/discourse-2023-06-86-local-government-reforms-an-overview.pdf,,,pdfs/2024/01/discourse-2023-06-86-local-government-reforms-an-overview.pdf,data/fulltext/local-government-reforms-an-overview.txt,1270
leadership-pathologies,Leadership Pathologies,2024-01-04,2024-01,2023,Policy and Research,Policy and Research; Discourse 2023-06,Neda Mulji,,,https://pide.org.pk/research/leadership-pathologies/,https://file.pide.org.pk/pdfpideresearch/discourse-2023-06-99-leadership-pathologies.pdf,,,pdfs/2024/01/discourse-2023-06-99-leadership-pathologies.pdf,data/fulltext/leadership-pathologies.txt,1328
incubating-community-centres-and-creative-industries,Incubating Community Centres and Creative Industries,2024-01-04,2024-01,2023,Policy and Research,Policy and Research; Discourse 2023-06,Fahd Zulfiqar; Abbas Moosvi,,,https://pide.org.pk/research/incubating-community-centres-and-creative-industries/,https://file.pide.org.pk/pdfpideresearch/discourse-2023-06-95-incubating-community-centres-and-creative.pdf,,,pdfs/2024/01/discourse-2023-06-95-incubating-community-centres-and-creative.pdf,data/fulltext/incubating-community-centres-and-creative-industries.txt,1498
exploring-the-value-structure-of-pakistans-job-market,Exploring the Value Structure of Pakistan’s Job Market,2024-01-04,2024-01,2023,Policy and Research,Policy and Research; Discourse 2023-06,Henna Ahsan,,,https://pide.org.pk/research/exploring-the-value-structure-of-pakistans-job-market/,https://file.pide.org.pk/pdfpideresearch/discourse-2023-06-100-exploring-the-value-structure-of-pakistans-job.pdf,,,pdfs/2024/01/discourse-2023-06-100-exploring-the-value-structure-of-pakistans-job.pdf,data/fulltext/exploring-the-value-structure-of-pakistans-job-market.txt,1281
decolonising-the-city-for-sustained-development-land-commerce-and-real-estate,"Decolonising the City for Sustained Development: Land, Commerce, and Real Estate",2024-01-04,2024-01,2023,Policy and Research,Policy and Research; Discourse 2023-06,Nadeem Ul Haque,,,https://pide.org.pk/research/decolonising-the-city-for-sustained-development-land-commerce-and-real-estate/,https://file.pide.org.pk/pdfpideresearch/discourse-2023-06-83-decolonising-the-city-for-sustained-development.pdf,,,pdfs/2024/01/discourse-2023-06-83-decolonising-the-city-for-sustained-development.pdf,data/fulltext/decolonising-the-city-for-sustained-development-land-commerce-and-real-estate.txt,3016
cop28-and-pakistans-energy-transition,COP28 and Pakistan’s Energy Transition,2024-01-04,2024-01,2023,Policy and Research,Policy and Research; Discourse 2023-06,Maha Kamal,,,https://pide.org.pk/research/cop28-and-pakistans-energy-transition/,https://file.pide.org.pk/pdfpideresearch/discourse-2023-06-89-cop28-and-pakistans-energy-transition.pdf,,https://www.finance.gov.pk/survey/chapters_23/14_Energy.pdf,pdfs/2024/01/discourse-2023-06-89-cop28-and-pakistans-energy-transition.pdf,data/fulltext/cop28-and-pakistans-energy-transition.txt,1182
cease-and-desist-would-a-carbon-tax-pave-the-way-to-a-sustainable-future-for-pakistan,Cease and Desist: Would a Carbon Tax Pave the Way to a Sustainable Future for Pakistan?,2024-01-04,2024-01,2023,Policy and Research,Policy and Research; Discourse 2023-06,Manal Wasim,,,https://pide.org.pk/research/cease-and-desist-would-a-carbon-tax-pave-the-way-to-a-sustainable-future-for-pakistan/,https://file.pide.org.pk/pdfpideresearch/discourse-2023-06-90-cease-and-desist-would-a-carbon-tax-pave-the-way.pdf,,,pdfs/2024/01/discourse-2023-06-90-cease-and-desist-would-a-carbon-tax-pave-the-way.pdf,data/fulltext/cease-and-desist-would-a-carbon-tax-pave-the-way-to-a-sustainable-future-for-pakistan.txt,1127
beyond-code-and-control-reimagining-technology-in-urban-pakistan-for-collective-empowerment,Beyond Code and Control: Reimagining Technology in Urban Pakistan for Collective Empowerment,2024-01-04,2024-01,2023,Policy and Research,Policy and Research; Discourse 2023-06,Hamza Sarfraz,,,https://pide.org.pk/research/beyond-code-and-control-reimagining-technology-in-urban-pakistan-for-collective-empowerment/,https://file.pide.org.pk/pdfpideresearch/discourse-2023-06-84-beyond-code-and-control-reimagining-technology.pdf,,,pdfs/2024/01/discourse-2023-06-84-beyond-code-and-control-reimagining-technology.pdf,data/fulltext/beyond-code-and-control-reimagining-technology-in-urban-pakistan-for-collective-empowerment.txt,1486
augmenting-universal-health-coverage-through-digital-technologies-in-pakistan,Augmenting Universal Health Coverage through Digital Technologies in Pakistan,2024-01-04,2024-01,2023,Policy and Research,Policy and Research; Discourse 2023-06,Zia Banday,,,https://pide.org.pk/research/augmenting-universal-health-coverage-through-digital-technologies-in-pakistan/,https://file.pide.org.pk/pdfpideresearch/discourse-2023-06-81-augmenting-universal-health-coverage-through-digit.pdf,,,pdfs/2024/01/discourse-2023-06-81-augmenting-universal-health-coverage-through-digit.pdf,data/fulltext/augmenting-universal-health-coverage-through-digital-technologies-in-pakistan.txt,2306
air-pollution,Air Pollution,2024-01-04,2024-01,2023,Policy and Research,Policy and Research; Discourse 2023-06,Sanval Nasim,,,https://pide.org.pk/research/air-pollution/,https://file.pide.org.pk/pdfpideresearch/discourse-2023-06-91-air-pollution.pdf,,,pdfs/2024/01/discourse-2023-06-91-air-pollution.pdf,data/fulltext/air-pollution.txt,1469
impact-of-education-mismatch-on-earnings-evidence-from-pakistans-labor-market,Impact of Education Mismatch on Earnings: Evidence from Pakistan’s Labor Market,2024-01-03,2024-01,2024,Working Paper,Center for Social and Behavioral Analysis; Center for Governance‚ Markets and Regulatory Analysis; Recent Publications; Working Paper,Henna Ahsan,Earnings; Labor Market; Mismatch Education,,https://pide.org.pk/research/impact-of-education-mismatch-on-earnings-evidence-from-pakistans-labor-market/,https://file.pide.org.pk/pdfpideresearch/wp-2024-1-impact-of-education-mismatch-on-earnings-evidence-from-pakistans-labor-market.pdf,,,pdfs/2024/01/wp-2024-1-impact-of-education-mismatch-on-earnings-evidence-from-pakistans-labor-market.pdf,data/fulltext/impact-of-education-mismatch-on-earnings-evidence-from-pakistans-labor-market.txt,1373
transforming-economy-society,Transforming Economy & Society,2024-01-02,2024-01,2023,Research Reports,Center for Sustainable Futures; Center for Social and Behavioral Analysis; Recent Publications; Research Report,PIDE,Manifesto; Election; Opportunity; Economic Growth; Reform,,https://pide.org.pk/research/transforming-economy-society/,https://file.pide.org.pk/pdfpideresearch/rr-transforming-economy-society.pdf,,,pdfs/2024/01/rr-transforming-economy-society.pdf,data/fulltext/transforming-economy-society.txt,311
reconfiguring-pakistan-state-society-economy,"Reconfiguring Pakistan: State, Society, Economy",2023-12-29,2023-12,2023,Policy and Research,P &amp; R Magazine; Policy and Research; Recent Publications,,,,https://pide.org.pk/research/reconfiguring-pakistan-state-society-economy/,https://file.pide.org.pk/pdfpideresearch/discourse-2023-06.pdf,https://file.pide.org.pk/pdfpideresearch/discourse-2023-06-80-public-health-crisis-a-cry-for-reforms.pdf,,pdfs/2023/12/discourse-2023-06.pdf,data/fulltext/reconfiguring-pakistan-state-society-economy.txt,917
making-sehat-sahulat-program-sustainable,Making Sehat Sahulat Program Sustainable,2023-12-27,2023-12,2023,Policy Viewpoint,Macro Policy Lab; Center for Social and Behavioral Analysis; Recent Publications; Policy Viewpoint,Shujaat Farooq; Nabila Kunwal,,,https://pide.org.pk/research/making-sehat-sahulat-program-sustainable/,https://file.pide.org.pk/pdfpideresearch/pv-2023-44-making-sehat-sahulat-program-sustainable.pdf,,,pdfs/2023/12/pv-2023-44-making-sehat-sahulat-program-sustainable.pdf,data/fulltext/making-sehat-sahulat-program-sustainable.txt,1377
students-in-2022,Students in 2022,2023-12-26,2023-12,2023,PIDE in Press,PIDE in Press,Muhammad Jehangir Khan,,,https://pide.org.pk/research/students-in-2022/,https://file.pide.org.pk/pdfpideinpress/pip-students-in-2022.pdf,,,pdfs/2023/12/pip-students-in-2022.pdf,data/fulltext/students-in-2022.txt,985
media-coverage-the-state-of-commerce-in-pakistan-international-and-domestic,Media Coverage: The State of Commerce in Pakistan International and Domestic,2023-12-26,2023-12,2023,PIDE in Press,PIDE in Press,,,,https://pide.org.pk/research/media-coverage-the-state-of-commerce-in-pakistan-international-and-domestic/,https://file.pide.org.pk/pdfpideinpress/pip-media-coverage-the-state-of-commerce-in-pakistan-international-and-domestic.pdf,,,pdfs/2023/12/pip-media-coverage-the-state-of-commerce-in-pakistan-international-and-domestic.pdf,,0
how-expensive-are-public-servants,How expensive are public servants?,2023-12-26,2023-12,2023,PIDE in Press,PIDE in Press,Ajmal Kakar,,,https://pide.org.pk/research/how-expensive-are-public-servants/,https://file.pide.org.pk/pdfpideinpress/pip-how-expensive-are-public-servants.pdf,,,pdfs/2023/12/pip-how-expensive-are-public-servants.pdf,data/fulltext/how-expensive-are-public-servants.txt,689
farmers-are-not-the-main-culprits-of-smog,Farmers are not the main culprits of smog,2023-12-26,2023-12,2023,PIDE in Press,PIDE in Press,Muhammad Faisal Ali; Sobia Rose,,,https://pide.org.pk/research/farmers-are-not-the-main-culprits-of-smog/,https://file.pide.org.pk/pdfpideinpress/pip-farmers-are-not-the-main-culprits-of-smog.pdf,,,pdfs/2023/12/pip-farmers-are-not-the-main-culprits-of-smog.pdf,data/fulltext/farmers-are-not-the-main-culprits-of-smog.txt,862
trade-industry-and-competition-in-pakistan,"Trade, Industry and Competition in Pakistan",2023-12-21,2023-12,2023,Working Paper,Center for Industry‚ Trade &amp; Digital Economy; Recent Publications; Working Paper,Muhammad Zeshan,IMPORT TARIFFS; Industry; CGE; Trade; Pakistan,F1; L5; C67; C68,https://pide.org.pk/research/trade-industry-and-competition-in-pakistan/,https://file.pide.org.pk/pdfpideresearch/wp-23-15-trade-industry-and-competition-in-pakistan.pdf,,,pdfs/2023/12/wp-23-15-trade-industry-and-competition-in-pakistan.pdf,data/fulltext/trade-industry-and-competition-in-pakistan.txt,968
the-state-of-commerce-in-pakistan-international-domestic,The State Of Commerce In Pakistan: International & Domestic,2023-12-20,2023-12,2023,Research Reports,Rasta Research Report; Recent Publications; Research Report,RASTA-PIDE,,,https://pide.org.pk/research/the-state-of-commerce-in-pakistan-international-domestic/,https://file.pide.org.pk/pdfpideresearch/rr-the-state-of-commerce-in-pakistan-international-and-domestic.pdf,,,pdfs/2023/12/rr-the-state-of-commerce-in-pakistan-international-and-domestic.pdf,data/fulltext/the-state-of-commerce-in-pakistan-international-domestic.txt,5560
farmers-not-the-principal-culprits,Farmers not the principal culprits,2023-12-20,2023-12,2023,PIDE in Press,PIDE in Press,Sobia Rose; Muhammad Faisal Ali,,,https://pide.org.pk/research/farmers-not-the-principal-culprits/,https://file.pide.org.pk/pdfpideinpress/pip-farmers-not-the-principal-culprits.pdf,,,pdfs/2023/12/pip-farmers-not-the-principal-culprits.pdf,data/fulltext/farmers-not-the-principal-culprits.txt,956
educational-exclusion-of-children-with-special-needs,Educational Exclusion of Children with Special Needs,2023-12-20,2023-12,2023,Knowledge Brief,Macro Policy Lab; Center for Social and Behavioral Analysis; Recent Publications; Knowledge Brief,Saima Bashir; Henna Ahsan,Basic Human Right; INCLUSIVE EDUCATION; Persons With Disabilities,,https://pide.org.pk/research/educational-exclusion-of-children-with-special-needs/,https://file.pide.org.pk/pdfpideresearch/kb-109-educational-exclusion-of-children-with-special-needs.pdf,,,pdfs/2023/12/kb-109-educational-exclusion-of-children-with-special-needs.pdf,data/fulltext/educational-exclusion-of-children-with-special-needs.txt,1791
economic-contribution-of-forestry-sector,Economic Contribution of Forestry Sector,2023-12-18,2023-12,2023,Research Reports,Center for Agriculture‚ Climate Change and Rural Economy; Recent Publications; Research Report,Shujaat Farooq; Durr-e-Nayab; Saddam Hussein; Nabila Kunwal,Forestry Contribution in GDP; State of forestry in Pakistan; Production and consumption of wood; Non-timber forestry products; Rangeland and livestock; Forest-based ecosystem services; Role of forests in employment; livelihood; Green economy; Demand and supply gap analysis of forests; Carbon Value of Forests; Forestry goods and services; Economic valuation of forestry,,https://pide.org.pk/research/economic-contribution-of-forestry-sector/,https://file.pide.org.pk/pdfpideresearch/rr-economic-contribution-of-forestry-sector.pdf,,,pdfs/2023/12/rr-economic-contribution-of-forestry-sector.pdf,data/fulltext/economic-contribution-of-forestry-sector.txt,1356
building-community-networks,Building Community & Networks,2023-12-18,2023-12,2023,Research Reports,Center for Social and Behavioral Analysis; Recent Publications; Research Report,Fahd Zulfiqar; Saman Nazir; Fizzah Khalid Butt; Henna Ahsan,Networks; Culture; Community; Sense of community; Society; Markets,,https://pide.org.pk/research/building-community-networks/,https://file.pide.org.pk/pdfpideresearch/rr-building-community-and-networks.pdf,,,pdfs/2023/12/rr-building-community-and-networks.pdf,data/fulltext/building-community-networks.txt,1016
understanding-the-provincial-generational-economy-for-improved-policymaking,Understanding the Provincial Generational Economy for Improved Policymaking,2023-12-15,2023-12,2023,Policy Viewpoint,Center for Social and Behavioral Analysis; Center for Governance‚ Markets and Regulatory Analysis; Recent Publications; Policy Viewpoint,Durr-e-Nayab; Nabila Kunwal,,,https://pide.org.pk/research/understanding-the-provincial-generational-economy-for-improved-policymaking/,https://file.pide.org.pk/pdfpideresearch/pv-understanding-the-provincial-generational-economy-for-improved-policymaking.pdf,https://file.pide.org.pk/pdfpideresearch/pv-counting-womens-unpaid-care-work-in-pakistan.pdf,,pdfs/2023/12/pv-understanding-the-provincial-generational-economy-for-improved-policymaking.pdf,data/fulltext/understanding-the-provincial-generational-economy-for-improved-policymaking.txt,1465
provincial-transfer-accounts-generational-economy-in-punjab-sindh-khyber-pakhtunkhwa-and-balochistan,"Provincial Transfer Accounts: Generational Economy in Punjab, Sindh, Khyber Pakhtunkhwa and Balochistan",2023-12-15,2023-12,2023,Research Reports,Macro Policy Lab; Recent Publications; Research Report,Durr-e-Nayab; Nabila Kunwal,,,https://pide.org.pk/research/provincial-transfer-accounts-generational-economy-in-punjab-sindh-khyber-pakhtunkhwa-and-balochistan/,https://file.pide.org.pk/pdfpideresearch/rr-provincial-transfer-accounts-generational-economy-in-punjab-sindh-khyber-pakhtunkhwa-and-balochistan.pdf,,,pdfs/2023/12/rr-provincial-transfer-accounts-generational-economy-in-punjab-sindh-khyber-pakhtunkhwa-and-balochistan.pdf,data/fulltext/provincial-transfer-accounts-generational-economy-in-punjab-sindh-khyber-pakhtunkhwa-and-balochistan.txt,838
media-coverage-of-pide-macro-policy-lab-policy-statement,Media Coverage of PIDE Macro Policy Lab Policy Statement,2023-12-15,2023-12,2023,PIDE in Press,PIDE in Press,,,,https://pide.org.pk/research/media-coverage-of-pide-macro-policy-lab-policy-statement/,https://file.pide.org.pk/pdfpideinpress/pip-media-coverage-of-pide-macro-policy-lab-policy-statement.pdf,,,pdfs/2023/12/pip-media-coverage-of-pide-macro-policy-lab-policy-statement.pdf,,0
making-womens-work-count-in-pakistan-measuring-the-gendered-economy,Making Women’s Work Count in Pakistan: Measuring the Gendered Economy,2023-12-15,2023-12,2023,Research Reports,Center for Social and Behavioral Analysis; Recent Publications; Research Report,Durr-e-Nayab; Nabila Kunwal,,,https://pide.org.pk/research/making-womens-work-count-in-pakistan-measuring-the-gendered-economy/,https://file.pide.org.pk/pdfpideresearch/rr-making-womens-work-count-in-pakistan-measuring-the-gendered-economy.pdf,,,pdfs/2023/12/rr-making-womens-work-count-in-pakistan-measuring-the-gendered-economy.pdf,data/fulltext/making-womens-work-count-in-pakistan-measuring-the-gendered-economy.txt,724
counting-womens-unpaid-care-work-in-pakistan,Counting Women’s Unpaid Care Work in Pakistan,2023-12-15,2023-12,2023,Policy Viewpoint,Center for Social and Behavioral Analysis; Center for Governance‚ Markets and Regulatory Analysis; Recent Publications; Policy Viewpoint,Durr-e-Nayab; Nabila Kunwal,,,https://pide.org.pk/research/counting-womens-unpaid-care-work-in-pakistan/,https://file.pide.org.pk/pdfpideresearch/pv-counting-womens-unpaid-care-work-in-pakistan.pdf,,,pdfs/2023/12/pv-counting-womens-unpaid-care-work-in-pakistan.pdf,data/fulltext/counting-womens-unpaid-care-work-in-pakistan.txt,1192
our-emigration-outlook,Our emigration outlook,2023-12-06,2023-12,2023,PIDE in Press,PIDE in Press,Junaid Ahmed,,,https://pide.org.pk/research/our-emigration-outlook/,https://file.pide.org.pk/pdfpideinpress/pip-our-emigration-outlook.pdf,,,pdfs/2023/12/pip-our-emigration-outlook.pdf,data/fulltext/our-emigration-outlook.txt,962
from-forced-migration-to-forced-repatriation,From forced migration to forced repatriation,2023-12-06,2023-12,2023,PIDE in Press,PIDE in Press,Ajmal Kakar,,,https://pide.org.pk/research/from-forced-migration-to-forced-repatriation/,https://file.pide.org.pk/pdfpideinpress/pip-from-forced-migration-to-forced-repatriation.pdf,,,pdfs/2023/12/pip-from-forced-migration-to-forced-repatriation.pdf,data/fulltext/from-forced-migration-to-forced-repatriation.txt,858
newsletter-november-2023,Newsletter: November 2023,2023-12-05,2023-12,2023,Newsletter,Newsletter,,,,https://pide.org.pk/research/newsletter-november-2023/,https://file.pide.org.pk/pdfpideresearch/nl-07-newsletter-november-2023.pdf,,,pdfs/2023/12/nl-07-newsletter-november-2023.pdf,,0
media-coverage-of-37th-agm-conference,Media Coverage of 37th AGM & Conference,2023-11-30,2023-11,2023,PIDE in Press,PIDE in Press,,,,https://pide.org.pk/research/media-coverage-of-37th-agm-conference/,https://file.pide.org.pk/pdfpideinpress/pip-media-coverage-of-37th-agm-and-conference.pdf,,,pdfs/2023/11/pip-media-coverage-of-37th-agm-and-conference.pdf,,0
media-coverage-of-world-bank-event-engagement-outreach-for-economic-policy-reform-in-pakistan,Media Coverage of World Bank Event – Engagement & Outreach for Economic Policy Reform in Pakistan,2023-11-29,2023-11,2023,PIDE in Press,PIDE in Press,,,,https://pide.org.pk/research/media-coverage-of-world-bank-event-engagement-outreach-for-economic-policy-reform-in-pakistan/,https://file.pide.org.pk/pdfpideinpress/pip-media-coverage-of-world-bank-event-engagement-and-outreach-for-economic-policy-reform-in-pakistan.pdf,,,pdfs/2023/11/pip-media-coverage-of-world-bank-event-engagement-and-outreach-for-economic-policy-reform-in-pakistan.pdf,,0
how-to-reform-trade,How to reform trade,2023-11-29,2023-11,2023,PIDE in Press,PIDE in Press,Muhammad Zeshan,,,https://pide.org.pk/research/how-to-reform-trade/,https://file.pide.org.pk/pdfpideinpress/pip-how-to-reform-trade.pdf,,,pdfs/2023/11/pip-how-to-reform-trade.pdf,data/fulltext/how-to-reform-trade.txt,798
vol-62-no-4-2023,Vol. 62 No.4-2023,2023-11-27,2023-11,2023,PDR,Rasta Journal Articles; 2023; Vol. 62 No.4-2023; Recent Publications; PDR issue,,,,https://pide.org.pk/research/vol-62-no-4-2023/,https://file.pide.org.pk/pdfpdr/issue/pdr-2023-v62i4.pdf,https://file.pide.org.pk/pdfpdr/2023/467-492.pdf; https://file.pide.org.pk/pdfpdr/2023/493-520.pdf; https://file.pide.org.pk/pdfpdr/2023/521-537.pdf; https://file.pide.org.pk/pdfpdr/2023/539-551.pdf; https://file.pide.org.pk/pdfpdr/2023/553-572.pdf; https://file.pide.org.pk/pdfpdr/2023/573-589.pdf; https://file.pide.org.pk/pdfpdr/2023/591-598.pdf; https://file.pide.org.pk/pdfpdr/2023/599-603.pdf; https://file.pide.org.pk/pdfpdr/2023/605-616.pdf,,pdfs/2023/11/pdr-2023-v62i4.pdf,,0
the-ongoing-crisis-in-the-sugar-industry-the-implications-of-legislation-and-a-need-for-deregulation-article,The Ongoing Crisis in the Sugar Industry: The Implications of Legislation and a Need for Deregulation (Article),2023-11-27,2023-11,2023,PDR,Vol. 62 No.4-2023; PDR; 2023,Ahsan J. Pirzada; Naima Shahid; Roha Tahir Ghauri,,,https://pide.org.pk/research/the-ongoing-crisis-in-the-sugar-industry-the-implications-of-legislation-and-a-need-for-deregulation-article/,https://file.pide.org.pk/pdfpdr/2023/553-572.pdf,,,pdfs/2023/11/553-572.pdf,data/fulltext/the-ongoing-crisis-in-the-sugar-industry-the-implications-of-legislation-and-a-need-for-deregulation-article.txt,405
situation-of-brain-drain-in-pakistan-with-a-focus-on-the-healthcare-sector-policy,"Situation of Brain Drain in Pakistan, with a Focus on the Healthcare Sector (Policy)",2023-11-27,2023-11,2023,PDR,Vol. 62 No.4-2023; PDR; 2023,Sameen Zafar,Developing Country; Brain drain; Healthcare Sector; Pakistan; Migration,,https://pide.org.pk/research/situation-of-brain-drain-in-pakistan-with-a-focus-on-the-healthcare-sector-policy/,https://file.pide.org.pk/pdfpdr/2023/591-598.pdf,,,pdfs/2023/11/591-598.pdf,data/fulltext/situation-of-brain-drain-in-pakistan-with-a-focus-on-the-healthcare-sector-policy.txt,399
school-education-in-post-18th-amendment-balochistan-a-political-economy-perspective-article,School Education in Post-18th Amendment Balochistan: A Political Economy Perspective (Article),2023-11-27,2023-11,2023,PDR,Vol. 62 No.4-2023; PDR; 2023,Rafiullah Kakar,School Education; Education Outcomes; Political Settlement; Politics of Education; DEVOLUTION; Balochistan,,https://pide.org.pk/research/school-education-in-post-18th-amendment-balochistan-a-political-economy-perspective-article/,https://file.pide.org.pk/pdfpdr/2023/467-492.pdf,,,pdfs/2023/11/467-492.pdf,data/fulltext/school-education-in-post-18th-amendment-balochistan-a-political-economy-perspective-article.txt,263
revisiting-urban-immovable-property-valuation-an-appraisal-of-spatial-heterogeneities-in-punjab-using-big-data-article,Revisiting Urban Immovable Property Valuation: An Appraisal of Spatial Heterogeneities in Punjab Using Big Data (Article),2023-11-27,2023-11,2023,PDR,Vol. 62 No.4-2023; PDR; 2023,Shoaib Khalid; Fariha Zameer,Spatial Heterogeneity; Big Data; Ordinary Least Square Regression (OLS); FastGWR; Urban Immovable Property Valuation; Location Specific Parameters,,https://pide.org.pk/research/revisiting-urban-immovable-property-valuation-an-appraisal-of-spatial-heterogeneities-in-punjab-using-big-data-article/,https://file.pide.org.pk/pdfpdr/2023/493-520.pdf,,,pdfs/2023/11/493-520.pdf,data/fulltext/revisiting-urban-immovable-property-valuation-an-appraisal-of-spatial-heterogeneities-in-punjab-using-big-data-article.txt,744
pre-afghan-taliban-refugee-exodus-and-the-complexities-of-returning-home,Pre-Afghan Taliban Refugee Exodus and the Complexities of Returning Home,2023-11-27,2023-11,2023,Knowledge Brief,Center for Social and Behavioral Analysis; Recent Publications; Knowledge Brief,Muhammad Ajmal Khan,,,https://pide.org.pk/research/pre-afghan-taliban-refugee-exodus-and-the-complexities-of-returning-home/,https://file.pide.org.pk/pdfpideresearch/kb-108-pre-afghan-taliban-refugee-exodus-and-the-complexities-of-returning-home.pdf,,,pdfs/2023/11/kb-108-pre-afghan-taliban-refugee-exodus-and-the-complexities-of-returning-home.pdf,data/fulltext/pre-afghan-taliban-refugee-exodus-and-the-complexities-of-returning-home.txt,3586
policy-impacts-on-comparative-advantage-and-production-protection-to-cotton-and-its-competing-crops-in-pakistan-article,Policy Impacts on Comparative Advantage and Production Protection to Cotton and Its Competing Crops in Pakistan (Article),2023-11-27,2023-11,2023,PDR,Vol. 62 No.4-2023; PDR; 2023,Irfan Ahmed Baig; Sami Ullah; Shoaib Nasir,Policy Analysis Matrix; Comparative Advantage; DRC; Pakistan; Cotton,,https://pide.org.pk/research/policy-impacts-on-comparative-advantage-and-production-protection-to-cotton-and-its-competing-crops-in-pakistan-article/,https://file.pide.org.pk/pdfpdr/2023/539-551.pdf,,,pdfs/2023/11/539-551.pdf,data/fulltext/policy-impacts-on-comparative-advantage-and-production-protection-to-cotton-and-its-competing-crops-in-pakistan-article.txt,630
local-coal-for-power-generation-in-pakistan-policy,Local Coal for Power Generation in Pakistan (Policy),2023-11-27,2023-11,2023,PDR,Vol. 62 No.4-2023; PDR; 2023,Afia Malik,,,https://pide.org.pk/research/local-coal-for-power-generation-in-pakistan-policy/,https://file.pide.org.pk/pdfpdr/2023/573-589.pdf,,,pdfs/2023/11/573-589.pdf,data/fulltext/local-coal-for-power-generation-in-pakistan-policy.txt,339
invest-in-future-prioritising-youth-family-planning-policy,Invest in Future: Prioritising Youth Family Planning (Policy),2023-11-27,2023-11,2023,PDR,Vol. 62 No.4-2023; PDR; 2023,Saima Bashir,,,https://pide.org.pk/research/invest-in-future-prioritising-youth-family-planning-policy/,https://file.pide.org.pk/pdfpdr/2023/599-603.pdf,,,pdfs/2023/11/599-603.pdf,data/fulltext/invest-in-future-prioritising-youth-family-planning-policy.txt,436
impact-of-climate-change-on-water-in-pakistan-policy,Impact of Climate Change on Water in Pakistan (Policy),2023-11-27,2023-11,2023,PDR,Vol. 62 No.4-2023; PDR; 2023,Nazam Maqbool,,,https://pide.org.pk/research/impact-of-climate-change-on-water-in-pakistan-policy/,https://file.pide.org.pk/pdfpdr/2023/605-616.pdf,,,pdfs/2023/11/605-616.pdf,data/fulltext/impact-of-climate-change-on-water-in-pakistan-policy.txt,627
an-ecosystem-valuation-for-enhanced-transboundary-water-cooperation-in-the-kabul-river-basin-article,An Ecosystem Valuation for Enhanced Transboundary Water Cooperation in the Kabul River Basin (Article),2023-11-27,2023-11,2023,PDR,Vol. 62 No.4-2023; PDR; 2023,Hameed Jamali; Muhammad Rafiq; Shakeel Hayat,Biodiversity and Ecosystem Services; Market-based Pricing Method; Valuation; Kabul River Basin,,https://pide.org.pk/research/an-ecosystem-valuation-for-enhanced-transboundary-water-cooperation-in-the-kabul-river-basin-article/,https://file.pide.org.pk/pdfpdr/2023/521-537.pdf,,,pdfs/2023/11/521-537.pdf,data/fulltext/an-ecosystem-valuation-for-enhanced-transboundary-water-cooperation-in-the-kabul-river-basin-article.txt,843
a-call-for-change-and-development,A call for change and development,2023-11-27,2023-11,2023,PIDE in Press,PIDE in Press,Abida Naurin,,,https://pide.org.pk/research/a-call-for-change-and-development/,https://file.pide.org.pk/pdfpideinpress/pip-a-call-for-change-and-development.pdf,,,pdfs/2023/11/pip-a-call-for-change-and-development.pdf,data/fulltext/a-call-for-change-and-development.txt,1456
media-coverage-pide-basics-qualitative-report-1,Media Coverage – PIDE Basics – Qualitative Report 1,2023-11-17,2023-11,2023,PIDE in Press,PIDE in Press,,,,https://pide.org.pk/research/media-coverage-pide-basics-qualitative-report-1/,https://file.pide.org.pk/pdfpideinpress/pip-media-coverage-pide-basics-qualitative-report-1.pdf,,,pdfs/2023/11/pip-media-coverage-pide-basics-qualitative-report-1.pdf,,0
media-coverage-manifestoes-without-substance,Media Coverage – Manifestoes Without Substance,2023-11-13,2023-11,2023,PIDE in Press,PIDE in Press,,,,https://pide.org.pk/research/media-coverage-manifestoes-without-substance/,https://file.pide.org.pk/pdfpideinpress/pip-media-coverage-manifestoes-without-substance.pdf,,,pdfs/2023/11/pip-media-coverage-manifestoes-without-substance.pdf,,0
identity-inclusion-and-social-capital-in-upper-and-southern-punjab,"Identity, Inclusion And Social Capital In Upper And Southern Punjab",2023-11-08,2023-11,2023,BASICS Notes Qualitative,BASICS Notes Qualitative; Center for Social and Behavioral Analysis; Recent Publications; Rasta BASICS Notes,Fahd Zulfiqar; Durr-e-Nayab,,,https://pide.org.pk/research/identity-inclusion-and-social-capital-in-upper-and-southern-punjab/,https://file.pide.org.pk/pdfpideresearch/bqr-01-identity-inclusion-and-social-capital-in-upper-and-southern-punjab.pdf,,,pdfs/2023/11/bqr-01-identity-inclusion-and-social-capital-in-upper-and-southern-punjab.pdf,data/fulltext/identity-inclusion-and-social-capital-in-upper-and-southern-punjab.txt,763
manifestoes-without-substance,Manifestoes Without Substance,2023-11-07,2023-11,2023,Knowledge Brief,Center for Governance‚ Markets and Regulatory Analysis; Recent Publications; Knowledge Brief,Nadeem Ul Haque; Saddam Hussein,,,https://pide.org.pk/research/manifestoes-without-substance/,https://file.pide.org.pk/pdfpideresearch/kb-107-manifestoes-without-substance.pdf,,,pdfs/2023/11/kb-107-manifestoes-without-substance.pdf,data/fulltext/manifestoes-without-substance.txt,1442
newsletter-september-2023,Newsletter: September 2023,2023-11-06,2023-11,2023,Newsletter,Newsletter,,,,https://pide.org.pk/research/newsletter-september-2023/,https://file.pide.org.pk/pdfpideresearch/nl-05-newsletter-september-2023.pdf,,,pdfs/2023/11/nl-05-newsletter-september-2023.pdf,,0
newsletter-october-2023,Newsletter: October 2023,2023-11-06,2023-11,2023,Newsletter,Newsletter,,,,https://pide.org.pk/research/newsletter-october-2023/,https://file.pide.org.pk/pdfpideresearch/nl-06-newsletter-october-2023.pdf,,,pdfs/2023/11/nl-06-newsletter-october-2023.pdf,,0
navigating-inland-water-transport-a-sustainable-solution-for-pakistans-water,Navigating Inland Water Transport: A Sustainable Solution For Pakistan’s Water,2023-11-06,2023-11,2023,Webinars Brief,Center for Energy‚ Logistics‚ and Infrastructure; Webinars Brief; Center for Agriculture‚ Climate Change and Rural Economy,Zainab Fatima,,,https://pide.org.pk/research/navigating-inland-water-transport-a-sustainable-solution-for-pakistans-water/,https://file.pide.org.pk/pdfpideresearch/wb-123-navigating-inland-water-transport-a-sustainable-solution-for-pakistans-water.pdf,,,pdfs/2023/11/wb-123-navigating-inland-water-transport-a-sustainable-solution-for-pakistans-water.pdf,data/fulltext/navigating-inland-water-transport-a-sustainable-solution-for-pakistans-water.txt,406
digital-dialogues-vs-paper-promises-manifesto-alignment,Digital Dialogues vs Paper Promises: Manifesto Alignment,2023-11-02,2023-11,2023,Knowledge Brief,Center for Governance‚ Markets and Regulatory Analysis; Recent Publications; Knowledge Brief,Abbas Murtaza Maken; Izzah Salam,,,https://pide.org.pk/research/digital-dialogues-vs-paper-promises-manifesto-alignment/,https://file.pide.org.pk/pdfpideresearch/kb-106-digital-dialogues-vs-paper-promises-manifesto-alignment.pdf,,,pdfs/2023/11/kb-106-digital-dialogues-vs-paper-promises-manifesto-alignment.pdf,data/fulltext/digital-dialogues-vs-paper-promises-manifesto-alignment.txt,2570
media-coverage-judiciary-and-human-resource-management-in-universities,Media Coverage – Judiciary and Human Resource Management in Universities,2023-10-25,2023-10,2023,PIDE in Press,PIDE in Press,,,,https://pide.org.pk/research/media-coverage-judiciary-and-human-resource-management-in-universities/,https://file.pide.org.pk/pdfpideinpress/pip-media-coverage-judiciary-and-human-resource-management-in-universities.pdf,,,pdfs/2023/10/pip-media-coverage-judiciary-and-human-resource-management-in-universities.pdf,,0
fixing-fiscal-policy-in-pakistan,Fixing Fiscal Policy in Pakistan,2023-10-25,2023-10,2023,Research Reports,Research Report; Macro Policy Lab,,,,https://pide.org.pk/research/fixing-fiscal-policy-in-pakistan/,https://file.pide.org.pk/pdfpideresearch/rr-fixing-fiscal-policy-in-pakistan.pdf,,,pdfs/2023/10/rr-fixing-fiscal-policy-in-pakistan.pdf,data/fulltext/fixing-fiscal-policy-in-pakistan.txt,1586
media-coverage-lifetime-cost-of-public-servants,Media Coverage – Lifetime Cost of Public Servants,2023-10-17,2023-10,2023,PIDE in Press,PIDE in Press,,,,https://pide.org.pk/research/media-coverage-lifetime-cost-of-public-servants/,https://file.pide.org.pk/pdfpideinpress/pip-media-coverage-lifetime-cost-of-public-servants.pdf,,,pdfs/2023/10/pip-media-coverage-lifetime-cost-of-public-servants.pdf,,0
life-time-cost-of-public-servants,Life Time Cost Of Public Servants,2023-10-14,2023-10,2023,Research Reports,Research Report; Center for Governance‚ Markets and Regulatory Analysis,Nadeem Ul Haque; Muhammad Ajmal Khan; Nadeem Ahmed Khan; Khurram Ellahi Khan; Hassan Rasool,,,https://pide.org.pk/research/life-time-cost-of-public-servants/,https://file.pide.org.pk/uploads/rr-life-time-cost-of-public-servants.pdf,,,pdfs/2023/10/rr-life-time-cost-of-public-servants.pdf,data/fulltext/life-time-cost-of-public-servants.txt,212
pakistans-nuclear-energy-outlook,Pakistan’s Nuclear Energy Outlook,2023-10-13,2023-10,2023,Knowledge Brief,Knowledge Brief; Center for Energy‚ Logistics‚ and Infrastructure,Afia Malik,,,https://pide.org.pk/research/pakistans-nuclear-energy-outlook/,https://file.pide.org.pk/pdfpideresearch/kb-105-pakistans-nuclear-energy-outlook.pdf,,https://inis.iaea.org/collection/NCLCollectionStore/_Public/33/003/33003346.pdf,pdfs/2023/10/kb-105-pakistans-nuclear-energy-outlook.pdf,data/fulltext/pakistans-nuclear-energy-outlook.txt,3267
agricultural-land-consolidation,Agricultural land consolidation,2023-10-11,2023-10,2023,PIDE in Press,PIDE in Press,Muhammad Faisal Ali,,,https://pide.org.pk/research/agricultural-land-consolidation/,https://file.pide.org.pk/pdfpideinpress/rir-agricultural-land-consolidation.pdf,,,pdfs/2023/10/rir-agricultural-land-consolidation.pdf,data/fulltext/agricultural-land-consolidation.txt,992
media-coverage-of-the-economic-cost-of-internet-closure,Media Coverage of The Economic Cost of Internet Closure,2023-10-10,2023-10,2023,PIDE in Press,PIDE in Press,,,,https://pide.org.pk/research/media-coverage-of-the-economic-cost-of-internet-closure/,https://file.pide.org.pk/pdfpideinpress/pip-media-coverage-of-the-economic-cost-of-internet-closure.pdf,,,pdfs/2023/10/pip-media-coverage-of-the-economic-cost-of-internet-closure.pdf,,0
the-research-and-development-imperative-for-businesses,The research and development imperative for businesses,2023-10-09,2023-10,2023,PIDE in Press,PIDE in Press,Usman Qadir,,,https://pide.org.pk/research/the-research-and-development-imperative-for-businesses/,https://file.pide.org.pk/pdfpideinpress/pip-the-research-and-development-imperative-for-businesses.pdf,,,pdfs/2023/10/pip-the-research-and-development-imperative-for-businesses.pdf,data/fulltext/the-research-and-development-imperative-for-businesses.txt,816
media-coverage-of-third-think-tank-moot,Media Coverage of Third Think Tank Moot,2023-10-09,2023-10,2023,PIDE in Press,PIDE in Press,,,,https://pide.org.pk/research/media-coverage-of-third-think-tank-moot/,https://file.pide.org.pk/pdfpideinpress/pip-media-coverage-of-third-think-tank-moot.pdf,,,pdfs/2023/10/pip-media-coverage-of-third-think-tank-moot.pdf,,0
energy-reforms-for-export-oriented-units-in-pakistan,Energy Reforms For Export Oriented Units In Pakistan,2023-10-09,2023-10,2023,Research Reports,Center for Energy‚ Logistics‚ and Infrastructure; Research Report; Center for Industry‚ Trade &amp; Digital Economy,,,,https://pide.org.pk/research/energy-reforms-for-export-oriented-units-in-pakistan/,https://file.pide.org.pk/pdfpideresearch/rr-energy-reforms-for-export-oriented-units-in-pakistan.pdf,,,pdfs/2023/10/rr-energy-reforms-for-export-oriented-units-in-pakistan.pdf,data/fulltext/energy-reforms-for-export-oriented-units-in-pakistan.txt,633
will-the-import-ban-prove-effective-policy,Will the Import Ban Prove Effective? (Policy),2023-10-06,2023-10,2023,PDR,Vol. 62 No.3-2023; PDR; 2023,Mohammad Shaaf Najib,,,https://pide.org.pk/research/will-the-import-ban-prove-effective-policy/,https://file.pide.org.pk/pdfpdr/2023/461-465.pdf,https://file.pide.org.pk/pdfpdr/2023/145-166.pdf,,pdfs/2023/10/461-465.pdf,data/fulltext/will-the-import-ban-prove-effective-policy.txt,117
what-are-the-factors-making-pakistans-exports-stagnant-insight-from-literature-review-policy,What are the Factors Making Pakistan’s Exports Stagnant? Insight from Literature Review (Policy),2023-10-06,2023-10,2023,PDR,Vol. 62 No.3-2023; PDR; 2023,Ghulam Mustafa; Saqib Hussain,,,https://pide.org.pk/research/what-are-the-factors-making-pakistans-exports-stagnant-insight-from-literature-review-policy/,https://file.pide.org.pk/pdfpdr/2023/449-460.pdf,https://file.pide.org.pk/pdfpdr/2023/145-166.pdf,,pdfs/2023/10/449-460.pdf,data/fulltext/what-are-the-factors-making-pakistans-exports-stagnant-insight-from-literature-review-policy.txt,194
vol-62-no-3-2023,Vol. 62 No.3-2023,2023-10-06,2023-10,2023,PDR,2023; Vol. 62 No.3-2023; PDR issue; Rasta Journal Articles,,,,https://pide.org.pk/research/vol-62-no-3-2023/,https://file.pide.org.pk/pdfpdr/issue/pdr-2023-v62i3.pdf,https://file.pide.org.pk/pdfpdr/2023/309-330.pdf; https://file.pide.org.pk/pdfpdr/2023/331-356.pdf; https://file.pide.org.pk/pdfpdr/2023/357-374.pdf; https://file.pide.org.pk/pdfpdr/2023/375-394.pdf; https://file.pide.org.pk/pdfpdr/2023/395-408.pdf; https://file.pide.org.pk/pdfpdr/2023/409-430.pdf; https://file.pide.org.pk/pdfpdr/2023/437-444.pdf; https://file.pide.org.pk/pdfpdr/2023/445-448.pdf; https://file.pide.org.pk/pdfpdr/2023/449-460.pdf; https://file.pide.org.pk/pdfpdr/2023/461-465.pdf,,pdfs/2023/10/pdr-2023-v62i3.pdf,,0
unveiling-the-myth-of-import-substitution-policy-in-pakistan-policy,Unveiling the Myth of Import Substitution Policy in Pakistan (Policy),2023-10-06,2023-10,2023,PDR,Vol. 62 No.3-2023; PDR; 2023,Muhammad Zeshan,,,https://pide.org.pk/research/unveiling-the-myth-of-import-substitution-policy-in-pakistan-policy/,https://file.pide.org.pk/pdfpdr/2023/445-448.pdf,https://file.pide.org.pk/pdfpdr/2023/145-166.pdf,,pdfs/2023/10/445-448.pdf,data/fulltext/unveiling-the-myth-of-import-substitution-policy-in-pakistan-policy.txt,96
rain-rain-go-away-a-snapshot-of-the-flood-2022-and-way-forward-policy,Rain Rain Go Away: A Snapshot of the Flood 2022 and Way Forward (Policy),2023-10-06,2023-10,2023,PDR,Vol. 62 No.3-2023; PDR; 2023,Abedullah Anjum; Sobia Rose,,,https://pide.org.pk/research/rain-rain-go-away-a-snapshot-of-the-flood-2022-and-way-forward-policy/,https://file.pide.org.pk/pdfpdr/2023/437-444.pdf,https://file.pide.org.pk/pdfpdr/2023/145-166.pdf,,pdfs/2023/10/437-444.pdf,data/fulltext/rain-rain-go-away-a-snapshot-of-the-flood-2022-and-way-forward-policy.txt,160
judiciary-and-human-resource-management-in-universities,Judiciary and Human Resource Management in Universities,2023-10-06,2023-10,2023,Knowledge Brief,Center for Social and Behavioral Analysis; Knowledge Brief; Center for Sustainable Futures,Ghulam Mustafa; Abid Rehman,,,https://pide.org.pk/research/judiciary-and-human-resource-management-in-universities/,https://file.pide.org.pk/pdfpideresearch/kb-104-judiciary-and-human-resource-management-in-universities.pdf,,,pdfs/2023/10/kb-104-judiciary-and-human-resource-management-in-universities.pdf,data/fulltext/judiciary-and-human-resource-management-in-universities.txt,1432
household-market-participation-access-and-farm-productivity-in-ajk-evidence-from-farm-household-data-article,"Household Market Participation, Access, and Farm Productivity in AJK: Evidence from Farm Household Data (Article)",2023-10-06,2023-10,2023,PDR,Vol. 62 No.3-2023; PDR; 2023,Khush Bukhat Zahid,Technical Efficiency Scores; Farm Productivity; Market Participation; Stochastic Production Estimation,Q12; D24; Q13,https://pide.org.pk/research/household-market-participation-access-and-farm-productivity-in-ajk-evidence-from-farm-household-data-article/,https://file.pide.org.pk/pdfpdr/2023/375-394.pdf,https://file.pide.org.pk/pdfpdr/2023/145-166.pdf,,pdfs/2023/10/375-394.pdf,data/fulltext/household-market-participation-access-and-farm-productivity-in-ajk-evidence-from-farm-household-data-article.txt,214
firms-financial-inclusion-and-export-performance-evidence-from-manufacturing-sector-firms-in-pakistan-article,Firms Financial Inclusion and Export Performance: Evidence from Manufacturing Sector Firms in Pakistan (Article),2023-10-06,2023-10,2023,PDR,Vol. 62 No.3-2023; PDR; 2023,Fareeha Adil; Rabia Nazir,Financial Inclusion; MMQR; Balance Sheets; Exports; Manufacturing Firms,M19; M10; M14,https://pide.org.pk/research/firms-financial-inclusion-and-export-performance-evidence-from-manufacturing-sector-firms-in-pakistan-article/,https://file.pide.org.pk/pdfpdr/2023/409-430.pdf,https://file.pide.org.pk/pdfpdr/2023/145-166.pdf,,pdfs/2023/10/409-430.pdf,data/fulltext/firms-financial-inclusion-and-export-performance-evidence-from-manufacturing-sector-firms-in-pakistan-article.txt,282
factors-affecting-food-prices-in-pakistan-article,Factors Affecting Food Prices in Pakistan (Article),2023-10-06,2023-10,2023,PDR,Vol. 62 No.3-2023; PDR; 2023,Nigar Zehra; Fauzia Sohail,Real Interest Rate; International Crude Oil Prices; International Food Prices; Government Policy; Real Effective Exchange Rate; Food Prices,L66; G18; E4,https://pide.org.pk/research/factors-affecting-food-prices-in-pakistan-article/,https://file.pide.org.pk/pdfpdr/2023/357-374.pdf,https://file.pide.org.pk/pdfpdr/2023/145-166.pdf,,pdfs/2023/10/357-374.pdf,data/fulltext/factors-affecting-food-prices-in-pakistan-article.txt,124
estimating-the-distributional-burden-of-general-sales-tax-in-pakistan-article,Estimating the Distributional Burden of General Sales Tax in Pakistan (Article),2023-10-06,2023-10,2023,PDR,Vol. 62 No.3-2023; PDR; 2023,Iffat Ara,Tax Incidence; Incidence; Tax Burden; General Sales Tax; Distributional Burden of Tax; Pakistan; Input Output Table,H220,https://pide.org.pk/research/estimating-the-distributional-burden-of-general-sales-tax-in-pakistan-article/,https://file.pide.org.pk/pdfpdr/2023/395-408.pdf,https://file.pide.org.pk/pdfpdr/2023/145-166.pdf,,pdfs/2023/10/395-408.pdf,data/fulltext/estimating-the-distributional-burden-of-general-sales-tax-in-pakistan-article.txt,170
decentralisations-effects-on-health-theory-and-evidence-from-balochistan-pakistan-article,"Decentralisation’s Effects on Health: Theory and Evidence from Balochistan, Pakistan (Article)",2023-10-06,2023-10,2023,PDR,Vol. 62 No.3-2023; PDR; 2023,Manzoor Ahmed; Abdul Qayyum,Decentralisation; 7th NFC Award; Healthcare Outcomes; 18TH AMENDMENT; Balochistan,H75; H7; H77,https://pide.org.pk/research/decentralisations-effects-on-health-theory-and-evidence-from-balochistan-pakistan-article/,https://file.pide.org.pk/pdfpdr/2023/331-356.pdf,https://file.pide.org.pk/pdfpdr/2023/145-166.pdf,,pdfs/2023/10/331-356.pdf,data/fulltext/decentralisations-effects-on-health-theory-and-evidence-from-balochistan-pakistan-article.txt,245
child-labour-among-afghan-refugee-children-investigating-the-underlying-drivers,Child Labour Among Afghan Refugee Children: Investigating the Underlying Drivers,2023-10-06,2023-10,2023,Working Paper,Center for Social and Behavioral Analysis; Working Paper; Center for Sustainable Futures,Muhammad Ajmal Khan,Child Labor; Socioeconomic Factors; Logistic Regression; Afghan Refugees,,https://pide.org.pk/research/child-labour-among-afghan-refugee-children-investigating-the-underlying-drivers/,https://file.pide.org.pk/pdfpideresearch/wp-23-14-child-labour-among-afghan-refugee-children-investigating-the-underlying-drivers.pdf,,,pdfs/2023/10/wp-23-14-child-labour-among-afghan-refugee-children-investigating-the-underlying-drivers.pdf,data/fulltext/child-labour-among-afghan-refugee-children-investigating-the-underlying-drivers.txt,1055
an-evaluation-of-different-tax-reform-proposals-in-pakistan-using-cge-model-article,An Evaluation of Different Tax Reform Proposals in Pakistan using CGE Model (Article),2023-10-06,2023-10,2023,PDR,Vol. 62 No.3-2023; PDR; 2023,Muhammad Nadeem Sarwar,Corporate Tax; Direct Tax; Indirect Tax; CGE model; SAM; Economic Growth; Income Tax,H25; H23; H24,https://pide.org.pk/research/an-evaluation-of-different-tax-reform-proposals-in-pakistan-using-cge-model-article/,https://file.pide.org.pk/pdfpdr/2023/309-330.pdf,https://file.pide.org.pk/pdfpdr/2023/145-166.pdf,,pdfs/2023/10/309-330.pdf,data/fulltext/an-evaluation-of-different-tax-reform-proposals-in-pakistan-using-cge-model-article.txt,155
local-coal-for-power-generation-in-pakistan,Local Coal For Power Generation In Pakistan,2023-10-05,2023-10,2023,Knowledge Brief,Knowledge Brief; Center for Energy‚ Logistics‚ and Infrastructure,Afia Malik,,,https://pide.org.pk/research/local-coal-for-power-generation-in-pakistan/,https://file.pide.org.pk/pdfpideresearch/kb-103-local-coal-for-power-generation-in-pakistan.pdf,,,pdfs/2023/10/kb-103-local-coal-for-power-generation-in-pakistan.pdf,data/fulltext/local-coal-for-power-generation-in-pakistan.txt,385
tariff-reforms,Tariff Reforms,2023-10-04,2023-10,2023,PIDE in Press,PIDE in Press,Muhammad Zeshan,,,https://pide.org.pk/research/tariff-reforms/,https://file.pide.org.pk/pdfpideinpress/pip-tariff-reforms.pdf,,,pdfs/2023/10/pip-tariff-reforms.pdf,data/fulltext/tariff-reforms.txt,777
the-makeup-of-the-pakistan-power-sector,The Makeup of the Pakistan Power Sector,2023-10-03,2023-10,2023,Policy and Research,Policy and Research; Discourse 2023-05,Tahir Basharat Cheema,,,https://pide.org.pk/research/the-makeup-of-the-pakistan-power-sector/,https://file.pide.org.pk/pdfpideresearch/discourse-2023-05-02-the-makeup-of-the-pakistan-power-sector.pdf,,,pdfs/2023/10/discourse-2023-05-02-the-makeup-of-the-pakistan-power-sector.pdf,data/fulltext/the-makeup-of-the-pakistan-power-sector.txt,1294
the-antecedents-of-pakistans-power-sector-mess,The Antecedents of Pakistan’s Power Sector Mess,2023-10-03,2023-10,2023,Policy and Research,Policy and Research; Discourse 2023-05,Shahid Mehmood,,,https://pide.org.pk/research/the-antecedents-of-pakistans-power-sector-mess/,https://file.pide.org.pk/pdfpideresearch/discourse-2023-05-09-the-antecedents-of-pakistans-power-sector-mess.pdf,https://file.pide.org.pk/uploads/book_power-sector.pdf,,pdfs/2023/10/discourse-2023-05-09-the-antecedents-of-pakistans-power-sector-mess.pdf,data/fulltext/the-antecedents-of-pakistans-power-sector-mess.txt,3186
reforming-power-sector-good-intentions-bad-outcomes,"Reforming Power Sector: Good Intentions, Bad Outcomes",2023-10-03,2023-10,2023,Policy and Research,Policy and Research; Discourse 2023-05,Syed Asad Ali Shah,,,https://pide.org.pk/research/reforming-power-sector-good-intentions-bad-outcomes/,https://file.pide.org.pk/pdfpideresearch/discourse-2023-05-03-reforming-power-sector-good-intentions-bad-outcome.pdf,,,pdfs/2023/10/discourse-2023-05-03-reforming-power-sector-good-intentions-bad-outcome.pdf,data/fulltext/reforming-power-sector-good-intentions-bad-outcomes.txt,1365
misunderstanding-multipolarity,Misunderstanding Multipolarity,2023-10-03,2023-10,2023,Policy and Research,Policy and Research; Discourse 2023-05,Saeed Afridi,,,https://pide.org.pk/research/misunderstanding-multipolarity/,https://file.pide.org.pk/pdfpideresearch/discourse-2023-05-10-misunderstanding-multipolarity.pdf,,,pdfs/2023/10/discourse-2023-05-10-misunderstanding-multipolarity.pdf,data/fulltext/misunderstanding-multipolarity.txt,2067
indigenisation-in-energy-sector-of-pakistan,Indigenisation in Energy Sector of Pakistan,2023-10-03,2023-10,2023,Policy and Research,Policy and Research; Discourse 2023-05,Khalid Waleed,,,https://pide.org.pk/research/indigenisation-in-energy-sector-of-pakistan/,https://file.pide.org.pk/pdfpideresearch/discourse-2023-05-06-indigenisation-in-energy-sector-of-pakistan.pdf,,,pdfs/2023/10/discourse-2023-05-06-indigenisation-in-energy-sector-of-pakistan.pdf,data/fulltext/indigenisation-in-energy-sector-of-pakistan.txt,1278
how-operational-inefficiency-of-discos-shapes-circular-debt-in-the-power-sector,How Operational Inefficiency of DISCOs Shapes Circular Debt in the Power Sector,2023-10-03,2023-10,2023,Policy and Research,Policy and Research; Discourse 2023-05,Shafqat Abbas,,,https://pide.org.pk/research/how-operational-inefficiency-of-discos-shapes-circular-debt-in-the-power-sector/,https://file.pide.org.pk/pdfpideresearch/discourse-2023-05-07-how-operational-inefficiency-of-discos-shapes-circular-debt.pdf,,,pdfs/2023/10/discourse-2023-05-07-how-operational-inefficiency-of-discos-shapes-circular-debt.pdf,data/fulltext/how-operational-inefficiency-of-discos-shapes-circular-debt-in-the-power-sector.txt,902
fiscal-discipline-is-the-key-to-reforms,Fiscal Discipline is the Key to Reforms,2023-10-03,2023-10,2023,Policy and Research,Policy and Research; Discourse 2023-05,Shahid Sattar; Absar Ali,,,https://pide.org.pk/research/fiscal-discipline-is-the-key-to-reforms/,https://file.pide.org.pk/pdfpideresearch/discourse-2023-05-12-fiscal-discipline-is-the-key-to-reforms.pdf,,,pdfs/2023/10/discourse-2023-05-12-fiscal-discipline-is-the-key-to-reforms.pdf,data/fulltext/fiscal-discipline-is-the-key-to-reforms.txt,829
exports-collapsing-under-power-sector-burden,Exports Collapsing Under Power Sector Burden,2023-10-03,2023-10,2023,Policy and Research,Policy and Research; Discourse 2023-05,Shahid Sattar; Absar Ali,,,https://pide.org.pk/research/exports-collapsing-under-power-sector-burden/,https://file.pide.org.pk/pdfpideresearch/discourse-2023-05-05-exports-collapsing-under-power-sector-burden.pdf,,,pdfs/2023/10/discourse-2023-05-05-exports-collapsing-under-power-sector-burden.pdf,data/fulltext/exports-collapsing-under-power-sector-burden.txt,883
escalating-radicalisation-in-pakistan-underlying-factors-and-emerging-concerns,Escalating Radicalisation in Pakistan: Underlying Factors and Emerging Concerns,2023-10-03,2023-10,2023,Policy and Research,Policy and Research; Discourse 2023-05,Zunaira Khan,,,https://pide.org.pk/research/escalating-radicalisation-in-pakistan-underlying-factors-and-emerging-concerns/,https://file.pide.org.pk/pdfpideresearch/discourse-2023-05-11-escalating-radicalisation-in-pakistan.pdf,,,pdfs/2023/10/discourse-2023-05-11-escalating-radicalisation-in-pakistan.pdf,data/fulltext/escalating-radicalisation-in-pakistan-underlying-factors-and-emerging-concerns.txt,1640
energy-revitalisation-transmission-distribution-sustainability,"Energy Revitalisation: Transmission, Distribution, Sustainability",2023-10-03,2023-10,2023,Policy and Research,Policy and Research; P &amp; R Magazine,,,,https://pide.org.pk/research/energy-revitalisation-transmission-distribution-sustainability/,https://file.pide.org.pk/pdfpideresearch/discourse-2023-05.pdf,,,pdfs/2023/10/discourse-2023-05.pdf,data/fulltext/energy-revitalisation-transmission-distribution-sustainability.txt,320
cover-piece-3,COVER PIECE (Discourse 2023-05),2023-10-03,2023-10,2023,Policy and Research,Policy and Research; Discourse 2023-05,,,,https://pide.org.pk/research/cover-piece-3/,https://file.pide.org.pk/pdfpideresearch/discourse-2023-05-01-cover-piece.pdf,,,pdfs/2023/10/discourse-2023-05-01-cover-piece.pdf,data/fulltext/cover-piece-3.txt,1167
challenges-and-reforms-in-pakistans-gas-sector,Challenges and Reforms in Pakistan’s Gas Sector,2023-10-03,2023-10,2023,Policy and Research,Policy and Research; Discourse 2023-05,Afia Malik,,,https://pide.org.pk/research/challenges-and-reforms-in-pakistans-gas-sector/,https://file.pide.org.pk/pdfpideresearch/discourse-2023-05-04-challenges-and-reforms-in-pakistans-gas-sector.pdf,,,pdfs/2023/10/discourse-2023-05-04-challenges-and-reforms-in-pakistans-gas-sector.pdf,data/fulltext/challenges-and-reforms-in-pakistans-gas-sector.txt,1453
adopting-household-solar-in-pakistan,Adopting Household Solar in Pakistan,2023-10-03,2023-10,2023,Policy and Research,Policy and Research; Discourse 2023-05,Amer Zafar Durrani,,,https://pide.org.pk/research/adopting-household-solar-in-pakistan/,https://file.pide.org.pk/pdfpideresearch/discourse-2023-05-08-adopting-household-solar-in-pakistan.pdf,,,pdfs/2023/10/discourse-2023-05-08-adopting-household-solar-in-pakistan.pdf,data/fulltext/adopting-household-solar-in-pakistan.txt,1142
village-government-a-concept-that-needs-attention,Village Government: A Concept that Needs Attention,2023-10-02,2023-10,2023,Policy and Research,Policy and Research; Discourse 2023-05,Muazam Ali,,,https://pide.org.pk/research/village-government-a-concept-that-needs-attention/,https://file.pide.org.pk/pdfpideresearch/discourse-2023-05-20-village-government-a-concept-that-needs-attention.pdf,,,pdfs/2023/10/discourse-2023-05-20-village-government-a-concept-that-needs-attention.pdf,data/fulltext/village-government-a-concept-that-needs-attention.txt,1203
time-for-a-review-of-the-constitution-to-weed-out-anomalies,Time for a Review of the Constitution to Weed out Anomalies!,2023-10-02,2023-10,2023,Policy and Research,Policy and Research; Discourse 2023-05,Ahmed Bilal Mehboob,,,https://pide.org.pk/research/time-for-a-review-of-the-constitution-to-weed-out-anomalies/,https://file.pide.org.pk/pdfpideresearch/discourse-2023-05-15-time-for-a-review-of-the-constitution-to-weed-out-anomalies.pdf,,,pdfs/2023/10/discourse-2023-05-15-time-for-a-review-of-the-constitution-to-weed-out-anomalies.pdf,data/fulltext/time-for-a-review-of-the-constitution-to-weed-out-anomalies.txt,1718
the-rise-of-womens-cricket-breaking-boundaries-and-shattering-stereotypes,The Rise of Women’s Cricket: Breaking Boundaries and Shattering Stereotypes,2023-10-02,2023-10,2023,Policy and Research,Policy and Research; Discourse 2023-05,Daniyal Mehdi,,,https://pide.org.pk/research/the-rise-of-womens-cricket-breaking-boundaries-and-shattering-stereotypes/,https://file.pide.org.pk/pdfpideresearch/discourse-2023-05-26-the-rise-of-womens-cricket-breaking-boundaries-and-shattering-stereotypes.pdf,,,pdfs/2023/10/discourse-2023-05-26-the-rise-of-womens-cricket-breaking-boundaries-and-shattering-stereotypes.pdf,data/fulltext/the-rise-of-womens-cricket-breaking-boundaries-and-shattering-stereotypes.txt,1268
the-imf-putting-the-evil-back-in-necessary-evil,The IMF: Putting the ‘Evil’ Back in ‘Necessary Evil’,2023-10-02,2023-10,2023,Policy and Research,Policy and Research; Discourse 2023-05,Taha Masud,,,https://pide.org.pk/research/the-imf-putting-the-evil-back-in-necessary-evil/,https://file.pide.org.pk/pdfpideresearch/discourse-2023-05-21-the-imf-putting-the-evil-back-in-necessary-evil.pdf,,,pdfs/2023/10/discourse-2023-05-21-the-imf-putting-the-evil-back-in-necessary-evil.pdf,data/fulltext/the-imf-putting-the-evil-back-in-necessary-evil.txt,1053
the-art-of-living-and-the-life-of-art-soul-searching-in-riffat-abbass-city-of-salt,The Art of Living and the Life of Art: Soul Searching in Riffat Abbas’s City of Salt,2023-10-02,2023-10,2023,Policy and Research,Policy and Research; Discourse 2023-05,Waqas Manzoor,,,https://pide.org.pk/research/the-art-of-living-and-the-life-of-art-soul-searching-in-riffat-abbass-city-of-salt/,https://file.pide.org.pk/pdfpideresearch/discourse-2023-05-29-the-art-of-living-and-the-life-of-art.pdf,,,pdfs/2023/10/discourse-2023-05-29-the-art-of-living-and-the-life-of-art.pdf,data/fulltext/the-art-of-living-and-the-life-of-art-soul-searching-in-riffat-abbass-city-of-salt.txt,1706
rethinking-the-constitution,Rethinking the Constitution,2023-10-02,2023-10,2023,Policy and Research,Policy and Research; Discourse 2023-05,Nadeem F. Paracha,,,https://pide.org.pk/research/rethinking-the-constitution/,https://file.pide.org.pk/pdfpideresearch/discourse-2023-05-16-rethinking-the-constitution.pdf,,,pdfs/2023/10/discourse-2023-05-16-rethinking-the-constitution.pdf,data/fulltext/rethinking-the-constitution.txt,1077
reconfiguring-pakistans-economy,Reconfiguring Pakistan’s Economy,2023-10-02,2023-10,2023,Policy and Research,Policy and Research; Discourse 2023-05,Ammar H. Khan,,,https://pide.org.pk/research/reconfiguring-pakistans-economy/,https://file.pide.org.pk/pdfpideresearch/discourse-2023-05-18-reconfiguring-pakistans-economy.pdf,,,pdfs/2023/10/discourse-2023-05-18-reconfiguring-pakistans-economy.pdf,data/fulltext/reconfiguring-pakistans-economy.txt,1014
psychogeographical-deceit-state-esque-narratology,Psychogeographical Deceit; State-esque Narratology,2023-10-02,2023-10,2023,Policy and Research,Policy and Research; Discourse 2023-05,Rida Akhtar Ghumman,,,https://pide.org.pk/research/psychogeographical-deceit-state-esque-narratology/,https://file.pide.org.pk/pdfpideresearch/discourse-2023-05-23-psychogeographical-deceit-state-esque-narratology.pdf,,,pdfs/2023/10/discourse-2023-05-23-psychogeographical-deceit-state-esque-narratology.pdf,data/fulltext/psychogeographical-deceit-state-esque-narratology.txt,1103
pide-bi-monthly-roundup-3,PIDE Bi-Monthly Roundup (Discourse 2023-05),2023-10-02,2023-10,2023,Policy and Research,Policy and Research; Discourse 2023-05,,,,https://pide.org.pk/research/pide-bi-monthly-roundup-3/,https://file.pide.org.pk/pdfpideresearch/discourse-2023-05-30-pide-bi-monthly-roundup.pdf,,,pdfs/2023/10/discourse-2023-05-30-pide-bi-monthly-roundup.pdf,data/fulltext/pide-bi-monthly-roundup-3.txt,269
pakistans-constitution-reform-or-overhaul,Pakistan’s Constitution: Reform or Overhaul?,2023-10-02,2023-10,2023,Policy and Research,Policy and Research; Discourse 2023-05,,,,https://pide.org.pk/research/pakistans-constitution-reform-or-overhaul/,https://file.pide.org.pk/pdfpideresearch/discourse-2023-05-14-reform-or-overhaul.pdf,,,pdfs/2023/10/discourse-2023-05-14-reform-or-overhaul.pdf,data/fulltext/pakistans-constitution-reform-or-overhaul.txt,587
health-and-climate-change,Health and Climate Change,2023-10-02,2023-10,2023,Policy and Research,Policy and Research; Discourse 2023-05,Aisha Khan,,,https://pide.org.pk/research/health-and-climate-change/,https://file.pide.org.pk/pdfpideresearch/discourse-2023-05-17-health-and-climate-change.pdf,,,pdfs/2023/10/discourse-2023-05-17-health-and-climate-change.pdf,data/fulltext/health-and-climate-change.txt,1405
frustration-and-hopelessness-in-the-youth,Frustration and Hopelessness in the Youth,2023-10-02,2023-10,2023,Policy and Research,Policy and Research; Discourse 2023-05,Abdul Rahman,,,https://pide.org.pk/research/frustration-and-hopelessness-in-the-youth/,https://file.pide.org.pk/pdfpideresearch/discourse-2023-05-13-frustration-and-hopelessness-in-the-youth.pdf,,,pdfs/2023/10/discourse-2023-05-13-frustration-and-hopelessness-in-the-youth.pdf,data/fulltext/frustration-and-hopelessness-in-the-youth.txt,1216
formal-domestic-retail-and-the-story-of-chain-stores-in-pakistan,Formal Domestic Retail and the Story of Chain Stores in Pakistan,2023-10-02,2023-10,2023,Policy and Research,Policy and Research; Discourse 2023-05,Raja Rafi Ullah,,,https://pide.org.pk/research/formal-domestic-retail-and-the-story-of-chain-stores-in-pakistan/,https://file.pide.org.pk/pdfpideresearch/discourse-2023-05-25-formal-domestic-retail-and-the-story-of-chain-stores-in-pakistan.pdf,,,pdfs/2023/10/discourse-2023-05-25-formal-domestic-retail-and-the-story-of-chain-stores-in-pakistan.pdf,data/fulltext/formal-domestic-retail-and-the-story-of-chain-stores-in-pakistan.txt,891
form-and-function-economics-and-the-musical-arts,Form and Function: Economics and the Musical Arts,2023-10-02,2023-10,2023,Policy and Research,Policy and Research; Discourse 2023-05,Fasi Zaka,,,https://pide.org.pk/research/form-and-function-economics-and-the-musical-arts/,https://file.pide.org.pk/pdfpideresearch/discourse-2023-05-28-forms-and-function-economics-and-the-musical-arts.pdf,,,pdfs/2023/10/discourse-2023-05-28-forms-and-function-economics-and-the-musical-arts.pdf,data/fulltext/form-and-function-economics-and-the-musical-arts.txt,1077
culture-conflict-and-the-monopolization-of-female-attention,"Culture, Conflict, and the Monopolization of Female Attention",2023-10-02,2023-10,2023,Policy and Research,Policy and Research; Discourse 2023-05,Ali Shah,,,https://pide.org.pk/research/culture-conflict-and-the-monopolization-of-female-attention/,https://file.pide.org.pk/pdfpideresearch/discourse-2023-05-19-culture-conflict-and-the-monopolisation-of-femal-attention.pdf,,,pdfs/2023/10/discourse-2023-05-19-culture-conflict-and-the-monopolisation-of-femal-attention.pdf,data/fulltext/culture-conflict-and-the-monopolization-of-female-attention.txt,1410
constitutional-evolution,Constitutional Evolution,2023-10-02,2023-10,2023,Policy and Research,Policy and Research; Discourse 2023-05,Farhatullah Babar,,,https://pide.org.pk/research/constitutional-evolution/,https://file.pide.org.pk/pdfpideresearch/discourse-2023-05-22-constitutional-evolution.pdf,,,pdfs/2023/10/discourse-2023-05-22-constitutional-evolution.pdf,data/fulltext/constitutional-evolution.txt,1358
a-dynamic-export-culture-is-imperative,A Dynamic Export Culture is Imperative,2023-10-02,2023-10,2023,Policy and Research,Policy and Research; Discourse 2023-05,Gohar Ejaz,,,https://pide.org.pk/research/a-dynamic-export-culture-is-imperative/,https://file.pide.org.pk/pdfpideresearch/discourse-2023-05-24-a-dynamic-export-culture-is-imperative.pdf,,,pdfs/2023/10/discourse-2023-05-24-a-dynamic-export-culture-is-imperative.pdf,data/fulltext/a-dynamic-export-culture-is-imperative.txt,856
a-comprehensive-overview-of-sports-and-its-potential,A Comprehensive Overview of Sports and its Potential,2023-10-02,2023-10,2023,Policy and Research,Policy and Research; Discourse 2023-05,Muhammad Asif Khuman,,,https://pide.org.pk/research/a-comprehensive-overview-of-sports-and-its-potential/,https://file.pide.org.pk/pdfpideresearch/discourse-2023-05-27-a-comprehensive-overview-of-sports-and-its-potential.pdf,,,pdfs/2023/10/discourse-2023-05-27-a-comprehensive-overview-of-sports-and-its-potential.pdf,data/fulltext/a-comprehensive-overview-of-sports-and-its-potential.txt,943
media-coverage-of-world-bank-event,Media Coverage of World Bank Event,2023-09-28,2023-09,2023,PIDE in Press,PIDE in Press,,,,https://pide.org.pk/research/media-coverage-of-world-bank-event/,https://file.pide.org.pk/pdfpideinpress/pip-media-coverage-of-world-bank-event.pdf,,,pdfs/2023/09/pip-media-coverage-of-world-bank-event.pdf,,0
engineering-evolution-or-devolution,Engineering evolution or devolution?,2023-09-27,2023-09,2023,PIDE in Press,PIDE in Press,Mohammad Armughan,,,https://pide.org.pk/research/engineering-evolution-or-devolution/,https://file.pide.org.pk/pdfpideinpress/pip-engineering-evolution-or-devolution.pdf,,,pdfs/2023/09/pip-engineering-evolution-or-devolution.pdf,data/fulltext/engineering-evolution-or-devolution.txt,962
impact-of-export-financing-schemes-on-export-performance-qualitative-approach,Impact of Export Financing Schemes on Export Performance Qualitative Approach,2023-09-26,2023-09,2023,Working Paper,Working Paper; Center for Industry‚ Trade &amp; Digital Economy,Uzma Zia; Fozia Tabussom,SBP; FBR; Export Financing Schemes; Exporting Firms; Stagnant Export Performance; Commercial Banks,,https://pide.org.pk/research/impact-of-export-financing-schemes-on-export-performance-qualitative-approach/,https://file.pide.org.pk/pdfpideresearch/wp-23-13-impact-of-export-financing-schemes-on-export-performance-qualitative-approach.pdf,,,pdfs/2023/09/wp-23-13-impact-of-export-financing-schemes-on-export-performance-qualitative-approach.pdf,data/fulltext/impact-of-export-financing-schemes-on-export-performance-qualitative-approach.txt,377
a-biased-index,A biased index?,2023-09-26,2023-09,2023,PIDE in Press,PIDE in Press,Abida Naurin,,,https://pide.org.pk/research/a-biased-index/,https://file.pide.org.pk/pdfpideinpress/pip-a-biased-index.pdf,,,pdfs/2023/09/pip-a-biased-index.pdf,data/fulltext/a-biased-index.txt,795
unraveling-state-of-engineering-industry,Unraveling state of engineering industry,2023-09-21,2023-09,2023,PIDE in Press,PIDE in Press,Abid Rehman,,,https://pide.org.pk/research/unraveling-state-of-engineering-industry/,https://file.pide.org.pk/pdfpideinpress/pip-unraveling-state-of-engineering-industry.pdf,,,pdfs/2023/09/pip-unraveling-state-of-engineering-industry.pdf,data/fulltext/unraveling-state-of-engineering-industry.txt,891
economic-management-in-a-multiple-equilibria-economy,Economic Management In A Multiple Equilibria Economy,2023-09-21,2023-09,2023,Webinars Brief,Webinars Brief; Macro Policy Lab; Center for Governance‚ Markets and Regulatory Analysis,Zainab Fatima,,,https://pide.org.pk/research/economic-management-in-a-multiple-equilibria-economy/,https://file.pide.org.pk/pdfpideresearch/wb-122-economic-management-in-a-multiple-equilibria-economy.pdf,,,pdfs/2023/09/wb-122-economic-management-in-a-multiple-equilibria-economy.pdf,data/fulltext/economic-management-in-a-multiple-equilibria-economy.txt,1067
3rd-rasta-conference-media-coverage,3rd RASTA Conference – Media Coverage,2023-09-21,2023-09,2023,PIDE in Press,PIDE in Press,,,,https://pide.org.pk/research/3rd-rasta-conference-media-coverage/,https://file.pide.org.pk/pdfpideinpress/pip-3rd-rasta-conference-media-coverage.pdf,,,pdfs/2023/09/pip-3rd-rasta-conference-media-coverage.pdf,,0
is-corruption-perception-index-biased-an-ethnicity-based-analysis,Is Corruption Perception Index Biased? An Ethnicity Based Analysis,2023-09-19,2023-09,2023,Working Paper,Working Paper; Macro Policy Lab; Center for Governance‚ Markets and Regulatory Analysis,Abida Naurin,CORRUPTION; Economic Growth; Ethnicity; Cross-Country Panel Data; PCSE regression,,https://pide.org.pk/research/is-corruption-perception-index-biased-an-ethnicity-based-analysis/,https://file.pide.org.pk/pdfpideresearch/wp-23-11-is-corruption-perception-index-biased-an-ethnicity-based-analysis.pdf,,,pdfs/2023/09/wp-23-11-is-corruption-perception-index-biased-an-ethnicity-based-analysis.pdf,data/fulltext/is-corruption-perception-index-biased-an-ethnicity-based-analysis.txt,321
federal-tax-revenue-forecasting-of-pakistan-alternative-approaches,Federal Tax Revenue Forecasting of Pakistan: Alternative Approaches,2023-09-19,2023-09,2023,Working Paper,Working Paper; Macro Policy Lab; Center for Governance‚ Markets and Regulatory Analysis,Syeda Um Ul Baneen,LASSO; Tax Revenue Forecasting; Buoyancy Approach; Marginal Tax Rate,C13; H20; B41; B26,https://pide.org.pk/research/federal-tax-revenue-forecasting-of-pakistan-alternative-approaches/,https://file.pide.org.pk/pdfpideresearch/wp-23-12-federal-tax-revenue-forecasting-of-pakistan-alternative-approaches.pdf,,,pdfs/2023/09/wp-23-12-federal-tax-revenue-forecasting-of-pakistan-alternative-approaches.pdf,data/fulltext/federal-tax-revenue-forecasting-of-pakistan-alternative-approaches.txt,408
decoupling-of-energy-and-growth-in-pakistan,Decoupling of energy and growth in Pakistan,2023-09-19,2023-09,2023,PIDE in Press,PIDE in Press,Afia Malik,,,https://pide.org.pk/research/decoupling-of-energy-and-growth-in-pakistan/,https://file.pide.org.pk/pdfpideinpress/pip-decoupling-of-energy-and-growth-in-pakistan.pdf,,,pdfs/2023/09/pip-decoupling-of-energy-and-growth-in-pakistan.pdf,data/fulltext/decoupling-of-energy-and-growth-in-pakistan.txt,907
timeworn-statistics,Timeworn statistics,2023-09-13,2023-09,2023,PIDE in Press,PIDE in Press,Muhammad Faisal Ali,,,https://pide.org.pk/research/timeworn-statistics/,https://file.pide.org.pk/pdfpideinpress/pip-timeworn-statistics.pdf,,,pdfs/2023/09/pip-timeworn-statistics.pdf,data/fulltext/timeworn-statistics.txt,844
media-coverage-of-roundtable-meeting-on-fixing-fiscal-policy,Media Coverage of Roundtable Meeting on Fixing Fiscal Policy,2023-09-12,2023-09,2023,PIDE in Press,PIDE in Press,,,,https://pide.org.pk/research/media-coverage-of-roundtable-meeting-on-fixing-fiscal-policy/,https://file.pide.org.pk/pdfpideinpress/pip-media-coverage-of-roundtable-meeting-on-fixing-fiscal-policy.pdf,,,pdfs/2023/09/pip-media-coverage-of-roundtable-meeting-on-fixing-fiscal-policy.pdf,,0
fixing-fiscal-policy,Fixing fiscal policy,2023-09-07,2023-09,2023,PIDE in Press,PIDE in Press,Nasir Iqbal,,,https://pide.org.pk/research/fixing-fiscal-policy/,https://file.pide.org.pk/pdfpideinpress/pip-fixing-fiscal-policy.pdf,,,pdfs/2023/09/pip-fixing-fiscal-policy.pdf,data/fulltext/fixing-fiscal-policy.txt,859
newsletter-august-2024,Newsletter: August 2024,2023-09-06,2023-09,2023,Newsletter,Newsletter,,,,https://pide.org.pk/research/newsletter-august-2024/,https://file.pide.org.pk/pdfpideresearch/nl-04-newsletter-august-2023.pdf,,,pdfs/2023/09/nl-04-newsletter-august-2023.pdf,,0
media-coverage-of-engineering-horizons-unraveling-the-state-of-industry-in-pakistan,Media Coverage of Engineering Horizons: Unraveling the State of Industry in Pakistan,2023-09-06,2023-09,2023,PIDE in Press,PIDE in Press,,,,https://pide.org.pk/research/media-coverage-of-engineering-horizons-unraveling-the-state-of-industry-in-pakistan/,https://file.pide.org.pk/pdfpideinpress/pip-media-coverage-of-engineering-horizons-unraveling-the-state-of-industry-in-pakistan.pdf,,,pdfs/2023/09/pip-media-coverage-of-engineering-horizons-unraveling-the-state-of-industry-in-pakistan.pdf,,0
energy-efficiency-in-buildings,Energy efficiency in buildings,2023-09-06,2023-09,2023,PIDE in Press,PIDE in Press,Tehmina Asad; Anjeela Khurram,,,https://pide.org.pk/research/energy-efficiency-in-buildings/,https://file.pide.org.pk/pdfpideinpress/pip-energy-efficiency-n-buildings.pdf,,,pdfs/2023/09/pip-energy-efficiency-n-buildings.pdf,data/fulltext/energy-efficiency-in-buildings.txt,898
situation-of-brain-drain-in-pakistan-with-a-focus-on-the-healthcare-sector,"Situation of Brain Drain in Pakistan, with a focus on the Healthcare Sector",2023-09-04,2023-09,2023,Knowledge Brief,Knowledge Brief; Center for Sustainable Futures; Center for Social and Behavioral Analysis,Sameen Zafar,Pakistan; Migration; Developing Country; Brain drain; Healthcare Sector,,https://pide.org.pk/research/situation-of-brain-drain-in-pakistan-with-a-focus-on-the-healthcare-sector/,https://file.pide.org.pk/pdfpideresearch/kb-102-situation-of-brain-drain-in-pakistan-with-a-focus-on-the-healthcare-sector.pdf,,,pdfs/2023/09/kb-102-situation-of-brain-drain-in-pakistan-with-a-focus-on-the-healthcare-sector.pdf,data/fulltext/situation-of-brain-drain-in-pakistan-with-a-focus-on-the-healthcare-sector.txt,3640
power-sector-woes,Power sector woes,2023-08-30,2023-08,2023,PIDE in Press,PIDE in Press,Afia Malik,,,https://pide.org.pk/research/power-sector-woes/,https://file.pide.org.pk/pdfpideinpress/pip-power-sector-woes.pdf,,,pdfs/2023/08/pip-power-sector-woes.pdf,data/fulltext/power-sector-woes.txt,1059
engineering-horizons-unraveling-the-state-of-industry-in-pakistan,Engineering Horizons: Unraveling the State of Industry in Pakistan,2023-08-30,2023-08,2023,Research Reports,Research Report; Center for Industry‚ Trade &amp; Digital Economy; Center for Governance‚ Markets and Regulatory Analysis,Nadeem Ul Haque; Usman Qadir; Abid Rehman; Mohammad Armughan,,,https://pide.org.pk/research/engineering-horizons-unraveling-the-state-of-industry-in-pakistan/,https://file.pide.org.pk/pdfpideresearch/rr-engineering-horizons-unraveling-the-state-of-industry-in-pakistan.pdf,,,pdfs/2023/08/rr-engineering-horizons-unraveling-the-state-of-industry-in-pakistan.pdf,data/fulltext/engineering-horizons-unraveling-the-state-of-industry-in-pakistan.txt,913
media-coverage-of-addressing-pakistans-trade-deficit-unraveling-factors-influencing-export-competitiveness,Media Coverage Of Addressing Pakistan’s Trade Deficit: Unraveling Factors Influencing Export Competitiveness,2023-08-29,2023-08,2023,PIDE in Press,PIDE in Press,,,,https://pide.org.pk/research/media-coverage-of-addressing-pakistans-trade-deficit-unraveling-factors-influencing-export-competitiveness/,https://file.pide.org.pk/pdfpideinpress/pip-media-coverage-of-addressing-pakistans-trade-deficit.pdf,,,pdfs/2023/08/pip-media-coverage-of-addressing-pakistans-trade-deficit.pdf,,0
indias-rice-export-ban-opportunities-for-pakistan,India’s rice export ban: opportunities for Pakistan,2023-08-23,2023-08,2023,PIDE in Press,PIDE in Press,Abedullah Anjum; Muhammad Faisal Ali,,,https://pide.org.pk/research/indias-rice-export-ban-opportunities-for-pakistan/,https://file.pide.org.pk/pdfpideinpress/pip-indias-rice-export-ban-opportunities-for-pakistan.pdf,,,pdfs/2023/08/pip-indias-rice-export-ban-opportunities-for-pakistan.pdf,data/fulltext/indias-rice-export-ban-opportunities-for-pakistan.txt,990
effective-electricity-regulation,Effective electricity regulation,2023-08-17,2023-08,2023,PIDE in Press,PIDE in Press,Afia Malik,,,https://pide.org.pk/research/effective-electricity-regulation/,https://file.pide.org.pk/pdfpideinpress/pip-effective-electricity-regulation.pdf,,,pdfs/2023/08/pip-effective-electricity-regulation.pdf,data/fulltext/effective-electricity-regulation.txt,922
media-coverage-of-ground-breaking-ceremony-of-pide-own-new-building,Media Coverage Of Ground Breaking Ceremony Of PIDE Own New Building,2023-08-11,2023-08,2023,PIDE in Press,PIDE in Press,,,,https://pide.org.pk/research/media-coverage-of-ground-breaking-ceremony-of-pide-own-new-building/,https://file.pide.org.pk/pdfpideinpress/pip-media-coverage-of-ground-breaking-ceremony-of-pide-own-new-building.pdf,,,pdfs/2023/08/pip-media-coverage-of-ground-breaking-ceremony-of-pide-own-new-building.pdf,,0
reforming-the-federal-public-sector-development-programme,Reforming the Federal Public Sector Development Programme,2023-08-09,2023-08,2023,Working Paper,Working Paper; Macro Policy Lab; Center for Governance‚ Markets and Regulatory Analysis,Muhammad Ahmed Zubair; Shahid Cheema; Zeeshan Inam; Mahmood Khalid; Ahsan ul Haq,,,https://pide.org.pk/research/reforming-the-federal-public-sector-development-programme/,https://file.pide.org.pk/pdfpideresearch/wp-23-10-reforming-the-federal-public-sector-development-programme.pdf,,,pdfs/2023/08/wp-23-10-reforming-the-federal-public-sector-development-programme.pdf,data/fulltext/reforming-the-federal-public-sector-development-programme.txt,357
newsletter-july-2023,Newsletter: July 2023,2023-08-08,2023-08,2023,Newsletter,Newsletter,,,,https://pide.org.pk/research/newsletter-july-2023/,https://file.pide.org.pk/pdfpideresearch/nl-03-newsletter-july-2023.pdf,,,pdfs/2023/08/nl-03-newsletter-july-2023.pdf,,0
fiscally-sustainable-pensions-in-pakistan,Fiscally Sustainable Pensions in Pakistan,2023-08-08,2023-08,2023,Working Paper,Working Paper; Macro Policy Lab; Center for Governance‚ Markets and Regulatory Analysis,Mahmood Khalid; Naseem Faraz; Aisha Irum,PENSIONS; Fiscal Policy; Public Economics; Public Finance; Tax Induced,H3; E620,https://pide.org.pk/research/fiscally-sustainable-pensions-in-pakistan/,https://file.pide.org.pk/pdfpideresearch/wp-23-9-fiscally-sustainable-pensions-in-pakistan.pdf,,,pdfs/2023/08/wp-23-9-fiscally-sustainable-pensions-in-pakistan.pdf,data/fulltext/fiscally-sustainable-pensions-in-pakistan.txt,519
when-higher-education-goes-low,When higher education goes low,2023-08-07,2023-08,2023,PIDE in Press,PIDE in Press,Muhammad Jehangir Khan,,,https://pide.org.pk/research/when-higher-education-goes-low/,https://file.pide.org.pk/pdfpideinpress/pip-when-higher-education-goes-low.pdf,,,pdfs/2023/08/pip-when-higher-education-goes-low.pdf,data/fulltext/when-higher-education-goes-low.txt,866
vol-62-no-2-2023,Vol. 62 No.2-2023,2023-08-07,2023-08,2023,PDR,PDR issue; 2023; Vol. 62 No.2-2023,,,,https://pide.org.pk/research/vol-62-no-2-2023/,https://file.pide.org.pk/pdfpdr/issue/pdr-2023-v62i2.pdf,https://file.pide.org.pk/pdfpdr/2023/145-166.pdf; https://file.pide.org.pk/pdfpdr/2023/167-197.pdf; https://file.pide.org.pk/pdfpdr/2023/199-222.pdf; https://file.pide.org.pk/pdfpdr/2023/223-234.pdf; https://file.pide.org.pk/pdfpdr/2023/235-264.pdf; https://file.pide.org.pk/pdfpdr/2023/265-280.pdf; https://file.pide.org.pk/pdfpdr/2023/281-299.pdf; https://file.pide.org.pk/pdfpdr/2023/301-308.pdf,,pdfs/2023/08/pdr-2023-v62i2.pdf,,0
violent-conflict-and-informal-institutions-evidence-from-a-civil-conflict-in-pakistan-article,Violent Conflict and Informal Institutions: Evidence from a Civil Conflict in Pakistan (Article),2023-08-07,2023-08,2023,PDR,PDR; 2023; Vol. 62 No.2-2023,Muhsin Ali; Karim Khan,Informal Institutions; Cooperation; Trust; Violent Conflict; Participation,D74; C1; D02,https://pide.org.pk/research/violent-conflict-and-informal-institutions-evidence-from-a-civil-conflict-in-pakistan-article/,https://file.pide.org.pk/pdfpdr/2023/235-264.pdf,,,pdfs/2023/08/235-264.pdf,data/fulltext/violent-conflict-and-informal-institutions-evidence-from-a-civil-conflict-in-pakistan-article.txt,199
strategic-trade-policy-for-pakistans-textile-sector-in-2018-enhancing-high-value-added-exports-through-low-priced-intermediate-input-article,Strategic Trade Policy for Pakistan’s Textile Sector in 2018: Enhancing High Value-Added Exports through Low-Priced Intermediate Input (Article),2023-08-07,2023-08,2023,PDR,PDR; 2023; Vol. 62 No.2-2023,Rabia Arif; Nida Jamil; Azam Chaudhry,TEXTILES; Trade Policy; Intermediate Input Tariffs; Export Promotion,F13; L67; F61,https://pide.org.pk/research/strategic-trade-policy-for-pakistans-textile-sector-in-2018-enhancing-high-value-added-exports-through-low-priced-intermediate-input-article/,https://file.pide.org.pk/pdfpdr/2023/145-166.pdf,,,pdfs/2023/08/145-166.pdf,data/fulltext/strategic-trade-policy-for-pakistans-textile-sector-in-2018-enhancing-high-value-added-exports-through-low-priced-intermediate-input-article.txt,200
social-and-civic-engagement-building-community-or-bowling-alone-basics-notes,Social and Civic Engagement: Building Community or “Bowling Alone”? (BASICS Notes),2023-08-07,2023-08,2023,PDR,PDR; 2023; Vol. 62 No.2-2023,Durr-e-Nayab,,,https://pide.org.pk/research/social-and-civic-engagement-building-community-or-bowling-alone-basics-notes/,https://file.pide.org.pk/pdfpdr/2023/301-308.pdf,,,pdfs/2023/08/301-308.pdf,data/fulltext/social-and-civic-engagement-building-community-or-bowling-alone-basics-notes.txt,264
political-economy-of-discretionary-allocation-of-annual-development-programmes-theory-and-evidence-from-balochistan-article,Political Economy of Discretionary Allocation of Annual Development Programmes: Theory and Evidence from Balochistan (Article),2023-08-07,2023-08,2023,PDR,PDR; 2023; Vol. 62 No.2-2023,Manzoor Ahmed,Balochistan; Annual Development Programmes; Discretionary Allocation Clientelism; Distribution of Resources; Disparity; Deprivation,,https://pide.org.pk/research/political-economy-of-discretionary-allocation-of-annual-development-programmes-theory-and-evidence-from-balochistan-article/,https://file.pide.org.pk/pdfpdr/2023/167-197.pdf,,,pdfs/2023/08/167-197.pdf,data/fulltext/political-economy-of-discretionary-allocation-of-annual-development-programmes-theory-and-evidence-from-balochistan-article.txt,233
pakistan-one-year-growth-strategy-policy,Pakistan: One Year Growth Strategy (Policy),2023-08-07,2023-08,2023,PDR,PDR; 2023; Vol. 62 No.2-2023,PIDE,,,https://pide.org.pk/research/pakistan-one-year-growth-strategy-policy/,https://file.pide.org.pk/pdfpdr/2023/265-280.pdf,,,pdfs/2023/08/265-280.pdf,data/fulltext/pakistan-one-year-growth-strategy-policy.txt,95
is-economic-growth-inclusive-in-punjab-pakistan-a-district-level-assessment-using-the-composite-index-article,"Is Economic Growth Inclusive in Punjab, Pakistan? A District Level Assessment Using the Composite Index (Article)",2023-08-07,2023-08,2023,PDR,PDR; 2023; Vol. 62 No.2-2023,Ghulam Mohey-ud-din; Khadija Ikram,Inclusive Growth; Composite Index; Principal Component Analysis; Punjab–Pakistan,O47; D63; O11,https://pide.org.pk/research/is-economic-growth-inclusive-in-punjab-pakistan-a-district-level-assessment-using-the-composite-index-article/,https://file.pide.org.pk/pdfpdr/2023/199-222.pdf,,,pdfs/2023/08/199-222.pdf,data/fulltext/is-economic-growth-inclusive-in-punjab-pakistan-a-district-level-assessment-using-the-composite-index-article.txt,164
impact-of-kitchen-structure-and-cookstove-technology-on-respiratory-health-of-rural-women-exposed-to-indoor-air-pollution-in-khyber-pakhtunkhwa-pakistan-article,"Impact of Kitchen Structure and Cookstove Technology on Respiratory Health of Rural Women Exposed to Indoor Air Pollution in Khyber Pakhtunkhwa, Pakistan (Article)",2023-08-07,2023-08,2023,PDR,PDR; 2023; Vol. 62 No.2-2023,Abedullah Anjum; Muhammad Tanvir,Pakistan; Indoor air pollution; Polluted Fuel; Kitchen Structures; Improved Stove; Women’s Respiratory Symptoms,,https://pide.org.pk/research/impact-of-kitchen-structure-and-cookstove-technology-on-respiratory-health-of-rural-women-exposed-to-indoor-air-pollution-in-khyber-pakhtunkhwa-pakistan-article/,https://file.pide.org.pk/pdfpdr/2023/223-234.pdf,,,pdfs/2023/08/223-234.pdf,data/fulltext/impact-of-kitchen-structure-and-cookstove-technology-on-respiratory-health-of-rural-women-exposed-to-indoor-air-pollution-in-khyber-pakhtunkhwa-pakistan-article.txt,171
a-small-club-distribution-power-and-networks-in-financial-markets-of-pakistan-policy,"A Small Club: Distribution, Power and Networks in Financial Markets of Pakistan (Policy)",2023-08-07,2023-08,2023,PDR,PDR; 2023; Vol. 62 No.2-2023,Nadeem Ul Haque; Amin Husain,,,https://pide.org.pk/research/a-small-club-distribution-power-and-networks-in-financial-markets-of-pakistan-policy/,https://file.pide.org.pk/pdfpdr/2023/281-299.pdf,,,pdfs/2023/08/281-299.pdf,data/fulltext/a-small-club-distribution-power-and-networks-in-financial-markets-of-pakistan-policy.txt,310
why-teach-critical-histories,Why Teach Critical Histories,2023-08-04,2023-08,2023,Policy and Research,Policy and Research; Discourse 2023-04,Hafsa Khawaja,,,https://pide.org.pk/research/why-teach-critical-histories/,https://file.pide.org.pk/pdfpideresearch/discourse-2023-04-18-why-teach-critical-histories.pdf,,,pdfs/2023/08/discourse-2023-04-18-why-teach-critical-histories.pdf,data/fulltext/why-teach-critical-histories.txt,1682
the-pakistani-city-as-a-character-a-new-narrative-approach-to-pakistans-urbanisation-challenges,The Pakistani City as a Character: A New Narrative Approach to Pakistan’s Urbanisation Challenges,2023-08-04,2023-08,2023,Policy and Research,Policy and Research; Discourse 2023-04,Hamza Sarfraz,,,https://pide.org.pk/research/the-pakistani-city-as-a-character-a-new-narrative-approach-to-pakistans-urbanisation-challenges/,https://file.pide.org.pk/pdfpideresearch/discourse-2023-04-24-the-pakistani-city-as-a-character-a-new-narrative-approach-to-pakistans-urbanisation-challenges.pdf,,,pdfs/2023/08/discourse-2023-04-24-the-pakistani-city-as-a-character-a-new-narrative-approach-to-pakistans-urbanisation-challenges.pdf,data/fulltext/the-pakistani-city-as-a-character-a-new-narrative-approach-to-pakistans-urbanisation-challenges.txt,1476
the-little-mermaid-may-have-just-made-a-ground-breaking-statement-about-real-world-power-dynamics,The Little Mermaid May Have Just Made a Ground-Breaking Statement About Real World Power Dynamics,2023-08-04,2023-08,2023,Policy and Research,Policy and Research; Discourse 2023-04,Maria Furqan,,,https://pide.org.pk/research/the-little-mermaid-may-have-just-made-a-ground-breaking-statement-about-real-world-power-dynamics/,https://file.pide.org.pk/pdfpideresearch/discourse-2023-04-25-the-little-mermaid-may-have-just-made-a-ground-breaking-statement-about-real-world-power-dynamics.pdf,,,pdfs/2023/08/discourse-2023-04-25-the-little-mermaid-may-have-just-made-a-ground-breaking-statement-about-real-world-power-dynamics.pdf,data/fulltext/the-little-mermaid-may-have-just-made-a-ground-breaking-statement-about-real-world-power-dynamics.txt,907
the-case-for-export-led-growth,The Case for Export-led Growth,2023-08-04,2023-08,2023,Policy and Research,Policy and Research; Discourse 2023-04,Shahid Sattar; Sarim Karim,,,https://pide.org.pk/research/the-case-for-export-led-growth/,https://file.pide.org.pk/pdfpideresearch/discourse-2023-04-20-the-case-for-export-led-growth.pdf,,,pdfs/2023/08/discourse-2023-04-20-the-case-for-export-led-growth.pdf,data/fulltext/the-case-for-export-led-growth.txt,1636
textiles-losing-the-plot,Textiles Losing the Plot,2023-08-04,2023-08,2023,Policy and Research,Policy and Research; Discourse 2023-04,Shahid Sattar; Amena Urooj,,,https://pide.org.pk/research/textiles-losing-the-plot/,https://file.pide.org.pk/pdfpideresearch/discourse-2023-04-09-textiles-losing-the-plot.pdf,,,pdfs/2023/08/discourse-2023-04-09-textiles-losing-the-plot.pdf,data/fulltext/textiles-losing-the-plot.txt,2351
rethinking-social-protection-the-case-for-a-universal-basic-income,Rethinking Social Protection: The Case for a Universal Basic Income,2023-08-04,2023-08,2023,Policy and Research,Policy and Research; Discourse 2023-04,Abbas Moosvi,,,https://pide.org.pk/research/rethinking-social-protection-the-case-for-a-universal-basic-income/,https://file.pide.org.pk/pdfpideresearch/discourse-2023-04-17-rethinking-social-protection-the-case-for-a-universal-basic-income.pdf,,http://www.iser.uaa.alaska.edu/Publications/bien_xiii_ak_pfd_lessons.pdf; http://www.logica-wb.org/PDFs/LOGICA_StudySeriesNo1_Uganda_hr.pdf; http://www.bien2012.org/sites/default/files/paper_156_en.pdf; http://www.developmentpathways.co.uk/resources/wp-content/uploads/2016/04/Indias-Basic-Income-Experiment-PP21.pdf,pdfs/2023/08/discourse-2023-04-17-rethinking-social-protection-the-case-for-a-universal-basic-income.pdf,data/fulltext/rethinking-social-protection-the-case-for-a-universal-basic-income.txt,2500
rethinking-investment-surplus-savings-capital-growth-and-inequality,"Rethinking Investment, Surplus, Savings, Capital, Growth and Inequality",2023-08-04,2023-08,2023,Policy and Research; Must Read,Policy and Research; Discourse 2023-04,Nasim Beg,,,https://pide.org.pk/research/rethinking-investment-surplus-savings-capital-growth-and-inequality/,https://file.pide.org.pk/pdfpideresearch/discourse-2023-04-15-rethinking-investment-surplus-savings-capital-growth-and-inequality.pdf,,,pdfs/2023/08/discourse-2023-04-15-rethinking-investment-surplus-savings-capital-growth-and-inequality.pdf,data/fulltext/rethinking-investment-surplus-savings-capital-growth-and-inequality.txt,2231
reimagining-indus-water-treaty-for-future-sustainability-of-the-indus-basin,Reimagining Indus Water Treaty for Future Sustainability of the Indus Basin,2023-08-04,2023-08,2023,Policy and Research; Must Read,Policy and Research; Discourse 2023-04,Muhammad Arfan,,,https://pide.org.pk/research/reimagining-indus-water-treaty-for-future-sustainability-of-the-indus-basin/,https://file.pide.org.pk/pdfpideresearch/discourse-2023-04-16-reimagining-indus-water-treaty-for-future-sustainability-of-the-indus-basin.pdf,,,pdfs/2023/08/discourse-2023-04-16-reimagining-indus-water-treaty-for-future-sustainability-of-the-indus-basin.pdf,data/fulltext/reimagining-indus-water-treaty-for-future-sustainability-of-the-indus-basin.txt,1336
power-to-the-provinces-devolution-of-power-in-pakistans-energy-sector,Power to the Provinces: Devolution of Power in Pakistan’s Energy Sector,2023-08-04,2023-08,2023,Policy and Research; Must Read,Policy and Research; Discourse 2023-04,Khalid Waleed,,,https://pide.org.pk/research/power-to-the-provinces-devolution-of-power-in-pakistans-energy-sector/,https://file.pide.org.pk/pdfpideresearch/discourse-2023-04-05-power-to-the-provinces-devolution-of-power-in-pakistans-energy-sector.pdf,,,pdfs/2023/08/discourse-2023-04-05-power-to-the-provinces-devolution-of-power-in-pakistans-energy-sector.pdf,data/fulltext/power-to-the-provinces-devolution-of-power-in-pakistans-energy-sector.txt,1564
pide-bi-monthly-roundup-2,PIDE Bi-Monthly Roundup (Discourse 2023-04),2023-08-04,2023-08,2023,Policy and Research,Policy and Research; Discourse 2023-04,,,,https://pide.org.pk/research/pide-bi-monthly-roundup-2/,https://file.pide.org.pk/pdfpideresearch/discourse-2023-04-26-pide-bi-monthly-roundup.pdf,,,pdfs/2023/08/discourse-2023-04-26-pide-bi-monthly-roundup.pdf,data/fulltext/pide-bi-monthly-roundup-2.txt,308
pcb-pakistan-cricket-board-or-political-cricket-board,PCB: Pakistan Cricket Board or Political Cricket Board?,2023-08-04,2023-08,2023,Policy and Research,Policy and Research; Discourse 2023-04,Wajhullah Fahim,,,https://pide.org.pk/research/pcb-pakistan-cricket-board-or-political-cricket-board/,https://file.pide.org.pk/pdfpideresearch/discourse-2023-04-23-pcb-pakistan-cricket-board-or-political-cricket-board.pdf,,,pdfs/2023/08/discourse-2023-04-23-pcb-pakistan-cricket-board-or-political-cricket-board.pdf,data/fulltext/pcb-pakistan-cricket-board-or-political-cricket-board.txt,1054
pakistans-three-quarter-long-miraculous-aversion-of-default,Pakistan’s Three Quarter-Long Miraculous Aversion of Default,2023-08-04,2023-08,2023,Policy and Research,Policy and Research; Discourse 2023-04,Asad Ejaz Butt,,,https://pide.org.pk/research/pakistans-three-quarter-long-miraculous-aversion-of-default/,https://file.pide.org.pk/pdfpideresearch/discourse-2023-04-10-pakistans-three-quarter-long-miraculous-aversion-of-default.pdf,,,pdfs/2023/08/discourse-2023-04-10-pakistans-three-quarter-long-miraculous-aversion-of-default.pdf,data/fulltext/pakistans-three-quarter-long-miraculous-aversion-of-default.txt,1229
optimal-local-governance-for-pakistan-improving-what-we-have,Optimal Local Governance for Pakistan: Improving What We Have,2023-08-04,2023-08,2023,Policy and Research,Policy and Research; Discourse 2023-04,Mayraj Fahim,,,https://pide.org.pk/research/optimal-local-governance-for-pakistan-improving-what-we-have/,https://file.pide.org.pk/pdfpideresearch/discourse-2023-04-02-Optimal-local-governance-for-pakistan-improving-what-we-have.pdf,,,pdfs/2023/08/discourse-2023-04-02-Optimal-local-governance-for-pakistan-improving-what-we-have.pdf,data/fulltext/optimal-local-governance-for-pakistan-improving-what-we-have.txt,2295
nota-on-the-ballot,NOTA on the Ballot,2023-08-04,2023-08,2023,Policy and Research,Policy and Research; Discourse 2023-04,Nilofer A. Qazi,,,https://pide.org.pk/research/nota-on-the-ballot/,https://file.pide.org.pk/pdfpideresearch/discourse-2023-04-11-nota-on-the-ballot.pdf,,,pdfs/2023/08/discourse-2023-04-11-nota-on-the-ballot.pdf,data/fulltext/nota-on-the-ballot.txt,1932
inequality-and-elite-capture-unavoidable-costs-of-development,Inequality and Elite Capture: Unavoidable Costs of Development,2023-08-04,2023-08,2023,Policy and Research,Policy and Research; Discourse 2023-04,Asad Ejaz Butt,,,https://pide.org.pk/research/inequality-and-elite-capture-unavoidable-costs-of-development/,https://file.pide.org.pk/pdfpideresearch/discourse-2023-04-13-inequality-and-elite-capture-unavoidable-costs-of-development.pdf,,,pdfs/2023/08/discourse-2023-04-13-inequality-and-elite-capture-unavoidable-costs-of-development.pdf,data/fulltext/inequality-and-elite-capture-unavoidable-costs-of-development.txt,1712
granting-autonomy-to-districts-a-proposal-in-brief,Granting Autonomy to Districts: A Proposal in Brief,2023-08-04,2023-08,2023,Policy and Research,Policy and Research; Discourse 2023-04,Muhammad Fida Khan,,,https://pide.org.pk/research/granting-autonomy-to-districts-a-proposal-in-brief/,https://file.pide.org.pk/pdfpideresearch/discourse-2023-04-06-granting-autonomy-to-districts-a-proposal-in-brief.pdf,,,pdfs/2023/08/discourse-2023-04-06-granting-autonomy-to-districts-a-proposal-in-brief.pdf,data/fulltext/granting-autonomy-to-districts-a-proposal-in-brief.txt,1323
elitist-economy-how-to-dismantle-it,Elitist Economy: How to Dismantle it?,2023-08-04,2023-08,2023,Policy and Research; Must Read,Policy and Research; Discourse 2023-04,Ishrat Husain,,,https://pide.org.pk/research/elitist-economy-how-to-dismantle-it/,https://file.pide.org.pk/pdfpideresearch/discourse-2023-04-12-elitist-economy-how-to-dismantle-it.pdf,,,pdfs/2023/08/discourse-2023-04-12-elitist-economy-how-to-dismantle-it.pdf,data/fulltext/elitist-economy-how-to-dismantle-it.txt,2147
disappeared-but-never-forgotten,Disappeared But Never Forgotten,2023-08-04,2023-08,2023,Policy and Research,Policy and Research; Discourse 2023-04,Imaan Zainab Mazari-Hazir,,,https://pide.org.pk/research/disappeared-but-never-forgotten/,https://file.pide.org.pk/pdfpideresearch/discourse-2023-04-08-disappeared-but-never-forgotten.pdf,,,pdfs/2023/08/discourse-2023-04-08-disappeared-but-never-forgotten.pdf,data/fulltext/disappeared-but-never-forgotten.txt,1522
devolution-of-power-in-pakistan-challenges-and-opportunities-for-womens-participation-in-local-governance,Devolution of Power in Pakistan: Challenges and Opportunities for Women’s Participation in Local Governance,2023-08-04,2023-08,2023,Policy and Research,Policy and Research; Discourse 2023-04,Maria Mansab,,,https://pide.org.pk/research/devolution-of-power-in-pakistan-challenges-and-opportunities-for-womens-participation-in-local-governance/,https://file.pide.org.pk/pdfpideresearch/discourse-2023-04-07-devolution-of-power-in-pakistan-challenges-and-opportunities-for-womens-participation-in-local-governance.pdf,,https://pdfs.semanticscholar.org/8180/0193d99e78f1ef15fb15c7b099d1a23e67bf.pdf,pdfs/2023/08/discourse-2023-04-07-devolution-of-power-in-pakistan-challenges-and-opportunities-for-womens-participation-in-local-governance.pdf,data/fulltext/devolution-of-power-in-pakistan-challenges-and-opportunities-for-womens-participation-in-local-governance.txt,1433
devolution-of-power-delegation-localisation-decentralisation,"Devolution Of Power: Delegation, Localisation, Decentralisation",2023-08-04,2023-08,2023,Policy and Research,Policy and Research; P &amp; R Magazine,,,,https://pide.org.pk/research/devolution-of-power-delegation-localisation-decentralisation/,https://file.pide.org.pk/pdfpideresearch/discourse-2023-04.pdf,,,pdfs/2023/08/discourse-2023-04.pdf,data/fulltext/devolution-of-power-delegation-localisation-decentralisation.txt,302
devolution-missing-clarity-on-structures-and-systems-of-governance,Devolution: Missing Clarity on Structures and Systems of Governance,2023-08-04,2023-08,2023,Policy and Research; Must Read,Policy and Research; Discourse 2023-04,Shahid Kardar,,,https://pide.org.pk/research/devolution-missing-clarity-on-structures-and-systems-of-governance/,https://file.pide.org.pk/pdfpideresearch/discourse-2023-04-04-devolution-missing-clarity-on-structures-and-systems-of-governance.pdf,,,pdfs/2023/08/discourse-2023-04-04-devolution-missing-clarity-on-structures-and-systems-of-governance.pdf,data/fulltext/devolution-missing-clarity-on-structures-and-systems-of-governance.txt,1607
decentralisation-and-its-prospects,Decentralisation and its Prospects,2023-08-04,2023-08,2023,Policy and Research,Policy and Research; Discourse 2023-04,Umair Javed,,,https://pide.org.pk/research/decentralisation-and-its-prospects/,https://file.pide.org.pk/pdfpideresearch/discourse-2023-04-03-decentralisation-and-its-prospects.pdf,,,pdfs/2023/08/discourse-2023-04-03-decentralisation-and-its-prospects.pdf,data/fulltext/decentralisation-and-its-prospects.txt,1283
daniel-ellsberg-and-the-pentagon-papers,Daniel Ellsberg and the Pentagon Papers,2023-08-04,2023-08,2023,Policy and Research,Policy and Research; Discourse 2023-04,Naazir Mahmood,,,https://pide.org.pk/research/daniel-ellsberg-and-the-pentagon-papers/,https://file.pide.org.pk/pdfpideresearch/discourse-2023-04-19-daniel-ellsberg-and-the-pentagon-papers.pdf,,,pdfs/2023/08/discourse-2023-04-19-daniel-ellsberg-and-the-pentagon-papers.pdf,data/fulltext/daniel-ellsberg-and-the-pentagon-papers.txt,1363
cover-piece-2,COVER PIECE (Discourse 2023-04),2023-08-04,2023-08,2023,Policy and Research,Policy and Research; Discourse 2023-04,,,,https://pide.org.pk/research/cover-piece-2/,https://file.pide.org.pk/pdfpideresearch/discourse-2023-04-01-cover-piece.pdf,,,pdfs/2023/08/discourse-2023-04-01-cover-piece.pdf,data/fulltext/cover-piece-2.txt,1126
beyond-the-needle-and-thread-womens-empowerment-through-textile-exports,Beyond the Needle and Thread: Women’s Empowerment Through Textile Exports,2023-08-04,2023-08,2023,Policy and Research,Policy and Research; Discourse 2023-04,Shahid Sattar; Sarim Karim,,,https://pide.org.pk/research/beyond-the-needle-and-thread-womens-empowerment-through-textile-exports/,https://file.pide.org.pk/pdfpideresearch/discourse-2023-04-21-beyond-the-needle-and-thread-womens-empowerment-through-textile-exports.pdf,,,pdfs/2023/08/discourse-2023-04-21-beyond-the-needle-and-thread-womens-empowerment-through-textile-exports.pdf,data/fulltext/beyond-the-needle-and-thread-womens-empowerment-through-textile-exports.txt,1537
attitudes-and-behaviours-in-the-classroom,Attitudes and Behaviours in the Classroom,2023-08-04,2023-08,2023,Policy and Research,Policy and Research; Discourse 2023-04,Neda Mulji,,,https://pide.org.pk/research/attitudes-and-behaviours-in-the-classroom/,https://file.pide.org.pk/pdfpideresearch/discourse-2023-04-14-attitudes-and-behaviours-in-the-classroom.pdf,,,pdfs/2023/08/discourse-2023-04-14-attitudes-and-behaviours-in-the-classroom.pdf,data/fulltext/attitudes-and-behaviours-in-the-classroom.txt,1172
a-fireside-chat-with-zainab-abbas,A Fireside Chat with Zainab Abbas,2023-08-04,2023-08,2023,Policy and Research,Policy and Research; Discourse 2023-04,,,,https://pide.org.pk/research/a-fireside-chat-with-zainab-abbas/,https://file.pide.org.pk/pdfpideresearch/discourse-2023-04-22-a-fireside-chat-with-zainab-abbas.pdf,,,pdfs/2023/08/discourse-2023-04-22-a-fireside-chat-with-zainab-abbas.pdf,data/fulltext/a-fireside-chat-with-zainab-abbas.txt,5812
public-finance-management-reforms-in-pakistan-a-case-study-of-the-treasury-single-account-regimen,Public Finance Management Reforms In Pakistan: A Case Study Of The Treasury Single Account Regimen,2023-08-02,2023-08,2023,Working Paper,Working Paper; Macro Policy Lab; Center for Governance‚ Markets and Regulatory Analysis,Ayezza Sattar; Mahmood Khalid; Talib Hussain Baloch,,,https://pide.org.pk/research/public-finance-management-reforms-in-pakistan-a-case-study-of-the-treasury-single-account-regimen/,https://file.pide.org.pk/pdfpideresearch/wp-23-8-public-finance-management-reforms-in-pakistan.pdf,,,pdfs/2023/08/wp-23-8-public-finance-management-reforms-in-pakistan.pdf,data/fulltext/public-finance-management-reforms-in-pakistan-a-case-study-of-the-treasury-single-account-regimen.txt,507
the-biased-nature-of-the-corruption-perception-index,The Biased Nature of the Corruption Perception Index,2023-07-26,2023-07,2023,Policy Viewpoint,Policy Viewpoint; Macro Policy Lab; Center for Governance‚ Markets and Regulatory Analysis,Abida Naurin,,,https://pide.org.pk/research/the-biased-nature-of-the-corruption-perception-index/,https://file.pide.org.pk/pdfpideresearch/pv-41-the-biased-nature-of-the-corruption-perception-index.pdf,,,pdfs/2023/07/pv-41-the-biased-nature-of-the-corruption-perception-index.pdf,data/fulltext/the-biased-nature-of-the-corruption-perception-index.txt,1777
energy-transition-green-dreams-brown-realities,"Energy transition: green dreams, brown realities",2023-07-26,2023-07,2023,PIDE in Press,PIDE in Press,Namairah Aziz,,,https://pide.org.pk/research/energy-transition-green-dreams-brown-realities/,https://file.pide.org.pk/pdfpideinpress/pip-energy-transition-green-dreams-brown-realities.pdf,,,pdfs/2023/07/pip-energy-transition-green-dreams-brown-realities.pdf,data/fulltext/energy-transition-green-dreams-brown-realities.txt,1049
assessment-of-policies-and-practices-for-e-waste-management-a-study-of-asia,Assessment of Policies and Practices for E-waste Management: A Study of Asia,2023-07-24,2023-07,2023,Working Paper,Working Paper; Center for Agriculture‚ Climate Change and Rural Economy; Center for Governance‚ Markets and Regulatory Analysis,Mohammad Armughan; Sameen Zafar,Asia; E-waste; Legislation; Policies; EEE; E-waste Management; Policy Issues,,https://pide.org.pk/research/assessment-of-policies-and-practices-for-e-waste-management-a-study-of-asia/,https://file.pide.org.pk/pdfpideresearch/wp-23-7-assessment-of-policies-and-practices-for-e-waste-management-a-study-of-asia.pdf,,,pdfs/2023/07/wp-23-7-assessment-of-policies-and-practices-for-e-waste-management-a-study-of-asia.pdf,data/fulltext/assessment-of-policies-and-practices-for-e-waste-management-a-study-of-asia.txt,532
commentary-on-the-imf-standby-arrangement-with-pakistan-2023,Commentary On the IMF Standby Arrangement with Pakistan-2023,2023-07-21,2023-07,2023,Research Reports,Research Report; Macro Policy Lab; Center for Governance‚ Markets and Regulatory Analysis,,,,https://pide.org.pk/research/commentary-on-the-imf-standby-arrangement-with-pakistan-2023/,https://file.pide.org.pk/pdfpideresearch/rr-commentary-on-the-imf-standby-arrangement-with-pakistan-2023.pdf,,,pdfs/2023/07/rr-commentary-on-the-imf-standby-arrangement-with-pakistan-2023.pdf,data/fulltext/commentary-on-the-imf-standby-arrangement-with-pakistan-2023.txt,2072
pakistans-energy-outlook,Pakistan’s energy outlook,2023-07-19,2023-07,2023,PIDE in Press,PIDE in Press,Tehmina Asad,,,https://pide.org.pk/research/pakistans-energy-outlook/,https://file.pide.org.pk/pdfpideinpress/pip-pakistans-energy-outlook.pdf,,,pdfs/2023/07/pip-pakistans-energy-outlook.pdf,data/fulltext/pakistans-energy-outlook.txt,875
media-coverage-of-rasta-books-launch,Media Coverage of RASTA Books Launch,2023-07-17,2023-07,2023,PIDE in Press,PIDE in Press,,,,https://pide.org.pk/research/media-coverage-of-rasta-books-launch/,https://file.pide.org.pk/pdfpideinpress/pip-media-coverage-of-rasta-books-launch.pdf,,,pdfs/2023/07/pip-media-coverage-of-rasta-books-launch.pdf,,0
enhancing-the-delivery-of-financial-services-in-pakistan,Enhancing the Delivery of Financial Services in Pakistan,2023-07-17,2023-07,2023,Webinars Brief,Webinars Brief; Center for Industry‚ Trade &amp; Digital Economy; Center for Governance‚ Markets and Regulatory Analysis,Wajhullah Fahim,,,https://pide.org.pk/research/enhancing-the-delivery-of-financial-services-in-pakistan/,https://file.pide.org.pk/pdfpideresearch/wb-121-enhancing-the-delivery-of-financial-services-in-pakistan.pdf,,,pdfs/2023/07/wb-121-enhancing-the-delivery-of-financial-services-in-pakistan.pdf,data/fulltext/enhancing-the-delivery-of-financial-services-in-pakistan.txt,949
new-approach-to-investment,New approach to investment,2023-07-13,2023-07,2023,PIDE in Press,PIDE in Press,Muhammad Zeshan,,,https://pide.org.pk/research/new-approach-to-investment/,https://file.pide.org.pk/pdfpideinpress/pip-new-approach-to-investment.pdf,,,pdfs/2023/07/pip-new-approach-to-investment.pdf,data/fulltext/new-approach-to-investment.txt,927
power-profits-plans-the-political-economy-of-housing-in-pakistan,"Power, Profits & Plans: The Political Economy Of Housing In Pakistan",2023-07-12,2023-07,2023,Book,Books; Rasta Books; Center for Sustainable Futures; Center for Energy‚ Logistics‚ and Infrastructure,,,,https://pide.org.pk/research/power-profits-plans-the-political-economy-of-housing-in-pakistan/,https://file.pide.org.pk/pdfpideresearch/book-power-profits-and-plans-the-political-economy-of-housing-in-pakistan.pdf,,,pdfs/2023/07/book-power-profits-and-plans-the-political-economy-of-housing-in-pakistan.pdf,data/fulltext/power-profits-plans-the-political-economy-of-housing-in-pakistan.txt,494
corporate-window-bridging-the-divide-in-revenue-systems,CORPORATE WINDOW: Bridging the divide in revenue systems,2023-07-10,2023-07,2023,PIDE in Press,PIDE in Press,Zia Ur Rehman,,,https://pide.org.pk/research/corporate-window-bridging-the-divide-in-revenue-systems/,https://file.pide.org.pk/pdfpideinpress/pip-corporate-window-bridging-the-divide-in-revenue-systems.pdf,,,pdfs/2023/07/pip-corporate-window-bridging-the-divide-in-revenue-systems.pdf,data/fulltext/corporate-window-bridging-the-divide-in-revenue-systems.txt,910
pakistans-black-gold,Pakistan’s Black Gold,2023-07-07,2023-07,2023,PIDE in Press,PIDE in Press,Abdus Sattar,,,https://pide.org.pk/research/pakistans-black-gold/,,,,,,0
charter-of-power,Charter of power,2023-07-07,2023-07,2023,PIDE in Press,PIDE in Press,Nasir Iqbal,,,https://pide.org.pk/research/charter-of-power/,https://file.pide.org.pk/pdfpideinpress/pip-charter-of-power.pdf,,,pdfs/2023/07/pip-charter-of-power.pdf,data/fulltext/charter-of-power.txt,783
the-economic-cost-of-internet-closure,The Economic Cost Of Internet Closure,2023-07-06,2023-07,2023,Infographics,Infographics; Center for Industry‚ Trade &amp; Digital Economy; Center for Governance‚ Markets and Regulatory Analysis,Nadeem Ul Haque; Mohammad Shaaf Najib,,,https://pide.org.pk/research/the-economic-cost-of-internet-closure/,https://file.pide.org.pk/pdfpideresearch/ig-02-the-economic-cost-of-internet-closure.pdf,,,pdfs/2023/07/ig-02-the-economic-cost-of-internet-closure.pdf,,0
lost-dreams,Lost dreams,2023-07-06,2023-07,2023,PIDE in Press,PIDE in Press,Junaid Ahmed,,,https://pide.org.pk/research/lost-dreams/,https://file.pide.org.pk/pdfpideinpress/pip-lost-dreams.pdf,,,pdfs/2023/07/pip-lost-dreams.pdf,data/fulltext/lost-dreams.txt,814
newsletter-april-june-2023,Newsletter: April – June 2023,2023-07-05,2023-07,2023,Newsletter,Newsletter,,,,https://pide.org.pk/research/newsletter-april-june-2023/,https://file.pide.org.pk/pdfpideresearch/nl-02-newsletter-april-june-2023.pdf,,,pdfs/2023/07/nl-02-newsletter-april-june-2023.pdf,,0
understanding-workplace-harassment-in-pakistan,Understanding Workplace Harassment in Pakistan,2023-07-04,2023-07,2023,Webinars Brief,Webinars Brief; Center for Social and Behavioral Analysis,Sania Ahmed,,,https://pide.org.pk/research/understanding-workplace-harassment-in-pakistan/,https://file.pide.org.pk/pdfpideresearch/wb-120-understanding-workplace-harassment-in-pakistan.pdf,,,pdfs/2023/07/wb-120-understanding-workplace-harassment-in-pakistan.pdf,data/fulltext/understanding-workplace-harassment-in-pakistan.txt,567
energy-measures-in-the-budget,Energy measures in the budget,2023-07-03,2023-07,2023,PIDE in Press,PIDE in Press,Abida Naurin,,,https://pide.org.pk/research/energy-measures-in-the-budget/,https://file.pide.org.pk/pdfpideinpress/pip-energy-measures-in-the-budget.pdf,,,pdfs/2023/07/pip-energy-measures-in-the-budget.pdf,data/fulltext/energy-measures-in-the-budget.txt,939
wheat-import-doors-not-closed-yet,Wheat import: doors not closed yet,2023-06-28,2023-06,2023,PIDE in Press,PIDE in Press,Abedullah Anjum; Sobia Rose,,,https://pide.org.pk/research/wheat-import-doors-not-closed-yet/,https://file.pide.org.pk/uploads/pip-wheat-import-doors-not-closed-yet.pdf,,,pdfs/2023/06/pip-wheat-import-doors-not-closed-yet.pdf,data/fulltext/wheat-import-doors-not-closed-yet.txt,937
the-economic-aspects-of-eid-ul-azha,The Economic Aspects of Eid ul Azha,2023-06-28,2023-06,2023,PIDE in Press,PIDE in Press,Muhammad Faisal Ali,,,https://pide.org.pk/research/the-economic-aspects-of-eid-ul-azha/,,,,,,0
path-to-prosperity-budget-priorities,Path to prosperity: budget priorities,2023-06-28,2023-06,2023,PIDE in Press,PIDE in Press,Nasir Iqbal,,,https://pide.org.pk/research/path-to-prosperity-budget-priorities/,https://file.pide.org.pk/uploads/pip-path-to-prosperity-budget-priorities.pdf,,,pdfs/2023/06/pip-path-to-prosperity-budget-priorities.pdf,data/fulltext/path-to-prosperity-budget-priorities.txt,1076
media-coverage-of-pide-basic-notes-8,Media Coverage Of PIDE Basic Notes 8,2023-06-27,2023-06,2023,PIDE in Press,PIDE in Press,,,,https://pide.org.pk/research/media-coverage-of-pide-basic-notes-8/,https://file.pide.org.pk/pdfpideinpress/pip-media-coverage-of-pide-basic-notes-8.pdf,,,pdfs/2023/06/pip-media-coverage-of-pide-basic-notes-8.pdf,,0
balancing-growth-and-inflation-targets-with-monetary-policy,Balancing Growth and Inflation Targets with Monetary Policy,2023-06-25,2023-06,2023,Research Reports,Research Report; Macro Policy Lab; Center for Governance‚ Markets and Regulatory Analysis,,,,https://pide.org.pk/research/balancing-growth-and-inflation-targets-with-monetary-policy/,https://file.pide.org.pk/uploads/rr-balancing-growth-and-inflation-targets-with-monetary-policy.pdf,,,pdfs/2023/06/rr-balancing-growth-and-inflation-targets-with-monetary-policy.pdf,data/fulltext/balancing-growth-and-inflation-targets-with-monetary-policy.txt,1193
managing-energy-imports-to-save-forex-reserves,Managing energy imports to save forex reserves,2023-06-23,2023-06,2023,PIDE in Press,PIDE in Press,Afia Malik,,,https://pide.org.pk/research/managing-energy-imports-to-save-forex-reserves/,https://file.pide.org.pk/pdfpideinpress/pip-managing-energy-imports-to-save-forex-reserves.pdf,,,pdfs/2023/06/pip-managing-energy-imports-to-save-forex-reserves.pdf,data/fulltext/managing-energy-imports-to-save-forex-reserves.txt,1030
language-homogamy-an-insight-into-marriage-and-language-in-pakistan,Language Homogamy: An Insight into Marriage and Language in Pakistan,2023-06-23,2023-06,2023,BASICS Notes,BASICS Notes; Rasta BASICS Notes; Center for Social and Behavioral Analysis,Durr-e-Nayab,,,https://pide.org.pk/research/language-homogamy-an-insight-into-marriage-and-language-in-pakistan/,https://file.pide.org.pk/uploads/bn-08-language-homogamy-an-insight-into-marriage-and-language-in-pakistan.pdf,,,pdfs/2023/06/bn-08-language-homogamy-an-insight-into-marriage-and-language-in-pakistan.pdf,data/fulltext/language-homogamy-an-insight-into-marriage-and-language-in-pakistan.txt,761
economics-is-always-political,Economics is always political,2023-06-23,2023-06,2023,PIDE in Press,PIDE in Press,Abbas Moosvi,,,https://pide.org.pk/research/economics-is-always-political/,https://file.pide.org.pk/pdfpideinpress/pip-economics-is-always-political.pdf,,,pdfs/2023/06/pip-economics-is-always-political.pdf,data/fulltext/economics-is-always-political.txt,665
traffic-management-congestion-mitigation-parking-policy-for-islamabad-capital-territory,Traffic Management & Congestion Mitigation Parking Policy for Islamabad Capital Territory,2023-06-22,2023-06,2023,Research Reports,Research Report; Rasta Research Report; Center for Governance‚ Markets and Regulatory Analysis; Center for Energy‚ Logistics‚ and Infrastructure,Idrees Khawaja; Zehra Gardezi; Mohammad Shaaf Najib; Maryam Akhtar Khan,,,https://pide.org.pk/research/traffic-management-congestion-mitigation-parking-policy-for-islamabad-capital-territory/,https://file.pide.org.pk/pdfpideresearch/rr-traffic-management-and-congestion-mitigation-parking-policy-for-islamabad-capital-territory.pdf,,,pdfs/2023/06/rr-traffic-management-and-congestion-mitigation-parking-policy-for-islamabad-capital-territory.pdf,data/fulltext/traffic-management-congestion-mitigation-parking-policy-for-islamabad-capital-territory.txt,489
rethinking-trade,Rethinking trade,2023-06-21,2023-06,2023,PIDE in Press,PIDE in Press,Muhammad Zeshan,,,https://pide.org.pk/research/rethinking-trade/,https://file.pide.org.pk/pdfpideinpress/pip-rethinking-trade.pdf,,,pdfs/2023/06/pip-rethinking-trade.pdf,data/fulltext/rethinking-trade.txt,849
media-coverage-of-pide-macropolicy-lab-recommendation-for-budget-2023-24,Media Coverage of PIDE MacroPolicy Lab – Recommendation for Budget 2023-24,2023-06-19,2023-06,2023,PIDE in Press,PIDE in Press,,,,https://pide.org.pk/research/media-coverage-of-pide-macropolicy-lab-recommendation-for-budget-2023-24/,https://file.pide.org.pk/pdfpideinpress/pip-media-coverage-of-pide-macropolicy-lab-recommendation-for-budget-2023-24.pdf,,,pdfs/2023/06/pip-media-coverage-of-pide-macropolicy-lab-recommendation-for-budget-2023-24.pdf,,0
maximizing-the-impact-evaluating-the-fy-2023-24-budget-for-optimal-resource-allocation-socio-economic-addressal-and-sustainable-development,"Maximizing the Impact: Evaluating the FY 2023-24 Budget for Optimal Resource Allocation, Socio-Economic Addressal, and Sustainable Development",2023-06-16,2023-06,2023,Research Reports,Research Report; Macro Policy Lab; Center for Governance‚ Markets and Regulatory Analysis,,,,https://pide.org.pk/research/maximizing-the-impact-evaluating-the-fy-2023-24-budget-for-optimal-resource-allocation-socio-economic-addressal-and-sustainable-development/,https://file.pide.org.pk/pdfpideresearch/rr-maximizing-the-impact-evaluating-the-fy-2023-24-budget.pdf,,,pdfs/2023/06/rr-maximizing-the-impact-evaluating-the-fy-2023-24-budget.pdf,data/fulltext/maximizing-the-impact-evaluating-the-fy-2023-24-budget-for-optimal-resource-allocation-socio-economic-addressal-and-sustainable-development.txt,3061
media-coverage-of-malakand-conference,Media Coverage of Malakand Conference,2023-06-15,2023-06,2023,PIDE in Press,PIDE in Press,,,,https://pide.org.pk/research/media-coverage-of-malakand-conference/,https://file.pide.org.pk/pdfpideinpress/pip-media-coverage-of-malakand-conference.pdf,,,pdfs/2023/06/pip-media-coverage-of-malakand-conference.pdf,,0
populism-the-illusion-of-change,Populism: the illusion of change,2023-06-13,2023-06,2023,PIDE in Press,PIDE in Press,Abbas Moosvi,,,https://pide.org.pk/research/populism-the-illusion-of-change/,https://file.pide.org.pk/pdfpideinpress/pip-populism-the-illusion-of-change.pdf,,,pdfs/2023/06/pip-populism-the-illusion-of-change.pdf,data/fulltext/populism-the-illusion-of-change.txt,1079
catalyzing-urban-mobility,Catalyzing Urban Mobility,2023-06-13,2023-06,2023,PIDE in Press,PIDE in Press,Abid Rehman,,,https://pide.org.pk/research/catalyzing-urban-mobility/,https://file.pide.org.pk/pdfpideinpress/pip-catalyzing-urban-mobility.pdf,,,pdfs/2023/06/pip-catalyzing-urban-mobility.pdf,data/fulltext/catalyzing-urban-mobility.txt,809
the-pre-budget-policy-recommendations-optimizing-fiscal-resource-allocation-in-pakistan,The Pre-Budget Policy Recommendations: Optimizing Fiscal Resource Allocation in Pakistan,2023-06-08,2023-06,2023,Research Reports,Research Report; Macro Policy Lab; Center for Governance‚ Markets and Regulatory Analysis,,,,https://pide.org.pk/research/the-pre-budget-policy-recommendations-optimizing-fiscal-resource-allocation-in-pakistan/,https://file.pide.org.pk/pdfpideresearch/rr-the-pre-budget-policy-recommendations.pdf,,,pdfs/2023/06/rr-the-pre-budget-policy-recommendations.pdf,data/fulltext/the-pre-budget-policy-recommendations-optimizing-fiscal-resource-allocation-in-pakistan.txt,1078
sovereign-debt-restructuring-reduction-conversion-rescheduling,"Sovereign Debt Restructuring: Reduction, Conversion, Rescheduling",2023-06-01,2023-06,2023,Policy and Research,Policy and Research; P &amp; R Magazine,,,,https://pide.org.pk/research/sovereign-debt-restructuring-reduction-conversion-rescheduling/,https://file.pide.org.pk/pdfpideresearch/discourse-2023-03.pdf,,,pdfs/2023/06/discourse-2023-03.pdf,data/fulltext/sovereign-debt-restructuring-reduction-conversion-rescheduling.txt,289
pushed-to-the-outskirts-congestion-and-exclusion-in-the-twin-cities,Pushed To The Outskirts: Congestion And Exclusion In The Twin Cities,2023-06-01,2023-06,2023,PIDE in Press,PIDE in Press,Abid Rehman,,,https://pide.org.pk/research/pushed-to-the-outskirts-congestion-and-exclusion-in-the-twin-cities/,https://file.pide.org.pk/pdfpideinpress/pip-pushed-to-the-outskirts-congestion-and-exclusion-in-the-twin-cities.pdf,,,pdfs/2023/06/pip-pushed-to-the-outskirts-congestion-and-exclusion-in-the-twin-cities.pdf,data/fulltext/pushed-to-the-outskirts-congestion-and-exclusion-in-the-twin-cities.txt,861
newsletter-january-march-2023,Newsletter: January – March 2023,2023-06-01,2023-06,2023,Newsletter,Newsletter,,,,https://pide.org.pk/research/newsletter-january-march-2023/,https://file.pide.org.pk/pdfpideresearch/nl-01-newsletter-january-march-2023.pdf,,,pdfs/2023/06/nl-01-newsletter-january-march-2023.pdf,,0
women-in-politics-the-trinity-of-men-military-mullah,"Women in Politics & the Trinity of Men, Military & Mullah",2023-05-31,2023-05,2023,Policy and Research,Policy and Research; Discourse 2023-03,Huda Bhurgri,,,https://pide.org.pk/research/women-in-politics-the-trinity-of-men-military-mullah/,https://file.pide.org.pk/pdfpideresearch/discourse-2023-03-17-women-in-politics-and-the-trinity-of-men-military-and-mullah.pdf,,,pdfs/2023/05/discourse-2023-03-17-women-in-politics-and-the-trinity-of-men-military-and-mullah.pdf,data/fulltext/women-in-politics-the-trinity-of-men-military-mullah.txt,1316
why-scale-matters,Why Scale Matters,2023-05-31,2023-05,2023,Policy and Research,Policy and Research; Discourse 2023-03,Shahid Sattar; Amena Urooj,,,https://pide.org.pk/research/why-scale-matters/,https://file.pide.org.pk/pdfpideresearch/discourse-2023-03-22-why-scale-matters.pdf,,,pdfs/2023/05/discourse-2023-03-22-why-scale-matters.pdf,data/fulltext/why-scale-matters.txt,1960
wanted-a-pakistani-community-of-economic-heterodoxy,Wanted: A Pakistani Community of Economic Heterodoxy,2023-05-31,2023-05,2023,Policy and Research,Policy and Research; Discourse 2023-03,Daniyal Khan,,,https://pide.org.pk/research/wanted-a-pakistani-community-of-economic-heterodoxy/,https://file.pide.org.pk/pdfpideresearch/discourse-2023-03-18-wanted-a-pakistani-community-of-economic-heterodoxy.pdf,,,pdfs/2023/05/discourse-2023-03-18-wanted-a-pakistani-community-of-economic-heterodoxy.pdf,data/fulltext/wanted-a-pakistani-community-of-economic-heterodoxy.txt,1244
the-saudi-iranian-detente,The Saudi-Iranian Detente,2023-05-31,2023-05,2023,Policy and Research,Policy and Research; Discourse 2023-03,Ayesha Malik,,,https://pide.org.pk/research/the-saudi-iranian-detente/,https://file.pide.org.pk/pdfpideresearch/discourse-2023-03-10-the-saudi-iranian-detente.pdf,,,pdfs/2023/05/discourse-2023-03-10-the-saudi-iranian-detente.pdf,data/fulltext/the-saudi-iranian-detente.txt,2037
the-saudi-iran-rapprochement-and-its-implications-for-pakistan,The Saudi-Iran Rapprochement and its Implications for Pakistan,2023-05-31,2023-05,2023,P &amp; R Magazine,Policy and Research; Discourse 2023-03,Rabia Akhtar,,,https://pide.org.pk/research/the-saudi-iran-rapprochement-and-its-implications-for-pakistan/,https://file.pide.org.pk/pdfpideresearch/discourse-2023-03-08-the-saudi-iran-rapprochement-and-its-implications-for-pakistan.pdf,,,pdfs/2023/05/discourse-2023-03-08-the-saudi-iran-rapprochement-and-its-implications-for-pakistan.pdf,data/fulltext/the-saudi-iran-rapprochement-and-its-implications-for-pakistan.txt,1148
the-evolution-and-future-of-pakistani-cricket-a-fireside-chat-with-mirza-iqbal-baig,The Evolution and Future of Pakistani Cricket: A Fireside Chat with Mirza Iqbal Baig,2023-05-31,2023-05,2023,Policy and Research,Policy and Research; Discourse 2023-03,,,,https://pide.org.pk/research/the-evolution-and-future-of-pakistani-cricket-a-fireside-chat-with-mirza-iqbal-baig/,https://file.pide.org.pk/pdfpideresearch/discourse-2023-03-24-the-evolution-and-future-of-pakistani-cricket-a-fireside-chat-with-mirza-iqbal-baig.pdf,,,pdfs/2023/05/discourse-2023-03-24-the-evolution-and-future-of-pakistani-cricket-a-fireside-chat-with-mirza-iqbal-baig.pdf,data/fulltext/the-evolution-and-future-of-pakistani-cricket-a-fireside-chat-with-mirza-iqbal-baig.txt,2897
sucking-pakistan-into-a-whirlpool-of-rising-interest-rates,Sucking Pakistan into a Whirlpool of Rising Interest Rates,2023-05-31,2023-05,2023,Policy and Research,Policy and Research; Discourse 2023-03,Shahid Sattar; Ureeda Majeed,,,https://pide.org.pk/research/sucking-pakistan-into-a-whirlpool-of-rising-interest-rates/,https://file.pide.org.pk/pdfpideresearch/discourse-2023-03-09-sucking-pakistan-into-a-whirlpool-of-rising-interest-rates.pdf,,,pdfs/2023/05/discourse-2023-03-09-sucking-pakistan-into-a-whirlpool-of-rising-interest-rates.pdf,data/fulltext/sucking-pakistan-into-a-whirlpool-of-rising-interest-rates.txt,1490
sovereign-debt-restructuring-a-hard-pill-to-swallow-for-pakistan,Sovereign Debt Restructuring: A Hard Pill to Swallow for Pakistan?,2023-05-31,2023-05,2023,Policy and Research,Policy and Research; Discourse 2023-03,Maria Syed,,,https://pide.org.pk/research/sovereign-debt-restructuring-a-hard-pill-to-swallow-for-pakistan/,https://file.pide.org.pk/pdfpideresearch/discourse-2023-03-07-sovereign-debt-restructuring-a-hard-pill-to-swallow-for-pakistan.pdf,,,pdfs/2023/05/discourse-2023-03-07-sovereign-debt-restructuring-a-hard-pill-to-swallow-for-pakistan.pdf,data/fulltext/sovereign-debt-restructuring-a-hard-pill-to-swallow-for-pakistan.txt,1157
should-pakistan-move-towards-early-elections,Should Pakistan Move Towards Early Elections?,2023-05-31,2023-05,2023,Policy and Research,Policy and Research; Discourse 2023-03,,,,https://pide.org.pk/research/should-pakistan-move-towards-early-elections/,https://file.pide.org.pk/pdfpideresearch/discourse-2023-03-12-should-pakistan-move-towards-early-elections.pdf,,,pdfs/2023/05/discourse-2023-03-12-should-pakistan-move-towards-early-elections.pdf,data/fulltext/should-pakistan-move-towards-early-elections.txt,820
rethinking-economics,Rethinking Economics,2023-05-31,2023-05,2023,Policy and Research,Policy and Research; Discourse 2023-03,Sundus Saleemi,,,https://pide.org.pk/research/rethinking-economics/,https://file.pide.org.pk/pdfpideresearch/discourse-2023-03-16-rethinking-economics.pdf,,,pdfs/2023/05/discourse-2023-03-16-rethinking-economics.pdf,data/fulltext/rethinking-economics.txt,1306
psdp-in-pakistan-a-history-of-unfulfilled-socio-economic-objectives,PSDP in Pakistan: A History of Unfulfilled Socio-Economic Objectives,2023-05-31,2023-05,2023,Policy and Research,Policy and Research; Discourse 2023-03,Muazam Ali,,,https://pide.org.pk/research/psdp-in-pakistan-a-history-of-unfulfilled-socio-economic-objectives/,https://file.pide.org.pk/pdfpideresearch/discourse-2023-03-19-psdp-in-pakistan-a-history-of-unfulfilled-socio-economic-objectives.pdf,,,pdfs/2023/05/discourse-2023-03-19-psdp-in-pakistan-a-history-of-unfulfilled-socio-economic-objectives.pdf,data/fulltext/psdp-in-pakistan-a-history-of-unfulfilled-socio-economic-objectives.txt,1041
political-polarisation,Political Polarisation,2023-05-31,2023-05,2023,Policy and Research,Policy and Research; Discourse 2023-03,Wajhullah Fahim; Muhammad Junaid,,,https://pide.org.pk/research/political-polarisation/,https://file.pide.org.pk/pdfpideresearch/discourse-2023-03-11-political-polarisation.pdf,,,pdfs/2023/05/discourse-2023-03-11-political-polarisation.pdf,data/fulltext/political-polarisation.txt,1187
pide-bi-monthly-round-up-3,PIDE Bi-Monthly Round Up (Discourse 2023-03),2023-05-31,2023-05,2023,Policy and Research,Policy and Research; Discourse 2023-03,,,,https://pide.org.pk/research/pide-bi-monthly-round-up-3/,https://file.pide.org.pk/pdfpideresearch/discourse-2023-03-28-pide-bimonthly-roundup.pdf,,,pdfs/2023/05/discourse-2023-03-28-pide-bimonthly-roundup.pdf,data/fulltext/pide-bi-monthly-round-up-3.txt,240
pakistans-political-business-cycle-and-external-debt-dilemma,Pakistan’s Political Business Cycle and External Debt Dilemma,2023-05-31,2023-05,2023,Policy and Research,Policy and Research; Discourse 2023-03,Farrukh Iqbal,,,https://pide.org.pk/research/pakistans-political-business-cycle-and-external-debt-dilemma/,https://file.pide.org.pk/pdfpideresearch/discourse-2023-03-03-pakistans-political-business-cycle-and-external-debt-dilemma.pdf,,,pdfs/2023/05/discourse-2023-03-03-pakistans-political-business-cycle-and-external-debt-dilemma.pdf,data/fulltext/pakistans-political-business-cycle-and-external-debt-dilemma.txt,1514
misguided-attack-on-terf,Misguided Attack on TERF,2023-05-31,2023-05,2023,Policy and Research,Policy and Research; Discourse 2023-03,Gohar Ejaz,,,https://pide.org.pk/research/misguided-attack-on-terf/,https://file.pide.org.pk/pdfpideresearch/discourse-2023-03-23-misguided-attack-on-terf.pdf,,,pdfs/2023/05/discourse-2023-03-23-misguided-attack-on-terf.pdf,data/fulltext/misguided-attack-on-terf.txt,1821
language-and-education-policies-and-power-in-pakistan,Language and Education Policies and Power in Pakistan,2023-05-31,2023-05,2023,Policy and Research,Policy and Research; Discourse 2023-03,Tariq Rahman,,,https://pide.org.pk/research/language-and-education-policies-and-power-in-pakistan/,https://file.pide.org.pk/pdfpideresearch/discourse-2023-03-21-language-and-education-policies-and-power-in-pakistan.pdf,,,pdfs/2023/05/discourse-2023-03-21-language-and-education-policies-and-power-in-pakistan.pdf,data/fulltext/language-and-education-policies-and-power-in-pakistan.txt,2134
is-delaying-elections-an-option,Is delaying elections an option?,2023-05-31,2023-05,2023,Policy and Research,Policy and Research; Discourse 2023-03,Ahmed Bilal Mehboob,,,https://pide.org.pk/research/is-delaying-elections-an-option/,https://file.pide.org.pk/pdfpideresearch/discourse-2023-03-13-is-delaying-elections-an-option.pdf,,,pdfs/2023/05/discourse-2023-03-13-is-delaying-elections-an-option.pdf,data/fulltext/is-delaying-elections-an-option.txt,2147
inflation-and-sovereign-debt-in-pakistan,Inflation and Sovereign Debt in Pakistan,2023-05-31,2023-05,2023,Policy and Research,Policy and Research; Discourse 2023-03,Juvaria Jafri,,,https://pide.org.pk/research/inflation-and-sovereign-debt-in-pakistan/,https://file.pide.org.pk/pdfpideresearch/discourse-2023-03-04-inflation-and-sovereign-debt-in-pakistan.pdf,,https://repository.graduateinstitute.ch/record/286974/files/hausmann2002.pdf; https://eprints.soas.ac.uk/35254/1/DRGR%20Report%202021.pdf,pdfs/2023/05/discourse-2023-03-04-inflation-and-sovereign-debt-in-pakistan.pdf,data/fulltext/inflation-and-sovereign-debt-in-pakistan.txt,1394
how-to-avoid-a-lost-decade,How to Avoid a Lost Decade,2023-05-31,2023-05,2023,Policy and Research,Policy and Research; Discourse 2023-03,Murtaza Syed,,,https://pide.org.pk/research/how-to-avoid-a-lost-decade/,https://file.pide.org.pk/pdfpideresearch/discourse-2023-03-02-how-to-avoid-a-lost-decade.pdf,,,pdfs/2023/05/discourse-2023-03-02-how-to-avoid-a-lost-decade.pdf,data/fulltext/how-to-avoid-a-lost-decade.txt,1897
evolution-of-cricket-from-a-game-of-amateurs-to-a-billion-dollar-market,Evolution of Cricket: From a Game of Amateurs to a Billion-Dollar Market,2023-05-31,2023-05,2023,Policy and Research,Policy and Research; Discourse 2023-03,Waseem Abbas,,,https://pide.org.pk/research/evolution-of-cricket-from-a-game-of-amateurs-to-a-billion-dollar-market/,https://file.pide.org.pk/pdfpideresearch/discourse-2023-03-25-evolution-of-cricket-from-a-game-of-amateurs-to-a-billion-dollar-market.pdf,,,pdfs/2023/05/discourse-2023-03-25-evolution-of-cricket-from-a-game-of-amateurs-to-a-billion-dollar-market.pdf,data/fulltext/evolution-of-cricket-from-a-game-of-amateurs-to-a-billion-dollar-market.txt,1386
elections-should-under-no-circumstances-be-delayed,Elections Should Under No Circumstances Be Delayed,2023-05-31,2023-05,2023,Policy and Research,Policy and Research; Discourse 2023-03,Waqas Ahmed,,,https://pide.org.pk/research/elections-should-under-no-circumstances-be-delayed/,https://file.pide.org.pk/pdfpideresearch/discourse-2023-03-14-elections-should-under-no-circumstances-be-delayed.pdf,,,pdfs/2023/05/discourse-2023-03-14-elections-should-under-no-circumstances-be-delayed.pdf,data/fulltext/elections-should-under-no-circumstances-be-delayed.txt,1012
econ-fest,ECONFEST,2023-05-31,2023-05,2023,Policy and Research,Policy and Research; Discourse 2023-03,,,,https://pide.org.pk/research/econ-fest/,https://file.pide.org.pk/pdfpideresearch/discourse-2023-03-15-econfest.pdf,,,pdfs/2023/05/discourse-2023-03-15-econfest.pdf,data/fulltext/econ-fest.txt,1607
divided-curtains-and-sweet-symphonies-pre-partition-punjabs-contribution-to-indian-cinema,Divided Curtains and Sweet Symphonies: Pre-partition Punjab’s Contribution to Indian Cinema,2023-05-31,2023-05,2023,Policy and Research,Policy and Research; Discourse 2023-03,Waqas Manzoor,,,https://pide.org.pk/research/divided-curtains-and-sweet-symphonies-pre-partition-punjabs-contribution-to-indian-cinema/,https://file.pide.org.pk/pdfpideresearch/discourse-2023-03-27-divided-curtains-and-sweet-symphonies.pdf,,,pdfs/2023/05/discourse-2023-03-27-divided-curtains-and-sweet-symphonies.pdf,data/fulltext/divided-curtains-and-sweet-symphonies-pre-partition-punjabs-contribution-to-indian-cinema.txt,1768
debt-to-nature-swaps-and-the-triple-e-crises-of-pakistan,Debt-to-nature Swaps and the Triple E Crises of Pakistan,2023-05-31,2023-05,2023,Policy and Research,Policy and Research; Discourse 2023-03,Khalid Waleed,,,https://pide.org.pk/research/debt-to-nature-swaps-and-the-triple-e-crises-of-pakistan/,https://file.pide.org.pk/pdfpideresearch/discourse-2023-03-05-debt-to-nature-swaps-and-the-triple-e-crises-of-pakistan.pdf,,,pdfs/2023/05/discourse-2023-03-05-debt-to-nature-swaps-and-the-triple-e-crises-of-pakistan.pdf,data/fulltext/debt-to-nature-swaps-and-the-triple-e-crises-of-pakistan.txt,1524
debt-restructuring-a-ruse-peddled-as-a-solution,Debt Restructuring: A Ruse Peddled as a Solution!,2023-05-31,2023-05,2023,Policy and Research,Policy and Research; Discourse 2023-03,Shahid Mehmood,,,https://pide.org.pk/research/debt-restructuring-a-ruse-peddled-as-a-solution/,https://file.pide.org.pk/pdfpideresearch/discourse-2023-03-06-debt-restructuring-a-ruse-peddled-as-a-solution.pdf,,,pdfs/2023/05/discourse-2023-03-06-debt-restructuring-a-ruse-peddled-as-a-solution.pdf,data/fulltext/debt-restructuring-a-ruse-peddled-as-a-solution.txt,936
debating-festivals-do-we-need-more,Debating Festivals: Do We Need More?,2023-05-31,2023-05,2023,Policy and Research,Policy and Research; Discourse 2023-03,Jasir Shahbaz,,,https://pide.org.pk/research/debating-festivals-do-we-need-more/,https://file.pide.org.pk/pdfpideresearch/discourse-2023-03-26-debating-festivals-do-we-need-more.pdf,,,pdfs/2023/05/discourse-2023-03-26-debating-festivals-do-we-need-more.pdf,data/fulltext/debating-festivals-do-we-need-more.txt,1528
cover-story,COVER STORY,2023-05-31,2023-05,2023,Policy and Research,Policy and Research; Discourse 2023-03,PIDE,,,https://pide.org.pk/research/cover-story/,https://file.pide.org.pk/pdfpideresearch/discourse-2023-03-01-cover-piece.pdf,,,pdfs/2023/05/discourse-2023-03-01-cover-piece.pdf,data/fulltext/cover-story.txt,1735
communalism-turned-inside-jinnahs-pakistan,Communalism Turned Inside: Jinnah’s Pakistan,2023-05-31,2023-05,2023,Policy and Research,Policy and Research; Discourse 2023-03,Ishtiaq Ahmed,,,https://pide.org.pk/research/communalism-turned-inside-jinnahs-pakistan/,https://file.pide.org.pk/pdfpideresearch/discourse-2023-03-20-communalism-turned-inside-jinnahs-pakistan.pdf,,,pdfs/2023/05/discourse-2023-03-20-communalism-turned-inside-jinnahs-pakistan.pdf,data/fulltext/communalism-turned-inside-jinnahs-pakistan.txt,2047
the-age-of-gvcs,The age of GVCs,2023-05-30,2023-05,2023,PIDE in Press,PIDE in Press,Muhammad Zeshan,,,https://pide.org.pk/research/the-age-of-gvcs/,https://file.pide.org.pk/pdfpideinpress/pip-the-age-of-gvcs.pdf,,,pdfs/2023/05/pip-the-age-of-gvcs.pdf,data/fulltext/the-age-of-gvcs.txt,911
pakistans-rising-debt-and-dwindling-economy,Pakistan’s Rising Debt and Dwindling Economy,2023-05-29,2023-05,2023,PIDE in Press,PIDE in Press,Abdus Sattar,,,https://pide.org.pk/research/pakistans-rising-debt-and-dwindling-economy/,,,,,,0
path-to-competitive-trade-policy,Path to competitive trade policy,2023-05-26,2023-05,2023,PIDE in Press,PIDE in Press,Muhammad Zeshan,,,https://pide.org.pk/research/path-to-competitive-trade-policy/,https://file.pide.org.pk/pdfpideinpress/pip-path-to-competitive-trade-policy.pdf,,,pdfs/2023/05/pip-path-to-competitive-trade-policy.pdf,data/fulltext/path-to-competitive-trade-policy.txt,1142
empowering-smes-for-global-success,Empowering SMEs for Global Success,2023-05-26,2023-05,2023,PIDE in Press,PIDE in Press,Muhammad Zeshan,,,https://pide.org.pk/research/empowering-smes-for-global-success/,https://file.pide.org.pk/pdfpideinpress/pip-empowering-smes-for-global-success.pdf,,,pdfs/2023/05/pip-empowering-smes-for-global-success.pdf,data/fulltext/empowering-smes-for-global-success.txt,1146
reclaiming-the-realm-of-politics,Reclaiming the realm of politics,2023-05-25,2023-05,2023,PIDE in Press,PIDE in Press,Abbas Moosvi,,,https://pide.org.pk/research/reclaiming-the-realm-of-politics/,https://file.pide.org.pk/pdfpideinpress/pip-reclaiming-the-realm-of-politics.pdf,,,pdfs/2023/05/pip-reclaiming-the-realm-of-politics.pdf,data/fulltext/reclaiming-the-realm-of-politics.txt,1078
media-coverage-of-gb-conference,Media Coverage of GB Conference,2023-05-25,2023-05,2023,PIDE in Press,PIDE in Press,,,,https://pide.org.pk/research/media-coverage-of-gb-conference/,https://file.pide.org.pk/pdfpideinpress/pip-media-coverage-of-gb-conference.pdf,,,pdfs/2023/05/pip-media-coverage-of-gb-conference.pdf,data/fulltext/media-coverage-of-gb-conference.txt,342
wheat-support-price-a-note-for-policymakers-policy,Wheat Support Price: A Note for Policymakers (Policy),2023-05-11,2023-05,2023,PDR,PDR; 2023; Vol. 62 No.1-2023,Abdul Jalil; Fahd Zulfiqar; Muhammad Aqeel Anwar; Nasir Iqbal; Saud Ahmed Khan,,,https://pide.org.pk/research/wheat-support-price-a-note-for-policymakers-policy/,https://file.pide.org.pk/pdfpdr/2023/115-124.pdf,,,pdfs/2023/05/115-124.pdf,data/fulltext/wheat-support-price-a-note-for-policymakers-policy.txt,130
vol-62-no-1-2023,Vol. 62 No.1-2023,2023-05-11,2023-05,2023,PDR,PDR issue; 2023; Vol. 62 No.1-2023,,,,https://pide.org.pk/research/vol-62-no-1-2023/,https://file.pide.org.pk/pdfpdr/issue/pdr-2023-v62i1.pdf,https://file.pide.org.pk/pdfpdr/2023/1-14.pdf; https://file.pide.org.pk/pdfpdr/2023/15-40.pdf; https://file.pide.org.pk/pdfpdr/2023/41-59.pdf; https://file.pide.org.pk/pdfpdr/2023/61-85.pdf; https://file.pide.org.pk/pdfpdr/2023/87-104.pdf; https://file.pide.org.pk/pdfpdr/2023/105-114.pdf; https://file.pide.org.pk/pdfpdr/2023/115-124.pdf; https://file.pide.org.pk/pdfpdr/2023/125-131.pdf; https://file.pide.org.pk/pdfpdr/2023/133-143.pdf,,pdfs/2023/05/pdr-2023-v62i1.pdf,,0
towards-a-stable-economy-and-politics-policy,Towards a Stable Economy and Politics (Policy),2023-05-11,2023-05,2023,PDR,PDR; 2023; Vol. 62 No.1-2023,Nadeem Ul Haque; Raja Rafi Ullah,,,https://pide.org.pk/research/towards-a-stable-economy-and-politics-policy/,https://file.pide.org.pk/pdfpdr/2023/105-114.pdf,,,pdfs/2023/05/105-114.pdf,data/fulltext/towards-a-stable-economy-and-politics-policy.txt,70
the-fall-of-urdu-and-the-triumph-of-english-in-pakistan-a-political-economic-analysis-article,The Fall of Urdu and the Triumph of English in Pakistan: A Political Economic Analysis (Article),2023-05-11,2023-05,2023,PDR,PDR; 2023; Vol. 62 No.1-2023,Zehra Aftab; John Willoughby,Higher Education; Pakistan; Language; Education and Inequality,I24; I23; P16; Z13,https://pide.org.pk/research/the-fall-of-urdu-and-the-triumph-of-english-in-pakistan-a-political-economic-analysis-article/,https://file.pide.org.pk/pdfpdr/2023/87-104.pdf,,,pdfs/2023/05/87-104.pdf,data/fulltext/the-fall-of-urdu-and-the-triumph-of-english-in-pakistan-a-political-economic-analysis-article.txt,86
street-vending-an-introduction-and-overview-policy,Street Vending: An Introduction and Overview (Policy),2023-05-11,2023-05,2023,PDR,PDR; 2023; Vol. 62 No.1-2023,Abbas Moosvi,,,https://pide.org.pk/research/street-vending-an-introduction-and-overview-policy/,https://file.pide.org.pk/pdfpdr/2023/133-143.pdf,,,pdfs/2023/05/133-143.pdf,data/fulltext/street-vending-an-introduction-and-overview-policy.txt,153
performance-of-asian-mfis-the-role-of-capital-structure-and-macro-institutional-quality-article,Performance of Asian MFIs: The Role of Capital Structure and Macro-Institutional Quality (Article),2023-05-11,2023-05,2023,PDR,PDR; 2023; Vol. 62 No.1-2023,Adnan Habib; Shahriar Kabir,Social Performance; Financial Sustainability; Microfinance; Capital Structure; Mission Drift; Institutional Quality,,https://pide.org.pk/research/performance-of-asian-mfis-the-role-of-capital-structure-and-macro-institutional-quality-article/,https://file.pide.org.pk/pdfpdr/2023/15-40.pdf,,,pdfs/2023/05/15-40.pdf,data/fulltext/performance-of-asian-mfis-the-role-of-capital-structure-and-macro-institutional-quality-article.txt,220
firms-and-technology-adoption-the-role-of-political-institutions-and-market-size-article,Firms and Technology Adoption: The Role of Political Institutions and Market Size (Article),2023-05-11,2023-05,2023,PDR,PDR; 2023; Vol. 62 No.1-2023,Ahmed Waqar Qasim,Trade Policy; Rent-seeking; Political Economy; Lobbying; Technological Diffusion,O38; P16; O33; D72; F12,https://pide.org.pk/research/firms-and-technology-adoption-the-role-of-political-institutions-and-market-size-article/,https://file.pide.org.pk/pdfpdr/2023/61-85.pdf,,,pdfs/2023/05/61-85.pdf,data/fulltext/firms-and-technology-adoption-the-role-of-political-institutions-and-market-size-article.txt,171
dowry-and-female-education-a-theoretical-evaluation-article,Dowry and Female Education: A Theoretical Evaluation (Article),2023-05-11,2023-05,2023,PDR,PDR; 2023; Vol. 62 No.1-2023,Sushobhan Mahata; Rohan Kanti Khan; Soumyajit Mandal,Education Subsidy; Unemployment; Dowry; Female Education; Gender Wage Disparity,D11; D14; I20; J12,https://pide.org.pk/research/dowry-and-female-education-a-theoretical-evaluation-article/,https://file.pide.org.pk/pdfpdr/2023/41-59.pdf,,,pdfs/2023/05/41-59.pdf,data/fulltext/dowry-and-female-education-a-theoretical-evaluation-article.txt,175
does-free-market-mechanism-offer-a-win-win-situation-to-wheat-consumers-and-the-government-policy,Does Free Market Mechanism Offer a Win-Win Situation to Wheat Consumers and the Government? (Policy),2023-05-11,2023-05,2023,PDR,PDR; 2023; Vol. 62 No.1-2023,Abedullah Anjum,,,https://pide.org.pk/research/does-free-market-mechanism-offer-a-win-win-situation-to-wheat-consumers-and-the-government-policy/,https://file.pide.org.pk/pdfpdr/2023/125-131.pdf,,,pdfs/2023/05/125-131.pdf,data/fulltext/does-free-market-mechanism-offer-a-win-win-situation-to-wheat-consumers-and-the-government-policy.txt,107
construction-without-real-estate-development-article,Construction without Real Estate Development (Article),2023-05-11,2023-05,2023,PDR,PDR; 2023; Vol. 62 No.1-2023,Nadeem Ul Haque; Nadeem Khurshid,,,https://pide.org.pk/research/construction-without-real-estate-development-article/,https://file.pide.org.pk/pdfpdr/2023/1-14.pdf,,,pdfs/2023/05/1-14.pdf,data/fulltext/construction-without-real-estate-development-article.txt,247
rise-ye-children,"Rise, ye children",2023-05-08,2023-05,2023,PIDE in Press,PIDE in Press,Abbas Moosvi,,,https://pide.org.pk/research/rise-ye-children/,https://file.pide.org.pk/uploads/pip-rise-ye-children.pdf,,,pdfs/2023/05/pip-rise-ye-children.pdf,data/fulltext/rise-ye-children.txt,684
a-reflection-on-spiritual-beliefs,A Reflection on Spiritual Beliefs,2023-05-05,2023-05,2023,BASICS Notes,BASICS Notes; Rasta BASICS Notes; Center for Sustainable Futures; Center for Social and Behavioral Analysis,Durr-e-Nayab,,,https://pide.org.pk/research/a-reflection-on-spiritual-beliefs/,https://file.pide.org.pk/uploads/bn-07-a-reflection-on-spiritual-beliefs.pdf,,,pdfs/2023/05/bn-07-a-reflection-on-spiritual-beliefs.pdf,data/fulltext/a-reflection-on-spiritual-beliefs.txt,807
ranking-of-industrial-protection-in-pakistan,Ranking of Industrial Protection in Pakistan,2023-05-04,2023-05,2023,Infographics,Infographics; Center for Industry‚ Trade &amp; Digital Economy,Nadeem Ul Haque; Muhammad Zeshan,,,https://pide.org.pk/research/ranking-of-industrial-protection-in-pakistan/,https://file.pide.org.pk/uploads/ig-01-ranking-of-industrial-protection-in-pakistan.pdf,,,pdfs/2023/05/ig-01-ranking-of-industrial-protection-in-pakistan.pdf,,0
breaking-the-tanker-mafias-grip-on-pakistans-water-supply,Breaking The Tanker Mafia’s Grip On Pakistan’s Water Supply,2023-05-04,2023-05,2023,PIDE in Press,PIDE in Press,Abid Rehman,,,https://pide.org.pk/research/breaking-the-tanker-mafias-grip-on-pakistans-water-supply/,https://file.pide.org.pk/uploads/pip-breaking-the-tanker-mafias-grip-on-pakistans-water-supply.pdf,,,pdfs/2023/05/pip-breaking-the-tanker-mafias-grip-on-pakistans-water-supply.pdf,data/fulltext/breaking-the-tanker-mafias-grip-on-pakistans-water-supply.txt,728
media-coverage-of-basics-notes-6,Media Coverage of BASICS Notes 6,2023-05-02,2023-05,2023,PIDE in Press,PIDE in Press,,,,https://pide.org.pk/research/media-coverage-of-basics-notes-6/,https://file.pide.org.pk/uploads/pip-media-coverage-of-basics-notes-6.pdf,,,pdfs/2023/05/pip-media-coverage-of-basics-notes-6.pdf,,0
governance-mutation,Governance mutation,2023-05-02,2023-05,2023,PIDE in Press,PIDE in Press,Saddam Hussein,,,https://pide.org.pk/research/governance-mutation/,https://file.pide.org.pk/uploads/pip-governance-mutation.pdf,,,pdfs/2023/05/pip-governance-mutation.pdf,data/fulltext/governance-mutation.txt,611
shaping-minds-and-bodies-do-we-have-the-facilities,Shaping Minds and Bodies: Do We Have the Facilities?,2023-04-27,2023-04,2023,BASICS Notes,BASICS Notes; Rasta BASICS Notes; Center for Sustainable Futures; Center for Social and Behavioral Analysis,Durr-e-Nayab,,,https://pide.org.pk/research/shaping-minds-and-bodies-do-we-have-the-facilities/,https://file.pide.org.pk/uploads/bn-06-shaping-minds-and-bodies-do-we-have-the-facilities.pdf,,,pdfs/2023/04/bn-06-shaping-minds-and-bodies-do-we-have-the-facilities.pdf,data/fulltext/shaping-minds-and-bodies-do-we-have-the-facilities.txt,1218
why-our-graduates-are-mass-migrating,Why our graduates are mass migrating,2023-04-26,2023-04,2023,PIDE in Press,PIDE in Press,Henna Ahsan; Muhammad Jehangir Khan,,,https://pide.org.pk/research/why-our-graduates-are-mass-migrating/,https://file.pide.org.pk/uploads/pip-why-our-graduates-are-mass-migrating.pdf,,,pdfs/2023/04/pip-why-our-graduates-are-mass-migrating.pdf,data/fulltext/why-our-graduates-are-mass-migrating.txt,885
on-freedom,On freedom,2023-04-19,2023-04,2023,PIDE in Press,PIDE in Press,Abbas Moosvi,,,https://pide.org.pk/research/on-freedom/,https://file.pide.org.pk/uploads/pip-on-freedom.pdf,,,pdfs/2023/04/pip-on-freedom.pdf,data/fulltext/on-freedom.txt,1080
the-political-is-all-personal,The political is all personal,2023-04-18,2023-04,2023,PIDE in Press,PIDE in Press,Muhammad Zeshan,,,https://pide.org.pk/research/the-political-is-all-personal/,https://file.pide.org.pk/uploads/pip-the-political-is-all-personal.pdf,,,pdfs/2023/04/pip-the-political-is-all-personal.pdf,data/fulltext/the-political-is-all-personal.txt,1025
investment-exports-and-governance,Investment Exports and Governance,2023-04-17,2023-04,2023,PIDE in Press,PIDE in Press,Muhammad Zeshan,,,https://pide.org.pk/research/investment-exports-and-governance/,https://file.pide.org.pk/uploads/pip-investment-exports-and-governance.pdf,,,pdfs/2023/04/pip-investment-exports-and-governance.pdf,data/fulltext/investment-exports-and-governance.txt,906
is-the-decision-to-obtain-higher-education-in-pakistan-worth-repaying-new-evidence-from-returns-on-education-for-paid-employees,Is the Decision to Obtain Higher Education in Pakistan Worth Repaying? New Evidence from Returns on Education for Paid-Employees,2023-04-06,2023-04,2023,Working Paper,Working Paper; Center for Sustainable Futures; Center for Social and Behavioral Analysis,Ghulam Mustafa,,,https://pide.org.pk/research/is-the-decision-to-obtain-higher-education-in-pakistan-worth-repaying-new-evidence-from-returns-on-education-for-paid-employees/,https://file.pide.org.pk/uploads/wp-23-6-is-the-decision-to-obtain-higher-education-in-pakistan-worth-repaying-new-evidence-from-returns-on-education-for-paid-employees.pdf,,,pdfs/2023/04/wp-23-6-is-the-decision-to-obtain-higher-education-in-pakistan-worth-repaying-new-evidence-from-returns-on-education-for-paid-employees.pdf,data/fulltext/is-the-decision-to-obtain-higher-education-in-pakistan-worth-repaying-new-evidence-from-returns-on-education-for-paid-employees.txt,722
democratization-of-narrative-building,Democratization of narrative building,2023-04-05,2023-04,2023,PIDE in Press,PIDE in Press,Mohammad Shaaf Najib,,,https://pide.org.pk/research/democratization-of-narrative-building/,https://file.pide.org.pk/uploads/pip-democratization-of-narrative-building.pdf,,,pdfs/2023/04/pip-democratization-of-narrative-building.pdf,data/fulltext/democratization-of-narrative-building.txt,989
whats-your-degree-worth-return-to-education-employability-and-upskilling-workforce-in-pakistan-2,"What’s your Degree Worth? Return to Education, Employability, and Upskilling Workforce in Pakistan",2023-04-04,2023-04,2023,Knowledge Brief,Knowledge Brief; Center for Sustainable Futures; Center for Social and Behavioral Analysis,Saman Nazir; Hafsa Hina,EDUCATION; Employability; Return to Education,,https://pide.org.pk/research/whats-your-degree-worth-return-to-education-employability-and-upskilling-workforce-in-pakistan-2/,https://file.pide.org.pk/uploads/kb-101-whats-your-degree-worth-return-to-education-employability-and-upskilling-workforce-in-pakistan.pdf,,,pdfs/2023/04/kb-101-whats-your-degree-worth-return-to-education-employability-and-upskilling-workforce-in-pakistan.pdf,data/fulltext/whats-your-degree-worth-return-to-education-employability-and-upskilling-workforce-in-pakistan-2.txt,2321
the-impact-of-railway-development-on-economic-growth-through-cpec,The Impact of Railway Development on Economic Growth through CPEC,2023-04-03,2023-04,2023,Working Paper,Working Paper; Center for Energy‚ Logistics‚ and Infrastructure,Abida Naurin; Shahbaz Gul,Pakistan Railway; CPEC; economic development; VECM.; Time-series,C32; O1; O2; C34,https://pide.org.pk/research/the-impact-of-railway-development-on-economic-growth-through-cpec/,https://file.pide.org.pk/uploads/wp-23-5-the-impact-of-railway-development-on-economic-growth-through-cpec.pdf,,,pdfs/2023/04/wp-23-5-the-impact-of-railway-development-on-economic-growth-through-cpec.pdf,data/fulltext/the-impact-of-railway-development-on-economic-growth-through-cpec.txt,262
smes-and-economic-development,SMEs and Economic Development,2023-04-03,2023-04,2023,PIDE in Press,PIDE in Press,Muhammad Zeshan,,,https://pide.org.pk/research/smes-and-economic-development/,https://file.pide.org.pk/uploads/pip-smes-and-economic-development.pdf,,,pdfs/2023/04/pip-smes-and-economic-development.pdf,data/fulltext/smes-and-economic-development.txt,808
media-coverage-of-pides-mou-with-edp,Media Coverage of PIDE’s MoU with EDP,2023-04-03,2023-04,,PIDE in Press,PIDE in Press,,,,https://pide.org.pk/research/media-coverage-of-pides-mou-with-edp/,,,,,data/fulltext/media-coverage-of-pides-mou-with-edp.txt,13
urban-policy-for-intermediate-cities-the-neglected-middle-tier,Urban Policy For Intermediate Cities: The Neglected Middle-Tier,2023-03-31,2023-03,2023,PIDE in Press,PIDE in Press,Abid Rehman,,,https://pide.org.pk/research/urban-policy-for-intermediate-cities-the-neglected-middle-tier/,https://file.pide.org.pk/uploads/pip-urban-policy-for-intermediate-cities-the-neglected-middle-tier.pdf,,,pdfs/2023/03/pip-urban-policy-for-intermediate-cities-the-neglected-middle-tier.pdf,data/fulltext/urban-policy-for-intermediate-cities-the-neglected-middle-tier.txt,672
disaggregating-the-graduate-unemployment-in-pakistan,Disaggregating the Graduate Unemployment in Pakistan,2023-03-31,2023-03,2023,Knowledge Brief,Knowledge Brief; Macro Policy Lab; Center for Social and Behavioral Analysis,Henna Ahsan; Muhammad Jehangir Khan,,,https://pide.org.pk/research/disaggregating-the-graduate-unemployment-in-pakistan/,https://file.pide.org.pk/uploads/kb-100-disaggregating-the-graduate-unemployment-in-pakistan.pdf,,,pdfs/2023/03/kb-100-disaggregating-the-graduate-unemployment-in-pakistan.pdf,data/fulltext/disaggregating-the-graduate-unemployment-in-pakistan.txt,1811
elections-necessary-but-woefully-insufficient,Elections: necessary but woefully insufficient,2023-03-30,2023-03,2023,PIDE in Press,PIDE in Press,Abbas Moosvi,,,https://pide.org.pk/research/elections-necessary-but-woefully-insufficient/,https://file.pide.org.pk/uploads/pip-elections-necessary-but-woefully-insufficient.pdf,,,pdfs/2023/03/pip-elections-necessary-but-woefully-insufficient.pdf,data/fulltext/elections-necessary-but-woefully-insufficient.txt,684
e-commerce-and-its-potential-in-pakistan,E-commerce and its potential in Pakistan,2023-03-29,2023-03,2023,PIDE in Press,PIDE in Press,Muhammad Zeshan,,,https://pide.org.pk/research/e-commerce-and-its-potential-in-pakistan/,https://file.pide.org.pk/uploads/pip-e-commerce-and-its-potential-in-pakistan.pdf,,,pdfs/2023/03/pip-e-commerce-and-its-potential-in-pakistan.pdf,data/fulltext/e-commerce-and-its-potential-in-pakistan.txt,605
what-are-the-factors-making-pakistans-exports-stagnant-insight-from-literature-review,What Are The Factors Making Pakistan’s Exports Stagnant? Insight From Literature Review,2023-03-28,2023-03,2023,Knowledge Brief,Knowledge Brief,Ghulam Mustafa; Saqib Hussain,,,https://pide.org.pk/research/what-are-the-factors-making-pakistans-exports-stagnant-insight-from-literature-review/,https://file.pide.org.pk/uploads/kb-099-what-are-the-factors-making-pakistans-exports-stagnant-insight-from-literature-review.pdf,,,pdfs/2023/03/kb-099-what-are-the-factors-making-pakistans-exports-stagnant-insight-from-literature-review.pdf,data/fulltext/what-are-the-factors-making-pakistans-exports-stagnant-insight-from-literature-review.txt,4269
the-holy-month-with-unholy-prices,The holy month with unholy prices,2023-03-28,2023-03,2023,PIDE in Press,PIDE in Press,Muhammad Zeshan,,,https://pide.org.pk/research/the-holy-month-with-unholy-prices/,https://file.pide.org.pk/uploads/pip-the-holy-month-with-unholy-prices.pdf,,,pdfs/2023/03/pip-the-holy-month-with-unholy-prices.pdf,data/fulltext/the-holy-month-with-unholy-prices.txt,702
the-structural-culpabilities-of-pakistans-economy,The Structural Culpabilities of Pakistan’s Economy,2023-03-27,2023-03,2023,PIDE in Press,PIDE in Press,Abdus Sattar,,,https://pide.org.pk/research/the-structural-culpabilities-of-pakistans-economy/,https://file.pide.org.pk/uploads/pip-the-structural-culpabilities-of-pakistans-economy.pdf,,,pdfs/2023/03/pip-the-structural-culpabilities-of-pakistans-economy.pdf,data/fulltext/the-structural-culpabilities-of-pakistans-economy.txt,885
pide-sludge-audit-vol-2,PIDE SLUDGE AUDIT VOL – 2,2023-03-27,2023-03,2023,Sludge Audits; Sludge Series,Sludge Audits; Rasta Sludge Series; Center for Governance‚ Markets and Regulatory Analysis,Nadeem Ul Haque; Ahmed Waqar Qasim; Faheem Jehangir Khan,,,https://pide.org.pk/research/pide-sludge-audit-vol-2/,https://file.pide.org.pk/pdfpideresearch/pide-sludge-audit-vol-2.pdf,,,pdfs/2023/03/pide-sludge-audit-vol-2.pdf,data/fulltext/pide-sludge-audit-vol-2.txt,165
tim-hortons-and-pakistani-mindset,Tim Hortons and Pakistani Mindset,2023-03-22,2023-03,2023,PIDE in Press,PIDE in Press,Iqra Munawar,,,https://pide.org.pk/research/tim-hortons-and-pakistani-mindset/,https://file.pide.org.pk/uploads/pip-tim-hortons-and-pakistani-mindset.pdf,,,pdfs/2023/03/pip-tim-hortons-and-pakistani-mindset.pdf,data/fulltext/tim-hortons-and-pakistani-mindset.txt,916
the-political-economy-of-higher-education-in-pakistan,The Political Economy of Higher Education in Pakistan,2023-03-22,2023-03,2023,Webinars Brief,Webinars Brief; Center for Sustainable Futures; Center for Governance‚ Markets and Regulatory Analysis,Wajhullah Fahim,,,https://pide.org.pk/research/the-political-economy-of-higher-education-in-pakistan/,https://file.pide.org.pk/uploads/wb-119-the-political-economy-of-higher-education-in-pakistan.pdf,,,pdfs/2023/03/wb-119-the-political-economy-of-higher-education-in-pakistan.pdf,data/fulltext/the-political-economy-of-higher-education-in-pakistan.txt,577
the-challenge-of-analysis-paralysis,The challenge of analysis paralysis,2023-03-22,2023-03,2023,PIDE in Press,PIDE in Press,Abida Naurin; Mehvish Altaf,,,https://pide.org.pk/research/the-challenge-of-analysis-paralysis/,https://file.pide.org.pk/uploads/pip-the-challenge-of-analysis-paralysis.pdf,,,pdfs/2023/03/pip-the-challenge-of-analysis-paralysis.pdf,data/fulltext/the-challenge-of-analysis-paralysis.txt,702
education-quality,Education quality,2023-03-21,2023-03,2023,PIDE in Press,PIDE in Press,Muhammad Jehangir Khan,,,https://pide.org.pk/research/education-quality/,https://file.pide.org.pk/uploads/pip-education-quality.pdf,,,pdfs/2023/03/pip-education-quality.pdf,data/fulltext/education-quality.txt,535
structural-adjustment-flops,Structural adjustment flops,2023-03-16,2023-03,2023,PIDE in Press,PIDE in Press,Abbas Moosvi,,,https://pide.org.pk/research/structural-adjustment-flops/,https://file.pide.org.pk/uploads/pip-structural-adjustment-flops.pdf,,,pdfs/2023/03/pip-structural-adjustment-flops.pdf,data/fulltext/structural-adjustment-flops.txt,1100
inefficient-land-use,Inefficient land use,2023-03-15,2023-03,2023,PIDE in Press,PIDE in Press,Raja Rafi Ullah,,,https://pide.org.pk/research/inefficient-land-use/,https://file.pide.org.pk/uploads/pip-inefficient-land-use.pdf,,,pdfs/2023/03/pip-inefficient-land-use.pdf,data/fulltext/inefficient-land-use.txt,651
media-coverage-of-two-days-of-econ-fest,Media Coverage of two days of EconFest,2023-03-14,2023-03,2023,PIDE in Press,PIDE in Press,,,,https://pide.org.pk/research/media-coverage-of-two-days-of-econ-fest/,,,,,data/fulltext/media-coverage-of-two-days-of-econ-fest.txt,87
developing-the-essential-skills-for-making-quality-decisions,Developing the Essential Skills for Making Quality Decisions,2023-03-14,2023-03,2023,Webinars Brief,Webinars Brief; Center for Sustainable Futures; Center for Governance‚ Markets and Regulatory Analysis,Saima Sadiq,,,https://pide.org.pk/research/developing-the-essential-skills-for-making-quality-decisions/,https://file.pide.org.pk/uploads/wb-118-developing-the-essential-skills-for-making-quality-decisions.pdf,,,pdfs/2023/03/wb-118-developing-the-essential-skills-for-making-quality-decisions.pdf,data/fulltext/developing-the-essential-skills-for-making-quality-decisions.txt,683
tiktok-polis-a-city-for-gen-z,Tiktok-Polis: A City for Gen-Z?,2023-03-09,2023-03,2023,Policy and Research,Policy and Research; Discourse 2023-02,Hammad Bilal,,,https://pide.org.pk/research/tiktok-polis-a-city-for-gen-z/,https://file.pide.org.pk/uploads/discourse-2023-02-25-tiktok-polis-a-city-for-gen-z.pdf,,,pdfs/2023/03/discourse-2023-02-25-tiktok-polis-a-city-for-gen-z.pdf,data/fulltext/tiktok-polis-a-city-for-gen-z.txt,1677
the-seven-deadly-sins-of-pakistans-economic-managers,The Seven Deadly Sins of Pakistan’s Economic Managers,2023-03-09,2023-03,2023,Policy and Research,Policy and Research; Discourse 2023-02,Murtaza Syed,,,https://pide.org.pk/research/the-seven-deadly-sins-of-pakistans-economic-managers/,https://file.pide.org.pk/uploads/discourse-2023-02-02-the-seven-deadly-sins-of-pakistans-economic-managers.pdf,,,pdfs/2023/03/discourse-2023-02-02-the-seven-deadly-sins-of-pakistans-economic-managers.pdf,data/fulltext/the-seven-deadly-sins-of-pakistans-economic-managers.txt,1661
the-plight-of-persons-with-disabilities,The Plight of Persons With Disabilities,2023-03-09,2023-03,2023,P &amp; R Magazine,Policy and Research; Discourse 2023-02,Hussain Odhwani,,,https://pide.org.pk/research/the-plight-of-persons-with-disabilities/,https://file.pide.org.pk/uploads/discourse-2023-02-18-the-plight-of-persons-with-disabilities.pdf,,,pdfs/2023/03/discourse-2023-02-18-the-plight-of-persons-with-disabilities.pdf,data/fulltext/the-plight-of-persons-with-disabilities.txt,964
the-european-unions-textile-waste-and-used-clothing-in-pakistan,The European Union’s Textile Waste and Used Clothing in Pakistan,2023-03-09,2023-03,2023,Policy and Research,Policy and Research; Discourse 2023-02,Shahid Sattar; Noreen Akhtar,,,https://pide.org.pk/research/the-european-unions-textile-waste-and-used-clothing-in-pakistan/,https://file.pide.org.pk/uploads/discourse-2023-02-21-the-european-unions-textile-waste-and-used-clothing.pdf,,https://planet-tracker.org/wp-content/uploads/2023/01/Greenwashing-Hydra-3.pdf,pdfs/2023/03/discourse-2023-02-21-the-european-unions-textile-waste-and-used-clothing.pdf,data/fulltext/the-european-unions-textile-waste-and-used-clothing-in-pakistan.txt,1461
the-conundrum-of-711-ce,The Conundrum of 711 CE,2023-03-09,2023-03,2023,P &amp; R Magazine,Policy and Research; Discourse 2023-02,Muhammad Huzaifa Nizam,,,https://pide.org.pk/research/the-conundrum-of-711-ce/,https://file.pide.org.pk/uploads/discourse-2023-02-19-the-conundrum-of-711-ce.pdf,,,pdfs/2023/03/discourse-2023-02-19-the-conundrum-of-711-ce.pdf,data/fulltext/the-conundrum-of-711-ce.txt,1548
teach-them-the-truth-nothing-but-the-truth,Teach them the Truth: Nothing But the Truth!,2023-03-09,2023-03,2023,Policy and Research,Policy and Research; Discourse 2023-02,Fida Muhammad Khan,,,https://pide.org.pk/research/teach-them-the-truth-nothing-but-the-truth/,https://file.pide.org.pk/uploads/discourse-2023-02-16-teach-them-the-truth-nothing-but-the-truth.pdf,,,pdfs/2023/03/discourse-2023-02-16-teach-them-the-truth-nothing-but-the-truth.pdf,data/fulltext/teach-them-the-truth-nothing-but-the-truth.txt,1453
reimagining-economics-in-the-pakistan-context,Reimagining Economics in the Pakistan Context,2023-03-09,2023-03,2023,Policy and Research,Policy and Research; Discourse 2023-02,Nasim Beg,,,https://pide.org.pk/research/reimagining-economics-in-the-pakistan-context/,https://file.pide.org.pk/uploads/discourse-2023-02-07-reimagining-economics-in-the-pakistan-context.pdf,,,pdfs/2023/03/discourse-2023-02-07-reimagining-economics-in-the-pakistan-context.pdf,data/fulltext/reimagining-economics-in-the-pakistan-context.txt,1598
recovering-from-current-economic-woes,Recovering from Current Economic Woes,2023-03-09,2023-03,2023,Policy and Research,Policy and Research; Discourse 2023-02,Karim Khan,,,https://pide.org.pk/research/recovering-from-current-economic-woes/,https://file.pide.org.pk/uploads/discourse-2023-02-06-recovering-from-current-economic-woes.pdf,,,pdfs/2023/03/discourse-2023-02-06-recovering-from-current-economic-woes.pdf,data/fulltext/recovering-from-current-economic-woes.txt,1521
reaping-the-benefits-of-consistent-policy-measures,Reaping the Benefits of Consistent Policy Measures,2023-03-09,2023-03,2023,Policy and Research,Policy and Research; Discourse 2023-02,Asif Inam,,,https://pide.org.pk/research/reaping-the-benefits-of-consistent-policy-measures/,https://file.pide.org.pk/uploads/discourse-2023-02-10-reaping-the-benefits-of-consistent-policy-measures.pdf,,,pdfs/2023/03/discourse-2023-02-10-reaping-the-benefits-of-consistent-policy-measures.pdf,data/fulltext/reaping-the-benefits-of-consistent-policy-measures.txt,1619
privatisation-and-power,Privatisation and Power,2023-03-09,2023-03,2023,Policy and Research,Policy and Research; Discourse 2023-02,Taimur Rahman,,,https://pide.org.pk/research/privatisation-and-power/,https://file.pide.org.pk/uploads/discourse-2023-02-04-privatisation-and-power.pdf,,,pdfs/2023/03/discourse-2023-02-04-privatisation-and-power.pdf,data/fulltext/privatisation-and-power.txt,1052
policy-vs-technology,Policy vs Technology,2023-03-09,2023-03,2023,Policy and Research,Policy and Research; Discourse 2023-02,Hussain Nadim,,,https://pide.org.pk/research/policy-vs-technology/,https://file.pide.org.pk/uploads/discourse-2023-02-14-policy-vs-technology.pdf,,,pdfs/2023/03/discourse-2023-02-14-policy-vs-technology.pdf,data/fulltext/policy-vs-technology.txt,850
pides-charter-of-economy-petition-to-all-the-political-leaders-parties-of-pakistan-2,PIDE’s Charter of Economy: Petition to all the Political Leaders/Parties of Pakistan,2023-03-09,2023-03,2023,Policy and Research,Policy and Research; Discourse 2023-02,PIDE,,,https://pide.org.pk/research/pides-charter-of-economy-petition-to-all-the-political-leaders-parties-of-pakistan-2/,https://file.pide.org.pk/uploads/discourse-2023-02-001-pides-charter-of-economy.pdf,,,pdfs/2023/03/discourse-2023-02-001-pides-charter-of-economy.pdf,data/fulltext/pides-charter-of-economy-petition-to-all-the-political-leaders-parties-of-pakistan-2.txt,220
pide-bi-monthly-round-up-2,PIDE Bi-Monthly Round Up (Discourse 2023-02),2023-03-09,2023-03,2023,Policy and Research,Policy and Research; Discourse 2023-02,,,,https://pide.org.pk/research/pide-bi-monthly-round-up-2/,https://file.pide.org.pk/uploads/discourse-2023-02-26-pide-bi-monthly-roundup.pdf,,,pdfs/2023/03/discourse-2023-02-26-pide-bi-monthly-roundup.pdf,data/fulltext/pide-bi-monthly-round-up-2.txt,330
pakistans-historical-neglect-of-gilgit-baltistan,Pakistan’s Historical Neglect of Gilgit-Baltistan,2023-03-09,2023-03,2023,Policy and Research,Policy and Research; Discourse 2023-02,Mudabbir Akhund,,,https://pide.org.pk/research/pakistans-historical-neglect-of-gilgit-baltistan/,https://file.pide.org.pk/uploads/discourse-2023-02-08-pakistans-historical-neglect-of-gilgit-baltistan.pdf,,,pdfs/2023/03/discourse-2023-02-08-pakistans-historical-neglect-of-gilgit-baltistan.pdf,data/fulltext/pakistans-historical-neglect-of-gilgit-baltistan.txt,1165
pakistans-freakonomics-words-woes-way-out,"Pakistan’s Freakonomics: Words, Woes & Way Out",2023-03-09,2023-03,2023,Policy and Research,Policy and Research; Discourse 2023-02,Maryam Khan,,,https://pide.org.pk/research/pakistans-freakonomics-words-woes-way-out/,https://file.pide.org.pk/uploads/discourse-2023-02-09-pakistans-freakonomics-words-woes-and-way-out.pdf,,,pdfs/2023/03/discourse-2023-02-09-pakistans-freakonomics-words-woes-and-way-out.pdf,data/fulltext/pakistans-freakonomics-words-woes-way-out.txt,1405
pakistans-economic-recovery-the-way-forward,Pakistan’s Economic Recovery: The Way Forward,2023-03-09,2023-03,2023,Policy and Research,Policy and Research; Discourse 2023-02,Hadia Majid,,,https://pide.org.pk/research/pakistans-economic-recovery-the-way-forward/,https://file.pide.org.pk/uploads/discourse-2023-02-03-pakistans-economic-recovery-the-way-forward.pdf,,,pdfs/2023/03/discourse-2023-02-03-pakistans-economic-recovery-the-way-forward.pdf,data/fulltext/pakistans-economic-recovery-the-way-forward.txt,1291
pakistans-craft-industry-reflects-the-countrys-own-history,Pakistan’s Craft Industry Reflects The Country’s Own History,2023-03-09,2023-03,2023,Policy and Research,Policy and Research; Discourse 2023-02,Mehr Husain,,,https://pide.org.pk/research/pakistans-craft-industry-reflects-the-countrys-own-history/,https://file.pide.org.pk/uploads/discourse-2023-02-24-pakistans-craft-industry-reflects-the-countrys.pdf,,,pdfs/2023/03/discourse-2023-02-24-pakistans-craft-industry-reflects-the-countrys.pdf,data/fulltext/pakistans-craft-industry-reflects-the-countrys-own-history.txt,1252
pakistans-complicated-relationship-with-diaspora-footballers,Pakistan’s Complicated Relationship with Diaspora Footballers,2023-03-09,2023-03,2023,Policy and Research,Policy and Research; Discourse 2023-02,Muneeb Farrukh,,,https://pide.org.pk/research/pakistans-complicated-relationship-with-diaspora-footballers/,https://file.pide.org.pk/uploads/discourse-2023-02-23-pakistans-complicated-relationship-with-diaspora.pdf,,,pdfs/2023/03/discourse-2023-02-23-pakistans-complicated-relationship-with-diaspora.pdf,data/fulltext/pakistans-complicated-relationship-with-diaspora-footballers.txt,1287
no-pretending-about-politics,No Pretending About Politics,2023-03-09,2023-03,2023,Policy and Research,Policy and Research; Discourse 2023-02,Aasim Sajjad Akhtar,,,https://pide.org.pk/research/no-pretending-about-politics/,https://file.pide.org.pk/uploads/discourse-2023-02-13-no-pretending-about-politics.pdf,,,pdfs/2023/03/discourse-2023-02-13-no-pretending-about-politics.pdf,data/fulltext/no-pretending-about-politics.txt,1076
khandaan-khaanaa-and-finding-my-footing-in-the-pakistani-diaspora,"Khandaan, Khaanaa and Finding My Footing in the Pakistani Diaspora",2023-03-09,2023-03,2023,Policy and Research,Policy and Research; Discourse 2023-02,Ayesha Le Breton,,,https://pide.org.pk/research/khandaan-khaanaa-and-finding-my-footing-in-the-pakistani-diaspora/,https://file.pide.org.pk/uploads/discourse-2023-02-17-khandaan-khaanaa-and-finding-my-footing-in-the-pakistani-diaspora.pdf,,,pdfs/2023/03/discourse-2023-02-17-khandaan-khaanaa-and-finding-my-footing-in-the-pakistani-diaspora.pdf,data/fulltext/khandaan-khaanaa-and-finding-my-footing-in-the-pakistani-diaspora.txt,1242
intro-should-pakistans-institutions-be-depoliticised,Intro: Should Pakistan’s Institutions Be Depoliticised?,2023-03-09,2023-03,2023,Policy and Research,Policy and Research; Discourse 2023-02,PIDE,,,https://pide.org.pk/research/intro-should-pakistans-institutions-be-depoliticised/,https://file.pide.org.pk/uploads/discourse-2023-02-11-should-pakistans-institutions-be-depoliticised.pdf,,,pdfs/2023/03/discourse-2023-02-11-should-pakistans-institutions-be-depoliticised.pdf,data/fulltext/intro-should-pakistans-institutions-be-depoliticised.txt,899
how-mcdonalds-makes-money,How McDonald’s makes money,2023-03-09,2023-03,2023,PIDE in Press,PIDE in Press,Mohammad Armughan,,,https://pide.org.pk/research/how-mcdonalds-makes-money/,https://file.pide.org.pk/uploads/pip-how-mcdonalds-makes-money.pdf,,,pdfs/2023/03/pip-how-mcdonalds-makes-money.pdf,data/fulltext/how-mcdonalds-makes-money.txt,852
firm-productivity-in-pakistan-challenges-and-way-forward,Firm Productivity in Pakistan: Challenges and Way Forward,2023-03-09,2023-03,2023,Policy and Research,Policy and Research; Discourse 2023-02,Waqas Ahmed,,,https://pide.org.pk/research/firm-productivity-in-pakistan-challenges-and-way-forward/,https://file.pide.org.pk/uploads/discourse-2023-02-22-firm-productivity-in-pakistan-challenges-and-way.pdf,,,pdfs/2023/03/discourse-2023-02-22-firm-productivity-in-pakistan-challenges-and-way.pdf,data/fulltext/firm-productivity-in-pakistan-challenges-and-way-forward.txt,980
evolving-a-limited-and-responsible-federal-govt-14-point-fiscal-charter,Evolving a Limited and Responsible Federal Govt: 14 Point Fiscal Charter,2023-03-09,2023-03,2023,Policy and Research,Policy and Research; Discourse 2023-02,Ali Salman,,,https://pide.org.pk/research/evolving-a-limited-and-responsible-federal-govt-14-point-fiscal-charter/,https://file.pide.org.pk/uploads/discourse-2023-02-01-evolving-a-limited-and-responsible-federal-government.pdf,,,pdfs/2023/03/discourse-2023-02-01-evolving-a-limited-and-responsible-federal-government.pdf,data/fulltext/evolving-a-limited-and-responsible-federal-govt-14-point-fiscal-charter.txt,1266
economic-recovery-investment-employment-productivity,"Economic Recovery: Investment, Employment, Productivity",2023-03-09,2023-03,2023,Policy and Research,Policy and Research; P &amp; R Magazine,,,,https://pide.org.pk/research/economic-recovery-investment-employment-productivity/,https://file.pide.org.pk/uploads/discourse-2023-02.pdf,,,pdfs/2023/03/discourse-2023-02.pdf,data/fulltext/economic-recovery-investment-employment-productivity.txt,279
depoliticisation-of-institutions-the-way-forward,Depoliticisation of Institutions: The Way Forward,2023-03-09,2023-03,2023,Policy and Research,Policy and Research; Discourse 2023-02,Shahid Kardar,,,https://pide.org.pk/research/depoliticisation-of-institutions-the-way-forward/,https://file.pide.org.pk/uploads/discourse-2023-02-12-depoliticisation-of-institutions-the-way-forward.pdf,,,pdfs/2023/03/discourse-2023-02-12-depoliticisation-of-institutions-the-way-forward.pdf,data/fulltext/depoliticisation-of-institutions-the-way-forward.txt,1374
cover-piece,COVER PIECE (Discourse 2023-02),2023-03-09,2023-03,2023,Policy and Research,Policy and Research; Discourse 2023-02,PIDE,,,https://pide.org.pk/research/cover-piece/,https://file.pide.org.pk/uploads/discourse-2023-02-0001-cover-piece.pdf,,,pdfs/2023/03/discourse-2023-02-0001-cover-piece.pdf,data/fulltext/cover-piece.txt,1485
contextualizing-literary-censorship-in-pakistan-the-legacy-of-colonial-penal-codes,Contextualizing Literary Censorship in Pakistan: The Legacy of Colonial Penal Codes,2023-03-09,2023-03,2023,Policy and Research,Policy and Research; Discourse 2023-02,Fatima Z. Naveed,,,https://pide.org.pk/research/contextualizing-literary-censorship-in-pakistan-the-legacy-of-colonial-penal-codes/,https://file.pide.org.pk/uploads/discourse-2023-02-20-contextualizing-literary-censorship-in-pakistan.pdf,,,pdfs/2023/03/discourse-2023-02-20-contextualizing-literary-censorship-in-pakistan.pdf,data/fulltext/contextualizing-literary-censorship-in-pakistan-the-legacy-of-colonial-penal-codes.txt,1441
adjustment-with-an-austere-face,Adjustment with an Austere Face,2023-03-09,2023-03,2023,Policy and Research,Policy and Research; Discourse 2023-02,Pervez Tahir,,,https://pide.org.pk/research/adjustment-with-an-austere-face/,https://file.pide.org.pk/uploads/discourse-2023-02-05-adjustment-with-an-austere-face.pdf,,,pdfs/2023/03/discourse-2023-02-05-adjustment-with-an-austere-face.pdf,data/fulltext/adjustment-with-an-austere-face.txt,1239
a-case-for-student-unions-in-pakistan,A Case for Student Unions in Pakistan,2023-03-09,2023-03,2023,Policy and Research,Policy and Research; Discourse 2023-02,Tooba Syed,,,https://pide.org.pk/research/a-case-for-student-unions-in-pakistan/,https://file.pide.org.pk/uploads/discourse-2023-02-15-a-case-for-student-unions-in-pakistan.pdf,,,pdfs/2023/03/discourse-2023-02-15-a-case-for-student-unions-in-pakistan.pdf,data/fulltext/a-case-for-student-unions-in-pakistan.txt,1071
price-statistics-methodology-in-pakistan,Price Statistics Methodology In Pakistan,2023-03-06,2023-03,2023,Webinars Brief,Webinars Brief; Macro Policy Lab; Center for Governance‚ Markets and Regulatory Analysis,Muhammad Junaid,,,https://pide.org.pk/research/price-statistics-methodology-in-pakistan/,https://file.pide.org.pk/uploads/wb-117-price-statistics-methodology-in-pakistan.pdf,,,pdfs/2023/03/wb-117-price-statistics-methodology-in-pakistan.pdf,data/fulltext/price-statistics-methodology-in-pakistan.txt,739
research-for-the-sake-of-research,Research for The Sake of Research,2023-03-05,2023-03,2023,PIDE in Press,PIDE in Press,Raja Rafi Ullah,,,https://pide.org.pk/research/research-for-the-sake-of-research/,https://file.pide.org.pk/uploads/pip-research-for-the-sake-of-research.pdf,,,pdfs/2023/03/pip-research-for-the-sake-of-research.pdf,data/fulltext/research-for-the-sake-of-research.txt,834
reforms-not-technocrats-are-needed-to-steer-pakistan-out-of-crisis,"Reforms, Not Technocrats, Are Needed To Steer Pakistan Out Of Crisis",2023-03-04,2023-03,2023,PIDE in Press,PIDE in Press,Nadeem Ul Haque; Abid Rehman,,,https://pide.org.pk/research/reforms-not-technocrats-are-needed-to-steer-pakistan-out-of-crisis/,https://file.pide.org.pk/uploads/pip-reforms-not-technocrats-are-needed-to-steer-pakistan-out-of-crisis.pdf,,,pdfs/2023/03/pip-reforms-not-technocrats-are-needed-to-steer-pakistan-out-of-crisis.pdf,data/fulltext/reforms-not-technocrats-are-needed-to-steer-pakistan-out-of-crisis.txt,644
pide-holds-webinar-on-future-of-public-education-in-pakistan,PIDE holds webinar on ‘Future of Public Education in Pakistan’,2023-03-02,2023-03,2023,PIDE in Press,PIDE in Press,,,,https://pide.org.pk/research/pide-holds-webinar-on-future-of-public-education-in-pakistan/,https://file.pide.org.pk/uploads/pip-pide-holds-webinar-on-future-of-public-education-in-pakistan.pdf,,,pdfs/2023/03/pip-pide-holds-webinar-on-future-of-public-education-in-pakistan.pdf,data/fulltext/pide-holds-webinar-on-future-of-public-education-in-pakistan.txt,656
imf-conditionalities-fiscal-reforms,IMF Conditionalities: Fiscal Reforms,2023-03-01,2023-03,2023,PIDE in Press,PIDE in Press,Hafsa Hina,,,https://pide.org.pk/research/imf-conditionalities-fiscal-reforms/,https://file.pide.org.pk/uploads/pip-imf-conditionalities-fiscal-reforms.pdf,,,pdfs/2023/03/pip-imf-conditionalities-fiscal-reforms.pdf,data/fulltext/imf-conditionalities-fiscal-reforms.txt,819
who-do-we-think-we-are-the-question-of-identity-basics-notes,Who Do We Think We Are: The Question of Identity! (Basics Notes),2023-02-28,2023-02,2022,PDR,PDR; 2022; Vol. 61 No.4-2022,Durr-e-Nayab,,,https://pide.org.pk/research/who-do-we-think-we-are-the-question-of-identity-basics-notes/,https://file.pide.org.pk/pdfpdr/2022/699-705.pdf,,,pdfs/2023/02/699-705.pdf,data/fulltext/who-do-we-think-we-are-the-question-of-identity-basics-notes.txt,200
vol-61-no-4-2022,Vol. 61 No.4-2022,2023-02-28,2023-02,2022,PDR,PDR issue; 2022; Vol. 61 No.4-2022,,,,https://pide.org.pk/research/vol-61-no-4-2022/,https://file.pide.org.pk/pdfpdr/issue/pdr-2022-v61i4.pdf,https://file.pide.org.pk/pdfpdr/2022/551-562.pdf; https://file.pide.org.pk/pdfpdr/2022/563-581.pdf; https://file.pide.org.pk/pdfpdr/2022/583-601.pdf; https://file.pide.org.pk/pdfpdr/2022/603-619.pdf; https://file.pide.org.pk/pdfpdr/2022/621-641.pdf; https://file.pide.org.pk/pdfpdr/2022/643-658.pdf; https://file.pide.org.pk/pdfpdr/2022/659-662.pdf; https://file.pide.org.pk/pdfpdr/2022/663-680.pdf; https://file.pide.org.pk/pdfpdr/2022/681-691.pdf; https://file.pide.org.pk/pdfpdr/2022/693-698.pdf; https://file.pide.org.pk/pdfpdr/2022/699-705.pdf,,pdfs/2023/02/pdr-2022-v61i4.pdf,,0
total-factor-productivity-and-economic-growth-in-pakistan-a-five-decade-overview-article,Total Factor Productivity and Economic Growth in Pakistan: A Five-Decade Overview (Article),2023-02-28,2023-02,2022,PDR,PDR; 2022; Vol. 61 No.4-2022,Omer Siddique,Agriculture; GDP Growth; Total Factor Productivity; Industry; Services; Economic Growth and Aggregate Productivity,D24; L60; O4; Q1; L80,https://pide.org.pk/research/total-factor-productivity-and-economic-growth-in-pakistan-a-five-decade-overview-article/,https://file.pide.org.pk/pdfpdr/2022/583-601.pdf,,,pdfs/2023/02/583-601.pdf,data/fulltext/total-factor-productivity-and-economic-growth-in-pakistan-a-five-decade-overview-article.txt,160
population-growth-and-gdp-growth-in-pakistan-three-models-article,Population Growth and GDP Growth in Pakistan: Three Models (Article),2023-02-28,2023-02,2022,PDR,PDR; 2022; Vol. 61 No.4-2022,Mac Kirby,DEMOGRAPHIC TRANSITION; Inequality; Endogenous Growth; Dynamic Model,O10; J10; C60,https://pide.org.pk/research/population-growth-and-gdp-growth-in-pakistan-three-models-article/,https://file.pide.org.pk/pdfpdr/2022/563-581.pdf,,,pdfs/2023/02/563-581.pdf,data/fulltext/population-growth-and-gdp-growth-in-pakistan-three-models-article.txt,141
inflation-forecasting-for-pakistan-in-a-data-rich-environment-article,Inflation Forecasting for Pakistan in a Data-rich Environment (Article),2023-02-28,2023-02,2022,PDR,PDR; 2022; Vol. 61 No.4-2022,Syed Ateeb Akhter Shah; Muhammad Ishtiaq; Sumbal Qureshi; Kaneez Fatima,Inflation; Pakistan; Machine Learning; Classical Models; LASSO; DFM,C22; G10; C53; C55,https://pide.org.pk/research/inflation-forecasting-for-pakistan-in-a-data-rich-environment-article/,https://file.pide.org.pk/pdfpdr/2022/643-658.pdf,,,pdfs/2023/02/643-658.pdf,data/fulltext/inflation-forecasting-for-pakistan-in-a-data-rich-environment-article.txt,146
factors-influencing-youths-career-aspirations-a-case-study-of-azad-jammu-and-kashmir-pakistan-article,"Factors Influencing Youths’ Career Aspirations: A Case Study of Azad Jammu and Kashmir, Pakistan (Article)",2023-02-28,2023-02,2022,PDR,PDR; 2022; Vol. 61 No.4-2022,Syeda Summera; Bushra Yasmin,Career Aspirations; Youth; Mentorship; Career Counselling,,https://pide.org.pk/research/factors-influencing-youths-career-aspirations-a-case-study-of-azad-jammu-and-kashmir-pakistan-article/,https://file.pide.org.pk/pdfpdr/2022/621-641.pdf,,,pdfs/2023/02/621-641.pdf,data/fulltext/factors-influencing-youths-career-aspirations-a-case-study-of-azad-jammu-and-kashmir-pakistan-article.txt,134
evaluating-yield-gap-and-yield-improvement-potential-in-the-dairy-sector-of-pakistan-article,Evaluating Yield Gap and Yield Improvement Potential in the Dairy Sector of Pakistan (Article),2023-02-28,2023-02,2022,PDR,PDR; 2022; Vol. 61 No.4-2022,Abid A. Burki; Arsalan Hussain; Kinza Emad Khan,Technical Efficiency; Yield Gap; Yield Potential; Input Distance Function; Dairy Farms,L25; D24; Q18; Q13; Q12,https://pide.org.pk/research/evaluating-yield-gap-and-yield-improvement-potential-in-the-dairy-sector-of-pakistan-article/,https://file.pide.org.pk/pdfpdr/2022/603-619.pdf,,,pdfs/2023/02/603-619.pdf,data/fulltext/evaluating-yield-gap-and-yield-improvement-potential-in-the-dairy-sector-of-pakistan-article.txt,186
estimating-the-footprint-of-government-on-the-economy-article,Estimating the Footprint of Government on the Economy (Article),2023-02-28,2023-02,2022,PDR,PDR; 2022; Vol. 61 No.4-2022,Nadeem Ul Haque; Raja Rafi Ullah,Regulations; State Owned Enterprises; Government Intervention; Government Footprint; General Government Expenditure; Cost of Regulations; Dead Capital; Public-Private,H11: Structure; Scope; and Performance of Government,https://pide.org.pk/research/estimating-the-footprint-of-government-on-the-economy-article/,https://file.pide.org.pk/pdfpdr/2022/551-562.pdf,,,pdfs/2023/02/551-562.pdf,data/fulltext/estimating-the-footprint-of-government-on-the-economy-article.txt,158
electricity-tariff-design-a-survey-policy,Electricity Tariff Design: A Survey (Policy),2023-02-28,2023-02,2022,PDR,PDR; 2022; Vol. 61 No.4-2022,Afia Malik; Amena Urooj,,,https://pide.org.pk/research/electricity-tariff-design-a-survey-policy/,https://file.pide.org.pk/pdfpdr/2022/663-680.pdf,,,pdfs/2023/02/663-680.pdf,data/fulltext/electricity-tariff-design-a-survey-policy.txt,215
desire-to-live-in-pakistan-stay-or-leave-basics-notes,Desire to Live in Pakistan: Stay or Leave? (Basics Notes),2023-02-28,2023-02,2022,PDR,PDR; 2022; Vol. 61 No.4-2022,Durr-e-Nayab,,,https://pide.org.pk/research/desire-to-live-in-pakistan-stay-or-leave-basics-notes/,https://file.pide.org.pk/pdfpdr/2022/693-698.pdf,,,pdfs/2023/02/693-698.pdf,data/fulltext/desire-to-live-in-pakistan-stay-or-leave-basics-notes.txt,131
a-review-of-accountability-systems-learning-from-best-practices-policy,A Review of Accountability Systems: Learning from Best Practices (Policy),2023-02-28,2023-02,2022,PDR,PDR; 2022; Vol. 61 No.4-2022,Nasir Iqbal; Ghulam Mustafa,,,https://pide.org.pk/research/a-review-of-accountability-systems-learning-from-best-practices-policy/,https://file.pide.org.pk/pdfpdr/2022/681-691.pdf,,,pdfs/2023/02/681-691.pdf,data/fulltext/a-review-of-accountability-systems-learning-from-best-practices-policy.txt,68
a-new-measure-of-inequality-in-asian-economies-commentary,A New Measure of Inequality in Asian Economies (Commentary),2023-02-28,2023-02,2022,PDR,PDR; 2022; Vol. 61 No.4-2022,Hafiz A. Pasha,,,https://pide.org.pk/research/a-new-measure-of-inequality-in-asian-economies-commentary/,https://file.pide.org.pk/pdfpdr/2022/659-662.pdf,,,pdfs/2023/02/659-662.pdf,data/fulltext/a-new-measure-of-inequality-in-asian-economies-commentary.txt,130
the-decimation-of-higher-education,The decimation of higher education,2023-02-23,2023-02,2023,PIDE in Press,PIDE in Press,Abbas Moosvi,,,https://pide.org.pk/research/the-decimation-of-higher-education/,https://file.pide.org.pk/uploads/pip-the-decimation-of-higher-education.pdf,,,pdfs/2023/02/pip-the-decimation-of-higher-education.pdf,data/fulltext/the-decimation-of-higher-education.txt,690
why-do-all-roads-lead-to-more-taxes,Why do all roads lead to more taxes?,2023-02-22,2023-02,2023,PIDE in Press,PIDE in Press,Raja Rafi Ullah,,,https://pide.org.pk/research/why-do-all-roads-lead-to-more-taxes/,https://file.pide.org.pk/uploads/pip-why-do-all-roads-lead-to-more-taxes.pdf,,,pdfs/2023/02/pip-why-do-all-roads-lead-to-more-taxes.pdf,data/fulltext/why-do-all-roads-lead-to-more-taxes.txt,953
imf-program,IMF Program,2023-02-20,2023-02,2023,Webinars Brief,Webinars Brief; Center for Governance‚ Markets and Regulatory Analysis,Sanila Ali,,,https://pide.org.pk/research/imf-program/,https://file.pide.org.pk/uploads/wb-116-imf-program.pdf,,,pdfs/2023/02/wb-116-imf-program.pdf,data/fulltext/imf-program.txt,731
exchange-rate-and-trade-regime,Exchange Rate And Trade Regime,2023-02-20,2023-02,2023,PIDE in Press,PIDE in Press,Shahid Mahmood - PhD Student,,,https://pide.org.pk/research/exchange-rate-and-trade-regime/,https://file.pide.org.pk/uploads/pip-exchange-rate-and-trade-regime.pdf,,,pdfs/2023/02/pip-exchange-rate-and-trade-regime.pdf,data/fulltext/exchange-rate-and-trade-regime.txt,877
achieving-exports-goal-challenges-and-opportunities,Achieving Exports Goal: Challenges And Opportunities,2023-02-20,2023-02,2023,PIDE in Press,PIDE in Press,Muhammad Zeshan,,,https://pide.org.pk/research/achieving-exports-goal-challenges-and-opportunities/,https://file.pide.org.pk/uploads/pip-achieving-exports-goal-challenges-and-opportunities.pdf,,,pdfs/2023/02/pip-achieving-exports-goal-challenges-and-opportunities.pdf,data/fulltext/achieving-exports-goal-challenges-and-opportunities.txt,1348
imf-programme-and-energy-crisis,Imf Programme And Energy Crisis,2023-02-15,2023-02,2023,PIDE in Press,PIDE in Press,Afia Malik,,,https://pide.org.pk/research/imf-programme-and-energy-crisis/,https://file.pide.org.pk/uploads/pip-0475-imf-programme-and-energy-crisis.pdf,,,pdfs/2023/02/pip-0475-imf-programme-and-energy-crisis.pdf,data/fulltext/imf-programme-and-energy-crisis.txt,1041
pakistans-exports,Pakistan’s Exports,2023-02-14,2023-02,2023,PIDE in Press,PIDE in Press,Abdus Sattar,,,https://pide.org.pk/research/pakistans-exports/,,,,,,0
the-scourge-of-on,The scourge of ‘ON’,2023-02-08,2023-02,2023,PIDE in Press,PIDE in Press,Nadeem Ul Haque; Usman Qadir,,,https://pide.org.pk/research/the-scourge-of-on/,https://file.pide.org.pk/uploads/pip-0474-the-scourge-of-on.pdf,,,pdfs/2023/02/pip-0474-the-scourge-of-on.pdf,data/fulltext/the-scourge-of-on.txt,790
lets-call-it-out-mobile-phones-and-the-subsidy-conundrum,Let’s Call It Out: Mobile Phones And The Subsidy Conundrum,2023-02-07,2023-02,2023,PIDE in Press,PIDE in Press,Abid Rehman,,,https://pide.org.pk/research/lets-call-it-out-mobile-phones-and-the-subsidy-conundrum/,https://file.pide.org.pk/uploads/pip-0473-lets-call-it-out-mobile-phones-and-the-subsidy-conundrum.pdf,,,pdfs/2023/02/pip-0473-lets-call-it-out-mobile-phones-and-the-subsidy-conundrum.pdf,data/fulltext/lets-call-it-out-mobile-phones-and-the-subsidy-conundrum.txt,793
artificial-intelligence-ai-and-policy-in-developing-countries,Artificial Intelligence (AI) and Policy in Developing Countries,2023-02-06,2023-02,2023,Webinars Brief,Webinars Brief; Center for Governance‚ Markets and Regulatory Analysis,Muhammad Hamza Amjad,,,https://pide.org.pk/research/artificial-intelligence-ai-and-policy-in-developing-countries/,https://file.pide.org.pk/uploads/wb-136-artificial-intelligence-ai-and-policy-in-developing-countries.pdf,,,pdfs/2023/02/wb-136-artificial-intelligence-ai-and-policy-in-developing-countries.pdf,data/fulltext/artificial-intelligence-ai-and-policy-in-developing-countries.txt,1103
monthly-economic-update-and-outlook-by-finance-division-government-of-pakistan,"Monthly Economic Update and Outlook by Finance Division, Government of Pakistan",2023-02-03,2023-02,2023,Webinars Brief,Webinars Brief; Macro Policy Lab,Muneeb Shah,,,https://pide.org.pk/research/monthly-economic-update-and-outlook-by-finance-division-government-of-pakistan/,https://file.pide.org.pk/uploads/wb-135-monthly-economic-update-and-outlook-by-finance-division-government-of-pakistan.pdf,,,pdfs/2023/02/wb-135-monthly-economic-update-and-outlook-by-finance-division-government-of-pakistan.pdf,data/fulltext/monthly-economic-update-and-outlook-by-finance-division-government-of-pakistan.txt,510
power-system-and-blackouts,Power System And Blackouts,2023-02-01,2023-02,2023,PIDE in Press,PIDE in Press,Afia Malik,,,https://pide.org.pk/research/power-system-and-blackouts/,https://file.pide.org.pk/uploads/pip-0471-power-system-and-blackouts.pdf,,,pdfs/2023/02/pip-0471-power-system-and-blackouts.pdf,data/fulltext/power-system-and-blackouts.txt,1007
enough-tinkering-at-the-margins,Enough Tinkering At The Margins,2023-02-01,2023-02,2023,PIDE in Press,,Abbas Moosvi,,,https://pide.org.pk/research/enough-tinkering-at-the-margins/,https://file.pide.org.pk/uploads/pip-0472-enough-tinkering-at-the-margins.pdf,,,pdfs/2023/02/pip-0472-enough-tinkering-at-the-margins.pdf,data/fulltext/enough-tinkering-at-the-margins.txt,1104
census-2023-all-you-want-to-know-about,Census 2023: All You Want To Know About,2023-01-31,2023-01,2023,Webinars Brief,Webinars Brief; Center for Social and Behavioral Analysis; Center for Economic Modelling and Data Analytics,Soha Tehreem,,,https://pide.org.pk/research/census-2023-all-you-want-to-know-about/,https://file.pide.org.pk/uploads/wb-134-census-2023-all-you-want-to-know-about.pdf,,,pdfs/2023/01/wb-134-census-2023-all-you-want-to-know-about.pdf,data/fulltext/census-2023-all-you-want-to-know-about.txt,512
reforming-education,Reforming Education,2023-01-30,2023-01,2023,PIDE in Press,PIDE in Press,Muhammad Jehangir Khan,,,https://pide.org.pk/research/reforming-education/,https://file.pide.org.pk/uploads/pip-0470-reforming-education.pdf,,,pdfs/2023/01/pip-0470-reforming-education.pdf,data/fulltext/reforming-education.txt,682
media-coverage-pide-visit-to-the-university-of-bahawalpur,Media Coverage – PIDE Visit to the University of Bahawalpur,2023-01-26,2023-01,2023,PIDE in Press,PIDE in Press,,,,https://pide.org.pk/research/media-coverage-pide-visit-to-the-university-of-bahawalpur/,,,,,,0
misplaced-mercantilism-and-the-case-for-domestic-markets,Misplaced mercantilism and the case for domestic markets,2023-01-25,2023-01,2023,PIDE in Press,PIDE in Press,Raja Rafiullah,,,https://pide.org.pk/research/misplaced-mercantilism-and-the-case-for-domestic-markets/,https://file.pide.org.pk/uploads/pip-0467-misplaced-mercantilism-and-the-case-for-domestic-markets.pdf,,,pdfs/2023/01/pip-0467-misplaced-mercantilism-and-the-case-for-domestic-markets.pdf,data/fulltext/misplaced-mercantilism-and-the-case-for-domestic-markets.txt,724
an-eye-on-foreign-direct-investment-in-pakistan,An eye on foreign direct investment in Pakistan,2023-01-25,2023-01,2023,PIDE in Press,PIDE in Press,Abida Naurin; Amna Khan,,,https://pide.org.pk/research/an-eye-on-foreign-direct-investment-in-pakistan/,,,,,,0
pakistans-growing-water-crisis,Pakistan’s Growing Water Crisis,2023-01-24,2023-01,2023,PIDE in Press,PIDE in Press,Nazam Maqbool,,,https://pide.org.pk/research/pakistans-growing-water-crisis/,,,,,,0
food-pricing-policy-in-pakistan,Food Pricing Policy in Pakistan,2023-01-24,2023-01,2023,Webinars Brief,Webinars Brief; Center for Agriculture‚ Climate Change and Rural Economy; Center for Governance‚ Markets and Regulatory Analysis,Ayesha Fatima,,,https://pide.org.pk/research/food-pricing-policy-in-pakistan/,https://file.pide.org.pk/uploads/wb-133-food-pricing-policy-in-pakistan.pdf,,,pdfs/2023/01/wb-133-food-pricing-policy-in-pakistan.pdf,data/fulltext/food-pricing-policy-in-pakistan.txt,862
the-impact-of-tourism-on-the-environment-socio-culture-and-local-communities-of-gilgit-baltistan-pakistan,"The Impact of Tourism on the Environment, Socio-culture and Local Communities of Gilgit-Baltistan, Pakistan",2023-01-23,2023-01,2023,Working Paper,Working Paper; Center for Sustainable Futures; Center for Agriculture‚ Climate Change and Rural Economy,Mohammad Armughan,COVID-19; tourism; Environment; Economic; Pollution; Socio-culture,,https://pide.org.pk/research/the-impact-of-tourism-on-the-environment-socio-culture-and-local-communities-of-gilgit-baltistan-pakistan/,https://file.pide.org.pk/uploads/wp-0233-the-impact-of-tourism-on-the-environment-socio-culture-and-local-communities-of-gilgit-baltistan-pakistan.pdf,,,pdfs/2023/01/wp-0233-the-impact-of-tourism-on-the-environment-socio-culture-and-local-communities-of-gilgit-baltistan-pakistan.pdf,data/fulltext/the-impact-of-tourism-on-the-environment-socio-culture-and-local-communities-of-gilgit-baltistan-pakistan.txt,619
choking-civil-society,Choking Civil Society,2023-01-21,2023-01,2023,PIDE in Press,PIDE in Press,Abbas Moosvi,,,https://pide.org.pk/research/choking-civil-society/,https://file.pide.org.pk/uploads/pip-0465-choking-civil-society.pdf,,,pdfs/2023/01/pip-0465-choking-civil-society.pdf,data/fulltext/choking-civil-society.txt,655
media-coverage-round-table-meeting-with-prof-ahsan-iqbal-at-pide,Media Coverage Round-table Meeting with Prof. Ahsan Iqbal at PIDE,2023-01-20,2023-01,2023,PIDE in Press,PIDE in Press,,,,https://pide.org.pk/research/media-coverage-round-table-meeting-with-prof-ahsan-iqbal-at-pide/,,,,,data/fulltext/media-coverage-round-table-meeting-with-prof-ahsan-iqbal-at-pide.txt,25
political-dynasties-and-electoral-system-in-pakistan,Political Dynasties and Electoral System in Pakistan,2023-01-19,2023-01,2023,PIDE in Press,PIDE in Press,Abida Naurin; Samia,,,https://pide.org.pk/research/political-dynasties-and-electoral-system-in-pakistan/,https://file.pide.org.pk/uploads/pip-0463-political-dynasties-and-electoral-system-in-pakistan.pdf,,,pdfs/2023/01/pip-0463-political-dynasties-and-electoral-system-in-pakistan.pdf,data/fulltext/political-dynasties-and-electoral-system-in-pakistan.txt,891
adoption-of-iprs-in-industrial-sector,Adoption of IPRs In Industrial Sector,2023-01-18,2023-01,2023,PIDE in Press,PIDE in Press,Uzma Zia,,,https://pide.org.pk/research/adoption-of-iprs-in-industrial-sector/,https://file.pide.org.pk/uploads/pip-0462-adoption-of-iprs-in-industrial-sector.pdf,,,pdfs/2023/01/pip-0462-adoption-of-iprs-in-industrial-sector.pdf,data/fulltext/adoption-of-iprs-in-industrial-sector.txt,742
media-coverage-of-sectoral-total-factor-productivity-in-pakistan,Media Coverage Of Sectoral Total Factor Productivity In Pakistan,2023-01-16,2023-01,2023,PIDE in Press,PIDE in Press,,,,https://pide.org.pk/research/media-coverage-of-sectoral-total-factor-productivity-in-pakistan/,,,,,data/fulltext/media-coverage-of-sectoral-total-factor-productivity-in-pakistan.txt,17
dire-or-dying-demand-for-the-government-job-analysing-a-phd-holders-future-prospects,Dire or Dying Demand for the Government Job: Analysing A PhD Holder’s Future Prospects,2023-01-16,2023-01,2023,Working Paper,Working Paper; Center for Sustainable Futures; Center for Governance‚ Markets and Regulatory Analysis,Muhammad Ajmal Khan,,,https://pide.org.pk/research/dire-or-dying-demand-for-the-government-job-analysing-a-phd-holders-future-prospects/,https://file.pide.org.pk/uploads/wp-0232-dire-or-dying-demand-for-the-government-job-analysing-a-phd-holders-future-prospects.pdf,,,pdfs/2023/01/wp-0232-dire-or-dying-demand-for-the-government-job-analysing-a-phd-holders-future-prospects.pdf,data/fulltext/dire-or-dying-demand-for-the-government-job-analysing-a-phd-holders-future-prospects.txt,617
media-coverage-pide-seminar-on-forthcoming-census,Media Coverage – PIDE Seminar on forthcoming Census,2023-01-13,2023-01,2023,PIDE in Press,PIDE in Press,,,,https://pide.org.pk/research/media-coverage-pide-seminar-on-forthcoming-census/,https://file.pide.org.pk/uploads/pip-0460-media-coverage-pide-seminar-on-forthcoming-census.pdf,,,pdfs/2023/01/pip-0460-media-coverage-pide-seminar-on-forthcoming-census.pdf,data/fulltext/media-coverage-pide-seminar-on-forthcoming-census.txt,5
how-gis-technology-can-bridge-loopholes-in-real-estate-taxation,How GIS Technology Can Bridge Loopholes In Real Estate Taxation,2023-01-13,2023-01,2023,PIDE in Press,PIDE in Press,Abid Rehman,,,https://pide.org.pk/research/how-gis-technology-can-bridge-loopholes-in-real-estate-taxation/,https://file.pide.org.pk/uploads/pip-0461-how-gis-technology-can-bridge-loopholes-in-real-estate-taxation.pdf,,,pdfs/2023/01/pip-0461-how-gis-technology-can-bridge-loopholes-in-real-estate-taxation.pdf,data/fulltext/how-gis-technology-can-bridge-loopholes-in-real-estate-taxation.txt,838
pakistan-true-potential-of-fashion-industry,Pakistan: True Potential Of Fashion Industry,2023-01-12,2023-01,2023,PIDE in Press,PIDE in Press,Sobia Rose,,,https://pide.org.pk/research/pakistan-true-potential-of-fashion-industry/,https://file.pide.org.pk/uploads/pip-0459-pakistan-true-potential-of-fashion-industry.pdf,,,pdfs/2023/01/pip-0459-pakistan-true-potential-of-fashion-industry.pdf,data/fulltext/pakistan-true-potential-of-fashion-industry.txt,1154
political-islam-in-south-asia-multiple-perspective-from-actors-and-society,Political Islam In South Asia: Multiple Perspective From Actors And Society,2023-01-11,2023-01,2023,Webinars Brief,Webinars Brief; Center for Social and Behavioral Analysis,Momna Hassan,,,https://pide.org.pk/research/political-islam-in-south-asia-multiple-perspective-from-actors-and-society/,https://file.pide.org.pk/uploads/wb-132-political-islam-in-south-asia-multiple-perspective-from-actors-and-society.pdf,,,pdfs/2023/01/wb-132-political-islam-in-south-asia-multiple-perspective-from-actors-and-society.pdf,data/fulltext/political-islam-in-south-asia-multiple-perspective-from-actors-and-society.txt,469
e-court-system-a-dire-need,E-Court System: A Dire Need,2023-01-11,2023-01,2023,PIDE in Press,PIDE in Press,Abida Naurin; Asad Ullah,,,https://pide.org.pk/research/e-court-system-a-dire-need/,https://file.pide.org.pk/uploads/pip-0458-e-court-system-a-dire-need.pdf,,,pdfs/2023/01/pip-0458-e-court-system-a-dire-need.pdf,data/fulltext/e-court-system-a-dire-need.txt,951
sectoral-total-factor-productivity-in-pakistan,Sectoral Total Factor Productivity In Pakistan,2023-01-10,2023-01,2023,Research Reports,Research Report; Center for Governance‚ Markets and Regulatory Analysis,Naseem Faraz; Omer Siddique; Asim Saeed,,,https://pide.org.pk/research/sectoral-total-factor-productivity-in-pakistan/,https://file.pide.org.pk/uploads/rr-057-sectoral-total-factor-productivity-in-pakistan.pdf,,,pdfs/2023/01/rr-057-sectoral-total-factor-productivity-in-pakistan.pdf,data/fulltext/sectoral-total-factor-productivity-in-pakistan.txt,620
property-rights,Property Rights,2023-01-10,2023-01,2023,PIDE in Press,PIDE in Press,Azwar Muhammad Aslam,,,https://pide.org.pk/research/property-rights/,https://file.pide.org.pk/uploads/pip-0456-property-rights.pdf,,,pdfs/2023/01/pip-0456-property-rights.pdf,data/fulltext/property-rights.txt,768
governance-a-hard-reset,Governance: A Hard Reset,2023-01-10,2023-01,2023,PIDE in Press,PIDE in Press,Abbas Moosvi,,,https://pide.org.pk/research/governance-a-hard-reset/,https://file.pide.org.pk/uploads/pip-0457-governance-a-hard-reset.pdf,,,pdfs/2023/01/pip-0457-governance-a-hard-reset.pdf,data/fulltext/governance-a-hard-reset.txt,1066
expectation-shocks-and-business-cycles,Expectation Shocks and Business Cycles,2023-01-10,2023-01,2023,Working Paper,Working Paper; Macro Policy Lab; Center for Governance‚ Markets and Regulatory Analysis,Sonan Ahmed Memon,Smorgasbord of Inflation Expectation Shocks; Temporary; Permanent and Sequence of Temporary Expectation Shocks; Monetary Policy and Inflation Expectations; AD and AS Model; Expectation Shocks in New Keynesian Models,E52; E32; E12; E00; E40; E30; E50; E70; E71; D84,https://pide.org.pk/research/expectation-shocks-and-business-cycles/,https://file.pide.org.pk/uploads/wp-0231-expectation-shocks-and-business-cycles.pdf,,,pdfs/2023/01/wp-0231-expectation-shocks-and-business-cycles.pdf,data/fulltext/expectation-shocks-and-business-cycles.txt,625
the-facts-of-return-migration-in-the-wake-of-covid-19-a-policy-framework-for-reintegration-of-pakistani-workers,The Facts of Return Migration in the Wake of COVID-19: A Policy Framework for Reintegration of Pakistani Workers,2023-01-09,2023-01,2023,Working Paper,Working Paper; Center for Social and Behavioral Analysis; Center for Governance‚ Markets and Regulatory Analysis,Shujaat Farooq; G. M. Arif,COVID-19; Pakistan; Overseas Migration; Return Migration; Reintegration,,https://pide.org.pk/research/the-facts-of-return-migration-in-the-wake-of-covid-19-a-policy-framework-for-reintegration-of-pakistani-workers/,https://file.pide.org.pk/uploads/wp-0230-the-facts-of-return-migration-in-the-wake-of-covid-19-a-policy-framework-for-reintegration-of-pakistani-workers.pdf,,,pdfs/2023/01/wp-0230-the-facts-of-return-migration-in-the-wake-of-covid-19-a-policy-framework-for-reintegration-of-pakistani-workers.pdf,data/fulltext/the-facts-of-return-migration-in-the-wake-of-covid-19-a-policy-framework-for-reintegration-of-pakistani-workers.txt,608
media-coverage-of-social-and-civic-engagement-building-community-or-bowling-alone,Media Coverage of ‘Social And Civic Engagement: Building Community Or “Bowling Alone”?’,2023-01-09,2023-01,2023,PIDE in Press,PIDE in Press,,,,https://pide.org.pk/research/media-coverage-of-social-and-civic-engagement-building-community-or-bowling-alone/,,,,,data/fulltext/media-coverage-of-social-and-civic-engagement-building-community-or-bowling-alone.txt,16
social-and-civic-engagement-building-community-or-bowling-alone,Social And Civic Engagement: Building Community Or “Bowling Alone”?,2023-01-05,2023-01,2023,BASICS Notes,BASICS Notes; Rasta BASICS Notes; Center for Social and Behavioral Analysis; Center for Governance‚ Markets and Regulatory Analysis,Durr-e-Nayab,,,https://pide.org.pk/research/social-and-civic-engagement-building-community-or-bowling-alone/,https://file.pide.org.pk/uploads/bn-05-social-and-civic-engagement-building-community-or-bowling-alone.pdf,,,pdfs/2023/01/bn-05-social-and-civic-engagement-building-community-or-bowling-alone.pdf,data/fulltext/social-and-civic-engagement-building-community-or-bowling-alone.txt,1245
a-call-for-action,A Call For Action,2023-01-05,2023-01,2023,PIDE in Press,PIDE in Press,Iqra Munawar,,,https://pide.org.pk/research/a-call-for-action/,https://file.pide.org.pk/uploads/pip-0454-a-call-for-action.pdf,,,pdfs/2023/01/pip-0454-a-call-for-action.pdf,data/fulltext/a-call-for-action.txt,732
the-charter-we-need,The Charter We Need,2023-01-04,2023-01,2023,PIDE in Press,PIDE in Press,Saddam Hussein,,,https://pide.org.pk/research/the-charter-we-need/,https://file.pide.org.pk/uploads/pip-0453-the-charter-we-need.pdf,,,pdfs/2023/01/pip-0453-the-charter-we-need.pdf,data/fulltext/the-charter-we-need.txt,900
understanding-the-process-of-development-budget-allocation-in-balochistan,Understanding The Process Of Development Budget Allocation In Balochistan,2023-01-03,2023-01,2023,Journal Articles,Rasta Journal Articles,Mir Sadaat Baloch; Nadir Khan; SafiUllah,Development; BUDGET; Balochistan; stakeholders,,https://pide.org.pk/research/understanding-the-process-of-development-budget-allocation-in-balochistan/,https://file.pide.org.pk/uploads/rasta-journal-understanding-the-process-of-development-budget-allocation-in-balochistan.pdf,,,pdfs/2023/01/rasta-journal-understanding-the-process-of-development-budget-allocation-in-balochistan.pdf,data/fulltext/understanding-the-process-of-development-budget-allocation-in-balochistan.txt,160
research-and-development-in-pakistan,Research And Development In Pakistan,2023-01-03,2023-01,2023,PIDE in Press,PIDE in Press,Abdus Sattar,,,https://pide.org.pk/research/research-and-development-in-pakistan/,,,,,,0
pides-charter-of-economy-petition-to-all-the-political-leaders-parties-of-pakistan,PIDE’s Charter of Economy: Petition to all the Political Leaders/Parties of Pakistan (PIDE Policy Viewpoint 40:2022),2023-01-02,2023-01,2022,Policy Viewpoint,Policy Viewpoint; Macro Policy Lab; Center for Governance‚ Markets and Regulatory Analysis,,,,https://pide.org.pk/research/pides-charter-of-economy-petition-to-all-the-political-leaders-parties-of-pakistan/,https://file.pide.org.pk/uploads/pv-40-pides-charter-of-economy-petition-to-all-the-political-leaders-parties-of-pakistan.pdf,,,pdfs/2023/01/pv-40-pides-charter-of-economy-petition-to-all-the-political-leaders-parties-of-pakistan.pdf,data/fulltext/pides-charter-of-economy-petition-to-all-the-political-leaders-parties-of-pakistan.txt,558
why-institutions-matter,Why Institutions Matter,2023-01-01,2023-01,2023,Policy and Research,Policy and Research; Discourse 2023-01,Amber Darr,,,https://pide.org.pk/research/why-institutions-matter/,https://file.pide.org.pk/uploads/discourse-2023-01-04-why-institutions-matter-by-amber-darr.pdf,,,pdfs/2023/01/discourse-2023-01-04-why-institutions-matter-by-amber-darr.pdf,data/fulltext/why-institutions-matter.txt,1313
the-tilism-of-dastaan-behind-dastaan-goi,The Tilism Of Dastaan Behind Dastaan Goi,2023-01-01,2023-01,2023,Policy and Research,Policy and Research; Discourse 2023-01,Waqas Manzoor,,,https://pide.org.pk/research/the-tilism-of-dastaan-behind-dastaan-goi/,https://file.pide.org.pk/uploads/discourse-2023-01-24-the-tilism-of-dastaan-behind-dastaan-goi-by-waqas-manzoor.pdf,,,pdfs/2023/01/discourse-2023-01-24-the-tilism-of-dastaan-behind-dastaan-goi-by-waqas-manzoor.pdf,data/fulltext/the-tilism-of-dastaan-behind-dastaan-goi.txt,1978
the-sleeping-pines,The Sleeping Pines,2023-01-01,2023-01,2023,Policy and Research,Policy and Research; Discourse 2023-01,Meekal Jamil,,,https://pide.org.pk/research/the-sleeping-pines/,https://file.pide.org.pk/uploads/discourse-2023-01-23-the-sleeping-pines-by-meekal-jamil.pdf,,,pdfs/2023/01/discourse-2023-01-23-the-sleeping-pines-by-meekal-jamil.pdf,data/fulltext/the-sleeping-pines.txt,1265
the-qatar-squabble-fifa-world-cup-2022,The Qatar Squabble FIFA World Cup 2022,2023-01-01,2023-01,2023,Policy and Research,Policy and Research; Discourse 2023-01,Saddam Hussein; Aimen Shakeel Abbasi,,,https://pide.org.pk/research/the-qatar-squabble-fifa-world-cup-2022/,https://file.pide.org.pk/uploads/discourse-2023-01-15-the-qatar-squabble-fifa-world-cup-2022-by-saddam-hussein-and-aimen-shakeel-abbasi.pdf,,,pdfs/2023/01/discourse-2023-01-15-the-qatar-squabble-fifa-world-cup-2022-by-saddam-hussein-and-aimen-shakeel-abbasi.pdf,data/fulltext/the-qatar-squabble-fifa-world-cup-2022.txt,1434
the-international-politics-of-climate-change-and-lessons-for-pakistan,The International Politics Of Climate Change And Lessons For Pakistan,2023-01-01,2023-01,2023,Policy and Research,Policy and Research; Discourse 2023-01,Kinza Fatima,,,https://pide.org.pk/research/the-international-politics-of-climate-change-and-lessons-for-pakistan/,https://file.pide.org.pk/uploads/discourse-2023-01-10-the-international-politics-of-climate-change-and-lessons-for-pakistan-by-kinza-fatima.pdf,,,pdfs/2023/01/discourse-2023-01-10-the-international-politics-of-climate-change-and-lessons-for-pakistan-by-kinza-fatima.pdf,data/fulltext/the-international-politics-of-climate-change-and-lessons-for-pakistan.txt,1152
should-electronics-voting-machines-evms-being-incorporated-into-the-electoral-process-of-pakistan,Should Electronics voting machines (EVMs) being incorporated into the electoral process of Pakistan,2023-01-01,2023-01,2023,Policy and Research,Policy and Research; Discourse 2023-01,,,,https://pide.org.pk/research/should-electronics-voting-machines-evms-being-incorporated-into-the-electoral-process-of-pakistan/,https://file.pide.org.pk/uploads/discourse-2023-01-11-should-electronics-voting-machines-evms-being-incorporated-into-the-electoral-process-of-pakistan.pdf,,,pdfs/2023/01/discourse-2023-01-11-should-electronics-voting-machines-evms-being-incorporated-into-the-electoral-process-of-pakistan.pdf,data/fulltext/should-electronics-voting-machines-evms-being-incorporated-into-the-electoral-process-of-pakistan.txt,696
safeguarding-pakistans-core-interests-among-global-power-contestation,Safeguarding Pakistan’s Core Interests Among Global Power Contestation,2023-01-01,2023-01,2023,Policy and Research,Policy and Research; Discourse 2023-01,Zia Malik,,,https://pide.org.pk/research/safeguarding-pakistans-core-interests-among-global-power-contestation/,https://file.pide.org.pk/uploads/discourse-2023-01-08-safeguarding-pakistans-core-interests-among-global-power-contestation-by-zia-malik.pdf,,,pdfs/2023/01/discourse-2023-01-08-safeguarding-pakistans-core-interests-among-global-power-contestation-by-zia-malik.pdf,data/fulltext/safeguarding-pakistans-core-interests-among-global-power-contestation.txt,989
reforms-in-pakistan-where-to-start,Reforms In Pakistan: Where To Start,2023-01-01,2023-01,2023,Policy and Research,Policy and Research; Discourse 2023-01,Karim Khan,,,https://pide.org.pk/research/reforms-in-pakistan-where-to-start/,https://file.pide.org.pk/uploads/discourse-2023-01-05-reforms-in-pakistan-where-to-start-by-karim-khan.pdf,,,pdfs/2023/01/discourse-2023-01-05-reforms-in-pakistan-where-to-start-by-karim-khan.pdf,data/fulltext/reforms-in-pakistan-where-to-start.txt,1332
re-orienting-pakistans-economy,Re-orienting Pakistan’s Economy,2023-01-01,2023-01,2023,Policy and Research,Policy and Research; Discourse 2023-01,Kaiser Bengali,,,https://pide.org.pk/research/re-orienting-pakistans-economy/,https://file.pide.org.pk/uploads/discourse-2023-01-03-reorienting-pakistans-economy-by-kaiser-bengali.pdf,,,pdfs/2023/01/discourse-2023-01-03-reorienting-pakistans-economy-by-kaiser-bengali.pdf,data/fulltext/re-orienting-pakistans-economy.txt,1600
propaganda-game,Propaganda Game,2023-01-01,2023-01,2023,Policy and Research,Policy and Research; Discourse 2023-01,Saddam Hussein,,,https://pide.org.pk/research/propaganda-game/,https://file.pide.org.pk/uploads/discourse-2023-01-09-propaganda-game-by-saddam-hussein.pdf,,,pdfs/2023/01/discourse-2023-01-09-propaganda-game-by-saddam-hussein.pdf,data/fulltext/propaganda-game.txt,1366
political-masculinities-the-rise-of-strongmen,Political Masculinities: The Rise Of ‘Strongmen’,2023-01-01,2023-01,2023,Policy and Research,Policy and Research; Discourse 2023-01,Nadeem F. Paracha,,,https://pide.org.pk/research/political-masculinities-the-rise-of-strongmen/,https://file.pide.org.pk/uploads/discourse-2023-01-18-political-masculinities-the-rise-of-strongmen-by-nadeem-f-paracha.pdf,,,pdfs/2023/01/discourse-2023-01-18-political-masculinities-the-rise-of-strongmen-by-nadeem-f-paracha.pdf,data/fulltext/political-masculinities-the-rise-of-strongmen.txt,1055
political-economy-of-religious-elites,Political Economy Of Religious Elites,2023-01-01,2023-01,2023,Policy and Research,Policy and Research; Discourse 2023-01,Waqas Ahmed,,,https://pide.org.pk/research/political-economy-of-religious-elites/,https://file.pide.org.pk/uploads/discourse-2023-01-17-political-economy-of-religious-elites-by-waqas-ahmed.pdf,,,pdfs/2023/01/discourse-2023-01-17-political-economy-of-religious-elites-by-waqas-ahmed.pdf,data/fulltext/political-economy-of-religious-elites.txt,1247
pide-bi-monthly-roundup,PIDE Bi-Monthly Roundup (Discourse 2023-01),2023-01-01,2023-01,2023,Policy and Research,Policy and Research; Discourse 2023-01,,,,https://pide.org.pk/research/pide-bi-monthly-roundup/,https://file.pide.org.pk/uploads/discourse-2023-01-26-pide-bi-monthly-round-up-.pdf,,,pdfs/2023/01/discourse-2023-01-26-pide-bi-monthly-round-up-.pdf,data/fulltext/pide-bi-monthly-roundup.txt,322
pakistans-need-more-urbanisation,Pakistan Needs More Urbanisation,2023-01-01,2023-01,2023,Policy and Research,Policy and Research; Discourse 2023-01,Babar Khan Mumtaz,,,https://pide.org.pk/research/pakistans-need-more-urbanisation/,https://file.pide.org.pk/uploads/discourse-2023-01-14-pakistans-need-more-urbanisation-by-babar-khan-mumtaz.pdf,,,pdfs/2023/01/discourse-2023-01-14-pakistans-need-more-urbanisation-by-babar-khan-mumtaz.pdf,data/fulltext/pakistans-need-more-urbanisation.txt,1314
meaning-3-0-hope-for-a-conscious-world,Meaning 3.0: Hope For A Conscious World,2023-01-01,2023-01,2023,Policy and Research,Policy and Research; Discourse 2023-01,Tahreem Amin,,,https://pide.org.pk/research/meaning-3-0-hope-for-a-conscious-world/,https://file.pide.org.pk/uploads/discourse-2023-01-16-meaning-3-0-hope-for-a-conscious-world-by-tehreem-amin.pdf,,,pdfs/2023/01/discourse-2023-01-16-meaning-3-0-hope-for-a-conscious-world-by-tehreem-amin.pdf,data/fulltext/meaning-3-0-hope-for-a-conscious-world.txt,953
making-the-elephant-dance-negotiating-power-dynamics-with-the-establishment,Making The Elephant Dance: Negotiating Power Dynamics With The Establishment,2023-01-01,2023-01,2023,Policy and Research,Policy and Research; Discourse 2023-01,Ayesha Siddiqa,,,https://pide.org.pk/research/making-the-elephant-dance-negotiating-power-dynamics-with-the-establishment/,https://file.pide.org.pk/uploads/discourse-2023-01-02-making-the-elephant-dance-negotiating-power-dynamics-with-the-establishment-by-ayesha-siddique.pdf,,,pdfs/2023/01/discourse-2023-01-02-making-the-elephant-dance-negotiating-power-dynamics-with-the-establishment-by-ayesha-siddique.pdf,data/fulltext/making-the-elephant-dance-negotiating-power-dynamics-with-the-establishment.txt,1459
intertwining-of-institutional-economic-reforms,Intertwining Of Institutional & Economic Reforms,2023-01-01,2023-01,2023,Policy and Research,Policy and Research; Discourse 2023-01,Ishrat Husain,,,https://pide.org.pk/research/intertwining-of-institutional-economic-reforms/,https://file.pide.org.pk/uploads/discourse-2023-01-01-intertwining-of-institutional-and-economic-reforms-by-ishrat-hussain.pdf,,,pdfs/2023/01/discourse-2023-01-01-intertwining-of-institutional-and-economic-reforms-by-ishrat-hussain.pdf,data/fulltext/intertwining-of-institutional-economic-reforms.txt,2241
high-percentage-of-currency-in-circulation-what-explains-it,High Percentage Of Currency In Circulation: What Explains It?,2023-01-01,2023-01,2023,Policy and Research,Policy and Research; Discourse 2023-01,Shahid Mehmood,,,https://pide.org.pk/research/high-percentage-of-currency-in-circulation-what-explains-it/,https://file.pide.org.pk/uploads/discourse-2023-01-21-high-percentage-of-currency-in-circulation-what-explains-it-by-shahid-mehmood.pdf,,,pdfs/2023/01/discourse-2023-01-21-high-percentage-of-currency-in-circulation-what-explains-it-by-shahid-mehmood.pdf,data/fulltext/high-percentage-of-currency-in-circulation-what-explains-it.txt,1040
governance-reform-law-politics-institutions,"Governance Reform: Law, Politics, Institutions",2023-01-01,2023-01,2023,Policy and Research,Policy and Research; P &amp; R Magazine,,,,https://pide.org.pk/research/governance-reform-law-politics-institutions/,https://file.pide.org.pk/uploads/discourse-2023-01.pdf,,,pdfs/2023/01/discourse-2023-01.pdf,data/fulltext/governance-reform-law-politics-institutions.txt,316
falling-textile-exports,Falling Textile Exports,2023-01-01,2023-01,2023,Policy and Research,Policy and Research; Discourse 2023-01,Shahid Sattar,,,https://pide.org.pk/research/falling-textile-exports/,https://file.pide.org.pk/uploads/discourse-2023-01-20-falling-textile-exports-by-shahid-sattar.pdf,,,pdfs/2023/01/discourse-2023-01-20-falling-textile-exports-by-shahid-sattar.pdf,data/fulltext/falling-textile-exports.txt,1355
evms-an-expensive-proposition-without-any-substantive-benefits,EVMs: An Expensive Proposition Without Any Substantive Benefits,2023-01-01,2023-01,2023,Policy and Research,Policy and Research; Discourse 2023-01,Ahmed Bilal Mehboob,,,https://pide.org.pk/research/evms-an-expensive-proposition-without-any-substantive-benefits/,https://file.pide.org.pk/uploads/discourse-2023-01-13-evms-an-expensive-proposition-without-any-substantive-benefits-by-ahmed-bilal-mehboob.pdf,,,pdfs/2023/01/discourse-2023-01-13-evms-an-expensive-proposition-without-any-substantive-benefits-by-ahmed-bilal-mehboob.pdf,data/fulltext/evms-an-expensive-proposition-without-any-substantive-benefits.txt,2656
electronic-voting-machines-the-shockingly-secure-solution-to-election-fraud,Electronic Voting Machines: The Shockingly Secure Solution To Election Fraud,2023-01-01,2023-01,2023,Policy and Research,Policy and Research; Discourse 2023-01,Waqas Ahmed,,,https://pide.org.pk/research/electronic-voting-machines-the-shockingly-secure-solution-to-election-fraud/,https://file.pide.org.pk/uploads/discourse-2023-01-12-electronic-voting-machines-the-shockingly-secure-solution-to-election-fraud-by-waqas-ahmed.pdf,,https://www.brookings.edu/wp-content/uploads/2016/10/evm_march2017.pdf; http://www.rochester.edu/college/faculty/alexander_lee/wp-content/uploads/2019/10/EVM-paper-revision2.pdf,pdfs/2023/01/discourse-2023-01-12-electronic-voting-machines-the-shockingly-secure-solution-to-election-fraud-by-waqas-ahmed.pdf,data/fulltext/electronic-voting-machines-the-shockingly-secure-solution-to-election-fraud.txt,1494
divide-and-rule-iqbal-a-fireside-chat-with-one-of-pakistans-first-explicitly-political-rappers,Divide And Rule – Iqbal A Fireside Chat With One Of Pakistan’s First Explicitly Political Rappers,2023-01-01,2023-01,2023,Policy and Research,Policy and Research; Discourse 2023-01,,,,https://pide.org.pk/research/divide-and-rule-iqbal-a-fireside-chat-with-one-of-pakistans-first-explicitly-political-rappers/,https://file.pide.org.pk/uploads/discourse-2023-01-25-divide-and-rule-iqbal-a-fireside-chat-with-one-of-pakistans-first-explicitly-political-rappers.pdf,,,pdfs/2023/01/discourse-2023-01-25-divide-and-rule-iqbal-a-fireside-chat-with-one-of-pakistans-first-explicitly-political-rappers.pdf,data/fulltext/divide-and-rule-iqbal-a-fireside-chat-with-one-of-pakistans-first-explicitly-political-rappers.txt,2382
discontent-with-governance-not-democracy,Discontent With Governance Not Democracy,2023-01-01,2023-01,2023,Policy and Research,Policy and Research; Discourse 2023-01,Afiya Shehrbano Zia,,,https://pide.org.pk/research/discontent-with-governance-not-democracy/,https://file.pide.org.pk/uploads/discourse-2023-01-06-discontent-with-governance-not-democracy-by-afiya-shehrbano-zia.pdf,,,pdfs/2023/01/discourse-2023-01-06-discontent-with-governance-not-democracy-by-afiya-shehrbano-zia.pdf,data/fulltext/discontent-with-governance-not-democracy.txt,1750
china-before-jiang-zemin,China Before Jiang Zemin,2023-01-01,2023-01,2023,Policy and Research,Policy and Research; Discourse 2023-01,Naazir Mahmood,,,https://pide.org.pk/research/china-before-jiang-zemin/,https://file.pide.org.pk/uploads/discourse-2023-01-19-china-before-jiang-zemin-by-naazir-mahmood.pdf,,,pdfs/2023/01/discourse-2023-01-19-china-before-jiang-zemin-by-naazir-mahmood.pdf,data/fulltext/china-before-jiang-zemin.txt,1767
absence-of-women-in-pakistani-sports-lack-of-a-policy-framework,Absence Of Women In Pakistani Sports: Lack Of A Policy Framework?,2023-01-01,2023-01,2023,Policy and Research,Policy and Research; Discourse 2023-01,Sara Illahi Panhwer,,,https://pide.org.pk/research/absence-of-women-in-pakistani-sports-lack-of-a-policy-framework/,https://file.pide.org.pk/uploads/discourse-2023-01-22-absence-of-women-in-pakistani-sports-lack-of-a-policy-framework-by-sara-ellahi-penhwer.pdf,,,pdfs/2023/01/discourse-2023-01-22-absence-of-women-in-pakistani-sports-lack-of-a-policy-framework-by-sara-ellahi-penhwer.pdf,data/fulltext/absence-of-women-in-pakistani-sports-lack-of-a-policy-framework.txt,1025
a-joyless-land,A Joyless Land,2023-01-01,2023-01,2023,Policy and Research,Policy and Research; Discourse 2023-01,Shehzad Ghias Shaikh,,,https://pide.org.pk/research/a-joyless-land/,https://file.pide.org.pk/uploads/discourse-2023-01-07-a-joyless-land-by-shehzad-ghias-sheikh.pdf,,,pdfs/2023/01/discourse-2023-01-07-a-joyless-land-by-shehzad-ghias-sheikh.pdf,data/fulltext/a-joyless-land.txt,1045
36th-annual-conference-of-the-pakistan-society-of-development-economists,36th Annual Conference Of The Pakistan Society Of Development Economists,2023-01-01,2023-01,2023,Policy and Research,Policy and Research; Discourse 2023-01,,,,https://pide.org.pk/research/36th-annual-conference-of-the-pakistan-society-of-development-economists/,https://file.pide.org.pk/uploads/discourse-2023-01-27-36th-annual-conference-of-the-pakistan-society-of-economists.pdf,,,pdfs/2023/01/discourse-2023-01-27-36th-annual-conference-of-the-pakistan-society-of-economists.pdf,data/fulltext/36th-annual-conference-of-the-pakistan-society-of-development-economists.txt,764
regulatory-bodies-hurting-growth-and-investment,Regulatory Bodies: Hurting Growth And Investment,2022-12-29,2022-12,2022,Monograph Series,Monograph Series; Center for Governance‚ Markets and Regulatory Analysis,Nadeem Ul Haque; Ahmed Waqar Qasim,,,https://pide.org.pk/research/regulatory-bodies-hurting-growth-and-investment/,https://file.pide.org.pk/uploads/ms-10-regulatory-bodies-hurting-growth-and-investment.pdf,,,pdfs/2022/12/ms-10-regulatory-bodies-hurting-growth-and-investment.pdf,data/fulltext/regulatory-bodies-hurting-growth-and-investment.txt,329
from-imported-coal-to-thar-coal-a-path-to-energy-security,From Imported Coal To Thar Coal: A Path To Energy Security,2022-12-29,2022-12,2022,PIDE in Press,PIDE in Press,Misbah Rashid,,,https://pide.org.pk/research/from-imported-coal-to-thar-coal-a-path-to-energy-security/,https://file.pide.org.pk/uploads/pip-0451-from-imported-coal-to-thar-coal-a-path-to-energy-security.pdf,,,pdfs/2022/12/pip-0451-from-imported-coal-to-thar-coal-a-path-to-energy-security.pdf,data/fulltext/from-imported-coal-to-thar-coal-a-path-to-energy-security.txt,772
media-coverage-of-the-book-launch-power-sector-an-enigma-with-no-easy-solution,Media Coverage Of The Book Launch Power Sector: An Enigma With No Easy Solution,2022-12-28,2022-12,2022,PIDE in Press,PIDE in Press,,,,https://pide.org.pk/research/media-coverage-of-the-book-launch-power-sector-an-enigma-with-no-easy-solution/,https://file.pide.org.pk/uploads/pip-0450-media-coverage-of-the-book-launch-power-sector-an-enigma-with-no-easy-solution.pdf,,,pdfs/2022/12/pip-0450-media-coverage-of-the-book-launch-power-sector-an-enigma-with-no-easy-solution.pdf,data/fulltext/media-coverage-of-the-book-launch-power-sector-an-enigma-with-no-easy-solution.txt,17
a-permission-economy,A ‘permission economy’,2022-12-28,2022-12,2022,PIDE in Press,PIDE in Press,,,,https://pide.org.pk/research/a-permission-economy/,https://file.pide.org.pk/uploads/pip-0449-a-permission-economy.pdf,,,pdfs/2022/12/pip-0449-a-permission-economy.pdf,data/fulltext/a-permission-economy.txt,716
taxation-beyond-revenue,Taxation beyond revenue,2022-12-27,2022-12,2022,PIDE in Press,PIDE in Press,Mohammad Shaaf Najib,,,https://pide.org.pk/research/taxation-beyond-revenue/,https://file.pide.org.pk/uploads/pip-0447-taxation-beyond-revenue.pdf,,,pdfs/2022/12/pip-0447-taxation-beyond-revenue.pdf,data/fulltext/taxation-beyond-revenue.txt,782
media-coverage-pides-charter-of-economy,Media Coverage: PIDE’s Charter of Economy,2022-12-27,2022-12,2022,PIDE in Press,PIDE in Press,,,,https://pide.org.pk/research/media-coverage-pides-charter-of-economy/,https://file.pide.org.pk/uploads/pip-0448-media-coverage-pides-charter-of-economy.pdf,,,pdfs/2022/12/pip-0448-media-coverage-pides-charter-of-economy.pdf,data/fulltext/media-coverage-pides-charter-of-economy.txt,24
flood-disaster-management,Flood Disaster Management,2022-12-27,2022-12,2022,Webinars Brief,Webinars Brief; Center for Agriculture‚ Climate Change and Rural Economy; Center for Governance‚ Markets and Regulatory Analysis,Abdul Manna,,,https://pide.org.pk/research/flood-disaster-management/,https://file.pide.org.pk/uploads/wb-131-flood-disaster-management.pdf,,,pdfs/2022/12/wb-131-flood-disaster-management.pdf,data/fulltext/flood-disaster-management.txt,736
the-effective-rate-of-protection-in-an-input-output-framework,The Effective Rate of Protection in an Input-Output Framework,2022-12-26,2022-12,2022,Working Paper,Working Paper; Center for Industry‚ Trade &amp; Digital Economy; Center for Governance‚ Markets and Regulatory Analysis,Muhammad Zeshan,Trade; Pakistan; Industry; Input Output Table; Effective Rate of Protection,D57; C67; R15; F6; L5,https://pide.org.pk/research/the-effective-rate-of-protection-in-an-input-output-framework/,https://file.pide.org.pk/uploads/wp-0229-the-effective-rate-of-protection-in-an-input-output-framework.pdf,,,pdfs/2022/12/wp-0229-the-effective-rate-of-protection-in-an-input-output-framework.pdf,data/fulltext/the-effective-rate-of-protection-in-an-input-output-framework.txt,787
ppps-progressive-pivot,PPP’s Progressive Pivot?,2022-12-24,2022-12,2022,PIDE in Press,PIDE in Press,Abbas Moosvi,,,https://pide.org.pk/research/ppps-progressive-pivot/,https://file.pide.org.pk/uploads/pip-0459-ppps-progressive-pivot.pdf,,,pdfs/2022/12/pip-0459-ppps-progressive-pivot.pdf,data/fulltext/ppps-progressive-pivot.txt,678
establishing-grievance-redressal-system-in-effective-service-delivery-a-case-study-of-the-sehat-sahulat-program-ssp-in-pakistan,Establishing Grievance Redressal System in Effective Service Delivery: A Case Study of the Sehat Sahulat Program (SSP) in Pakistan,2022-12-23,2022-12,2022,Working Paper,Working Paper; Center for Social and Behavioral Analysis; Center for Governance‚ Markets and Regulatory Analysis,Shujaat Farooq; Nabila Kunwal,Health Insurance; Sehat Sahulat Programme; Complaints; Hospital Management; Grievance System,,https://pide.org.pk/research/establishing-grievance-redressal-system-in-effective-service-delivery-a-case-study-of-the-sehat-sahulat-program-ssp-in-pakistan/,https://file.pide.org.pk/uploads/wp-0228-establishing-grievance-redressal-system-in-effective-service-delivery-a-case-study-of-the-sehat-sahulat-program-ssp-in-pakistan.pdf,,,pdfs/2022/12/wp-0228-establishing-grievance-redressal-system-in-effective-service-delivery-a-case-study-of-the-sehat-sahulat-program-ssp-in-pakistan.pdf,data/fulltext/establishing-grievance-redressal-system-in-effective-service-delivery-a-case-study-of-the-sehat-sahulat-program-ssp-in-pakistan.txt,1048
dollar-rupee-and-greshams-law,"Dollar, rupee and Gresham’s law",2022-12-23,2022-12,2022,PIDE in Press,PIDE in Press,Shahid Mehmood,,,https://pide.org.pk/research/dollar-rupee-and-greshams-law/,https://file.pide.org.pk/uploads/pip-0445-dollar-rupee-and-greshams-law.pdf,,,pdfs/2022/12/pip-0445-dollar-rupee-and-greshams-law.pdf,data/fulltext/dollar-rupee-and-greshams-law.txt,1063
developing-vibrant-housing-rental-market,Developing vibrant housing rental market,2022-12-23,2022-12,2022,PIDE in Press,PIDE in Press,Abid Rehman,,,https://pide.org.pk/research/developing-vibrant-housing-rental-market/,https://file.pide.org.pk/uploads/pip-0446-developing-vibrant-housing-rental-market.pdf,,,pdfs/2022/12/pip-0446-developing-vibrant-housing-rental-market.pdf,data/fulltext/developing-vibrant-housing-rental-market.txt,679
vol-61-no-3-2022,Vol. 61 No.3-2022,2022-12-21,2022-12,2022,PDR,PDR issue; 2022; Vol. 61 No.3-2022; Rasta Journal Articles,,,,https://pide.org.pk/research/vol-61-no-3-2022/,https://file.pide.org.pk/pdfpdr/issue/pdr-2022-v61i3.pdf,https://file.pide.org.pk/pdfpdr/2022/335-363.pdf; https://file.pide.org.pk/pdfpdr/2022/365-398.pdf; https://file.pide.org.pk/pdfpdr/2022/399-414.pdf; https://file.pide.org.pk/pdfpdr/2022/415-443.pdf; https://file.pide.org.pk/pdfpdr/2022/445-461.pdf; https://file.pide.org.pk/pdfpdr/2022/463-490.pdf; https://file.pide.org.pk/pdfpdr/2022/491-499.pdf; https://file.pide.org.pk/pdfpdr/2022/501-509.pdf; https://file.pide.org.pk/pdfpdr/2022/511-517.pdf; https://file.pide.org.pk/pdfpdr/2022/519-526.pdf; https://file.pide.org.pk/pdfpdr/2022/527-537.pdf; https://file.pide.org.pk/pdfpdr/2022/539-544.pdf,,pdfs/2022/12/pdr-2022-v61i3.pdf,data/fulltext/vol-61-no-3-2022.txt,220
transforming-public-sector-through-e-governance-a-case-study-of-khyber-pakhtunkhwa,Transforming Public Sector Through e-Governance: A Case Study of Khyber Pakhtunkhwa (Article),2022-12-21,2022-12,2022,PDR,PDR; 2022; Vol. 61 No.3-2022,Shagufta Aman,Efficiency; e-government; Information and Communication Technology-ICTs; Transparency; Accessibility in Service Delivery,,https://pide.org.pk/research/transforming-public-sector-through-e-governance-a-case-study-of-khyber-pakhtunkhwa/,https://file.pide.org.pk/pdfpdr/2022/365-398.pdf,,,pdfs/2022/12/365-398.pdf,data/fulltext/transforming-public-sector-through-e-governance-a-case-study-of-khyber-pakhtunkhwa.txt,321
the-socio-economic-analysis-of-the-street-economy-in-the-twin-cities-of-pakistan,The Socio-economic Analysis of the Street Economy in the Twin Cities of Pakistan (Article),2022-12-21,2022-12,2022,PDR,PDR; 2022; Vol. 61 No.3-2022,Nasir Iqbal; Saima Nawaz; Muhammad Aqeel Anwar,Pakistan; STREET ECONOMY; Twin Cities; Economic Analysis,,https://pide.org.pk/research/the-socio-economic-analysis-of-the-street-economy-in-the-twin-cities-of-pakistan/,https://file.pide.org.pk/pdfpdr/2022/335-363.pdf,,,pdfs/2022/12/335-363.pdf,data/fulltext/the-socio-economic-analysis-of-the-street-economy-in-the-twin-cities-of-pakistan.txt,201
the-psychosocial-value-of-employment-evidence-from-the-rohingya-refugee-camps,The Psychosocial Value Of Employment Evidence From The Rohingya Refugee Camps,2022-12-21,2022-12,2022,Webinars Brief,Webinars Brief; Center for Sustainable Futures; Center for Social and Behavioral Analysis,Ayesha Fatima,,,https://pide.org.pk/research/the-psychosocial-value-of-employment-evidence-from-the-rohingya-refugee-camps/,https://file.pide.org.pk/uploads/wb-130-the-psychosocial-value-of-employment-evidence-from-the-rohingya-refugee-camps.pdf,,,pdfs/2022/12/wb-130-the-psychosocial-value-of-employment-evidence-from-the-rohingya-refugee-camps.pdf,data/fulltext/the-psychosocial-value-of-employment-evidence-from-the-rohingya-refugee-camps.txt,668
the-perspective-of-native-people-regarding-developmental-projects-of-china-pakistan-economic-corridor-cpec-in-gwadar-balochistan,"The Perspective of Native People Regarding Developmental Projects of China Pakistan Economic Corridor (CPEC) in Gwadar, Balochistan (Article)",2022-12-21,2022-12,2022,PDR,PDR; 2022; Vol. 61 No.3-2022,Zahid Ali; Noor Sanauddin,Development; CPEC; Fishermen; Displacement; Perception; Exclusion,,https://pide.org.pk/research/the-perspective-of-native-people-regarding-developmental-projects-of-china-pakistan-economic-corridor-cpec-in-gwadar-balochistan/,https://file.pide.org.pk/pdfpdr/2022/399-414.pdf,,,pdfs/2022/12/399-414.pdf,data/fulltext/the-perspective-of-native-people-regarding-developmental-projects-of-china-pakistan-economic-corridor-cpec-in-gwadar-balochistan.txt,187
the-islamabad-master-plan-2,The Islamabad Master Plan (Policy),2022-12-21,2022-12,2022,PDR,PDR; 2022; Vol. 61 No.3-2022,Lubna Hasan; Aqeel Chaudhry; Ayaz Ahmed; Hafiz Hanzla Jalil,,,https://pide.org.pk/research/the-islamabad-master-plan-2/,https://file.pide.org.pk/pdfpdr/2022/501-509.pdf,,,pdfs/2022/12/501-509.pdf,data/fulltext/the-islamabad-master-plan-2.txt,87
strategies-to-improve-revenue-generation-for-islamabad-metropolitan-corporation-2,Strategies to Improve Revenue Generation for Islamabad Metropolitan Corporation (Policy),2022-12-21,2022-12,2022,PDR,PDR; 2022; Vol. 61 No.3-2022,Lubna Hasan,,,https://pide.org.pk/research/strategies-to-improve-revenue-generation-for-islamabad-metropolitan-corporation-2/,https://file.pide.org.pk/pdfpdr/2022/511-517.pdf,,,pdfs/2022/12/511-517.pdf,data/fulltext/strategies-to-improve-revenue-generation-for-islamabad-metropolitan-corporation-2.txt,73
skills-mapping-for-selected-industries-of-special-economic-zones-job-creation-for-unemployed-youth-of-balochistan,Skills Mapping for Selected Industries of Special Economic Zones: Job Creation for Unemployed Youth of Balochistan (Article),2022-12-21,2022-12,2022,PDR,PDR; 2022; Vol. 61 No.3-2022,Aziz Ahmed; Syed Munawar Shah,Vocational Skills; Youth Development; Industrial Development; Employment; Jobs Creation; SEZs/EPZs; Skills Mapping; Technical Skills,J24; O15; J21; L00; J2; J62,https://pide.org.pk/research/skills-mapping-for-selected-industries-of-special-economic-zones-job-creation-for-unemployed-youth-of-balochistan/,https://file.pide.org.pk/pdfpdr/2022/445-461.pdf,,,pdfs/2022/12/445-461.pdf,data/fulltext/skills-mapping-for-selected-industries-of-special-economic-zones-job-creation-for-unemployed-youth-of-balochistan.txt,150
political-dynasties-and-local-economic-development-in-pakistan,Political Dynasties and Local Economic Development in Pakistan (Article),2022-12-21,2022-12,2022,PDR,PDR; 2022; Vol. 61 No.3-2022,Faiz Ur Rehman; Noman Ahmad; Muhammad Nasir,,,https://pide.org.pk/research/political-dynasties-and-local-economic-development-in-pakistan/,https://file.pide.org.pk/pdfpdr/2022/415-443.pdf,,,pdfs/2022/12/415-443.pdf,data/fulltext/political-dynasties-and-local-economic-development-in-pakistan.txt,196
pides-charter-of-economy,PIDE’S Charter of Economy (Policy),2022-12-21,2022-12,2022,PDR,PDR; 2022; Vol. 61 No.3-2022,Nadeem Ul Haque; Saddam Hussein,,,https://pide.org.pk/research/pides-charter-of-economy/,https://file.pide.org.pk/pdfpdr/2022/527-537.pdf,,,pdfs/2022/12/527-537.pdf,data/fulltext/pides-charter-of-economy.txt,93
legal-basis-for-uniform-electricity-tariff,Legal basis for uniform electricity tariff,2022-12-21,2022-12,2022,PIDE in Press,PIDE in Press,Afia Malik,,,https://pide.org.pk/research/legal-basis-for-uniform-electricity-tariff/,https://file.pide.org.pk/uploads/pip-0444-legal-basis-for-uniform-electricity-tariff.pdf,,,pdfs/2022/12/pip-0444-legal-basis-for-uniform-electricity-tariff.pdf,data/fulltext/legal-basis-for-uniform-electricity-tariff.txt,997
lahores-urban-dilemma-3,Lahore’s Urban Dilemma (Policy),2022-12-21,2022-12,2022,PDR,PDR; 2022; Vol. 61 No.3-2022,Nadeem Ul Haque; Hafeez Ur Rehman Hadi; Madeeha Qureshi; Fahd Zulfiqar,,,https://pide.org.pk/research/lahores-urban-dilemma-3/,https://file.pide.org.pk/pdfpdr/2022/491-499.pdf,,,pdfs/2022/12/491-499.pdf,data/fulltext/lahores-urban-dilemma-3.txt,146
getting-more-out-of-the-psdp-through-results-based-management-2,Getting More Out of the PSDP through Results Based Management (Policy),2022-12-21,2022-12,2022,PDR,PDR; 2022; Vol. 61 No.3-2022,Raja Rafiullah,,,https://pide.org.pk/research/getting-more-out-of-the-psdp-through-results-based-management-2/,https://file.pide.org.pk/pdfpdr/2022/519-526.pdf,,,pdfs/2022/12/519-526.pdf,data/fulltext/getting-more-out-of-the-psdp-through-results-based-management-2.txt,152
from-imports-to-exports-an-achievement-of-mobile-phone-industry-2,From Imports to Exports—An Achievement of Mobile Phone Industry (Policy),2022-12-21,2022-12,2022,PDR,PDR; 2022; Vol. 61 No.3-2022,Uzma Zia,,,https://pide.org.pk/research/from-imports-to-exports-an-achievement-of-mobile-phone-industry-2/,https://file.pide.org.pk/pdfpdr/2022/539-544.pdf,,,pdfs/2022/12/539-544.pdf,data/fulltext/from-imports-to-exports-an-achievement-of-mobile-phone-industry-2.txt,80
a-techno-economic-analysis-of-widespread-microgrid-minigrid-deployment-in-pakistans-electrical-power-sector,A Techno-Economic Analysis of Widespread Microgrid/Minigrid Deployment in Pakistan’s Electrical Power Sector (Article),2022-12-21,2022-12,2022,PDR,PDR; 2022; Vol. 61 No.3-2022,Danial Saleem; Salis Usman,,,https://pide.org.pk/research/a-techno-economic-analysis-of-widespread-microgrid-minigrid-deployment-in-pakistans-electrical-power-sector/,https://file.pide.org.pk/pdfpdr/2022/463-490.pdf,,,pdfs/2022/12/463-490.pdf,data/fulltext/a-techno-economic-analysis-of-widespread-microgrid-minigrid-deployment-in-pakistans-electrical-power-sector.txt,337
rethinking-policies,Rethinking policies,2022-12-20,2022-12,2022,PIDE in Press,PIDE in Press,Azwar Muhammad Aslam,,,https://pide.org.pk/research/rethinking-policies/,https://file.pide.org.pk/uploads/pip-0443-rethinking-policies.pdf,,,pdfs/2022/12/pip-0443-rethinking-policies.pdf,data/fulltext/rethinking-policies.txt,744
discoursing-deregulations-a-case-of-rental-housing-market,Discoursing Deregulations: A Case Of Rental Housing Market,2022-12-20,2022-12,2022,PIDE in Press,PIDE in Press,Abid Rehman,,,https://pide.org.pk/research/discoursing-deregulations-a-case-of-rental-housing-market/,https://file.pide.org.pk/uploads/pip-0445-discoursing-deregulations-a-case-of-rental-housing-market.pdf,,,pdfs/2022/12/pip-0445-discoursing-deregulations-a-case-of-rental-housing-market.pdf,data/fulltext/discoursing-deregulations-a-case-of-rental-housing-market.txt,724
the-other-side-of-social-media,The Other Side Of Social Media,2022-12-17,2022-12,2022,PIDE in Press,PIDE in Press,Abida Naurin; Rabia Basri,,,https://pide.org.pk/research/the-other-side-of-social-media/,https://file.pide.org.pk/uploads/pip-0452-the-other-side-of-social-media.pdf,,,pdfs/2022/12/pip-0452-the-other-side-of-social-media.pdf,data/fulltext/the-other-side-of-social-media.txt,596
responding-to-the-future,Responding To The Future,2022-12-16,2022-12,2022,PIDE in Press,PIDE in Press,Fida Muhammad Khan,,,https://pide.org.pk/research/responding-to-the-future/,,,,,,0
unveiling-the-myth-of-import-substitution-policy-in-pakistan,Unveiling The Myth Of Import Substitution Policy In Pakistan,2022-12-14,2022-12,2022,Knowledge Brief,Knowledge Brief; Center for Industry‚ Trade &amp; Digital Economy,Muhammad Zeshan,,,https://pide.org.pk/research/unveiling-the-myth-of-import-substitution-policy-in-pakistan/,https://file.pide.org.pk/uploads/kb-098-unveiling-the-myth-of-import-substitution-policy-in-pakistan.pdf,,https://www.sbp.org.pk/reports/annual/arFY15/Special-Section3.pdf,pdfs/2022/12/kb-098-unveiling-the-myth-of-import-substitution-policy-in-pakistan.pdf,data/fulltext/unveiling-the-myth-of-import-substitution-policy-in-pakistan.txt,865
rain-rain-go-away-a-snapshot-of-the-flood-2022-and-way-forward,Rain Rain Go Away: A Snapshot Of The Flood 2022 And Way Forward,2022-12-13,2022-12,2022,Knowledge Brief,Knowledge Brief; Center for Agriculture‚ Climate Change and Rural Economy,Abedullah Anjum; Sobia Rose,,,https://pide.org.pk/research/rain-rain-go-away-a-snapshot-of-the-flood-2022-and-way-forward/,https://file.pide.org.pk/uploads/kb-097-rain-rain-go-away-a-snapshot-of-the-flood-2022-and-way-forward.pdf,,,pdfs/2022/12/kb-097-rain-rain-go-away-a-snapshot-of-the-flood-2022-and-way-forward.pdf,data/fulltext/rain-rain-go-away-a-snapshot-of-the-flood-2022-and-way-forward.txt,3032
state-of-school-education-in-pakistan,State of School Education in Pakistan,2022-12-12,2022-12,2022,PIDE in Press,PIDE in Press,Abdus Sattar,,,https://pide.org.pk/research/state-of-school-education-in-pakistan/,,,,,,0
doing-construction-right,Doing Construction Right,2022-12-12,2022-12,2022,Knowledge Brief,Knowledge Brief; Center for Energy‚ Logistics‚ and Infrastructure,Lubna Hasan,,,https://pide.org.pk/research/doing-construction-right/,https://file.pide.org.pk/uploads/kb-096-doing-construction-right.pdf,https://file.pide.org.pk/pdf/Policy-Viewpoint-12.pdf,https://resources.oxfordeconomics.com/hubfs/Future%20of%20Construction_Full%20Report_FINAL.pdf; https://www.pacra.com/sector_research/Construction%20-%20PACRA%20Research%20-%20Mar%2721_1617193074.pdf,pdfs/2022/12/kb-096-doing-construction-right.pdf,data/fulltext/doing-construction-right.txt,2483
whither-the-public-intellectual,Whither The Public Intellectual?,2022-12-11,2022-12,2022,PIDE in Press,PIDE in Press,Abbas Moosvi,,,https://pide.org.pk/research/whither-the-public-intellectual/,https://file.pide.org.pk/uploads/pip-0458-whither-the-public-intellectual.pdf,,,pdfs/2022/12/pip-0458-whither-the-public-intellectual.pdf,data/fulltext/whither-the-public-intellectual.txt,1075
analysis-of-trade-in-goods-agreement-between-pakistan-and-turkey,Analysis Of Trade In Goods Agreement Between Pakistan And Turkey,2022-12-11,2022-12,2022,Knowledge Brief,Knowledge Brief; Center for Industry‚ Trade &amp; Digital Economy; Center for Governance‚ Markets and Regulatory Analysis,Adnan Akram,,,https://pide.org.pk/research/analysis-of-trade-in-goods-agreement-between-pakistan-and-turkey/,https://file.pide.org.pk/uploads/kb-095-analysis-of-trade-in-goods-agreement-between-pakistan-and-turkey.pdf,,,pdfs/2022/12/kb-095-analysis-of-trade-in-goods-agreement-between-pakistan-and-turkey.pdf,data/fulltext/analysis-of-trade-in-goods-agreement-between-pakistan-and-turkey.txt,1859
import-tariffs-and-trade-balance-in-pakistan,Import Tariffs And Trade Balance In Pakistan,2022-12-10,2022-12,2022,Knowledge Brief,Knowledge Brief; Center for Industry‚ Trade &amp; Digital Economy,Muhammad Zeshan,,,https://pide.org.pk/research/import-tariffs-and-trade-balance-in-pakistan/,https://file.pide.org.pk/uploads/kb-094-import-tariffs-and-trade-balance-in-pakistan.pdf,,,pdfs/2022/12/kb-094-import-tariffs-and-trade-balance-in-pakistan.pdf,data/fulltext/import-tariffs-and-trade-balance-in-pakistan.txt,729
electricity-distribution-failing-is-privatization-a-solution,Electricity Distribution Failing: Is Privatization a Solution?,2022-12-10,2022-12,2022,PIDE in Press,PIDE in Press,Afia Malik,,,https://pide.org.pk/research/electricity-distribution-failing-is-privatization-a-solution/,,,,,,0
can-the-govt-manage-land-of-floods-and-droughts-on-policy-alone,Can The Govt Manage Land of Floods and Droughts On Policy Alone?,2022-12-10,2022-12,2022,PIDE in Press,PIDE in Press,Abid Rehman,,,https://pide.org.pk/research/can-the-govt-manage-land-of-floods-and-droughts-on-policy-alone/,https://file.pide.org.pk/uploads/pip-0443-can-the-govt-manage-land-of-floods-and-droughts-on-policy-alone.pdf,,,pdfs/2022/12/pip-0443-can-the-govt-manage-land-of-floods-and-droughts-on-policy-alone.pdf,data/fulltext/can-the-govt-manage-land-of-floods-and-droughts-on-policy-alone.txt,984
what-percentage-of-pakistanis-would-prefer-to-live-abroad-if-given-the-opportunity,What Percentage Of Pakistanis Would Prefer To Live Abroad If Given The Opportunity?,2022-12-09,2022-12,2022,PIDE in Press,PIDE in Press,,,,https://pide.org.pk/research/what-percentage-of-pakistanis-would-prefer-to-live-abroad-if-given-the-opportunity/,https://file.pide.org.pk/uploads/pip-0438-what-percentage-of-pakistanis-would-prefer-to-live-abroad-if-given-the-opportunity.pdf,,,pdfs/2022/12/pip-0438-what-percentage-of-pakistanis-would-prefer-to-live-abroad-if-given-the-opportunity.pdf,data/fulltext/what-percentage-of-pakistanis-would-prefer-to-live-abroad-if-given-the-opportunity.txt,4
media-coverage-of-40-years-of-diplomatic-ties-between-pakistan-and-korea-trade-investment-human-resource,"Media Coverage of 40 Years Of Diplomatic Ties Between Pakistan And Korea: Trade, Investment & Human Resource",2022-12-09,2022-12,2022,PIDE in Press,PIDE in Press,,,,https://pide.org.pk/research/media-coverage-of-40-years-of-diplomatic-ties-between-pakistan-and-korea-trade-investment-human-resource/,https://file.pide.org.pk/uploads/media-coverage-of-40-years-of-diplomatic-ties-between-pakistan-and-korea-trade-investment-and-human-resource.pdf,,,pdfs/2022/12/media-coverage-of-40-years-of-diplomatic-ties-between-pakistan-and-korea-trade-investment-and-human-resource.pdf,data/fulltext/media-coverage-of-40-years-of-diplomatic-ties-between-pakistan-and-korea-trade-investment-human-resource.txt,5
is-world-bank-a-bank-for-knowledge-management-or-paradigm-maintenance,Is World Bank a Bank for Knowledge Management or Paradigm Maintenance?,2022-12-09,2022-12,2022,Knowledge Brief,Knowledge Brief; Center for Governance‚ Markets and Regulatory Analysis,Fahd Zulfiqar,,,https://pide.org.pk/research/is-world-bank-a-bank-for-knowledge-management-or-paradigm-maintenance/,https://file.pide.org.pk/uploads/kb-093-is-world-bank-a-bank-for-knowledge-management-or-paradigm-maintenance.pdf,,,pdfs/2022/12/kb-093-is-world-bank-a-bank-for-knowledge-management-or-paradigm-maintenance.pdf,data/fulltext/is-world-bank-a-bank-for-knowledge-management-or-paradigm-maintenance.txt,1716
power-sector-an-enigma-with-no-easy-solution,Power Sector: An Enigma With No Easy Solution,2022-12-08,2022-12,2022,Book,Books; Rasta Books; Center for Energy‚ Logistics‚ and Infrastructure,,,,https://pide.org.pk/research/power-sector-an-enigma-with-no-easy-solution/,https://file.pide.org.pk/uploads/book_power-sector.pdf,,,pdfs/2022/12/book_power-sector.pdf,data/fulltext/power-sector-an-enigma-with-no-easy-solution.txt,514
a-review-of-urban-rental-housing-regulations-in-pakistan-and-lessons-from-practices-in-developed-world,A Review of Urban Rental Housing Regulations in Pakistan and Lessons from Practices in Developed World,2022-12-08,2022-12,2022,Knowledge Brief,Knowledge Brief; Center for Energy‚ Logistics‚ and Infrastructure,Abid Rehman,,,https://pide.org.pk/research/a-review-of-urban-rental-housing-regulations-in-pakistan-and-lessons-from-practices-in-developed-world/,https://file.pide.org.pk/uploads/kb-092-a-review-of-urban-rental-housing-regulations-in-pakistan-and-lessons-from-practices-in-developed-world.pdf,,http://cbg.gov.pk/assets/media/cantonments-rent-restriction-act-1963.pdf; https://na.gov.pk/uploads/documents/1415509535_267.pdf; http://sindhlaws.gov.pk/setup/publications_SindhCode/PUB-15-000484.pdf; http://kpcode.kp.gov.pk/uploads/1959_06_THE_WEST_PAKISTAN_URBAN_RENT_RESTRICTION_ORDINANCE_1959.pdf; https://kpcode.kp.gov.pk/uploads/2014_14_THE_KHYBER_PAKHTUNKHWA_RENTED_BUILDINGS_SECURITY_ACT_2014.pdf; http://www.pas.gov.pk/uploads/acts/Sindh%20Act%20No.XXI%20of%202015.pdf,pdfs/2022/12/kb-092-a-review-of-urban-rental-housing-regulations-in-pakistan-and-lessons-from-practices-in-developed-world.pdf,data/fulltext/a-review-of-urban-rental-housing-regulations-in-pakistan-and-lessons-from-practices-in-developed-world.txt,1457
land-titles-in-punjab-overview-problems-and-suggestions,"Land Titles in Punjab – Overview, Problems and Suggestions",2022-12-07,2022-12,2022,Knowledge Brief,Knowledge Brief; Center for Energy‚ Logistics‚ and Infrastructure,Omer Siddique; Abida Naurin,,,https://pide.org.pk/research/land-titles-in-punjab-overview-problems-and-suggestions/,https://file.pide.org.pk/uploads/kb-091-land-titles-in-punjab-overview-problems-and-suggestions.pdf,,,pdfs/2022/12/kb-091-land-titles-in-punjab-overview-problems-and-suggestions.pdf,data/fulltext/land-titles-in-punjab-overview-problems-and-suggestions.txt,2125
using-behavioral-economics-for-behavioral-change,Using Behavioral Economics for Behavioral Change,2022-12-06,2022-12,2022,Webinars Brief,Webinars Brief; Center for Sustainable Futures; Center for Social and Behavioral Analysis,Asad Saleem,,,https://pide.org.pk/research/using-behavioral-economics-for-behavioral-change/,https://file.pide.org.pk/uploads/wb-129-using-behavioral-economics-for-behavioral-change.pdf,,,pdfs/2022/12/wb-129-using-behavioral-economics-for-behavioral-change.pdf,data/fulltext/using-behavioral-economics-for-behavioral-change.txt,1258
the-economic-calamity-of-flooding,The Economic Calamity of Flooding,2022-12-06,2022-12,2022,PIDE in Press,PIDE in Press,Iqra Munawar,,,https://pide.org.pk/research/the-economic-calamity-of-flooding/,,,,,,0
the-pakki-naukri-syndrome,The Pakki Naukri Syndrome,2022-12-05,2022-12,2022,PIDE in Press,PIDE in Press,Fida Muhammad Khan,,,https://pide.org.pk/research/the-pakki-naukri-syndrome/,,,,,,0
economics-for-the-21st-century,Economics For The 21st Century,2022-12-03,2022-12,2022,Webinars Brief,Webinars Brief; Center for Sustainable Futures,Shaheera Bano,,,https://pide.org.pk/research/economics-for-the-21st-century/,https://file.pide.org.pk/uploads/wb-128-economics-for-the-21st-century.pdf,,,pdfs/2022/12/wb-128-economics-for-the-21st-century.pdf,data/fulltext/economics-for-the-21st-century.txt,604
media-coverage-of-agm-quetta-opening-and-closing-sessions,Media Coverage of AGM Quetta – Opening and Closing Sessions,2022-12-02,2022-12,2022,PIDE in Press,PIDE in Press,,,,https://pide.org.pk/research/media-coverage-of-agm-quetta-opening-and-closing-sessions/,https://file.pide.org.pk/uploads/pip-0435-media-coverage-of-agm-quetta-opening-and-closing-sessions.pdf,,,pdfs/2022/12/pip-0435-media-coverage-of-agm-quetta-opening-and-closing-sessions.pdf,,0
a-nexus-of-circular-debt,A nexus of circular debt,2022-12-01,2022-12,2022,PIDE in Press,PIDE in Press,Mohammad Armughan,,,https://pide.org.pk/research/a-nexus-of-circular-debt/,,,,,,0
the-question-of-democracy,The question of democracy,2022-11-30,2022-11,2022,PIDE in Press,PIDE in Press,Abida Naurin,,,https://pide.org.pk/research/the-question-of-democracy/,https://file.pide.org.pk/uploads/pip-0433-the-question-of-democracy.pdf,,,pdfs/2022/11/pip-0433-the-question-of-democracy.pdf,data/fulltext/the-question-of-democracy.txt,821
pakistans-low-investment-conundrum,Pakistan’s low investment conundrum,2022-11-30,2022-11,2022,PIDE in Press,PIDE in Press,Karim Khan,,,https://pide.org.pk/research/pakistans-low-investment-conundrum/,https://file.pide.org.pk/uploads/pip-0432-pakistans-low-investment-conundrum.pdf,,,pdfs/2022/11/pip-0432-pakistans-low-investment-conundrum.pdf,data/fulltext/pakistans-low-investment-conundrum.txt,654
analyzing-the-effects-of-e-waste-on-human-health-and-environment-a-study-of-pakistan,Analyzing the effects of e-waste on human health and environment: A study of Pakistan,2022-11-30,2022-11,2022,Knowledge Brief,Knowledge Brief,Mohammad Armughan; Sameen Zafar,Environment; E-waste; Human health; Heavy metals; Diseases,,https://pide.org.pk/research/analyzing-the-effects-of-e-waste-on-human-health-and-environment-a-study-of-pakistan/,https://file.pide.org.pk/uploads/kb-090-analyzing-the-effects-of-e-waste-on-human-health-and-environment-a-study-of-pakistan.pdf,,http://www.ban.org/E-waste/technotrashfinalcomp.pdf,pdfs/2022/11/kb-090-analyzing-the-effects-of-e-waste-on-human-health-and-environment-a-study-of-pakistan.pdf,data/fulltext/analyzing-the-effects-of-e-waste-on-human-health-and-environment-a-study-of-pakistan.txt,6443
the-love-for-protectionism,The love for protectionism,2022-11-28,2022-11,2022,PIDE in Press,PIDE in Press,Saud Ahmed Khan,,,https://pide.org.pk/research/the-love-for-protectionism/,https://file.pide.org.pk/uploads/pip-0431-the-love-for-protectionism.pdf,,,pdfs/2022/11/pip-0431-the-love-for-protectionism.pdf,data/fulltext/the-love-for-protectionism.txt,907
the-poor-state-of-financial-markets-in-pakistan-policy,The Poor State of Financial Markets in Pakistan (Policy),2022-11-26,2022-11,2022,PDR,PDR; 2022; Vol. 61 No.2-2022,Shahid Mehmood; Ahmad Fraz,,,https://pide.org.pk/research/the-poor-state-of-financial-markets-in-pakistan-policy/,https://file.pide.org.pk/pdfpdr/2022/319-327.pdf,,,pdfs/2022/11/319-327.pdf,data/fulltext/the-poor-state-of-financial-markets-in-pakistan-policy.txt,84
the-pdr-volume-61-number-2-2022,Vol. 61 No.2-2022,2022-11-26,2022-11,2022,PDR,PDR issue; 2022; Vol. 61 No.2-2022; Rasta Journal Articles,,,,https://pide.org.pk/research/the-pdr-volume-61-number-2-2022/,https://file.pide.org.pk/pdfpdr/issue/pdr-2022-v61i2.pdf,https://file.pide.org.pk/pdfpdr/2022/153-168.pdf; https://file.pide.org.pk/pdfpdr/2022/169-184.pdf; https://file.pide.org.pk/pdfpdr/2022/185-211.pdf; https://file.pide.org.pk/pdfpdr/2022/213-230.pdf; https://file.pide.org.pk/pdfpdr/2022/231-258.pdf; https://file.pide.org.pk/pdfpdr/2022/259-274.pdf; https://file.pide.org.pk/pdfpdr/2022/275-294.pdf; https://file.pide.org.pk/pdfpdr/2022/295-308.pdf; https://file.pide.org.pk/pdfpdr/2022/309-313.pdf; https://file.pide.org.pk/pdfpdr/2022/315-318.pdf; https://file.pide.org.pk/pdfpdr/2022/319-327.pdf,,pdfs/2022/11/pdr-2022-v61i2.pdf,data/fulltext/the-pdr-volume-61-number-2-2022.txt,213
the-issue-of-own-money-policy,The Issue of Own Money (Policy),2022-11-26,2022-11,2022,PDR,PDR; 2022; Vol. 61 No.2-2022,Usman Qadir; Mohammad Shaaf Najib,,,https://pide.org.pk/research/the-issue-of-own-money-policy/,https://file.pide.org.pk/pdfpdr/2022/315-318.pdf,,,pdfs/2022/11/315-318.pdf,data/fulltext/the-issue-of-own-money-policy.txt,274
the-imf-choice-policy,The IMF Choice (Policy),2022-11-26,2022-11,2022,PDR; PIDE In Focus,PDR; 2022; Vol. 61 No.2-2022,Nadeem Ul Haque,,,https://pide.org.pk/research/the-imf-choice-policy/,https://file.pide.org.pk/pdfpdr/2022/309-313.pdf,,,pdfs/2022/11/309-313.pdf,data/fulltext/the-imf-choice-policy.txt,118
regulatory-framework-and-behavioural-issues-in-the-informal-khokhas-markets-in-pakistan-article,Regulatory Framework and Behavioural Issues in the Informal Khokhas’ Markets in Pakistan (Article),2022-11-26,2022-11,2022,PDR,PDR; 2022; Vol. 61 No.2-2022,Anwar Shah; Tehseen Ahmed Qureshi,Khokhas; Barriers to Entry; Informal Markets; Legal Framework,D52; J46; K4,https://pide.org.pk/research/regulatory-framework-and-behavioural-issues-in-the-informal-khokhas-markets-in-pakistan-article/,https://file.pide.org.pk/pdfpdr/2022/153-168.pdf,,,pdfs/2022/11/153-168.pdf,data/fulltext/regulatory-framework-and-behavioural-issues-in-the-informal-khokhas-markets-in-pakistan-article.txt,165
public-private-partnerships-in-education-evaluating-the-education-management-organisations-programme-in-sindh-pakistan-article,"Public-Private Partnerships in Education: Evaluating the Education Management Organisations Programme in Sindh, Pakistan (Article)",2022-11-26,2022-11,2022,PDR,PDR; 2022; Vol. 61 No.2-2022,Gul Muhammad Rind; Dhani Bux Shah,Pakistan; PPPs in Education; Education Reform; EMOs; Realist Evaluation; Sindh,,https://pide.org.pk/research/public-private-partnerships-in-education-evaluating-the-education-management-organisations-programme-in-sindh-pakistan-article/,https://file.pide.org.pk/pdfpdr/2022/185-211.pdf,,,pdfs/2022/11/185-211.pdf,data/fulltext/public-private-partnerships-in-education-evaluating-the-education-management-organisations-programme-in-sindh-pakistan-article.txt,153
pide-commentary-on-the-23rd-imf-programme-for-pakistan-commentary,PIDE Commentary: On the 23rd IMF Programme for Pakistan (Commentary),2022-11-26,2022-11,2022,PDR,PDR; 2022; Vol. 61 No.2-2022,,,,https://pide.org.pk/research/pide-commentary-on-the-23rd-imf-programme-for-pakistan-commentary/,https://file.pide.org.pk/pdfpdr/2022/295-308.pdf,,,pdfs/2022/11/295-308.pdf,data/fulltext/pide-commentary-on-the-23rd-imf-programme-for-pakistan-commentary.txt,234
mapping-impact-of-farmers-organisation-on-the-equity-of-water-and-land-productivity-evidence-from-pakistan-article,Mapping Impact of Farmer’s Organisation on the Equity of Water and Land Productivity: Evidence from Pakistan (Article),2022-11-26,2022-11,2022,PDR,PDR; 2022; Vol. 61 No.2-2022,Muhammad Arfan,Gini Coefficient; Farmers Managed Irrigation Schemes; Indus Basin; Water Productivity; Water Distribution Inequity; Irrigation Performance Indices,,https://pide.org.pk/research/mapping-impact-of-farmers-organisation-on-the-equity-of-water-and-land-productivity-evidence-from-pakistan-article/,https://file.pide.org.pk/pdfpdr/2022/275-294.pdf,,,pdfs/2022/11/275-294.pdf,data/fulltext/mapping-impact-of-farmers-organisation-on-the-equity-of-water-and-land-productivity-evidence-from-pakistan-article.txt,206
improving-the-public-sector-development-programme-allocations-in-the-clientelistic-environment-of-balochistan-a-political-economy-analysis-article,Improving the Public Sector Development Programme Allocations in the Clientelistic Environment of Balochistan: A Political Economy Analysis (Article),2022-11-26,2022-11,2022,PDR,PDR; 2022; Vol. 61 No.2-2022,Mir Sadaat Baloch; Nadir Khan,Poverty; Development; Balochistan; Clientelism; Performace Matrix; PSDP Allocation,,https://pide.org.pk/research/improving-the-public-sector-development-programme-allocations-in-the-clientelistic-environment-of-balochistan-a-political-economy-analysis-article/,https://file.pide.org.pk/pdfpdr/2022/213-230.pdf,,,pdfs/2022/11/213-230.pdf,data/fulltext/improving-the-public-sector-development-programme-allocations-in-the-clientelistic-environment-of-balochistan-a-political-economy-analysis-article.txt,118
impact-of-scholarships-on-student-success-a-case-study-of-the-university-of-turbat-pakistan-article,"Impact of Scholarships on Student Success: A Case Study of the University of Turbat, Pakistan (Article)",2022-11-26,2022-11,2022,PDR,PDR; 2022; Vol. 61 No.2-2022,Riaz Ahmed; Adeel Ahmed; Waseem Barkat; Rehmat Ullah,Quasi-Natural Experiment; Impact Evaluation; Need-Based Scholarship; Merit-Based Scholarship; Academic Success; Academic Performance; Difference-in-Differences,A22,https://pide.org.pk/research/impact-of-scholarships-on-student-success-a-case-study-of-the-university-of-turbat-pakistan-article/,https://file.pide.org.pk/pdfpdr/2022/231-258.pdf,,,pdfs/2022/11/231-258.pdf,data/fulltext/impact-of-scholarships-on-student-success-a-case-study-of-the-university-of-turbat-pakistan-article.txt,206
analysing-household-willingness-and-ability-to-pay-for-solid-waste-a-case-study-of-karachi-article,Analysing Household Willingness and Ability to Pay for Solid Waste: A Case Study of Karachi (Article),2022-11-26,2022-11,2022,PDR,PDR; 2022; Vol. 61 No.2-2022,Shaista Alam (Late); Ambreen Fatima,Solid Waste Management; Willingness to Pay; Ability to Pay; Heckman two-step,H1; D12; D31,https://pide.org.pk/research/analysing-household-willingness-and-ability-to-pay-for-solid-waste-a-case-study-of-karachi-article/,https://file.pide.org.pk/pdfpdr/2022/169-184.pdf,,,pdfs/2022/11/169-184.pdf,data/fulltext/analysing-household-willingness-and-ability-to-pay-for-solid-waste-a-case-study-of-karachi-article.txt,190
an-assessment-of-electricity-tariff-reforms-in-karachi-city-the-city-of-light-article,An Assessment of Electricity Tariff Reforms in Karachi City: The City of Light (Article),2022-11-26,2022-11,2022,PDR,PDR; 2022; Vol. 61 No.2-2022,Fouzia Sohail; Ambreen Fatima,Karachi; Electricity; Household; Tariff Reforms,,https://pide.org.pk/research/an-assessment-of-electricity-tariff-reforms-in-karachi-city-the-city-of-light-article/,https://file.pide.org.pk/pdfpdr/2022/259-274.pdf,,,pdfs/2022/11/259-274.pdf,data/fulltext/an-assessment-of-electricity-tariff-reforms-in-karachi-city-the-city-of-light-article.txt,169
pakistans-structural-economic-woes,Pakistan’s Structural Economic Woes,2022-11-22,2022-11,2022,PIDE in Press,PIDE in Press,Karim Khan,,,https://pide.org.pk/research/pakistans-structural-economic-woes/,https://file.pide.org.pk/uploads/pip-0430-pakistans-structural-economic-woes.pdf,,,pdfs/2022/11/pip-0430-pakistans-structural-economic-woes.pdf,data/fulltext/pakistans-structural-economic-woes.txt,1266
regulatory-environment-of-the-professions-in-pakistan,Regulatory Environment Of The Professions In Pakistan,2022-11-20,2022-11,2022,Research Reports,Center for Governance‚ Markets and Regulatory Analysis; Research Report; Rasta Research Report,Umer Ijaz Gilani,,,https://pide.org.pk/research/regulatory-environment-of-the-professions-in-pakistan/,https://file.pide.org.pk/uploads/rr-054-regulatory-environment-of-the-professions-in-pakistan.pdf,,,pdfs/2022/11/rr-054-regulatory-environment-of-the-professions-in-pakistan.pdf,data/fulltext/regulatory-environment-of-the-professions-in-pakistan.txt,692
rasta-local-research-local-solutions-urban-development-volume-ii,"RASTA Local Research, Local Solutions: Urban Development, Volume II",2022-11-20,2022-11,2022,Book,Books; Rasta Books,,,,https://pide.org.pk/research/rasta-local-research-local-solutions-urban-development-volume-ii/,https://file.pide.org.pk/uploads/book-rasta-local-research-local-solutions-urban-development-vol-2.pdf,https://file.pide.org.pk/uploads/book-rasta-local-research-local-solutions-urban-development-vol-2-high-resolution.pdf,,pdfs/2022/11/book-rasta-local-research-local-solutions-urban-development-vol-2.pdf,data/fulltext/rasta-local-research-local-solutions-urban-development-volume-ii.txt,166
rasta-local-research-local-solutions-technology-public-service-delivery-volume-iii,"RASTA Local Research, Local Solutions: Technology & Public Service Delivery, Volume III",2022-11-20,2022-11,2022,Book,Books; Rasta Books,,,,https://pide.org.pk/research/rasta-local-research-local-solutions-technology-public-service-delivery-volume-iii/,https://file.pide.org.pk/uploads/book-rasta-local-research-local-solutions-tech-and-public-service-delivery-vol-3.pdf,https://file.pide.org.pk/uploads/book-rasta-local-research-local-solutions-tech-and-public-service-delivery-vol-3-high-resolution.pdf,,pdfs/2022/11/book-rasta-local-research-local-solutions-tech-and-public-service-delivery-vol-3.pdf,data/fulltext/rasta-local-research-local-solutions-technology-public-service-delivery-volume-iii.txt,108
rasta-local-research-local-solutions-social-sector-development-volume-iv,"RASTA Local Research, Local Solutions: Social Sector Development, Volume IV",2022-11-20,2022-11,2022,Book,Books; Rasta Books,,,,https://pide.org.pk/research/rasta-local-research-local-solutions-social-sector-development-volume-iv/,https://file.pide.org.pk/uploads/book-rasta-local-research-local-solutions-social-sector-development-vol-4.pdf,https://file.pide.org.pk/uploads/book-rasta-local-research-local-solutions-social-sector-development-vol-4-high-resolution.pdf,,pdfs/2022/11/book-rasta-local-research-local-solutions-social-sector-development-vol-4.pdf,data/fulltext/rasta-local-research-local-solutions-social-sector-development-volume-iv.txt,222
rasta-local-research-local-solutions-political-economy-of-development-reform-volume-vi,"RASTA Local Research, Local Solutions: Political Economy Of Development Reform, Volume VI",2022-11-20,2022-11,2022,Book,Books; Rasta Books,,,,https://pide.org.pk/research/rasta-local-research-local-solutions-political-economy-of-development-reform-volume-vi/,https://file.pide.org.pk/uploads/book-rasta-local-research-local-solutions-political-economy-of-dev-reforms-vol-6.pdf,https://file.pide.org.pk/uploads/book-rasta-local-research-local-solutions-political-economy-of-dev-reforms-vol-6-high-resolution.pdf,,pdfs/2022/11/book-rasta-local-research-local-solutions-political-economy-of-dev-reforms-vol-6.pdf,data/fulltext/rasta-local-research-local-solutions-political-economy-of-development-reform-volume-vi.txt,179
rasta-local-research-local-solutions-markets-regulations-volume-v,"RASTA Local Research, Local Solutions: Markets & Regulations, Volume V",2022-11-20,2022-11,2022,Book,Books; Rasta Books,,,,https://pide.org.pk/research/rasta-local-research-local-solutions-markets-regulations-volume-v/,https://file.pide.org.pk/uploads/book-rasta-local-research-local-solutions-markets-and-regulations-vol-5.pdf,https://file.pide.org.pk/uploads/book-rasta-local-research-local-solutions-markets-and-regulations-vol-5-high-resolution.pdf,,pdfs/2022/11/book-rasta-local-research-local-solutions-markets-and-regulations-vol-5.pdf,data/fulltext/rasta-local-research-local-solutions-markets-regulations-volume-v.txt,108
rasta-local-research-local-solutions-energy-issues-volume-i,"RASTA Local Research, Local Solutions: Energy Issues, Volume I",2022-11-20,2022-11,2022,Book,Books; Rasta Books,,,,https://pide.org.pk/research/rasta-local-research-local-solutions-energy-issues-volume-i/,https://file.pide.org.pk/uploads/book-rasta-local-research-local-solutions-energy-issues-vol-1.pdf,https://file.pide.org.pk/uploads/book-rasta-local-research-local-solutions-energy-issues-vol-1-high-resolution.pdf,,pdfs/2022/11/book-rasta-local-research-local-solutions-energy-issues-vol-1.pdf,data/fulltext/rasta-local-research-local-solutions-energy-issues-volume-i.txt,131
policy-research-methods-a-step-by-step-guide-from-start-to-finish-for-students-and-practitioners,Policy Research Methods: A Step-by-Step Guide From Start To Finish For Students And Practitioners,2022-11-20,2022-11,2022,Book,Macro Policy Lab; Books; Rasta Books,Faheem Jehangir Khan,,,https://pide.org.pk/research/policy-research-methods-a-step-by-step-guide-from-start-to-finish-for-students-and-practitioners/,https://file.pide.org.pk/uploads/book-policy-research-methods.pdf,,,pdfs/2022/11/book-policy-research-methods.pdf,data/fulltext/policy-research-methods-a-step-by-step-guide-from-start-to-finish-for-students-and-practitioners.txt,115
parallel-education-streams-in-the-public-sector,Parallel Education Streams In The Public Sector,2022-11-20,2022-11,2022,Research Reports,Center for Sustainable Futures; Center for Social and Behavioral Analysis; Research Report; Rasta Research Report,Muhammad Jehangir Khan,,,https://pide.org.pk/research/parallel-education-streams-in-the-public-sector/,https://file.pide.org.pk/uploads/rr-055-parallel-education-streams-in-the-public-sector.pdf,,,pdfs/2022/11/rr-055-parallel-education-streams-in-the-public-sector.pdf,data/fulltext/parallel-education-streams-in-the-public-sector.txt,1566
inflation-analytics,Inflation Analytics,2022-11-20,2022-11,2022,Research Reports,Macro Policy Lab; Center for Economic Modelling and Data Analytics; Research Report; Rasta Research Report,Abdul Jalil; Nasir Hamid Rao; Mukhtar Ul Hasan; Farrukh Abbas Mirza,,,https://pide.org.pk/research/inflation-analytics/,https://file.pide.org.pk/uploads/rr-056-inflation-analytics.pdf,,,pdfs/2022/11/rr-056-inflation-analytics.pdf,data/fulltext/inflation-analytics.txt,601
digitalisation-and-disruption-consequences-for-business-and-theory,Digitalisation and Disruption— Consequences for Business and Theory,2022-11-17,2022-11,2022,Working Paper,Working Paper; Center for Industry‚ Trade &amp; Digital Economy,Mariam Mohsin; Fizzah Khalid Butt,Digitalisation; Disruption; Sharing Economy; Collaborative Consumption,,https://pide.org.pk/research/digitalisation-and-disruption-consequences-for-business-and-theory/,https://file.pide.org.pk/uploads/wp-0227-digitalisation-and-disruption-consequences-for-business-and-theory.pdf,,,pdfs/2022/11/wp-0227-digitalisation-and-disruption-consequences-for-business-and-theory.pdf,data/fulltext/digitalisation-and-disruption-consequences-for-business-and-theory.txt,1194
constituational-reforms-in-chile-a-pathway-for-pakistan,Constituational Reforms In Chile: A Pathway For Pakistan?,2022-11-17,2022-11,2022,PIDE in Press,PIDE in Press,Abid Rehman,,,https://pide.org.pk/research/constituational-reforms-in-chile-a-pathway-for-pakistan/,https://file.pide.org.pk/uploads/pip-0442-constituational-reforms-in-chile-a-pathway-for-pakistan.pdf,,,pdfs/2022/11/pip-0442-constituational-reforms-in-chile-a-pathway-for-pakistan.pdf,data/fulltext/constituational-reforms-in-chile-a-pathway-for-pakistan.txt,737
vertical-growth,Vertical Growth,2022-11-16,2022-11,2022,PIDE in Press,PIDE in Press,Nadeem Ul Haque,,,https://pide.org.pk/research/vertical-growth/,https://file.pide.org.pk/uploads/pip-0428-vertical-growth.pdf,,,pdfs/2022/11/pip-0428-vertical-growth.pdf,data/fulltext/vertical-growth.txt,789
parallel-education,Parallel Education,2022-11-16,2022-11,2022,PIDE in Press,PIDE in Press,Muhammad Jehangir Khan,,,https://pide.org.pk/research/parallel-education/,https://file.pide.org.pk/uploads/pip-0427-parallel-education.pdf,,,pdfs/2022/11/pip-0427-parallel-education.pdf,data/fulltext/parallel-education.txt,620
cop-out-27,COP(-out) 27,2022-11-16,2022-11,2022,PIDE in Press,PIDE in Press,Abbas Moosvi,,,https://pide.org.pk/research/cop-out-27/,https://file.pide.org.pk/uploads/pip-0429-cop-out-27.pdf,,,pdfs/2022/11/pip-0429-cop-out-27.pdf,data/fulltext/cop-out-27.txt,674
destruction-of-dengue-a-vector-borne-disease-lack-of-awareness-and-knowledge,Destruction of Dengue a Vector-Borne Disease: Lack of Awareness and Knowledge,2022-11-14,2022-11,2022,Knowledge Brief,Center for Social and Behavioral Analysis; Knowledge Brief; Center for Sustainable Futures,Abedullah Anjum; Waqar Younas,,,https://pide.org.pk/research/destruction-of-dengue-a-vector-borne-disease-lack-of-awareness-and-knowledge/,https://file.pide.org.pk/uploads/kb-089-destruction-of-dengue-a-vector-borne-disease-lack-of-awareness-and-knowledge.pdf,,,pdfs/2022/11/kb-089-destruction-of-dengue-a-vector-borne-disease-lack-of-awareness-and-knowledge.pdf,data/fulltext/destruction-of-dengue-a-vector-borne-disease-lack-of-awareness-and-knowledge.txt,1907
mega-solar-project-amendment-in-nepra-distributed-generation-net-metering-regulation-2015,"Mega Solar Project & Amendment In NEPRA Distributed Generation & Net-Metering Regulation, 2015",2022-11-10,2022-11,2022,Webinars Brief,Webinars Brief; Center for Energy‚ Logistics‚ and Infrastructure,Maria Ali,,,https://pide.org.pk/research/mega-solar-project-amendment-in-nepra-distributed-generation-net-metering-regulation-2015/,https://file.pide.org.pk/uploads/wb-127-mega-solar-project-and-amendment-in-nepra-distributed-generation-and-net-metering-regulation-2015.pdf,,,pdfs/2022/11/wb-127-mega-solar-project-and-amendment-in-nepra-distributed-generation-and-net-metering-regulation-2015.pdf,data/fulltext/mega-solar-project-amendment-in-nepra-distributed-generation-net-metering-regulation-2015.txt,1384
desire-to-live-in-pakistan-stay-or-leave,Desire to Live in Pakistan: Stay or Leave?,2022-11-07,2022-11,2022,BASICS Notes,Center for Sustainable Futures; Center for Social and Behavioral Analysis; BASICS Notes; Rasta BASICS Notes,Durr-e-Nayab,,,https://pide.org.pk/research/desire-to-live-in-pakistan-stay-or-leave/,https://file.pide.org.pk/uploads/bn-04-desire-to-live-in-pakistan-stay-or-leave.pdf,,,pdfs/2022/11/bn-04-desire-to-live-in-pakistan-stay-or-leave.pdf,data/fulltext/desire-to-live-in-pakistan-stay-or-leave.txt,1166
economics-of-demonstration,Economics of demonstration,2022-11-06,2022-11,2022,PIDE in Press,PIDE in Press,Ajmal Kakar,,,https://pide.org.pk/research/economics-of-demonstration/,https://file.pide.org.pk/uploads/pip-economics-of-demonstration.pdf,,,pdfs/2022/11/pip-economics-of-demonstration.pdf,,0
economic-prospects-amid-uncertainty,Economic Prospects Amid Uncertainty,2022-11-04,2022-11,2022,PIDE in Press,PIDE in Press,Karim Khan,,,https://pide.org.pk/research/economic-prospects-amid-uncertainty/,https://file.pide.org.pk/uploads/pip-0426-economic-prospects-amid-uncertainty.pdf,,,pdfs/2022/11/pip-0426-economic-prospects-amid-uncertainty.pdf,data/fulltext/economic-prospects-amid-uncertainty.txt,949
questioning-the-identity,Questioning the Identity,2022-11-03,2022-11,2022,PIDE in Press,PIDE in Press,Ajmal Kakar,,,https://pide.org.pk/research/questioning-the-identity/,,,,,,0
death-to-neoliberalism,Death to neoliberalism,2022-11-03,2022-11,2022,PIDE in Press,PIDE in Press,Abbas Moosvi,,,https://pide.org.pk/research/death-to-neoliberalism/,https://file.pide.org.pk/uploads/pip-0424-death-to-neoliberalism.pdf,,,pdfs/2022/11/pip-0424-death-to-neoliberalism.pdf,data/fulltext/death-to-neoliberalism.txt,1083
writing-orient-on-western-gaze-and-its-discontents,Writing Orient: On Western Gaze and its Discontents,2022-11-02,2022-11,2022,Policy and Research,Policy and Research; Discourse Vol.1 Issue 3,Fatima Ahmad,,,https://pide.org.pk/research/writing-orient-on-western-gaze-and-its-discontents/,https://file.pide.org.pk/uploads/discourse-vol1i3-23-writing-orient-on-western-gaze-and-its-discontents.pdf,,,pdfs/2022/11/discourse-vol1i3-23-writing-orient-on-western-gaze-and-its-discontents.pdf,data/fulltext/writing-orient-on-western-gaze-and-its-discontents.txt,1067
why-imf-programs-never-work-for-pakistan,Why IMF Programs Never Work for Pakistan,2022-11-02,2022-11,2022,Policy and Research,Policy and Research; Discourse Vol.1 Issue 3,Henna Ahsan,,,https://pide.org.pk/research/why-imf-programs-never-work-for-pakistan/,https://file.pide.org.pk/uploads/discourse-vol1i3-10-why-imf-programs-never-work-for-pakistan.pdf,,,pdfs/2022/11/discourse-vol1i3-10-why-imf-programs-never-work-for-pakistan.pdf,data/fulltext/why-imf-programs-never-work-for-pakistan.txt,1005
whither-pakistans-football,Whither Pakistan’s Football?,2022-11-02,2022-11,2022,Policy and Research,Policy and Research; Discourse Vol.1 Issue 3,Ismail Farooq,,,https://pide.org.pk/research/whither-pakistans-football/,https://file.pide.org.pk/uploads/discourse-vol1i3-20-whither-pakistans-football.pdf.pdf,https://file.pide.org.pk/uploads/discourse-vol1i3-20-whither-pakistans-football.pdf,,,data/fulltext/whither-pakistans-football.txt,1116
universal-basic-income-a-simple-measure-to-usher-in-an-economic-revolution,Universal Basic Income – A simple measure to usher in an economic revolution,2022-11-02,2022-11,2022,Policy and Research,Policy and Research; Discourse Vol.1 Issue 3,Nasim Beg,,,https://pide.org.pk/research/universal-basic-income-a-simple-measure-to-usher-in-an-economic-revolution/,https://file.pide.org.pk/uploads/discourse-vol1i3-11-universal-basic-income-a-simple-measure-to-usher-in-an-economic-revolution.pdf,,,pdfs/2022/11/discourse-vol1i3-11-universal-basic-income-a-simple-measure-to-usher-in-an-economic-revolution.pdf,data/fulltext/universal-basic-income-a-simple-measure-to-usher-in-an-economic-revolution.txt,1122
ttp-infiltrates-khyber-pakhtunkhwa,TTP infiltrates Khyber Pakhtunkhwa,2022-11-02,2022-11,2022,Policy and Research,Policy and Research; Discourse Vol.1 Issue 3,Pervez Hoodbhoy,,,https://pide.org.pk/research/ttp-infiltrates-khyber-pakhtunkhwa/,https://file.pide.org.pk/uploads/discourse-vol1i3-07-ttp-infiltrates-khyber-pakhtunkhwa.pdf,,,pdfs/2022/11/discourse-vol1i3-07-ttp-infiltrates-khyber-pakhtunkhwa.pdf,data/fulltext/ttp-infiltrates-khyber-pakhtunkhwa.txt,1032
this-was-the-coolest-summer-of-the-rest-of-your-life,This was the coolest summer of the rest of your life,2022-11-02,2022-11,2022,Policy and Research,Policy and Research; Discourse Vol.1 Issue 3,Ahmad Rafay Alam,,,https://pide.org.pk/research/this-was-the-coolest-summer-of-the-rest-of-your-life/,https://file.pide.org.pk/uploads/discourse-vol1i3-01-this-was-the-coolest-summer-of-the-rest-of-your-life.pdf,,,pdfs/2022/11/discourse-vol1i3-01-this-was-the-coolest-summer-of-the-rest-of-your-life.pdf,data/fulltext/this-was-the-coolest-summer-of-the-rest-of-your-life.txt,855
the-t20-world-cup-past-and-present,The T20 World Cup: Past and Present,2022-11-02,2022-11,2022,Policy and Research,Policy and Research; Discourse Vol.1 Issue 3,Waseem Abbas,,,https://pide.org.pk/research/the-t20-world-cup-past-and-present/,https://file.pide.org.pk/uploads/discourse-vol1i3-21-the-t-20-world-cup-past-and-present.pdf,,,pdfs/2022/11/discourse-vol1i3-21-the-t-20-world-cup-past-and-present.pdf,data/fulltext/the-t20-world-cup-past-and-present.txt,969
the-missing-middle,The Missing Middle,2022-11-02,2022-11,2022,Policy and Research; Must Read,Policy and Research; Discourse Vol.1 Issue 3,Nadeem Ul Haque,,,https://pide.org.pk/research/the-missing-middle/,https://file.pide.org.pk/uploads/discourse-vol1i3-15-the-missing-middle.pdf,,,pdfs/2022/11/discourse-vol1i3-15-the-missing-middle.pdf,data/fulltext/the-missing-middle.txt,965
the-haves-the-have-nots-pakistans-climatic-catastrophe,The Haves & The Have-Nots: Pakistan’s Climatic Catastrophe,2022-11-02,2022-11,2022,Policy and Research,Policy and Research; Discourse Vol.1 Issue 3,Maryam Khan,,,https://pide.org.pk/research/the-haves-the-have-nots-pakistans-climatic-catastrophe/,https://file.pide.org.pk/uploads/discourse-vol1i3-04-the-haves-and-the-have-nots-pakistans-climatic-catastrophe.pdf,,,pdfs/2022/11/discourse-vol1i3-04-the-haves-and-the-have-nots-pakistans-climatic-catastrophe.pdf,data/fulltext/the-haves-the-have-nots-pakistans-climatic-catastrophe.txt,1275
the-case-for-privatization-of-pakistans-state-owned-enterprises,The Case for Privatization of Pakistan’s State-owned Enterprises,2022-11-02,2022-11,2022,Policy and Research,Policy and Research; Discourse Vol.1 Issue 3,Naveed Iftikhar,,,https://pide.org.pk/research/the-case-for-privatization-of-pakistans-state-owned-enterprises/,https://file.pide.org.pk/uploads/discourse-vol1i3-16-the-case-for-privatization-of-pakistans-state-owned-enterprises.pdf,,,pdfs/2022/11/discourse-vol1i3-16-the-case-for-privatization-of-pakistans-state-owned-enterprises.pdf,data/fulltext/the-case-for-privatization-of-pakistans-state-owned-enterprises.txt,966
the-case-against-privatization-of-pakistans-state-owned-enterprises,The Case Against Privatization of Pakistan’s State-owned Enterprises,2022-11-02,2022-11,2022,Policy and Research; Must Read,Policy and Research; Discourse Vol.1 Issue 3,Ammar Rashid,,,https://pide.org.pk/research/the-case-against-privatization-of-pakistans-state-owned-enterprises/,https://file.pide.org.pk/uploads/discourse-vol1i3-17-the-case-against-privatization-of-pakistans-state-owned-enterprises.pdf,,,pdfs/2022/11/discourse-vol1i3-17-the-case-against-privatization-of-pakistans-state-owned-enterprises.pdf,data/fulltext/the-case-against-privatization-of-pakistans-state-owned-enterprises.txt,2229
swats-forgotten-masterpeice,Swat’s Forgotten Masterpeice,2022-11-02,2022-11,2022,Policy and Research,Policy and Research; Discourse Vol.1 Issue 3,Salman Rashid,,,https://pide.org.pk/research/swats-forgotten-masterpeice/,https://file.pide.org.pk/uploads/discourse-vol1i3-22-swats-forgotten-masterpeice.pdf,,,pdfs/2022/11/discourse-vol1i3-22-swats-forgotten-masterpeice.pdf,data/fulltext/swats-forgotten-masterpeice.txt,970
social-medias-toll-on-mental-health,Social Media’s Toll on Mental Health,2022-11-02,2022-11,2022,Policy and Research,Policy and Research; Discourse Vol.1 Issue 3,Danyal Haroon,,,https://pide.org.pk/research/social-medias-toll-on-mental-health/,https://file.pide.org.pk/uploads/discourse-vol1i3-13-social-medias-toll-on-mental-health.pdf,,,pdfs/2022/11/discourse-vol1i3-13-social-medias-toll-on-mental-health.pdf,data/fulltext/social-medias-toll-on-mental-health.txt,921
signaling-labor-markets-and-universities,Signaling Labor Markets and Universities,2022-11-02,2022-11,2022,Policy and Research,Policy and Research; Discourse Vol.1 Issue 3,Sonan Ahmed Memon,,,https://pide.org.pk/research/signaling-labor-markets-and-universities/,https://file.pide.org.pk/uploads/discourse-vol1i3-12-signaling-labor-markets-and-universities.pdf,,,pdfs/2022/11/discourse-vol1i3-12-signaling-labor-markets-and-universities.pdf,data/fulltext/signaling-labor-markets-and-universities.txt,1035
revolutions-dont-cry-foul,Revolutions Don’t Cry ‘Foul’!,2022-11-02,2022-11,2022,Policy and Research,Policy and Research; Discourse Vol.1 Issue 3,Amer Z. Durrani,,,https://pide.org.pk/research/revolutions-dont-cry-foul/,https://file.pide.org.pk/uploads/discourse-vol1i3-09-revolutions-dont-cry-foul.pdf,,,pdfs/2022/11/discourse-vol1i3-09-revolutions-dont-cry-foul.pdf,data/fulltext/revolutions-dont-cry-foul.txt,823
rebuilding-pakistan-an-investment-in-climate-resilience,Rebuilding Pakistan: An Investment in Climate Resilience,2022-11-02,2022-11,2022,Policy and Research,Policy and Research; Discourse Vol.1 Issue 3,Maha Husain,,,https://pide.org.pk/research/rebuilding-pakistan-an-investment-in-climate-resilience/,https://file.pide.org.pk/uploads/discourse-vol1i3-06-rebuilding-pakistan-an-investment-in-climate-resilience.pdf,,https://www.finance.gov.pk/survey/chapter_12/SplSection.pdf,pdfs/2022/11/discourse-vol1i3-06-rebuilding-pakistan-an-investment-in-climate-resilience.pdf,data/fulltext/rebuilding-pakistan-an-investment-in-climate-resilience.txt,841
re-enchanting-nature-fixing-descartes-error,Re-enchanting Nature: Fixing Descartes’ Error,2022-11-02,2022-11,2022,Policy and Research,Policy and Research; Discourse Vol.1 Issue 3,Khurram Ellahi Khan,,,https://pide.org.pk/research/re-enchanting-nature-fixing-descartes-error/,https://file.pide.org.pk/uploads/discourse-vol1i3-14-re-enchanting-nature-fixing-descartes-error.pdf,,,pdfs/2022/11/discourse-vol1i3-14-re-enchanting-nature-fixing-descartes-error.pdf,data/fulltext/re-enchanting-nature-fixing-descartes-error.txt,723
products-of-inflation-shrinkflation-and-skimpflation,Products of Inflation: Shrinkflation and Skimpflation,2022-11-02,2022-11,2022,Policy and Research; Must Read,Policy and Research; Discourse Vol.1 Issue 3,Anjeela Khurram; Saba Anwar,,,https://pide.org.pk/research/products-of-inflation-shrinkflation-and-skimpflation/,https://file.pide.org.pk/uploads/discourse-vol1i3-19-products-of-inflation-shrinkflation-and-skimpflation.pdf,,,pdfs/2022/11/discourse-vol1i3-19-products-of-inflation-shrinkflation-and-skimpflation.pdf,data/fulltext/products-of-inflation-shrinkflation-and-skimpflation.txt,753
politicization-of-floods-in-pakistan-an-assessment-of-twitter-trends,Politicization of Floods in Pakistan: An Assessment of Twitter Trends,2022-11-02,2022-11,2022,Policy and Research; Must Read,Policy and Research; Discourse Vol.1 Issue 3,Abu Bakar Naeem; Laraib Farhat,,,https://pide.org.pk/research/politicization-of-floods-in-pakistan-an-assessment-of-twitter-trends/,https://file.pide.org.pk/uploads/discourse-vol1i3-05-politicization-of-floods-in-pakistan-an-assessment-of-twitter-trends.pdf,,,pdfs/2022/11/discourse-vol1i3-05-politicization-of-floods-in-pakistan-an-assessment-of-twitter-trends.pdf,data/fulltext/politicization-of-floods-in-pakistan-an-assessment-of-twitter-trends.txt,1135
pide-bi-monthly-round-up,PIDE Bi-Monthly Round-Up (Discourse Vol.1 Issue 3),2022-11-02,2022-11,2022,Policy and Research,Policy and Research; Discourse Vol.1 Issue 3,,,,https://pide.org.pk/research/pide-bi-monthly-round-up/,https://file.pide.org.pk/uploads/discourse-vol1i3-26-pide-roundup.pdf,,,pdfs/2022/11/discourse-vol1i3-26-pide-roundup.pdf,data/fulltext/pide-bi-monthly-round-up.txt,403
pakistans-microfinance-sector-as-liquid-as-a-rock,Pakistan’s Microfinance Sector: As liquid as a rock,2022-11-02,2022-11,2022,Policy and Research,Policy and Research; Discourse Vol.1 Issue 3,Ahtasam Ahmad,,,https://pide.org.pk/research/pakistans-microfinance-sector-as-liquid-as-a-rock/,https://file.pide.org.pk/uploads/discourse-vol1i3-18-pakistans-microfinance-sector-as-liquid-as-a-rock.pdf,,https://pmn.org.pk/wp-content/uploads/2022/09/MicroWatch-Issue-64-4.pdf; https://www.finance.gov.pk/jobs/Operational_Framework_10102021.pdf; https://www.sbp.org.pk/smefd/circulars/2021/C11-Annex.pdf,pdfs/2022/11/discourse-vol1i3-18-pakistans-microfinance-sector-as-liquid-as-a-rock.pdf,data/fulltext/pakistans-microfinance-sector-as-liquid-as-a-rock.txt,942
pakistans-floods-fiasco,Pakistan’s Floods Fiasco,2022-11-02,2022-11,2022,Policy and Research; Must Read,Policy and Research; Discourse Vol.1 Issue 3,Karim Khan,,,https://pide.org.pk/research/pakistans-floods-fiasco/,https://file.pide.org.pk/uploads/discourse-vol1i3-03-pakistans-floods-fiasco.pdf,,,pdfs/2022/11/discourse-vol1i3-03-pakistans-floods-fiasco.pdf,data/fulltext/pakistans-floods-fiasco.txt,1232
our-colonization-never-ended-locating-the-racist-and-colonial-roots-of-transphobia-in-pakistan,Our Colonization Never Ended: Locating the Racist and Colonial Roots of Transphobia in Pakistan,2022-11-02,2022-11,2022,Policy and Research,Policy and Research; Discourse Vol.1 Issue 3,Mehrub Moiz Awan,,,https://pide.org.pk/research/our-colonization-never-ended-locating-the-racist-and-colonial-roots-of-transphobia-in-pakistan/,https://file.pide.org.pk/uploads/discourse-vol1i3-08-our-colonization-never-ended-locating-the-racist-and-colonial-roots-of-transphobia-in-pakistan.pdf,,,pdfs/2022/11/discourse-vol1i3-08-our-colonization-never-ended-locating-the-racist-and-colonial-roots-of-transphobia-in-pakistan.pdf,data/fulltext/our-colonization-never-ended-locating-the-racist-and-colonial-roots-of-transphobia-in-pakistan.txt,1869
ishq,Ishq,2022-11-02,2022-11,2022,Policy and Research,Policy and Research; Discourse Vol.1 Issue 3,Farooq Baig; Wasif Rashid,,,https://pide.org.pk/research/ishq/,https://file.pide.org.pk/uploads/discourse-vol1i3-25-ishq.pdf,,,pdfs/2022/11/discourse-vol1i3-25-ishq.pdf,data/fulltext/ishq.txt,827
floods-and-climate-justice-relief-rebuilding-reparations,"Floods And Climate Justice: Relief, Rebuilding, Reparations",2022-11-02,2022-11,2022,Policy and Research,Policy and Research; P &amp; R Magazine,,,,https://pide.org.pk/research/floods-and-climate-justice-relief-rebuilding-reparations/,https://file.pide.org.pk/uploads/discourse-vol1i3.pdf,https://file.pide.org.pk/uploads/discourse-vol1i3-high-resolution.pdf,,pdfs/2022/11/discourse-vol1i3.pdf,data/fulltext/floods-and-climate-justice-relief-rebuilding-reparations.txt,298
climate-justice-relief-rebuilding-and-reparations,"Climate justice: relief, rebuilding, and reparations",2022-11-02,2022-11,2022,Policy and Research,Policy and Research; Discourse Vol.1 Issue 3,,,,https://pide.org.pk/research/climate-justice-relief-rebuilding-and-reparations/,https://file.pide.org.pk/uploads/discourse-vol1i3-001-climate-justice-relief-rebuilding-and-reparations.pdf,,,pdfs/2022/11/discourse-vol1i3-001-climate-justice-relief-rebuilding-and-reparations.pdf,data/fulltext/climate-justice-relief-rebuilding-and-reparations.txt,1129
climate-catastrophes-and-the-global-political-economy-of-malgovernance,Climate Catastrophes and the Global Political Economy of Malgovernance,2022-11-02,2022-11,2022,Policy and Research,Policy and Research; Discourse Vol.1 Issue 3,Noaman G. Ali,,,https://pide.org.pk/research/climate-catastrophes-and-the-global-political-economy-of-malgovernance/,https://file.pide.org.pk/uploads/discourse-vol1i3-02-climate-catastrophes-and-the-global-political-economy-of-malgovernance.pdf,,,pdfs/2022/11/discourse-vol1i3-02-climate-catastrophes-and-the-global-political-economy-of-malgovernance.pdf,data/fulltext/climate-catastrophes-and-the-global-political-economy-of-malgovernance.txt,1464
art-through-the-eyes-of-a-curator,Art Through the Eyes of a Curator,2022-11-02,2022-11,2022,Policy and Research,Policy and Research; Discourse Vol.1 Issue 3,Roma Larak Ali,,,https://pide.org.pk/research/art-through-the-eyes-of-a-curator/,https://file.pide.org.pk/uploads/discourse-vol1i3-24-art-through-the-eyes-of-a-curator.pdf,,,pdfs/2022/11/discourse-vol1i3-24-art-through-the-eyes-of-a-curator.pdf,data/fulltext/art-through-the-eyes-of-a-curator.txt,686
survey-revealed-pakistans-identity-is-a-multi-layered-phenomenon,Survey revealed Pakistan’s Identity is a multi-layered phenomenon,2022-10-31,2022-10,2022,PIDE in Press,PIDE in Press,Durr-e-Nayab,,,https://pide.org.pk/research/survey-revealed-pakistans-identity-is-a-multi-layered-phenomenon/,https://file.pide.org.pk/uploads/pip-0421-survey-revealed-pakistans-identity-is-a-multi-layered-phenomenon.pdf,,,pdfs/2022/10/pip-0421-survey-revealed-pakistans-identity-is-a-multi-layered-phenomenon.pdf,data/fulltext/survey-revealed-pakistans-identity-is-a-multi-layered-phenomenon.txt,626
milk-prices-in-pakistan,Milk Prices in Pakistan,2022-10-31,2022-10,2022,PIDE in Press,PIDE in Press,Abdus Sattar,,,https://pide.org.pk/research/milk-prices-in-pakistan/,,,,,,0
media-coverage-of-pide-basics-survey,Media Coverage of PIDE BASICS Survey,2022-10-31,2022-10,2022,PIDE in Press,PIDE in Press,,,,https://pide.org.pk/research/media-coverage-of-pide-basics-survey/,https://file.pide.org.pk/uploads/pip-0423-media-coverage-of-pide-basics-survey.pdf,,,pdfs/2022/10/pip-0423-media-coverage-of-pide-basics-survey.pdf,,0
agm-pre-conference-media-coverage,AGM Pre Conference Media Coverage,2022-10-31,2022-10,2022,PIDE in Press,PIDE in Press,,,,https://pide.org.pk/research/agm-pre-conference-media-coverage/,https://file.pide.org.pk/uploads/pip-0422-agm-pre-conference-media-coverage.pdf,,,pdfs/2022/10/pip-0422-agm-pre-conference-media-coverage.pdf,,0
book-launch-webinar-aid-politics-and-the-war-of-narratives-in-the-us-pakistan-relations,"Book Launch Webinar: Aid, Politics, And The War of Narratives in the US-Pakistan Relations",2022-10-28,2022-10,2022,Webinars Brief,Center for Social and Behavioral Analysis; Webinars Brief; Center for Sustainable Futures,Muhammad Abdullah,,,https://pide.org.pk/research/book-launch-webinar-aid-politics-and-the-war-of-narratives-in-the-us-pakistan-relations/,https://file.pide.org.pk/uploads/wb-126-book-launch-webinar-aid-politics-and-the-war-of-narratives-in-the-us-pakistan-relations.pdf,,,pdfs/2022/10/wb-126-book-launch-webinar-aid-politics-and-the-war-of-narratives-in-the-us-pakistan-relations.pdf,data/fulltext/book-launch-webinar-aid-politics-and-the-war-of-narratives-in-the-us-pakistan-relations.txt,1280
quetta-cafes-an-indigenous-tea-cafes-chain-in-twins-cities,Quetta Cafes: An Indigenous Tea Cafes Chain in Twins Cities,2022-10-26,2022-10,2022,Working Paper,Working Paper; Center for Governance‚ Markets and Regulatory Analysis,Muhammad Ajmal Khan; Qaisar Iqbal,,,https://pide.org.pk/research/quetta-cafes-an-indigenous-tea-cafes-chain-in-twins-cities/,https://file.pide.org.pk/uploads/wp-0226-quetta-cafes-an-indigenous-tea-cafes-chain-in-twins-cities.pdf,,,pdfs/2022/10/wp-0226-quetta-cafes-an-indigenous-tea-cafes-chain-in-twins-cities.pdf,data/fulltext/quetta-cafes-an-indigenous-tea-cafes-chain-in-twins-cities.txt,1077
do-the-surrogate-states-deliver,Do the Surrogate States Deliver?,2022-10-26,2022-10,2022,PIDE in Press,PIDE in Press,Karim Khan,,,https://pide.org.pk/research/do-the-surrogate-states-deliver/,https://file.pide.org.pk/uploads/pip-0419-do-the-surrogate-states-deliver.pdf,,,pdfs/2022/10/pip-0419-do-the-surrogate-states-deliver.pdf,data/fulltext/do-the-surrogate-states-deliver.txt,1310
a-practical-guide-for-evaluations,A Practical Guide for Evaluations,2022-10-25,2022-10,2022,Knowledge Brief,Knowledge Brief; Center for Governance‚ Markets and Regulatory Analysis,Raja Rafi Ullah,,,https://pide.org.pk/research/a-practical-guide-for-evaluations/,https://file.pide.org.pk/uploads/kb-088-a-practical-guide-for-evaluations.pdf,,https://www.intrac.org/wpcms/wp-content/uploads/2016/06/Monitoring-and-Evaluation-Series-Outcomes-Outputs-and-Impact-7.pdf; https://www.cdc.gov/std/program/pupestd/types%20of%20evaluation.pdf,pdfs/2022/10/kb-088-a-practical-guide-for-evaluations.pdf,data/fulltext/a-practical-guide-for-evaluations.txt,1389
is-a-multilateral-full-trade-liberalization-policy-effective-in-pakistan,Is a multilateral full trade liberalization policy effective in Pakistan?,2022-10-20,2022-10,2022,Knowledge Brief,Knowledge Brief; Center for Industry‚ Trade &amp; Digital Economy,Muhammad Zeshan,,,https://pide.org.pk/research/is-a-multilateral-full-trade-liberalization-policy-effective-in-pakistan/,https://file.pide.org.pk/uploads/kb-087-is-a-multilateral-full-trade-liberalization-policy-effective-in-pakistan.pdf,,,pdfs/2022/10/kb-087-is-a-multilateral-full-trade-liberalization-policy-effective-in-pakistan.pdf,data/fulltext/is-a-multilateral-full-trade-liberalization-policy-effective-in-pakistan.txt,747
how-not-to-turn-to-welfare,How not to turn to ‘welfare’,2022-10-20,2022-10,2022,PIDE in Press,PIDE in Press,Shahid Mehmood,,,https://pide.org.pk/research/how-not-to-turn-to-welfare/,https://file.pide.org.pk/uploads/pip-0418-how-not-to-turn-to-welfare.pdf,,,pdfs/2022/10/pip-0418-how-not-to-turn-to-welfare.pdf,data/fulltext/how-not-to-turn-to-welfare.txt,1037
does-incentive-mechanism-influence-the-research-productivity-of-public-sector-university-teaching-faculty-in-pakistan-a-comparison-between-tenure-track-system-tts-and-basic-pay-scale-bps,Does Incentive Mechanism Influence the Research Productivity of Public Sector University Teaching Faculty in Pakistan? A Comparison between Tenure Track System (TTS) and Basic Pay Scale (BPS),2022-10-20,2022-10,2022,Knowledge Brief,Center for Social and Behavioral Analysis; Knowledge Brief; Center for Sustainable Futures,Ghulam Mustafa; Bashir Khan,,,https://pide.org.pk/research/does-incentive-mechanism-influence-the-research-productivity-of-public-sector-university-teaching-faculty-in-pakistan-a-comparison-between-tenure-track-system-tts-and-basic-pay-scale-bps/,https://file.pide.org.pk/uploads/kb-086-does-incentive-mechanism-influence-the-research-productivity-of-public-sector-university-teaching-faculty-in-pakistan.pdf,,,pdfs/2022/10/kb-086-does-incentive-mechanism-influence-the-research-productivity-of-public-sector-university-teaching-faculty-in-pakistan.pdf,data/fulltext/does-incentive-mechanism-influence-the-research-productivity-of-public-sector-university-teaching-faculty-in-pakistan-a-comparison-between-tenure-track-system-tts-and-basic-pay-scale-bps.txt,3726
who-do-we-think-we-are-the-question-of-identity,Who Do We Think We Are The Question of Identity!,2022-10-19,2022-10,2022,BASICS Notes,Center for Social and Behavioral Analysis; BASICS Notes; Rasta BASICS Notes,Durr-e-Nayab,,,https://pide.org.pk/research/who-do-we-think-we-are-the-question-of-identity/,https://file.pide.org.pk/uploads/bn-03-who-do-we-think-we-are-the-question-of-identity.pdf,,,pdfs/2022/10/bn-03-who-do-we-think-we-are-the-question-of-identity.pdf,data/fulltext/who-do-we-think-we-are-the-question-of-identity.txt,1322
identity-politics-and-its-discontents,Identity politics and its discontents,2022-10-17,2022-10,2022,PIDE in Press,PIDE in Press,Abbas Moosvi,,,https://pide.org.pk/research/identity-politics-and-its-discontents/,https://file.pide.org.pk/uploads/pip-0417-identity-politics-and-its-discontents.pdf,,,pdfs/2022/10/pip-0417-identity-politics-and-its-discontents.pdf,data/fulltext/identity-politics-and-its-discontents.txt,1087
beyond-winning,Beyond Winning,2022-10-14,2022-10,2022,Webinars Brief,Webinars Brief; Center for Social and Behavioral Analysis,Fida Muhammad Khan,,,https://pide.org.pk/research/beyond-winning/,https://file.pide.org.pk/uploads/wb-125-beyond-winning.pdf,,,pdfs/2022/10/wb-125-beyond-winning.pdf,data/fulltext/beyond-winning.txt,879
the-perplexing-population-puzzle,The perplexing population puzzle,2022-10-12,2022-10,2022,PIDE in Press,PIDE in Press,Mansoor Qaisar,,,https://pide.org.pk/research/the-perplexing-population-puzzle/,https://file.pide.org.pk/uploads/pip-0416-the-perplexing-population-puzzle.pdf,,,pdfs/2022/10/pip-0416-the-perplexing-population-puzzle.pdf,data/fulltext/the-perplexing-population-puzzle.txt,973
high-rise-town-planning-current-urban-paradigm-of-pakistan,"High Rise, Town-Planning & Current Urban Paradigm of Pakistan",2022-10-12,2022-10,2022,Webinars Brief,Webinars Brief; Center for Energy‚ Logistics‚ and Infrastructure,Aimen Shakeel Abbasi,,,https://pide.org.pk/research/high-rise-town-planning-current-urban-paradigm-of-pakistan/,https://file.pide.org.pk/uploads/wb-124-high-rise-town-planning-and-current-urban-paradigm-of-pakistan.pdf,,,pdfs/2022/10/wb-124-high-rise-town-planning-and-current-urban-paradigm-of-pakistan.pdf,data/fulltext/high-rise-town-planning-current-urban-paradigm-of-pakistan.txt,543
understanding-social-capital,Understanding Social Capital,2022-10-11,2022-10,2022,BASICS Notes,Center for Social and Behavioral Analysis; BASICS Notes; Rasta BASICS Notes,Durr-e-Nayab; Fahd Zulfiqar,,,https://pide.org.pk/research/understanding-social-capital/,https://file.pide.org.pk/uploads/bn-02-understanding-social-capital.pdf,,https://home.iitk.ac.in/~amman/soc748/bourdieu_forms_of_capital.pdf,pdfs/2022/10/bn-02-understanding-social-capital.pdf,data/fulltext/understanding-social-capital.txt,2258
impact-of-climate-change-on-water-in-pakistan,Impact of Climate Change on Water in Pakistan,2022-10-11,2022-10,2022,Knowledge Brief,Knowledge Brief; Rasta Knowledge Brief,Nazam Maqbool,,,https://pide.org.pk/research/impact-of-climate-change-on-water-in-pakistan/,https://file.pide.org.pk/uploads/kb-085-impact-of-climate-change-on-water-in-pakistan.pdf,,http://prise.odi.org/wp-content/uploads/2016/01/Low_Res-Climate-induced-rural-to-urban-migration-in-Pakistan.pdf; http://bdro.org/wp-content/uploads/2013/04/Indus-Delta-MIGRATION-study.pdf,pdfs/2022/10/kb-085-impact-of-climate-change-on-water-in-pakistan.pdf,data/fulltext/impact-of-climate-change-on-water-in-pakistan.txt,4312
pre-paid-smart-meter-and-transparent-electricity-bills,Pre-paid Smart Meter and Transparent Electricity Bills,2022-10-07,2022-10,2022,PIDE in Press,PIDE in Press,Tehmina Asad,,,https://pide.org.pk/research/pre-paid-smart-meter-and-transparent-electricity-bills/,,,,,,0
pakistanis-who-are-we,About the PIDE-Basics Survey,2022-10-06,2022-10,2022,BASICS Notes,Center for Social and Behavioral Analysis; BASICS Notes; Rasta BASICS Notes,Durr-e-Nayab,,,https://pide.org.pk/research/pakistanis-who-are-we/,https://file.pide.org.pk/uploads/bn-01-pakistanis-who-are-we.pdf,,,pdfs/2022/10/bn-01-pakistanis-who-are-we.pdf,data/fulltext/pakistanis-who-are-we.txt,1039
nepra-amendment-in-net-metering-regulation,NEPRA Amendment in Net-metering Regulation,2022-10-06,2022-10,2022,PIDE in Press,PIDE in Press,Afia Malik,,,https://pide.org.pk/research/nepra-amendment-in-net-metering-regulation/,https://file.pide.org.pk/uploads/pip-0414-nepra-amendment-in-net-metering-regulation.pdf,,,pdfs/2022/10/pip-0414-nepra-amendment-in-net-metering-regulation.pdf,data/fulltext/nepra-amendment-in-net-metering-regulation.txt,1054
miracle-of-education,Miracle of education,2022-10-06,2022-10,2022,PIDE in Press,PIDE in Press,Muhammad Jehangir Khan,,,https://pide.org.pk/research/miracle-of-education/,https://file.pide.org.pk/uploads/pip-0413-miracle-of-education.pdf,,,pdfs/2022/10/pip-0413-miracle-of-education.pdf,data/fulltext/miracle-of-education.txt,887
media-coverage-of-pide-webinar-on-sports-and-society,Media Coverage of “PIDE Webinar on Sports and Society”,2022-10-04,2022-10,2022,PIDE in Press,PIDE in Press,,,,https://pide.org.pk/research/media-coverage-of-pide-webinar-on-sports-and-society/,https://file.pide.org.pk/uploads/pip-0412-media-coverage-of-pide-webinar-on-sports-and-society.pdf,,,pdfs/2022/10/pip-0412-media-coverage-of-pide-webinar-on-sports-and-society.pdf,data/fulltext/media-coverage-of-pide-webinar-on-sports-and-society.txt,7
dairy-processing-in-pakistan,Dairy Processing in Pakistan,2022-10-04,2022-10,,PIDE in Press,PIDE in Press,Abdus Sattar,,,https://pide.org.pk/research/dairy-processing-in-pakistan/,,,,,,0
transgender-bill-and-human-rights,Transgender Bill and Human Rights,2022-10-03,2022-10,2022,PIDE in Press,PIDE in Press,Mansoor Qaisar,,,https://pide.org.pk/research/transgender-bill-and-human-rights/,https://file.pide.org.pk/uploads/pip-0408-transgender-bill-and-human-rights.pdf,,,pdfs/2022/10/pip-0408-transgender-bill-and-human-rights.pdf,data/fulltext/transgender-bill-and-human-rights.txt,857
therapy-industrial-complex,Therapy Industrial Complex,2022-10-03,2022-10,2022,PIDE in Press,PIDE in Press,Abbas Moosvi,,,https://pide.org.pk/research/therapy-industrial-complex/,https://file.pide.org.pk/uploads/pip-0409-therapy-industrial-complex.pdf,,,pdfs/2022/10/pip-0409-therapy-industrial-complex.pdf,data/fulltext/therapy-industrial-complex.txt,653
the-racket-of-own-money,The racket of ‘own money’,2022-10-03,2022-10,2022,PIDE in Press,PIDE in Press,Nadeem Ul Haque; Mohammad Shaaf Najib,,,https://pide.org.pk/research/the-racket-of-own-money/,https://file.pide.org.pk/uploads/pip-0407-the-racket-of-own-money.pdf,,,pdfs/2022/10/pip-0407-the-racket-of-own-money.pdf,data/fulltext/the-racket-of-own-money.txt,885
governance-of-islam-in-pakistan-an-institutional-study-of-the-council-of-islamic-ideology,Governance Of Islam In Pakistan: An Institutional Study Of The Council Of Islamic Ideology,2022-10-03,2022-10,2022,Webinars Brief,Webinars Brief; Center for Social and Behavioral Analysis,Abdul Manan,,,https://pide.org.pk/research/governance-of-islam-in-pakistan-an-institutional-study-of-the-council-of-islamic-ideology/,https://file.pide.org.pk/uploads/wb-123-governance-of-islam-in-pakistan-an-institutional-study-of-the-council-of-islamic-ideology.pdf,,,pdfs/2022/10/wb-123-governance-of-islam-in-pakistan-an-institutional-study-of-the-council-of-islamic-ideology.pdf,data/fulltext/governance-of-islam-in-pakistan-an-institutional-study-of-the-council-of-islamic-ideology.txt,852
can-we-prevent-domestic-violence,Can we Prevent Domestic Violence?,2022-10-03,2022-10,2022,PIDE in Press,PIDE in Press,Karim Khan,,,https://pide.org.pk/research/can-we-prevent-domestic-violence/,https://file.pide.org.pk/uploads/pip-0410-can-we-prevent-domestic-violence.pdf,,,pdfs/2022/10/pip-0410-can-we-prevent-domestic-violence.pdf,data/fulltext/can-we-prevent-domestic-violence.txt,797
revitalizing-pakistans-railway-through-ml-1,Revitalizing Pakistan’s Railway through ML-1,2022-10-01,2022-10,2022,PIDE in Press,PIDE in Press,Iqra Munawar,,,https://pide.org.pk/research/revitalizing-pakistans-railway-through-ml-1/,,,,,,0
industrial-civilization-how-the-rest-can-catch-up-with-the-west,Industrial Civilization: How The Rest Can Catch Up With The West?,2022-09-28,2022-09,2022,Webinars Brief,Webinars Brief; Center for Industry‚ Trade &amp; Digital Economy,Maria Ali,,,https://pide.org.pk/research/industrial-civilization-how-the-rest-can-catch-up-with-the-west/,https://file.pide.org.pk/uploads/wb-122-industrial-civilization-how-the-rest-can-catch-up-with-the-west.pdf,,,pdfs/2022/09/wb-122-industrial-civilization-how-the-rest-can-catch-up-with-the-west.pdf,data/fulltext/industrial-civilization-how-the-rest-can-catch-up-with-the-west.txt,1613
freelancing-in-pakistan,Freelancing In Pakistan,2022-09-28,2022-09,2022,Webinars Brief,Center for Governance‚ Markets and Regulatory Analysis; Webinars Brief; Center for Sustainable Futures,Shaheera Bano,,,https://pide.org.pk/research/freelancing-in-pakistan/,https://file.pide.org.pk/uploads/wb-121-freelancing-in-pakistan.pdf,,,pdfs/2022/09/wb-121-freelancing-in-pakistan.pdf,data/fulltext/freelancing-in-pakistan.txt,617
foreign-aid-effectiveness-the-relationship-between-aid-inflows-and-economic-growth,Foreign Aid Effectiveness: The Relationship Between Aid Inflows and Economic Growth,2022-09-27,2022-09,2022,Knowledge Brief,Center for Governance‚ Markets and Regulatory Analysis; Knowledge Brief; Macro Policy Lab,Abbas Moosvi,,,https://pide.org.pk/research/foreign-aid-effectiveness-the-relationship-between-aid-inflows-and-economic-growth/,https://file.pide.org.pk/uploads/kb-084-foreign-aid-effectiveness-the-relationship-between-aid-inflows-and-economic-growth.pdf,,,pdfs/2022/09/kb-084-foreign-aid-effectiveness-the-relationship-between-aid-inflows-and-economic-growth.pdf,data/fulltext/foreign-aid-effectiveness-the-relationship-between-aid-inflows-and-economic-growth.txt,2937
world-youth-ageism-way-forward,"World youth, ageism & way forward",2022-09-26,2022-09,2022,PIDE in Press,PIDE in Press,Mansoor Qaisar,,,https://pide.org.pk/research/world-youth-ageism-way-forward/,,,,,,0
the-rising-cost-of-a-cuppa-tea-in-pakistan,The Rising Cost Of A Cuppa Tea In Pakistan,2022-09-26,2022-09,2022,PIDE in Press,PIDE in Press,Usman Ahmad,,,https://pide.org.pk/research/the-rising-cost-of-a-cuppa-tea-in-pakistan/,https://file.pide.org.pk/uploads/pip-0399-the-rising-cost-of-a-cuppa-tea-in-pakistan.pdf,,,pdfs/2022/09/pip-0399-the-rising-cost-of-a-cuppa-tea-in-pakistan.pdf,data/fulltext/the-rising-cost-of-a-cuppa-tea-in-pakistan.txt,877
pakistan-needs-reforms-to-ensure-ease-of-doing-business,Pakistan Needs Reforms To Ensure Ease Of Doing Business (Interview with Nadeem-ul-Haque),2022-09-26,2022-09,2022,PIDE in Press,PIDE in Press,,,,https://pide.org.pk/research/pakistan-needs-reforms-to-ensure-ease-of-doing-business/,https://file.pide.org.pk/uploads/pip-0400-pakistan-needs-reforms-to-ensure-ease-of-doing-business.pdf,,,pdfs/2022/09/pip-0400-pakistan-needs-reforms-to-ensure-ease-of-doing-business.pdf,data/fulltext/pakistan-needs-reforms-to-ensure-ease-of-doing-business.txt,478
media-coverage-of-pide-commentary-on-the-23rd-imf-program-for-pakistan,Media Coverage of “PIDE Commentary On The 23rd IMF Program For Pakistan”,2022-09-26,2022-09,2022,PIDE in Press,PIDE in Press,,,,https://pide.org.pk/research/media-coverage-of-pide-commentary-on-the-23rd-imf-program-for-pakistan/,https://file.pide.org.pk/uploads/pip-0405-media-coverage-of-pide-commentary-on-the-23rd-imf-program-for-pakistan.pdf,,,pdfs/2022/09/pip-0405-media-coverage-of-pide-commentary-on-the-23rd-imf-program-for-pakistan.pdf,data/fulltext/media-coverage-of-pide-commentary-on-the-23rd-imf-program-for-pakistan.txt,6
housing-societies-a-pakistani-animal-2,Housing societies — a Pakistani animal (Dawn),2022-09-26,2022-09,2022,PIDE in Press,PIDE in Press,Nadeem Ul Haque; Lubna Hasan,,,https://pide.org.pk/research/housing-societies-a-pakistani-animal-2/,https://file.pide.org.pk/uploads/pip-0401-housing-societies-a-pakistani-animal.pdf,,,pdfs/2022/09/pip-0401-housing-societies-a-pakistani-animal.pdf,data/fulltext/housing-societies-a-pakistani-animal-2.txt,922
effectiveness-of-oil-and-gas-regulatory-authority,Effectiveness of Oil and Gas Regulatory Authority,2022-09-26,2022-09,2022,Monograph Series,Monograph Series; Center for Energy‚ Logistics‚ and Infrastructure,Afia Malik,,,https://pide.org.pk/research/effectiveness-of-oil-and-gas-regulatory-authority/,https://file.pide.org.pk/uploads/ms-09-effectiveness-of-oil-and-gas-regulatory-authority.pdf,,,pdfs/2022/09/ms-09-effectiveness-of-oil-and-gas-regulatory-authority.pdf,data/fulltext/effectiveness-of-oil-and-gas-regulatory-authority.txt,639
why-do-we-go-to-the-imf,Why do we go to the IMF?,2022-09-23,2022-09,2022,PIDE in Press,PIDE in Press,Shahid Mehmood,,,https://pide.org.pk/research/why-do-we-go-to-the-imf/,https://file.pide.org.pk/uploads/pip-0398-why-do-we-go-to-the-imf.pdf,,,pdfs/2022/09/pip-0398-why-do-we-go-to-the-imf.pdf,data/fulltext/why-do-we-go-to-the-imf.txt,1013
the-complexity-of-climate-change,The complexity of climate change,2022-09-22,2022-09,2022,PIDE in Press,PIDE in Press,Raja Rafi Ullah,,,https://pide.org.pk/research/the-complexity-of-climate-change/,https://file.pide.org.pk/uploads/pip-0397-the-complexity-of-climate-change.pdf,,,pdfs/2022/09/pip-0397-the-complexity-of-climate-change.pdf,data/fulltext/the-complexity-of-climate-change.txt,1106
housing-societies-a-pakistani-animal,Housing Societies—A Pakistani Animal (Daily Times),2022-09-22,2022-09,2022,PIDE in Press,PIDE in Press,Nadeem Ul Haque; Lubna Hasan,,,https://pide.org.pk/research/housing-societies-a-pakistani-animal/,https://file.pide.org.pk/uploads/pip-0396-housing-societies-a-pakistani-animal.pdf,,,pdfs/2022/09/pip-0396-housing-societies-a-pakistani-animal.pdf,data/fulltext/housing-societies-a-pakistani-animal.txt,873
post-floods-rehabilitation,Post-Floods Rehabilitation,2022-09-21,2022-09,2022,PIDE in Press,PIDE in Press,Karim Khan,,,https://pide.org.pk/research/post-floods-rehabilitation/,https://file.pide.org.pk/uploads/pip-0395-post-floods-rehabilitation.pdf,,,pdfs/2022/09/pip-0395-post-floods-rehabilitation.pdf,data/fulltext/post-floods-rehabilitation.txt,904
post-flood-food-crisis,Post-flood food crisis,2022-09-21,2022-09,2022,PIDE in Press,PIDE in Press,Karim Khan,,,https://pide.org.pk/research/post-flood-food-crisis/,https://file.pide.org.pk/uploads/pip-0394-post-flood-food-crisis.pdf,,,pdfs/2022/09/pip-0394-post-flood-food-crisis.pdf,data/fulltext/post-flood-food-crisis.txt,664
climate-justice-and-reparations-overdue,Climate justice and reparations overdue,2022-09-21,2022-09,2022,PIDE in Press,PIDE in Press,Abbas Moosvi,,,https://pide.org.pk/research/climate-justice-and-reparations-overdue/,https://file.pide.org.pk/uploads/pip-0393-climate-justice-and-reparations-overdue.pdf,,,pdfs/2022/09/pip-0393-climate-justice-and-reparations-overdue.pdf,data/fulltext/climate-justice-and-reparations-overdue.txt,1073
pide-commentary-on-the-23rd-imf-program-for-pakistan,PIDE Commentary On The 23rd IMF Program For Pakistan,2022-09-19,2022-09,2022,Research Reports,Center for Governance‚ Markets and Regulatory Analysis; Research Report; Macro Policy Lab,PIDE,,,https://pide.org.pk/research/pide-commentary-on-the-23rd-imf-program-for-pakistan/,https://file.pide.org.pk/uploads/rr-053-pide-commentary-on-the-23rd-imf-program-for-pakistan.pdf,,,pdfs/2022/09/rr-053-pide-commentary-on-the-23rd-imf-program-for-pakistan.pdf,data/fulltext/pide-commentary-on-the-23rd-imf-program-for-pakistan.txt,755
parental-tobacco-smoking-and-child-malnutrition,Parental Tobacco Smoking And Child Malnutrition,2022-09-16,2022-09,2022,Working Paper,Center for Social and Behavioral Analysis; Working Paper; Center for Sustainable Futures,Durr-e-Nayab; Shabana Kishwar; Omer Siddique,Child Malnutrition; Wasted; Stunted and Underweight; Child Anthropometry; Pakistan; Tobacco Consumption,O2; O5; I1; I0; O1; I3,https://pide.org.pk/research/parental-tobacco-smoking-and-child-malnutrition/,https://file.pide.org.pk/uploads/wp-0225-parental-tobacco-smoking-and-child-malnutrition.pdf,,,pdfs/2022/09/wp-0225-parental-tobacco-smoking-and-child-malnutrition.pdf,data/fulltext/parental-tobacco-smoking-and-child-malnutrition.txt,1763
parental-smoking-and-child-health,Parental Smoking And Child Health,2022-09-16,2022-09,2022,Research Reports,Center for Social and Behavioral Analysis; Research Report; Center for Sustainable Futures,Durr-e-Nayab; Shabana Kishwar; Omer Siddique,,,https://pide.org.pk/research/parental-smoking-and-child-health/,https://file.pide.org.pk/uploads/rr-052-parental-smoking-and-child-health.pdf,,,pdfs/2022/09/rr-052-parental-smoking-and-child-health.pdf,data/fulltext/parental-smoking-and-child-health.txt,777
extensive-media-coverage-of-pide-knowledge-brief-on-gas-crisis-in-pakistan-by-afia-malik-usman-ahmad,Extensive Media Coverage of PIDE Knowledge Brief on “Gas Crisis in Pakistan” by Afia Malik & Usman Ahmad,2022-09-12,2022-09,2022,PIDE in Press,PIDE in Press,,,,https://pide.org.pk/research/extensive-media-coverage-of-pide-knowledge-brief-on-gas-crisis-in-pakistan-by-afia-malik-usman-ahmad/,https://file.pide.org.pk/uploads/pip-0392-extensive-media-coverage-of-pide-knowledge-brief-on-gas-crisis-in-pakistan.pdf,,,pdfs/2022/09/pip-0392-extensive-media-coverage-of-pide-knowledge-brief-on-gas-crisis-in-pakistan.pdf,data/fulltext/extensive-media-coverage-of-pide-knowledge-brief-on-gas-crisis-in-pakistan-by-afia-malik-usman-ahmad.txt,9
gas-crisis-in-pakistan,Gas Crisis In Pakistan,2022-09-09,2022-09,2022,Knowledge Brief,Knowledge Brief; Center for Energy‚ Logistics‚ and Infrastructure,Afia Malik; Usman Ahmad,,,https://pide.org.pk/research/gas-crisis-in-pakistan/,https://file.pide.org.pk/uploads/kb-083-gas-crisis-in-pakistan.pdf,,https://www.nbr.org/wp-content/uploads/pdfs/publications/sr81_revolutionizing_lng_oct2019-1.pdf,pdfs/2022/09/kb-083-gas-crisis-in-pakistan.pdf,data/fulltext/gas-crisis-in-pakistan.txt,3404
on-the-economic-costs-of-floods,On the Economic Costs of Floods,2022-09-08,2022-09,2022,PIDE in Press,PIDE in Press,Karim Khan,,,https://pide.org.pk/research/on-the-economic-costs-of-floods/,https://file.pide.org.pk/uploads/pip-0391-on-the-economic-costs-of-floods.pdf,,,pdfs/2022/09/pip-0391-on-the-economic-costs-of-floods.pdf,data/fulltext/on-the-economic-costs-of-floods.txt,1041
inflation-in-pakistan-high-frequency-estimation-and-forecasting,Inflation in Pakistan: High-Frequency Estimation and Forecasting,2022-09-07,2022-09,2022,Working Paper,Center for Economic Modelling and Data Analytics; Working Paper; Macro Policy Lab,Sonan Ahmed Memon,Forecast Accuracy; Synthetic Data; Machine Learning; Hyperinflation; Forecasts of Inflation in Pakistan; VAR Models; Web Scrapping and Scanner Data; High Frequency; Inflation Estimation and Forecasting,E31; E58; E37; C53; E47; E30; E52; E32,https://pide.org.pk/research/inflation-in-pakistan-high-frequency-estimation-and-forecasting/,https://file.pide.org.pk/uploads/wp-0224-inflation-in-pakistan-high-frequency-estimation-and-forecasting.pdf,,,pdfs/2022/09/wp-0224-inflation-in-pakistan-high-frequency-estimation-and-forecasting.pdf,data/fulltext/inflation-in-pakistan-high-frequency-estimation-and-forecasting.txt,583
history-of-family-planning-and-role-of-icfp-2022,History of Family Planning and Role of ICFP 2022,2022-09-07,2022-09,2022,PIDE in Press,PIDE in Press,Mansoor Qaisar,,,https://pide.org.pk/research/history-of-family-planning-and-role-of-icfp-2022/,https://file.pide.org.pk/uploads/pip-0390-history-of-family-planning-and-role-of-icfp-2022.pdf,,,pdfs/2022/09/pip-0390-history-of-family-planning-and-role-of-icfp-2022.pdf,data/fulltext/history-of-family-planning-and-role-of-icfp-2022.txt,1085
a-hefty-injustice,A hefty injustice,2022-09-06,2022-09,2022,PIDE in Press,PIDE in Press,Mansoor Qaisar,,,https://pide.org.pk/research/a-hefty-injustice/,https://file.pide.org.pk/uploads/pip-0389-a-hefty-injustice.pdf,,,pdfs/2022/09/pip-0389-a-hefty-injustice.pdf,data/fulltext/a-hefty-injustice.txt,921
a-review-of-accountability-systems-learning-from-best-practices,A Review of Accountability Systems: Learning from Best Practices,2022-09-05,2022-09,2022,Knowledge Brief,Knowledge Brief; Center for Governance‚ Markets and Regulatory Analysis,Nasir Iqbal; Ghulam Mustafa,,,https://pide.org.pk/research/a-review-of-accountability-systems-learning-from-best-practices/,https://file.pide.org.pk/uploads/kb-082-a-review-of-accountability-systems-learning-from-best-practices.pdf,,https://www.v-dem.net/media/publications/pb_22_final.pdf,pdfs/2022/09/kb-082-a-review-of-accountability-systems-learning-from-best-practices.pdf,data/fulltext/a-review-of-accountability-systems-learning-from-best-practices.txt,4370
free-markets-are-a-fiction,Free markets are a fiction,2022-08-30,2022-08,2022,PIDE in Press,PIDE in Press,Abbas Moosvi,,,https://pide.org.pk/research/free-markets-are-a-fiction/,https://file.pide.org.pk/uploads/pip-0388-free-markets-are-a-fiction.pdf,,,pdfs/2022/08/pip-0388-free-markets-are-a-fiction.pdf,data/fulltext/free-markets-are-a-fiction.txt,1103
media-coverage-of-national-high-level-seminar-on-pakistan75,Media Coverage of National High Level Seminar on Pakistan@75,2022-08-29,2022-08,2022,PIDE in Press,PIDE in Press,,,,https://pide.org.pk/research/media-coverage-of-national-high-level-seminar-on-pakistan75/,https://file.pide.org.pk/uploads/pip-0387-media-coverage-of-national-high-level-seminar-on-pakistan-75.pdf,,,pdfs/2022/08/pip-0387-media-coverage-of-national-high-level-seminar-on-pakistan-75.pdf,data/fulltext/media-coverage-of-national-high-level-seminar-on-pakistan75.txt,7
legalizing-street-business,Legalizing street business,2022-08-26,2022-08,2022,PIDE in Press,PIDE in Press,Nasir Iqbal,,,https://pide.org.pk/research/legalizing-street-business/,https://file.pide.org.pk/uploads/pip-0386-legalizing-street-business.pdf,,,pdfs/2022/08/pip-0386-legalizing-street-business.pdf,data/fulltext/legalizing-street-business.txt,869
evolving-patterns-of-pakistans-import-demand,Evolving Patterns of Pakistan’s Import Demand,2022-08-25,2022-08,2022,Monograph Series,Monograph Series; Center for Industry‚ Trade &amp; Digital Economy,Usman Qadir,,,https://pide.org.pk/research/evolving-patterns-of-pakistans-import-demand/,https://file.pide.org.pk/uploads/ms-08-evolving-patterns-of-pakistans-import-demand.pdf,,,pdfs/2022/08/ms-08-evolving-patterns-of-pakistans-import-demand.pdf,data/fulltext/evolving-patterns-of-pakistans-import-demand.txt,483
youth-bulge-in-pakistan-bane-or-boon,Youth bulge in Pakistan: bane or boon?,2022-08-24,2022-08,2022,PIDE in Press,PIDE in Press,Mansoor Qaisar,,,https://pide.org.pk/research/youth-bulge-in-pakistan-bane-or-boon/,,,,,,0
what-impedes-pakistani-exports,What Impedes Pakistani Exports?,2022-08-24,2022-08,2022,PIDE in Press,PIDE in Press,Karim Khan,,,https://pide.org.pk/research/what-impedes-pakistani-exports/,https://file.pide.org.pk/uploads/pip-0384-what-impedes-pakistani-exports.pdf,,,pdfs/2022/08/pip-0384-what-impedes-pakistani-exports.pdf,data/fulltext/what-impedes-pakistani-exports.txt,998
adequate-energy-supply-as-a-driver-of-economic-growth,Adequate Energy Supply as A Driver Of Economic Growth,2022-08-24,2022-08,2022,Blog,Blog; Center for Energy‚ Logistics‚ and Infrastructure,Shahid Sattar,,,https://pide.org.pk/research/adequate-energy-supply-as-a-driver-of-economic-growth/,,,,,data/fulltext/adequate-energy-supply-as-a-driver-of-economic-growth.txt,1013
pide-forms-power-commission-to-find-solution-of-long-standing-energy-problems,PIDE forms Power Commission to find solution of long standing energy problems,2022-08-22,2022-08,2022,PIDE in Press,PIDE in Press,,,,https://pide.org.pk/research/pide-forms-power-commission-to-find-solution-of-long-standing-energy-problems/,https://file.pide.org.pk/uploads/pip-0383-pide-forms-power-commission-to-find-solution-of-long-standing-energy-problems.pdf,,,pdfs/2022/08/pip-0383-pide-forms-power-commission-to-find-solution-of-long-standing-energy-problems.pdf,data/fulltext/pide-forms-power-commission-to-find-solution-of-long-standing-energy-problems.txt,10
logistics-in-pakistan-from-origin-to-destination,Logistics in Pakistan: From Origin to Destination,2022-08-18,2022-08,2022,Webinars Brief,Webinars Brief; Center for Energy‚ Logistics‚ and Infrastructure,Aneela Paras,,,https://pide.org.pk/research/logistics-in-pakistan-from-origin-to-destination/,https://file.pide.org.pk/uploads/wb-120-logistics-in-pakistan-from-origin-to-destination.pdf,,,pdfs/2022/08/wb-120-logistics-in-pakistan-from-origin-to-destination.pdf,data/fulltext/logistics-in-pakistan-from-origin-to-destination.txt,529
vision-for-pakistan-railway-webinar-brief,Vision For Pakistan Railway (Webinar Brief),2022-08-17,2022-08,2022,Policy and Research,Policy and Research; Discourse Vol.1 Issue 2,PIDE,,,https://pide.org.pk/research/vision-for-pakistan-railway-webinar-brief/,https://file.pide.org.pk/uploads/discourse-vol1i2-19-vision-for-pakistan-railway.pdf,,,pdfs/2022/08/discourse-vol1i2-19-vision-for-pakistan-railway.pdf,data/fulltext/vision-for-pakistan-railway-webinar-brief.txt,1149
track-access-regime-the-international-practices-and-pakistan-railways-2,"Track Access Regime: The International Practices And Pakistan Railways (Discourse Vol 1, Issue 2)",2022-08-17,2022-08,2022,Policy and Research,Policy and Research; Discourse Vol.1 Issue 2,Saba Anwar,,,https://pide.org.pk/research/track-access-regime-the-international-practices-and-pakistan-railways-2/,https://file.pide.org.pk/uploads/discourse-vol1i2-11-track-access-regime-the-international-practices-and-pakistan-railways.pdf,,,pdfs/2022/08/discourse-vol1i2-11-track-access-regime-the-international-practices-and-pakistan-railways.pdf,data/fulltext/track-access-regime-the-international-practices-and-pakistan-railways-2.txt,133
track-access-charges-the-current-regime-and-international-practices-webinar-brief,Track Access Charges: The Current Regime And International Practices (Webinar Brief),2022-08-17,2022-08,2022,Policy and Research,Policy and Research; Discourse Vol.1 Issue 2,PIDE,,,https://pide.org.pk/research/track-access-charges-the-current-regime-and-international-practices-webinar-brief/,https://file.pide.org.pk/uploads/discourse-vol1i2-15-track-access-charges-the-current-regime-and-international-practices.pdf,,,pdfs/2022/08/discourse-vol1i2-15-track-access-charges-the-current-regime-and-international-practices.pdf,data/fulltext/track-access-charges-the-current-regime-and-international-practices-webinar-brief.txt,166
the-economic-game-of-political-coercion-by-saddam-hussein-article,The Economic Game Of Political Coercion By Saddam Hussein (Article),2022-08-17,2022-08,2022,Policy and Research,Policy and Research; Discourse Vol.1 Issue 2,Saddam Hussein,,,https://pide.org.pk/research/the-economic-game-of-political-coercion-by-saddam-hussein-article/,https://file.pide.org.pk/uploads/discourse-vol1i2-07-the-economic-game-of-political-coercion.pdf,,,pdfs/2022/08/discourse-vol1i2-07-the-economic-game-of-political-coercion.pdf,data/fulltext/the-economic-game-of-political-coercion-by-saddam-hussein-article.txt,256
railways-ticketing-system,Railways Ticketing System,2022-08-17,2022-08,2022,Policy and Research,Policy and Research; Discourse Vol.1 Issue 2,Abida Naurin; Ayesha Fatima,,,https://pide.org.pk/research/railways-ticketing-system/,https://file.pide.org.pk/uploads/discourse-vol1i2-12-railways-ticketing-system.pdf,,,pdfs/2022/08/discourse-vol1i2-12-railways-ticketing-system.pdf,data/fulltext/railways-ticketing-system.txt,207
pide-launches-one-year-growth-strategy-for-pakistan,PIDE launches “One Year Growth Strategy for Pakistan”,2022-08-17,2022-08,2022,PIDE in Press,PIDE in Press,,,,https://pide.org.pk/research/pide-launches-one-year-growth-strategy-for-pakistan/,,,,,data/fulltext/pide-launches-one-year-growth-strategy-for-pakistan.txt,13
pakistaniyat-a-muddled-identity-by-abbas-t-moosvi-article,PAKISTANIYAT: A Muddled Identity By Abbas T. Moosvi (Article),2022-08-17,2022-08,2022,Policy and Research,Policy and Research; Discourse Vol.1 Issue 2,Abbas Moosvi,,,https://pide.org.pk/research/pakistaniyat-a-muddled-identity-by-abbas-t-moosvi-article/,https://file.pide.org.pk/uploads/discourse-vol1i2-04-pakistaniyat-a-muddled-identity.pdf,,,pdfs/2022/08/discourse-vol1i2-04-pakistaniyat-a-muddled-identity.pdf,data/fulltext/pakistaniyat-a-muddled-identity-by-abbas-t-moosvi-article.txt,431
pakistan-railways-or-pakistans-railways-webinar-brief,Pakistan Railways Or Pakistan’s Railways (Webinar Brief),2022-08-17,2022-08,2022,Policy and Research,Policy and Research; Discourse Vol.1 Issue 2,PIDE,,,https://pide.org.pk/research/pakistan-railways-or-pakistans-railways-webinar-brief/,https://file.pide.org.pk/uploads/discourse-vol1i2-13-pakistan-railways-or-pakistans-railways.pdf,,,pdfs/2022/08/discourse-vol1i2-13-pakistan-railways-or-pakistans-railways.pdf,data/fulltext/pakistan-railways-or-pakistans-railways-webinar-brief.txt,115
pakistan-railways-from-state-owned-enterprise-to-business-model-article,Pakistan Railways – From State Owned Enterprise To Business Model (Article),2022-08-17,2022-08,2022,Policy and Research; Must Read,Policy and Research; Discourse Vol.1 Issue 2,PIDE,,,https://pide.org.pk/research/pakistan-railways-from-state-owned-enterprise-to-business-model-article/,https://file.pide.org.pk/uploads/discourse-vol1i2-01-pakistans-railways-from-state-owned-enterprises.pdf,,,pdfs/2022/08/discourse-vol1i2-01-pakistans-railways-from-state-owned-enterprises.pdf,data/fulltext/pakistan-railways-from-state-owned-enterprise-to-business-model-article.txt,327
nudging-pakistan-railways-2,"Nudging Pakistan Railways (Discourse Vol 1, Issue 2)",2022-08-17,2022-08,2022,Policy and Research,Policy and Research; Discourse Vol.1 Issue 2,Saba Anwar,,,https://pide.org.pk/research/nudging-pakistan-railways-2/,https://file.pide.org.pk/uploads/discourse-vol1i2-10-nudging-pakistan-railways.pdf,,,pdfs/2022/08/discourse-vol1i2-10-nudging-pakistan-railways.pdf,data/fulltext/nudging-pakistan-railways-2.txt,116
ml-1-making-or-breaking-of-pakistan-railway-webinar-brief,ML-1 Making Or Breaking Of Pakistan Railway (Webinar Brief),2022-08-17,2022-08,2022,Policy and Research,Policy and Research; Discourse Vol.1 Issue 2,PIDE,,,https://pide.org.pk/research/ml-1-making-or-breaking-of-pakistan-railway-webinar-brief/,https://file.pide.org.pk/uploads/discourse-vol1i2-20-ml-1-making-or-breaking-of-pakistan-railway.pdf,,,pdfs/2022/08/discourse-vol1i2-20-ml-1-making-or-breaking-of-pakistan-railway.pdf,data/fulltext/ml-1-making-or-breaking-of-pakistan-railway-webinar-brief.txt,941
is-work-only-meetings-article,Is Work Only Meetings? (Article),2022-08-17,2022-08,2022,Policy and Research; Must Read,Policy and Research; Discourse Vol.1 Issue 2,Nadeem Ul Haque; Durr-e-Nayab,,,https://pide.org.pk/research/is-work-only-meetings-article/,https://file.pide.org.pk/uploads/discourse-vol1i2-21-is-work-only-meetings.pdf,,,pdfs/2022/08/discourse-vol1i2-21-is-work-only-meetings.pdf,data/fulltext/is-work-only-meetings-article.txt,164
institutional-arrangements-for-reforming-and-developing-the-railway-sector-webinar-brief,Institutional Arrangements For Reforming And Developing The Railway Sector (Webinar Brief),2022-08-17,2022-08,2022,Policy and Research,Policy and Research; Discourse Vol.1 Issue 2,PIDE,,,https://pide.org.pk/research/institutional-arrangements-for-reforming-and-developing-the-railway-sector-webinar-brief/,https://file.pide.org.pk/uploads/discourse-vol1i2-18-institutional-arrangements-for-reforming-and-developing-the-railway-sector.pdf,,,pdfs/2022/08/discourse-vol1i2-18-institutional-arrangements-for-reforming-and-developing-the-railway-sector.pdf,data/fulltext/institutional-arrangements-for-reforming-and-developing-the-railway-sector-webinar-brief.txt,903
illusory-independence,Illusory Independence,2022-08-17,2022-08,2022,PIDE in Press,PIDE in Press,Abbas Moosvi,,,https://pide.org.pk/research/illusory-independence/,https://file.pide.org.pk/uploads/pip-0382-illusory-independence.pdf,,,pdfs/2022/08/pip-0382-illusory-independence.pdf,data/fulltext/illusory-independence.txt,1093
how-railways-are-being-financed-in-the-21st-century-webinar-brief,How Railways Are Being Financed In The 21st Century (Webinar Brief),2022-08-17,2022-08,2022,Policy and Research,Policy and Research; Discourse Vol.1 Issue 2,PIDE,,,https://pide.org.pk/research/how-railways-are-being-financed-in-the-21st-century-webinar-brief/,https://file.pide.org.pk/uploads/discourse-vol1i2-17-how-railways-are-being-financed-in-the-21st-century.pdf,,,pdfs/2022/08/discourse-vol1i2-17-how-railways-are-being-financed-in-the-21st-century.pdf,data/fulltext/how-railways-are-being-financed-in-the-21st-century-webinar-brief.txt,1999
dr-nadeems-apology-and-our-responsibility-article,Dr Nadeem’s Apology And Our Responsibility (Article),2022-08-17,2022-08,2022,Policy and Research,Policy and Research; Discourse Vol.1 Issue 2,Shahid Mahmood,,,https://pide.org.pk/research/dr-nadeems-apology-and-our-responsibility-article/,https://file.pide.org.pk/uploads/discourse-vol1i2-03-dr-nadeems-apology-and-our-responsibility.pdf,,,pdfs/2022/08/discourse-vol1i2-03-dr-nadeems-apology-and-our-responsibility.pdf,data/fulltext/dr-nadeems-apology-and-our-responsibility-article.txt,270
discourse-debates-article,Discourse Debates (Article),2022-08-17,2022-08,2022,Policy and Research,Policy and Research; Discourse Vol.1 Issue 2,Abbas Moosvi,,,https://pide.org.pk/research/discourse-debates-article/,https://file.pide.org.pk/uploads/discourse-vol1i2-05-discourse-debates.pdf,,,pdfs/2022/08/discourse-vol1i2-05-discourse-debates.pdf,data/fulltext/discourse-debates-article.txt,285
chinese-railway-sector-setting-the-context-for-ml-1-and-the-overall-pakistan-railway-sector-webinar-brief,Chinese Railway Sector: Setting The Context For ML-1 And The Overall Pakistan Railway Sector (Webinar Brief),2022-08-17,2022-08,2022,Policy and Research,Policy and Research; Discourse Vol.1 Issue 2,PIDE,,,https://pide.org.pk/research/chinese-railway-sector-setting-the-context-for-ml-1-and-the-overall-pakistan-railway-sector-webinar-brief/,https://file.pide.org.pk/uploads/discourse-vol1i2-16-chinese-railway-sector-setting-the-context-for-ml-1-and-the-overall-pakistan-railway-sector.pdf,,,pdfs/2022/08/discourse-vol1i2-16-chinese-railway-sector-setting-the-context-for-ml-1-and-the-overall-pakistan-railway-sector.pdf,data/fulltext/chinese-railway-sector-setting-the-context-for-ml-1-and-the-overall-pakistan-railway-sector-webinar-brief.txt,217
build-a-real-estate-market-kill-fbr-and-dc-rates,Build A Real Estate Market: Kill FBR And DC Rates,2022-08-17,2022-08,2022,Policy and Research; Must Read,Policy and Research; Discourse Vol.1 Issue 2,Nadeem Ul Haque; Ahmed Waqar Qasim,,,https://pide.org.pk/research/build-a-real-estate-market-kill-fbr-and-dc-rates/,https://file.pide.org.pk/uploads/discourse-vol1i2-09-build-a-real-estate-market-kill-fbr-and-dc-rates.pdf,,,pdfs/2022/08/discourse-vol1i2-09-build-a-real-estate-market-kill-fbr-and-dc-rates.pdf,data/fulltext/build-a-real-estate-market-kill-fbr-and-dc-rates.txt,196
an-interview-with-mr-saeed-akhtar,An Interview With Mr. Saeed Akhtar,2022-08-17,2022-08,2022,Policy and Research,Policy and Research; Discourse Vol.1 Issue 2,Saeed Akhtar,,,https://pide.org.pk/research/an-interview-with-mr-saeed-akhtar/,https://file.pide.org.pk/uploads/discourse-vol1i2-08-interview-with-mr-saeed-akhtar.pdf,,,pdfs/2022/08/discourse-vol1i2-08-interview-with-mr-saeed-akhtar.pdf,data/fulltext/an-interview-with-mr-saeed-akhtar.txt,68
an-apology-to-the-youth-of-pakistan-from-the-older-generation-article,An Apology To The Youth Of Pakistan From The Older Generation! (Article),2022-08-17,2022-08,2022,Policy and Research; Must Read,Policy and Research; Discourse Vol.1 Issue 2,Nadeem Ul Haque,,,https://pide.org.pk/research/an-apology-to-the-youth-of-pakistan-from-the-older-generation-article/,https://file.pide.org.pk/uploads/discourse-vol1i2-02-an-apology-to-the-youth-of-pakistan-from-the-older-generation.pdf,,,pdfs/2022/08/discourse-vol1i2-02-an-apology-to-the-youth-of-pakistan-from-the-older-generation.pdf,data/fulltext/an-apology-to-the-youth-of-pakistan-from-the-older-generation-article.txt,171
aid-or-albatross-by-aasim-sajjad-akhtar-article,Aid Or Albatross? By Aasim Sajjad Akhtar (Article),2022-08-17,2022-08,2022,Policy and Research,Policy and Research; Discourse Vol.1 Issue 2,Aasim Sajjad Akhtar,,,https://pide.org.pk/research/aid-or-albatross-by-aasim-sajjad-akhtar-article/,https://file.pide.org.pk/uploads/discourse-vol1i2-06-aid-or-albatross.pdf,,,pdfs/2022/08/discourse-vol1i2-06-aid-or-albatross.pdf,data/fulltext/aid-or-albatross-by-aasim-sajjad-akhtar-article.txt,225
a-history-of-pakistan-railways-from-pre-partition-times-till-now-a-historical-review-with-key-evolutionary-milestones-webinar-brief,A History Of Pakistan Railways – From Pre-partition Times Till Now: A Historical Review With Key Evolutionary Milestones (Webinar Brief),2022-08-17,2022-08,2022,Policy and Research,Policy and Research; Discourse Vol.1 Issue 2,PIDE,,,https://pide.org.pk/research/a-history-of-pakistan-railways-from-pre-partition-times-till-now-a-historical-review-with-key-evolutionary-milestones-webinar-brief/,https://file.pide.org.pk/uploads/discourse-vol1i2-14-a-history-of-pakistan-railways-from-pre-partition-times-till-now-a-historical-review-with-key-evolutionary-milestones.pdf,,,pdfs/2022/08/discourse-vol1i2-14-a-history-of-pakistan-railways-from-pre-partition-times-till-now-a-historical-review-with-key-evolutionary-milestones.pdf,data/fulltext/a-history-of-pakistan-railways-from-pre-partition-times-till-now-a-historical-review-with-key-evolutionary-milestones-webinar-brief.txt,133
the-pdr-volume-61-number-1-2022,Vol. 61 No.1-2022,2022-08-16,2022-08,2022,PDR,PDR issue; 2022; Vol. 61 No.1-2022,,,,https://pide.org.pk/research/the-pdr-volume-61-number-1-2022/,https://file.pide.org.pk/pdfpdr/issue/pdr-2022-v61i1.pdf,https://file.pide.org.pk/pdfpdr/2022/1-28.pdf; https://file.pide.org.pk/pdfpdr/2022/29-44.pdf; https://file.pide.org.pk/pdfpdr/2022/45-68.pdf; https://file.pide.org.pk/pdfpdr/2022/69-84.pdf; https://file.pide.org.pk/pdfpdr/2022/85-102.pdf; https://file.pide.org.pk/pdfpdr/2022/105-108.pdf; https://file.pide.org.pk/pdfpdr/2022/109-111.pdf; https://file.pide.org.pk/pdfpdr/2022/112.pdf; https://file.pide.org.pk/pdfpdr/2022/113-114.pdf; https://file.pide.org.pk/pdfpdr/2022/115-117.pdf; https://file.pide.org.pk/pdfpdr/2022/118-120.pdf; https://file.pide.org.pk/pdfpdr/2022/120-121.pdf; https://file.pide.org.pk/pdfpdr/2022/121-125.pdf; https://file.pide.org.pk/pdfpdr/2022/126-127.pdf; https://file.pide.org.pk/pdfpdr/2022/128-130.pdf; https://file.pide.org.pk/pdfpdr/2022/130-133.pdf; https://file.pide.org.pk/pdfpdr/2022/133-134.pdf; https://file.pide.org.pk/pdfpdr/2022/134-136.pdf; https://file.pide.org.pk/pdfpdr/2022/136-137.pdf; https://file.pide.org.pk/pdfpdr/2022/139-143.pdf; https://file.pide.org.pk/pdfpdr/2022/145-148.pdf; https://file.pide.org.pk/pdfpdr/2022/149-152.pdf,,pdfs/2022/08/pdr-2022-v61i1.pdf,data/fulltext/the-pdr-volume-61-number-1-2022.txt,338
the-assumed-shortage-of-housing-in-pakistan-policy,The Assumed Shortage of Housing in Pakistan (Policy),2022-08-16,2022-08,2022,PDR,PDR; 2022; Vol. 61 No.1-2022,Durr-e-Nayab,,,https://pide.org.pk/research/the-assumed-shortage-of-housing-in-pakistan-policy/,https://file.pide.org.pk/pdfpdr/2022/139-143.pdf,,,pdfs/2022/08/139-143.pdf,data/fulltext/the-assumed-shortage-of-housing-in-pakistan-policy.txt,249
technology-globalisation-and-a-need-for-a-new-model-of-development-mahboob-ul-haq-lecture-key-takeaways,"Technology, Globalisation and A Need for A New Model of Development (Mahboob ul Haq Lecture: Key Takeaways)",2022-08-16,2022-08,2022,PDR,PDR; 2022; Vol. 61 No.1-2022,Dani Rodrik,,,https://pide.org.pk/research/technology-globalisation-and-a-need-for-a-new-model-of-development-mahboob-ul-haq-lecture-key-takeaways/,https://file.pide.org.pk/pdfpdr/2022/118-120.pdf,,,pdfs/2022/08/118-120.pdf,data/fulltext/technology-globalisation-and-a-need-for-a-new-model-of-development-mahboob-ul-haq-lecture-key-takeaways.txt,1223
shaping-success-in-creative-arts-and-media-panel-discussion,Shaping Success in Creative Arts and Media (Panel Discussion),2022-08-16,2022-08,2022,PDR,PDR; 2022; Vol. 61 No.1-2022,Hijab Fatimah; Haya Fatima; Sarmad Khoosat; Wajahat Malik; Naseem Zehra,,,https://pide.org.pk/research/shaping-success-in-creative-arts-and-media-panel-discussion/,https://file.pide.org.pk/pdfpdr/2022/133-134.pdf,,,pdfs/2022/08/133-134.pdf,data/fulltext/shaping-success-in-creative-arts-and-media-panel-discussion.txt,480
pakistan-must-position-itself-to-benefit-from-ai-automation-and-bio-engineering-or-risk-losing-out-sir-syed-ahmed-khan-lecture-key-messages,"Pakistan Must Position Itself to Benefit from AI, Automation, and Bio-engineering or Risk Losing Out (Sir Syed Ahmed Khan Lecture: Key Messages)",2022-08-16,2022-08,2022,PDR,PDR; 2022; Vol. 61 No.1-2022,Mahboob Mahmood,,,https://pide.org.pk/research/pakistan-must-position-itself-to-benefit-from-ai-automation-and-bio-engineering-or-risk-losing-out-sir-syed-ahmed-khan-lecture-key-messages/,https://file.pide.org.pk/pdfpdr/2022/113-114.pdf,,,pdfs/2022/08/113-114.pdf,data/fulltext/pakistan-must-position-itself-to-benefit-from-ai-automation-and-bio-engineering-or-risk-losing-out-sir-syed-ahmed-khan-lecture-key-messages.txt,828
opportunity-to-excel-now-and-the-future-presidential-address,Opportunity to Excel: Now and the Future (Presidential Address),2022-08-16,2022-08,2022,PDR,PDR; 2022; Vol. 61 No.1-2022; Presidential Address,Nadeem Ul Haque; Durr-e-Nayab,,,https://pide.org.pk/research/opportunity-to-excel-now-and-the-future-presidential-address/,https://file.pide.org.pk/pdfpdr/2022/105-108.pdf,,,pdfs/2022/08/105-108.pdf,data/fulltext/opportunity-to-excel-now-and-the-future-presidential-address.txt,1525
opportunities-to-excel-panel-discussion,Opportunities to Excel (Panel Discussion),2022-08-16,2022-08,2022,PDR,PDR; 2022; Vol. 61 No.1-2022,Yahya Akhunzada; Jehan Ara; Shimail Daud; Adnan Jalil; Muhammad Atif Hanif,,,https://pide.org.pk/research/opportunities-to-excel-panel-discussion/,https://file.pide.org.pk/pdfpdr/2022/126-127.pdf,,,pdfs/2022/08/126-127.pdf,data/fulltext/opportunities-to-excel-panel-discussion.txt,728
opportunities-the-role-of-state-panel-discussion,Opportunities: The Role of State (Panel Discussion),2022-08-16,2022-08,2022,PDR,PDR; 2022; Vol. 61 No.1-2022,Dr. Muhammad Mohsin Khan; Gonzalo Verala; Omar Gilani; Ahmed Waqar Qasim,,,https://pide.org.pk/research/opportunities-the-role-of-state-panel-discussion/,https://file.pide.org.pk/pdfpdr/2022/128-130.pdf,,,pdfs/2022/08/128-130.pdf,data/fulltext/opportunities-the-role-of-state-panel-discussion.txt,1129
opportunities-now-panel-discussion,Opportunities Now  (Panel Discussion),2022-08-16,2022-08,2022,PDR,PDR; 2022; Vol. 61 No.1-2022,Arfa Sayeda Zehra; Pervez Hoodbhoy; Neda Mulji; Zia Banday,,,https://pide.org.pk/research/opportunities-now-panel-discussion/,https://file.pide.org.pk/pdfpdr/2022/134-136.pdf,,,pdfs/2022/08/134-136.pdf,data/fulltext/opportunities-now-panel-discussion.txt,607
opportunities-in-khyber-pakhtunkhwa-allama-iqbal-lecture-key-takeaways,Opportunities in Khyber Pakhtunkhwa (Allama Iqbal Lecture: Key Takeaways),2022-08-16,2022-08,2022,PDR,PDR; 2022; Vol. 61 No.1-2022; Allama Iqbal Lecture,Taimur Saleem Khan Jhagra,,,https://pide.org.pk/research/opportunities-in-khyber-pakhtunkhwa-allama-iqbal-lecture-key-takeaways/,https://file.pide.org.pk/pdfpdr/2022/120-121.pdf,,,pdfs/2022/08/120-121.pdf,data/fulltext/opportunities-in-khyber-pakhtunkhwa-allama-iqbal-lecture-key-takeaways.txt,569
opportunities-for-firms-to-grow-panel-discussion,Opportunities for Firms to Grow (Panel Discussion),2022-08-16,2022-08,2022,PDR,PDR; 2022; Vol. 61 No.1-2022,Muhammad Ahmed Zubair; Turab Hussain; Zehra Aslam; Omer Siddique,,,https://pide.org.pk/research/opportunities-for-firms-to-grow-panel-discussion/,https://file.pide.org.pk/pdfpdr/2022/130-133.pdf,,,pdfs/2022/08/130-133.pdf,data/fulltext/opportunities-for-firms-to-grow-panel-discussion.txt,1115
new-frontiers-in-behavioural-science-scarcity-nudge-sludge-and-social-norms-m-l-qureshi-memorial-lecture-key-takeaways,"New Frontiers in Behavioural Science: Scarcity, Nudge, Sludge and Social Norms (M.L Qureshi Memorial Lecture: Key Takeaways)",2022-08-16,2022-08,2022,PDR,PDR; 2022; Vol. 61 No.1-2022,Cass Sunstein,,,https://pide.org.pk/research/new-frontiers-in-behavioural-science-scarcity-nudge-sludge-and-social-norms-m-l-qureshi-memorial-lecture-key-takeaways/,https://file.pide.org.pk/pdfpdr/2022/121-125.pdf,,,pdfs/2022/08/121-125.pdf,data/fulltext/new-frontiers-in-behavioural-science-scarcity-nudge-sludge-and-social-norms-m-l-qureshi-memorial-lecture-key-takeaways.txt,189
nadeem-ul-haque-mahboob-mahmood-shahbano-abbas-ali-lodhi-the-university-research-system-in-pakistan-books,"Nadeem Ul Haque, Mahboob Mahmood, Shahbano Abbas, Ali Lodhi. The University Research System In Pakistan (Books)",2022-08-16,2022-08,2022,PDR,PDR; 2022; Vol. 61 No.1-2022,Fida Muhammad Khan; Aqeel Anwar Chaudhry,,,https://pide.org.pk/research/nadeem-ul-haque-mahboob-mahmood-shahbano-abbas-ali-lodhi-the-university-research-system-in-pakistan-books/,https://file.pide.org.pk/pdfpdr/2022/149-152.pdf,,,pdfs/2022/08/149-152.pdf,data/fulltext/nadeem-ul-haque-mahboob-mahmood-shahbano-abbas-ali-lodhi-the-university-research-system-in-pakistan-books.txt,176
is-pakistan-ready-for-the-new-normal-invited-lecture-key-takeaways,Is Pakistan Ready for the New Normal (Invited Lecture: Key Takeaways),2022-08-16,2022-08,2022,PDR,PDR; 2022; Vol. 61 No.1-2022,Hans Timmer,,,https://pide.org.pk/research/is-pakistan-ready-for-the-new-normal-invited-lecture-key-takeaways/,https://file.pide.org.pk/pdfpdr/2022/115-117.pdf,,,pdfs/2022/08/115-117.pdf,data/fulltext/is-pakistan-ready-for-the-new-normal-invited-lecture-key-takeaways.txt,287
investigating-barriers-to-growth-of-disabled-entrepreneurs-in-india-a-dematel-based-approach-article,Investigating Barriers to Growth of  Disabled Entrepreneurs in India: A DEMATEL-based Approach (Article),2022-08-16,2022-08,2022,PDR,PDR; 2022; Vol. 61 No.1-2022,R. K. Jena,Entrepreneurship; India; DEMATEL; Disabled,,https://pide.org.pk/research/investigating-barriers-to-growth-of-disabled-entrepreneurs-in-india-a-dematel-based-approach-article/,https://file.pide.org.pk/pdfpdr/2022/69-84.pdf,,,pdfs/2022/08/69-84.pdf,data/fulltext/investigating-barriers-to-growth-of-disabled-entrepreneurs-in-india-a-dematel-based-approach-article.txt,103
institutional-development-quaid-i-azam-lecture,Institutional Development (Quaid-i-Azam Lecture),2022-08-16,2022-08,2022,PDR,PDR; 2022; Vol. 61 No.1-2022; Quaid-i-Azam Lecture,Arshad Ahmad,,,https://pide.org.pk/research/institutional-development-quaid-i-azam-lecture/,https://file.pide.org.pk/pdfpdr/2022/109-111.pdf,,,pdfs/2022/08/109-111.pdf,data/fulltext/institutional-development-quaid-i-azam-lecture.txt,1322
inflation-targeting-skepticism-myth-or-reality-a-way-forward-for-pakistan-article,Inflation Targeting Skepticism: Myth or Reality?  A Way Forward for Pakistan (Article),2022-08-16,2022-08,2022,PDR,PDR; 2022; Vol. 61 No.1-2022,Zafar Hayat; Saher Masood,Pakistan; Performance; Inflation Targeting Skepticism; Preconditions and Operational Prerequisites if Inflation Targeting,E52; E31; E58,https://pide.org.pk/research/inflation-targeting-skepticism-myth-or-reality-a-way-forward-for-pakistan-article/,https://file.pide.org.pk/pdfpdr/2022/1-28.pdf,,,pdfs/2022/08/1-28.pdf,data/fulltext/inflation-targeting-skepticism-myth-or-reality-a-way-forward-for-pakistan-article.txt,162
evolution-of-technology-and-the-driving-forces-invited-lecture-key-takeaways,Evolution of Technology and the Driving Forces (Invited Lecture: Key Takeaways),2022-08-16,2022-08,2022,PDR,PDR; 2022; Vol. 61 No.1-2022,Sayied Atiq Raza,,,https://pide.org.pk/research/evolution-of-technology-and-the-driving-forces-invited-lecture-key-takeaways/,https://file.pide.org.pk/pdfpdr/2022/112.pdf,,,pdfs/2022/08/112.pdf,data/fulltext/evolution-of-technology-and-the-driving-forces-invited-lecture-key-takeaways.txt,352
evaluating-the-short-run-and-long-run-impacts-of-unconditional-cash-transfers-on-food-seeking-behaviour-new-insights-from-bisp-pakistan-article,"Evaluating the Short Run and Long Run Impacts of Unconditional Cash Transfers on Food-Seeking   Behaviour: New Insights from BISP, Pakistan (Article)",2022-08-16,2022-08,2022,PDR,PDR; 2022; Vol. 61 No.1-2022,Ghulam Mustafa; Nasir Iqbal; Faiz Ur Rehman,Food-seeking Behaviour; BISP Cash Transfer; Regression Discontinuity Design (RDD),,https://pide.org.pk/research/evaluating-the-short-run-and-long-run-impacts-of-unconditional-cash-transfers-on-food-seeking-behaviour-new-insights-from-bisp-pakistan-article/,https://file.pide.org.pk/pdfpdr/2022/85-102.pdf,,,pdfs/2022/08/85-102.pdf,data/fulltext/evaluating-the-short-run-and-long-run-impacts-of-unconditional-cash-transfers-on-food-seeking-behaviour-new-insights-from-bisp-pakistan-article.txt,184
effectiveness-of-the-exchange-rate-channel-in-monetary-policy-transmission-in-pakistan-article,Effectiveness of the Exchange Rate Channel in Monetary Policy Transmission in Pakistan (Article),2022-08-16,2022-08,2022,PDR,PDR; 2022; Vol. 61 No.1-2022,Fayyaz Hussain; Mehak Ejaz,Pakistan; Exchange rate; MONETARY POLICY; Transmission Channels; Exchange Rate Regimes; Structural VARs,E520; F210; F310,https://pide.org.pk/research/effectiveness-of-the-exchange-rate-channel-in-monetary-policy-transmission-in-pakistan-article/,https://file.pide.org.pk/pdfpdr/2022/45-68.pdf,,,pdfs/2022/08/45-68.pdf,data/fulltext/effectiveness-of-the-exchange-rate-channel-in-monetary-policy-transmission-in-pakistan-article.txt,173
effect-of-urban-land-use-on-travel-behaviour-evidence-from-lahore-article,Effect of Urban Land Use on Travel Behaviour:  Evidence from Lahore (Article),2022-08-16,2022-08,2022,PDR,PDR; 2022; Vol. 61 No.1-2022,Ammar Malik; Edmund Zolnik; Omar Riaz,Road Infrastructure; Urban Land Use; Commute Time,R14; R41; R42; R52,https://pide.org.pk/research/effect-of-urban-land-use-on-travel-behaviour-evidence-from-lahore-article/,https://file.pide.org.pk/pdfpdr/2022/29-44.pdf,,,pdfs/2022/08/29-44.pdf,data/fulltext/effect-of-urban-land-use-on-travel-behaviour-evidence-from-lahore-article.txt,146
disruptions-the-future-of-work-panel-discussion,Disruptions: The Future of Work (Panel Discussion),2022-08-16,2022-08,2022,PDR,PDR; 2022; Vol. 61 No.1-2022,Farrah Arif; Yasir Ashfaq; Faisal Khan; Hassan Daud Butt; Hira Irshad,,,https://pide.org.pk/research/disruptions-the-future-of-work-panel-discussion/,https://file.pide.org.pk/pdfpdr/2022/136-137.pdf,,,pdfs/2022/08/136-137.pdf,data/fulltext/disruptions-the-future-of-work-panel-discussion.txt,573
discourse-p-r-vol-1-issue-2,"Discourse (P & R) Vol 1, Issue 2",2022-08-16,2022-08,2022,Policy and Research,Policy and Research; P &amp; R Magazine,,,,https://pide.org.pk/research/discourse-p-r-vol-1-issue-2/,https://file.pide.org.pk/uploads/discourse-vol1i2.pdf,https://file.pide.org.pk/uploads/discourse-vol1i2-high-resolution.pdf,,pdfs/2022/08/discourse-vol1i2.pdf,data/fulltext/discourse-p-r-vol-1-issue-2.txt,225
ameliorating-drug-shortages-in-pakistan-policy,Ameliorating Drug Shortages in Pakistan (Policy),2022-08-16,2022-08,2022,PDR,PDR; 2022; Vol. 61 No.1-2022,Shahid Mehmood,,,https://pide.org.pk/research/ameliorating-drug-shortages-in-pakistan-policy/,https://file.pide.org.pk/pdfpdr/2022/145-148.pdf,,,pdfs/2022/08/145-148.pdf,data/fulltext/ameliorating-drug-shortages-in-pakistan-policy.txt,257
electricity-tariff-design-a-survey,Electricity Tariff Design: A Survey,2022-08-15,2022-08,2022,Knowledge Brief,Knowledge Brief,Afia Malik; Amena Urooj,,,https://pide.org.pk/research/electricity-tariff-design-a-survey/,https://file.pide.org.pk/uploads/kb-081-electricity-tariff-design-a-survey.pdf,,https://www.energy.gov.au/sites/default/files/watts_in_your_business_fact_sheet_5_-_electricity_tariffs.pdf; https://ec.europa.eu/energy/sites/ener/files/documents/20150313%20Tariff%20report%20fina_revREF-E.PDF; http://africa-energy-portal.org/sites/default/files/2019-12/Electricity%20Tariffs%20Study%202019.pdf; http://www.inogate.org/documents/A_Review_of_Energy_Tariffs_in_INOGATE_Partner_Countries.pdf,pdfs/2022/08/kb-081-electricity-tariff-design-a-survey.pdf,data/fulltext/electricity-tariff-design-a-survey.txt,6127
the-information-in-the-yield-spread-for-the-recession-in-the-case-of-pakistan,The Information in the Yield Spread for the Recession in the Case of Pakistan,2022-08-12,2022-08,2022,Working Paper,Working Paper; Macro Policy Lab; Center for Economic Modelling and Data Analytics,Hafsa Hina; Henna Ahsan; Hania Afzal,Pakistan; ARDL; Yield Spread; Recession,E3; E4; B23,https://pide.org.pk/research/the-information-in-the-yield-spread-for-the-recession-in-the-case-of-pakistan/,https://file.pide.org.pk/uploads/wp-0222-the-information-in-the-yield-spread-for-the-recession-in-the-case-of-pakistan.pdf,,,pdfs/2022/08/wp-0222-the-information-in-the-yield-spread-for-the-recession-in-the-case-of-pakistan.pdf,data/fulltext/the-information-in-the-yield-spread-for-the-recession-in-the-case-of-pakistan.txt,189
pakistan-one-year-growth-strategy,Pakistan One Year Growth Strategy,2022-08-12,2022-08,2022,Research Reports,Research Report; Macro Policy Lab; Center for Governance‚ Markets and Regulatory Analysis,PIDE,,,https://pide.org.pk/research/pakistan-one-year-growth-strategy/,https://file.pide.org.pk/uploads/rr-051-pakistan-one-year-growth-strategy.pdf,,,pdfs/2022/08/rr-051-pakistan-one-year-growth-strategy.pdf,data/fulltext/pakistan-one-year-growth-strategy.txt,102
how-do-people-do-health-in-pakistan-understanding-health-related-choices-and-healthcare-navigation,How do people do health in Pakistan? Understanding Health Related Choices and Healthcare Navigation,2022-08-12,2022-08,2022,Knowledge Brief,Knowledge Brief; Center for Sustainable Futures; Center for Social and Behavioral Analysis,Saman Nazir; Abdullah Emran,,,https://pide.org.pk/research/how-do-people-do-health-in-pakistan-understanding-health-related-choices-and-healthcare-navigation/,https://file.pide.org.pk/uploads/kb-080-how-do-people-do-health-in-pakistan-understanding-health-related-choices-and-healthcare-navigation.pdf,,,pdfs/2022/08/kb-080-how-do-people-do-health-in-pakistan-understanding-health-related-choices-and-healthcare-navigation.pdf,data/fulltext/how-do-people-do-health-in-pakistan-understanding-health-related-choices-and-healthcare-navigation.txt,2103
pakistans-economic-potential,Pakistan’s economic potential,2022-08-11,2022-08,2022,PIDE in Press,PIDE in Press,Shahid Mehmood,,,https://pide.org.pk/research/pakistans-economic-potential/,https://file.pide.org.pk/uploads/pip-0379-Pakistans-economic-potential.pdf,,,pdfs/2022/08/pip-0379-Pakistans-economic-potential.pdf,data/fulltext/pakistans-economic-potential.txt,1036
wasting-public-wealth-the-antecedents-and-practice-of-public-land-management-in-pakistan,Wasting Public Wealth—The Antecedents and practice of Public Land Management in Pakistan,2022-08-08,2022-08,2022,Working Paper,Working Paper; Center for Governance‚ Markets and Regulatory Analysis; Center for Energy‚ Logistics‚ and Infrastructure,Shahid Mehmood,,,https://pide.org.pk/research/wasting-public-wealth-the-antecedents-and-practice-of-public-land-management-in-pakistan/,https://file.pide.org.pk/uploads/wp-0221-wasting-public-wealth-the-antecedents-and-practice-of-public-land-management-in-pakistan.pdf,,,pdfs/2022/08/wp-0221-wasting-public-wealth-the-antecedents-and-practice-of-public-land-management-in-pakistan.pdf,data/fulltext/wasting-public-wealth-the-antecedents-and-practice-of-public-land-management-in-pakistan.txt,394
assessing-the-quality-of-the-single-national-curriculum-a-case-study-of-islamiat-curriculum,Assessing the Quality of the Single National Curriculum:  A Case Study of Islamiat Curriculum,2022-08-05,2022-08,2022,Working Paper,Working Paper; Center for Sustainable Futures,Fida Muhammad Khan; Syed Hassaan Ali,,,https://pide.org.pk/research/assessing-the-quality-of-the-single-national-curriculum-a-case-study-of-islamiat-curriculum/,https://file.pide.org.pk/uploads/wp-0220-assessing-the-quality-of-the-single-national-curriculum-a-case-study-of-islamiat-curriculum.pdf,,,pdfs/2022/08/wp-0220-assessing-the-quality-of-the-single-national-curriculum-a-case-study-of-islamiat-curriculum.pdf,data/fulltext/assessing-the-quality-of-the-single-national-curriculum-a-case-study-of-islamiat-curriculum.txt,247
from-crisis-to-disaster-saving-pakistans-economy,From Crisis to Disaster -Saving Pakistan’s Economy,2022-08-02,2022-08,2022,PIDE in Press,PIDE in Press,Mansoor Qaisar,,,https://pide.org.pk/research/from-crisis-to-disaster-saving-pakistans-economy/,https://file.pide.org.pk/uploads/pip-0378-from-crisis-to-disaster-saving-pakistans-economy.pdf,,,pdfs/2022/08/pip-0378-from-crisis-to-disaster-saving-pakistans-economy.pdf,data/fulltext/from-crisis-to-disaster-saving-pakistans-economy.txt,901
from-imports-to-exports-an-achievement-of-mobile-phone-industry,From Imports To Exports – An Achievement Of Mobile Phone Industry,2022-08-01,2022-08,2022,Knowledge Brief,Knowledge Brief; Center for Industry‚ Trade &amp; Digital Economy,Uzma Zia,,,https://pide.org.pk/research/from-imports-to-exports-an-achievement-of-mobile-phone-industry/,https://file.pide.org.pk/uploads/kb-079-from-imports-to-exports-an-achievement-of-mobile-phone-industry.pdf,,,pdfs/2022/08/kb-079-from-imports-to-exports-an-achievement-of-mobile-phone-industry.pdf,data/fulltext/from-imports-to-exports-an-achievement-of-mobile-phone-industry.txt,1602
barriers-to-work-opportunities,Barriers to work opportunities,2022-08-01,2022-08,2022,PIDE in Press,PIDE in Press,Muhammad Mohsin Latif Kiani; Abida Naurin,,,https://pide.org.pk/research/barriers-to-work-opportunities/,https://file.pide.org.pk/uploads/pip-0377-barriers-to-work-opportunities.pdf,,,pdfs/2022/08/pip-0377-barriers-to-work-opportunities.pdf,data/fulltext/barriers-to-work-opportunities.txt,727
the-odd-fascination-with-tax-to-gdp-ratio,The Odd Fascination with Tax-to-GDP Ratio,2022-07-28,2022-07,2022,Knowledge Brief,Knowledge Brief; Macro Policy Lab,Nadeem Ul Haque; Raja Rafi Ullah,,,https://pide.org.pk/research/the-odd-fascination-with-tax-to-gdp-ratio/,https://file.pide.org.pk/uploads/kb-078-the-odd-fascination-with-tax-to-gdp-ratio.pdf,,,pdfs/2022/07/kb-078-the-odd-fascination-with-tax-to-gdp-ratio.pdf,data/fulltext/the-odd-fascination-with-tax-to-gdp-ratio.txt,750
chomsky-urges-pakistan-india-to-accommodate-each-other,"Chomsky urges Pakistan, India to Accommodate each other",2022-07-28,2022-07,2022,PIDE in Press,PIDE in Press,,,,https://pide.org.pk/research/chomsky-urges-pakistan-india-to-accommodate-each-other/,,,,,,0
theatre-of-politics,Theatre of politics,2022-07-25,2022-07,2022,PIDE in Press,PIDE in Press,Abbas Moosvi,,,https://pide.org.pk/research/theatre-of-politics/,https://file.pide.org.pk/uploads/pip-0375-theatre-of-politics.pdf,,,pdfs/2022/07/pip-0375-theatre-of-politics.pdf,data/fulltext/theatre-of-politics.txt,1217
pides-charter-of-the-economy,PIDE’s Charter of the Economy,2022-07-25,2022-07,2022,Knowledge Brief,Knowledge Brief; Macro Policy Lab,Nadeem Ul Haque; Saddam Hussein,,,https://pide.org.pk/research/pides-charter-of-the-economy/,https://file.pide.org.pk/uploads/kb-077-pides-charter-of-the-economy.pdf,,,pdfs/2022/07/kb-077-pides-charter-of-the-economy.pdf,data/fulltext/pides-charter-of-the-economy.txt,4356
defeating-the-qabza-mafia,Defeating the qabza mafia,2022-07-25,2022-07,2022,PIDE in Press,PIDE in Press,Nadeem Ul Haque; Ahmed Waqar Qasim,,,https://pide.org.pk/research/defeating-the-qabza-mafia/,https://file.pide.org.pk/uploads/pip-0374-defeating-the-qabza-mafia.pdf,,,pdfs/2022/07/pip-0374-defeating-the-qabza-mafia.pdf,data/fulltext/defeating-the-qabza-mafia.txt,901
hotel-and-restaurant-industries-of-pakistan-opportunities-and-market-dynamics,Hotel and Restaurant Industries of Pakistan: Opportunities and Market Dynamics,2022-07-22,2022-07,2022,Knowledge Brief,Knowledge Brief; Center for Industry‚ Trade &amp; Digital Economy,Abbas Moosvi; Syed Talha Ali,,,https://pide.org.pk/research/hotel-and-restaurant-industries-of-pakistan-opportunities-and-market-dynamics/,https://file.pide.org.pk/uploads/kb-076-hotel-and-restaurant-industries-of-pakistan-opportunities-and-market-dynamics.pdf,,,pdfs/2022/07/kb-076-hotel-and-restaurant-industries-of-pakistan-opportunities-and-market-dynamics.pdf,data/fulltext/hotel-and-restaurant-industries-of-pakistan-opportunities-and-market-dynamics.txt,3608
a-vision-for-forgotten-economy-with-dr-hafiz-a-pasha,A Vision for Forgotten Economy with Dr. Hafiz A. Pasha,2022-07-22,2022-07,2022,Webinars Brief,Webinars Brief; Macro Policy Lab,Syed Talha Ali,,,https://pide.org.pk/research/a-vision-for-forgotten-economy-with-dr-hafiz-a-pasha/,https://file.pide.org.pk/uploads/wb-119-a-vision-for-forgotten-economy-with-dr-hafiz-a-pasha.pdf,,,pdfs/2022/07/wb-119-a-vision-for-forgotten-economy-with-dr-hafiz-a-pasha.pdf,data/fulltext/a-vision-for-forgotten-economy-with-dr-hafiz-a-pasha.txt,2758
corporate-governance-compliance-with-the-selection-criteria-of-board-of-directors-in-public-sector-companies,Corporate Governance: Compliance with the Selection Criteria of Board of Directors in Public Sector Companies,2022-07-21,2022-07,2022,Knowledge Brief,Knowledge Brief; Center for Social and Behavioral Analysis; Center for Governance‚ Markets and Regulatory Analysis,Anjeela Khurram,,,https://pide.org.pk/research/corporate-governance-compliance-with-the-selection-criteria-of-board-of-directors-in-public-sector-companies/,https://file.pide.org.pk/uploads/kb-075-corporate-governance.pdf,,https://www.psx.com.pk/psx/themes/psx/uploads/SRO_1163(I)2019-ListedCompanies(CodeofCorporateGovernance)Regulations_2019.pdf; https://picg.org.pk/wp-content/uploads/2015/12/Survey-on-Board-Practices-of-Public-Sectors-Companies-in-Pakistan-May-2016-FINAL-Report.pdf; https://picg.org.pk/wp-content/uploads/2021/01/Corporate-Board-Practices-2019-Dec1219F_Upload.pdf; https://www.finance.gov.pk/publications/SOE_Report_FY19_Vol_I.pdf; https://www.finance.gov.pk/publications/SOE_Report_FY19_Vol_II.pdf,pdfs/2022/07/kb-075-corporate-governance.pdf,data/fulltext/corporate-governance-compliance-with-the-selection-criteria-of-board-of-directors-in-public-sector-companies.txt,3464
agreement-between-pakistan-and-imf-has-the-policy-of-lets-go-imf-by-each-government-been-beneficial-or-harmful-for-pakistan,Agreement between Pakistan and IMF: Has the policy of ‘Let’s go IMF’ by each government been beneficial or harmful for Pakistan?,2022-07-20,2022-07,2022,PIDE in Press,PIDE in Press,Abbas Moosvi,,,https://pide.org.pk/research/agreement-between-pakistan-and-imf-has-the-policy-of-lets-go-imf-by-each-government-been-beneficial-or-harmful-for-pakistan/,https://file.pide.org.pk/uploads/pip-0373-agreement-between-pakistan-and-imf-has-the-policy-of-lets-go-imf-by-each-government-been-beneficial-or-harmful-for-pakistan.pdf,,,pdfs/2022/07/pip-0373-agreement-between-pakistan-and-imf-has-the-policy-of-lets-go-imf-by-each-government-been-beneficial-or-harmful-for-pakistan.pdf,data/fulltext/agreement-between-pakistan-and-imf-has-the-policy-of-lets-go-imf-by-each-government-been-beneficial-or-harmful-for-pakistan.txt,1959
losses-incurred-by-pr-in-5-years-amounted-to-rs144bn,Losses incurred by PR in 5 years amounted to Rs144bn,2022-07-19,2022-07,2022,PIDE in Press,PIDE in Press,,,,https://pide.org.pk/research/losses-incurred-by-pr-in-5-years-amounted-to-rs144bn/,https://file.pide.org.pk/uploads/pip-0372-losses-incurred-by-pr-in-5-years-amounted-to-rs-144-bn.pdf,,,pdfs/2022/07/pip-0372-losses-incurred-by-pr-in-5-years-amounted-to-rs-144-bn.pdf,data/fulltext/losses-incurred-by-pr-in-5-years-amounted-to-rs144bn.txt,4
epidemic-of-nonsense-work,Epidemic of nonsense work,2022-07-18,2022-07,2022,PIDE in Press,PIDE in Press,Abbas Moosvi,,,https://pide.org.pk/research/epidemic-of-nonsense-work/,https://file.pide.org.pk/uploads/pip-0371-epidemic-of-nonsense-work.pdf,,,pdfs/2022/07/pip-0371-epidemic-of-nonsense-work.pdf,data/fulltext/epidemic-of-nonsense-work.txt,661
sahib-is-in-a-meeting-how-useful-are-government-meetings-for-the-people-in-pakistan,“Sahib is in a meeting”: How useful are government meetings for the people in Pakistan?,2022-07-13,2022-07,2022,PIDE in Press,PIDE in Press,,,,https://pide.org.pk/research/sahib-is-in-a-meeting-how-useful-are-government-meetings-for-the-people-in-pakistan/,https://file.pide.org.pk/uploads/pip-0370-sahib-is-in-a-meeting-how-useful-are-government-meetings-for-the-people-in-pakistan.pdf,,,pdfs/2022/07/pip-0370-sahib-is-in-a-meeting-how-useful-are-government-meetings-for-the-people-in-pakistan.pdf,data/fulltext/sahib-is-in-a-meeting-how-useful-are-government-meetings-for-the-people-in-pakistan.txt,1448
business-of-the-street,Business of the street,2022-07-06,2022-07,2022,PIDE in Press,PIDE in Press,Nasir Iqbal,,,https://pide.org.pk/research/business-of-the-street/,https://file.pide.org.pk/uploads/pip-0369-business-of-the-street.pdf,,,pdfs/2022/07/pip-0369-business-of-the-street.pdf,data/fulltext/business-of-the-street.txt,899
real-estate-regulatory-authority-rera-another-regulatory-burden,Real Estate Regulatory Authority (RERA) Another Regulatory Burden?,2022-07-05,2022-07,2022,Webinars Brief,Webinars Brief; Center for Governance‚ Markets and Regulatory Analysis,Irum Bhatti,,,https://pide.org.pk/research/real-estate-regulatory-authority-rera-another-regulatory-burden/,https://file.pide.org.pk/uploads/wb-118-real-estate-regulatory-authority-rera-another-regulatory-burden.pdf,,,pdfs/2022/07/wb-118-real-estate-regulatory-authority-rera-another-regulatory-burden.pdf,data/fulltext/real-estate-regulatory-authority-rera-another-regulatory-burden.txt,1060
the-mystery-of-productivity,The Mystery of productivity,2022-07-04,2022-07,2022,Webinars Brief,Webinars Brief; Macro Policy Lab,Anum Shoaib Abbasi,,,https://pide.org.pk/research/the-mystery-of-productivity/,https://file.pide.org.pk/uploads/wb-117-the-mystery-of-productivity.pdf,,,pdfs/2022/07/wb-117-the-mystery-of-productivity.pdf,data/fulltext/the-mystery-of-productivity.txt,900
fbr-for-the-non-filers,FBR for the non-filers,2022-07-04,2022-07,2022,PIDE in Press,PIDE in Press,Mohammad Shaaf Najib,,,https://pide.org.pk/research/fbr-for-the-non-filers/,https://file.pide.org.pk/uploads/pip-0368-fbr-for-the-non-filers.pdf,,,pdfs/2022/07/pip-0368-fbr-for-the-non-filers.pdf,,0
pakistans-milk-potential,Pakistan’s milk potential,2022-06-29,2022-06,2022,PIDE in Press,PIDE in Press,Abdus Sattar,,,https://pide.org.pk/research/pakistans-milk-potential/,https://file.pide.org.pk/uploads/pip-0367-pakistans-milk-potential.pdf,,,pdfs/2022/06/pip-0367-pakistans-milk-potential.pdf,data/fulltext/pakistans-milk-potential.txt,1117
pakistan-economy-under-elites-tax-amnesty-scheme-2019,"Pakistan: Economy Under Elites – Tax Amnesty Scheme, 2019",2022-06-28,2022-06,2022,Working Paper,Working Paper; Macro Policy Lab,Muhammad Ashfaq Ahmed; Ikram Ali Malik; Nasreen Nawaz,,,https://pide.org.pk/research/pakistan-economy-under-elites-tax-amnesty-scheme-2019/,https://file.pide.org.pk/uploads/wp-0219-pakistan-economy-under-elites-tax-amnesty-scheme-2019.pdf,,,pdfs/2022/06/wp-0219-pakistan-economy-under-elites-tax-amnesty-scheme-2019.pdf,data/fulltext/pakistan-economy-under-elites-tax-amnesty-scheme-2019.txt,229
gimmickry-of-neoclassical-economics,Gimmickry of neoclassical economics,2022-06-27,2022-06,2022,PIDE in Press,PIDE in Press,Abbas Moosvi,,,https://pide.org.pk/research/gimmickry-of-neoclassical-economics/,https://file.pide.org.pk/uploads/pip-0366-gimmickry-of-neoclassical-economics.pdf,,,pdfs/2022/06/pip-0366-gimmickry-of-neoclassical-economics.pdf,data/fulltext/gimmickry-of-neoclassical-economics.txt,650
the-tyranny-of-merit-whats-become-of-the-common-good,The Tyranny of Merit: What’s become of the common Good?,2022-06-24,2022-06,2022,Webinars Brief,Webinars Brief; Center for Social and Behavioral Analysis; Center for Governance‚ Markets and Regulatory Analysis,Abdul Qadir,,,https://pide.org.pk/research/the-tyranny-of-merit-whats-become-of-the-common-good/,https://file.pide.org.pk/uploads/wb-116-the-tyranny-of-merit-whats-become-of-the-common-good.pdf,,,pdfs/2022/06/wb-116-the-tyranny-of-merit-whats-become-of-the-common-good.pdf,data/fulltext/the-tyranny-of-merit-whats-become-of-the-common-good.txt,1531
is-work-only-meetings,Is work only meetings?,2022-06-24,2022-06,2022,Knowledge Brief,Knowledge Brief; Center for Social and Behavioral Analysis; Center for Governance‚ Markets and Regulatory Analysis,Nadeem Ul Haque; Durr-e-Nayab,,,https://pide.org.pk/research/is-work-only-meetings/,https://file.pide.org.pk/uploads/kb-074-is-work-only-meetings.pdf,,,pdfs/2022/06/kb-074-is-work-only-meetings.pdf,data/fulltext/is-work-only-meetings.txt,3169
dead-capital,Dead Capital,2022-06-20,2022-06,2022,PIDE in Press,PIDE in Press,Azwar Muhammad Aslam,,,https://pide.org.pk/research/dead-capital/,https://file.pide.org.pk/uploads/pip-0365-dead-capital.pdf,,,pdfs/2022/06/pip-0365-dead-capital.pdf,data/fulltext/dead-capital.txt,649
breaking-the-taboos,Breaking the Taboos!!,2022-06-20,2022-06,2022,PIDE in Press,PIDE in Press,Iqra Munawar,,,https://pide.org.pk/research/breaking-the-taboos/,,,,,,0
weather-shocks-unconditional-cash-transfers-and-household-food-outcomes,"Weather Shocks, Unconditional Cash Transfers and Household Food Outcomes",2022-06-16,2022-06,2022,Working Paper,Working Paper; Center for Agriculture‚ Climate Change and Rural Economy,Ghulam Mustafa,,,https://pide.org.pk/research/weather-shocks-unconditional-cash-transfers-and-household-food-outcomes/,https://file.pide.org.pk/uploads/wp-0218-weather-shocks-unconditional-cash-transfers-and-household-food-outcomes.pdf,,,pdfs/2022/06/wp-0218-weather-shocks-unconditional-cash-transfers-and-household-food-outcomes.pdf,data/fulltext/weather-shocks-unconditional-cash-transfers-and-household-food-outcomes.txt,185
a-letter-to-the-left,A Letter to the Left,2022-06-13,2022-06,2022,PIDE in Press,PIDE in Press,Abbas Moosvi,,,https://pide.org.pk/research/a-letter-to-the-left/,https://file.pide.org.pk/uploads/pip-0363-a-letter-to-the-left.pdf,,,pdfs/2022/06/pip-0363-a-letter-to-the-left.pdf,data/fulltext/a-letter-to-the-left.txt,1154
how-we-can-tap-into-pakistans-tourism-potential-as-the-world-emerges-from-covid,How We Can Tap Into Pakistan’s Tourism Potential As The World Emerges From Covid,2022-06-12,2022-06,2022,PIDE in Press,PIDE in Press,Usman Ahmad,,,https://pide.org.pk/research/how-we-can-tap-into-pakistans-tourism-potential-as-the-world-emerges-from-covid/,https://file.pide.org.pk/uploads/pip-0403-how-we-can-tap-into-pakistans-tourism-potential-as-the-world-emerges-from-covid.pdf,,,pdfs/2022/06/pip-0403-how-we-can-tap-into-pakistans-tourism-potential-as-the-world-emerges-from-covid.pdf,data/fulltext/how-we-can-tap-into-pakistans-tourism-potential-as-the-world-emerges-from-covid.txt,808
pakistans-dairy-animals-productivity,Pakistan’s Dairy Animals Productivity,2022-06-10,2022-06,2022,PIDE in Press,PIDE in Press,Abdus Sattar,,,https://pide.org.pk/research/pakistans-dairy-animals-productivity/,https://file.pide.org.pk/uploads/pip-0362-pakistans-dairy-animals-productivity.pdf,,,pdfs/2022/06/pip-0362-pakistans-dairy-animals-productivity.pdf,data/fulltext/pakistans-dairy-animals-productivity.txt,815
doing-away-with-acrs-liberating-public-sector,"Doing away with ACRs, liberating public sector",2022-06-10,2022-06,2022,PIDE in Press,PIDE in Press,Fida Muhammad Khan,,,https://pide.org.pk/research/doing-away-with-acrs-liberating-public-sector/,https://file.pide.org.pk/uploads/pip-0361-doing-away-with-acrs-liberating-public-sector.pdf,,,pdfs/2022/06/pip-0361-doing-away-with-acrs-liberating-public-sector.pdf,data/fulltext/doing-away-with-acrs-liberating-public-sector.txt,803
cryptocurrencies-review-of-economics-and-policy,Cryptocurrencies: Review of Economics and Policy,2022-06-09,2022-06,2022,Working Paper,Working Paper; Center for Governance‚ Markets and Regulatory Analysis,Sonan Ahmed Memon,Ethereum; Cryptocurrencies; Bitcoin; Economics of Cryptocurrencies; Tether etc; Regulation of Crypto Market; Blockchain Technology; Implications for Fiscal and Monetary Policy,E62; E31; F33; E44; E42; E43; E00; E50-E58; E41; E40,https://pide.org.pk/research/cryptocurrencies-review-of-economics-and-policy/,https://file.pide.org.pk/uploads/wp-0217-cryptocurrencies-review-of-economics-and-policy.pdf,,,pdfs/2022/06/wp-0217-cryptocurrencies-review-of-economics-and-policy.pdf,data/fulltext/cryptocurrencies-review-of-economics-and-policy.txt,134
of-elites-by-elites-for-elites,"Of elites, by elites, for elites",2022-06-08,2022-06,2022,PIDE in Press,PIDE in Press,Abbas Moosvi,,,https://pide.org.pk/research/of-elites-by-elites-for-elites/,https://file.pide.org.pk/uploads/pip-0360-of-elites-by-elites-for-elites.pdf,,,pdfs/2022/06/pip-0360-of-elites-by-elites-for-elites.pdf,data/fulltext/of-elites-by-elites-for-elites.txt,681
are-we-an-agri-rural-country,Are we an agri-rural country?,2022-06-07,2022-06,2022,PIDE in Press,PIDE in Press,Raja Rafi Ullah,,,https://pide.org.pk/research/are-we-an-agri-rural-country/,https://file.pide.org.pk/uploads/pip-0359-are-we-an-agri-rural-country.pdf,,,pdfs/2022/06/pip-0359-are-we-an-agri-rural-country.pdf,data/fulltext/are-we-an-agri-rural-country.txt,785
under-developed-real-estate-industry-in-pakistan-webinar-brief-21-2020,Under-Developed Real Estate Industry in Pakistan – Webinar Brief 21: 2020,2022-06-06,2022-06,2022,Policy and Research,Policy and Research; P &amp; R Vol.3 Issue 3,Lubna Hasan; Aqeel Anwer; Adnan Saqib,,,https://pide.org.pk/research/under-developed-real-estate-industry-in-pakistan-webinar-brief-21-2020/,https://file.pide.org.pk/uploads/discourse-vol3i3-13-under-developed-real-estate-industry-in-pakistan.pdf,,,pdfs/2022/06/discourse-vol3i3-13-under-developed-real-estate-industry-in-pakistan.pdf,data/fulltext/under-developed-real-estate-industry-in-pakistan-webinar-brief-21-2020.txt,1555
the-real-estate-price-quandary-issues-and-way-forward-2,"The Real Estate Price Quandary: Issues and Way forward (Discourse Vol 3, Issue 3)",2022-06-06,2022-06,2022,Policy and Research,Policy and Research; P &amp; R Vol.3 Issue 3,Ahmed Waqar Qasim,,,https://pide.org.pk/research/the-real-estate-price-quandary-issues-and-way-forward-2/,https://file.pide.org.pk/uploads/discourse-vol3i3-01-the-real-estate-price-quandary-the-real-estate-price.pdf,,,pdfs/2022/06/discourse-vol3i3-01-the-real-estate-price-quandary-the-real-estate-price.pdf,data/fulltext/the-real-estate-price-quandary-issues-and-way-forward-2.txt,1085
the-paradox-of-housing-societies-in-pakistan-webinar-brief-82-2021,The Paradox of Housing Societies in Pakistan – Webinar Brief 82: 2021,2022-06-06,2022-06,2022,Policy and Research,Policy and Research; P &amp; R Vol.3 Issue 3,Adnan Saqib,,,https://pide.org.pk/research/the-paradox-of-housing-societies-in-pakistan-webinar-brief-82-2021/,https://file.pide.org.pk/uploads/discourse-vol3i3-15-the-paradox-of-housing-societies-in-pakistan.pdf,,,pdfs/2022/06/discourse-vol3i3-15-the-paradox-of-housing-societies-in-pakistan.pdf,data/fulltext/the-paradox-of-housing-societies-in-pakistan-webinar-brief-82-2021.txt,1158
the-assumed-shortage-of-housing-in-pakistan-2,The Assumed Shortage of Housing in Pakistan,2022-06-06,2022-06,2022,Policy and Research; Must Read,Policy and Research; P &amp; R Vol.3 Issue 3,Durr-e-Nayab,,,https://pide.org.pk/research/the-assumed-shortage-of-housing-in-pakistan-2/,https://file.pide.org.pk/uploads/discourse-vol3i3-05-the-assumed-shortage-of-housing-in-pakistan.pdf,,,pdfs/2022/06/discourse-vol3i3-05-the-assumed-shortage-of-housing-in-pakistan.pdf,data/fulltext/the-assumed-shortage-of-housing-in-pakistan-2.txt,1315
real-estate-regulation-and-development-a-case-of-gated-housing-in-pakistan-webinar-brief-36-2021,Real Estate Regulation and Development: A case of Gated Housing in Pakistan – Webinar Brief 36: 2021,2022-06-06,2022-06,2022,Policy and Research,Policy and Research; P &amp; R Vol.3 Issue 3,Adnan Saqib,,,https://pide.org.pk/research/real-estate-regulation-and-development-a-case-of-gated-housing-in-pakistan-webinar-brief-36-2021/,https://file.pide.org.pk/uploads/discourse-vol3i3-14-real-estate-regulation-and-development.pdf,,,pdfs/2022/06/discourse-vol3i3-14-real-estate-regulation-and-development.pdf,data/fulltext/real-estate-regulation-and-development-a-case-of-gated-housing-in-pakistan-webinar-brief-36-2021.txt,1191
real-estate-myths-in-pakistan-and-the-truth-behind-them-2,"Real Estate Myths in Pakistan and the Truth Behind Them (Discourse Vol 3, Issue 3)",2022-06-06,2022-06,2022,Policy and Research,Policy and Research; P &amp; R Vol.3 Issue 3,Ahmad Fraz,,,https://pide.org.pk/research/real-estate-myths-in-pakistan-and-the-truth-behind-them-2/,https://file.pide.org.pk/uploads/discourse-vol3i3-06-real-estate-myths-in-pakistan-and-the-truth-behind.pdf,,,pdfs/2022/06/discourse-vol3i3-06-real-estate-myths-in-pakistan-and-the-truth-behind.pdf,data/fulltext/real-estate-myths-in-pakistan-and-the-truth-behind-them-2.txt,882
property-agents-and-the-question-of-real-estate-market-capture,Property Agents and the Question of Real Estate Market Capture,2022-06-06,2022-06,2022,Policy and Research,Policy and Research; P &amp; R Vol.3 Issue 3,Mohammad Shaaf Najib; Raja Rafi Ullah,,,https://pide.org.pk/research/property-agents-and-the-question-of-real-estate-market-capture/,https://file.pide.org.pk/uploads/discourse-vol3i3-02-property-agents-property-agents-and-the-question.pdf,,,pdfs/2022/06/discourse-vol3i3-02-property-agents-property-agents-and-the-question.pdf,data/fulltext/property-agents-and-the-question-of-real-estate-market-capture.txt,964
prime-ministers-construction-package-webinar-brief-no-12-2020,Prime Minister’s Construction Package – Webinar Brief No. 12: 2020,2022-06-06,2022-06,2022,Policy and Research,Policy and Research; P &amp; R Vol.3 Issue 3,Hafeez Ur Rehman Hadi,,,https://pide.org.pk/research/prime-ministers-construction-package-webinar-brief-no-12-2020/,https://file.pide.org.pk/uploads/discourse-vol3i3-11-prime-ministers-construction-package.pdf,,,pdfs/2022/06/discourse-vol3i3-11-prime-ministers-construction-package.pdf,data/fulltext/prime-ministers-construction-package-webinar-brief-no-12-2020.txt,846
pakistan-or-plotistan,Pakistan or ‘Plotistan’?,2022-06-06,2022-06,2022,Policy and Research,Policy and Research; P &amp; R Vol.3 Issue 3,Shahid Mehmood,,,https://pide.org.pk/research/pakistan-or-plotistan/,https://file.pide.org.pk/uploads/discourse-vol3i3-03-pakistan-or-plotistan.pdf,,,pdfs/2022/06/discourse-vol3i3-03-pakistan-or-plotistan.pdf,data/fulltext/pakistan-or-plotistan.txt,365
no-confidence-in-no-confidence,No Confidence in no confidence,2022-06-06,2022-06,2022,Policy and Research,Policy and Research; P &amp; R Vol.3 Issue 3,Abbas Moosvi,,,https://pide.org.pk/research/no-confidence-in-no-confidence/,https://file.pide.org.pk/uploads/discourse-vol3i3-10-no-confidence-in-no-confidence.pdf,,,pdfs/2022/06/discourse-vol3i3-10-no-confidence-in-no-confidence.pdf,data/fulltext/no-confidence-in-no-confidence.txt,1121
introducing-debates,Introducing Debates,2022-06-06,2022-06,2022,Policy and Research,Policy and Research; P &amp; R Vol.3 Issue 3,Abbas Moosvi,,,https://pide.org.pk/research/introducing-debates/,https://file.pide.org.pk/uploads/discourse-vol3i3-16-introducing-debates.pdf,,,pdfs/2022/06/discourse-vol3i3-16-introducing-debates.pdf,data/fulltext/introducing-debates.txt,566
interview-with-dr-nadeem-ul-haq,Interview with Dr. Nadeem Ul Haq,2022-06-06,2022-06,2022,Policy and Research; Must Read,Policy and Research; P &amp; R Vol.3 Issue 3,Nadeem Ul Haque,,,https://pide.org.pk/research/interview-with-dr-nadeem-ul-haq/,https://file.pide.org.pk/uploads/discourse-vol3i3-07-interview-dr.-nadeem-ul-haque.pdf,,,pdfs/2022/06/discourse-vol3i3-07-interview-dr.-nadeem-ul-haque.pdf,data/fulltext/interview-with-dr-nadeem-ul-haq.txt,2279
housing-housing-2,"Housing, Housing! (Discourse Vol 3, Issue 3)",2022-06-06,2022-06,2022,Policy and Research,Policy and Research; P &amp; R Vol.3 Issue 3,Abida Naurin,,,https://pide.org.pk/research/housing-housing-2/,https://file.pide.org.pk/uploads/discourse-vol3i3-08-housing-housing.pdf,,,pdfs/2022/06/discourse-vol3i3-08-housing-housing.pdf,data/fulltext/housing-housing-2.txt,991
finnish-miracle-in-education-lessons-for-pakistan,Finnish Miracle in Education: Lessons for Pakistan,2022-06-06,2022-06,2022,Knowledge Brief,Knowledge Brief; Center for Sustainable Futures,Muhammad Jehangir Khan,,,https://pide.org.pk/research/finnish-miracle-in-education-lessons-for-pakistan/,https://file.pide.org.pk/uploads/kb-073-finnish-miracle-in-education-lessons-for-pakistan.pdf,,https://www.oph.fi/sites/default/files/documents/education-system-in-finland-infographic.pdf,pdfs/2022/06/kb-073-finnish-miracle-in-education-lessons-for-pakistan.pdf,data/fulltext/finnish-miracle-in-education-lessons-for-pakistan.txt,1150
discourse-p-r-vol-3-issue-3,"Discourse (P & R) Vol 3, Issue 3",2022-06-06,2022-06,2022,Policy and Research,Policy and Research; P &amp; R Magazine,,,,https://pide.org.pk/research/discourse-p-r-vol-3-issue-3/,https://file.pide.org.pk/uploads/discourse-vol3i3.pdf,,,pdfs/2022/06/discourse-vol3i3.pdf,data/fulltext/discourse-p-r-vol-3-issue-3.txt,306
construction-permits-and-housing-loans-webinar-brief-58-2021,Construction Permits and Housing Loans – Webinar Brief 58: 2021,2022-06-06,2022-06,2022,Policy and Research,Policy and Research; P &amp; R Vol.3 Issue 3,Zahra Butt,,,https://pide.org.pk/research/construction-permits-and-housing-loans-webinar-brief-58-2021/,https://file.pide.org.pk/uploads/discourse-vol3i3-12-construction-permits-and-housing-loans.pdf,,,pdfs/2022/06/discourse-vol3i3-12-construction-permits-and-housing-loans.pdf,data/fulltext/construction-permits-and-housing-loans-webinar-brief-58-2021.txt,816
blockchain-technology-and-pakistans-real-estate-market,Blockchain technology and Pakistan’s Real Estate Market,2022-06-06,2022-06,2022,Policy and Research,Policy and Research; P &amp; R Vol.3 Issue 3,Mohammad Shaaf Najib; Raja Rafi Ullah,,,https://pide.org.pk/research/blockchain-technology-and-pakistans-real-estate-market/,https://file.pide.org.pk/uploads/discourse-vol3i3-09-blockchain-technology-and-pakistans-real-estate-market.pdf,,,pdfs/2022/06/discourse-vol3i3-09-blockchain-technology-and-pakistans-real-estate-market.pdf,data/fulltext/blockchain-technology-and-pakistans-real-estate-market.txt,753
another-regulatory-authority-rera,Another Regulatory Authority – RERA,2022-06-06,2022-06,2022,Policy and Research,Policy and Research; P &amp; R Vol.3 Issue 3,Ahmed Waqar Qasim; Muhammad Mohsin Latif Kiani,,,https://pide.org.pk/research/another-regulatory-authority-rera/,https://file.pide.org.pk/uploads/discourse-vol3i3-04-rera-another-regulatory-authority.pdf,,,pdfs/2022/06/discourse-vol3i3-04-rera-another-regulatory-authority.pdf,data/fulltext/another-regulatory-authority-rera.txt,760
1st-rasta-conference-28-29-march-2022-abstracts-of-papers-section-6-political-economy-of-development-and-reform,1st RASTA Conference 28-29 March 2022: Abstracts of Papers (Section 6: Political Economy of Development and Reform),2022-06-06,2022-06,2022,Policy and Research,Policy and Research; P &amp; R Vol.3 Issue 3,,,,https://pide.org.pk/research/1st-rasta-conference-28-29-march-2022-abstracts-of-papers-section-6-political-economy-of-development-and-reform/,https://file.pide.org.pk/uploads/discourse-vol3i3-22-section-6-political-economy-of-development-and-reform.pdf,,,pdfs/2022/06/discourse-vol3i3-22-section-6-political-economy-of-development-and-reform.pdf,data/fulltext/1st-rasta-conference-28-29-march-2022-abstracts-of-papers-section-6-political-economy-of-development-and-reform.txt,1199
1st-rasta-conference-28-29-march-2022-abstracts-of-papers-section-5-markets-and-regulations,1st RASTA Conference 28-29 March 2022: Abstracts of Papers (Section 5: Markets and Regulations),2022-06-06,2022-06,2022,Policy and Research,Policy and Research; P &amp; R Vol.3 Issue 3,,,,https://pide.org.pk/research/1st-rasta-conference-28-29-march-2022-abstracts-of-papers-section-5-markets-and-regulations/,https://file.pide.org.pk/uploads/discourse-vol3i3-21-section-5-markets-and-regulations.pdf,,,pdfs/2022/06/discourse-vol3i3-21-section-5-markets-and-regulations.pdf,data/fulltext/1st-rasta-conference-28-29-march-2022-abstracts-of-papers-section-5-markets-and-regulations.txt,934
1st-rasta-conference-28-29-march-2022-abstracts-of-papers-section-4-social-sector-development,1st RASTA Conference 28-29 March 2022: Abstracts of Papers (Section 4: Social Sector Development),2022-06-06,2022-06,2022,Policy and Research,Policy and Research; P &amp; R Vol.3 Issue 3,,,,https://pide.org.pk/research/1st-rasta-conference-28-29-march-2022-abstracts-of-papers-section-4-social-sector-development/,https://file.pide.org.pk/uploads/discourse-vol3i3-20-section-4-social-sector-development.pdf,,,pdfs/2022/06/discourse-vol3i3-20-section-4-social-sector-development.pdf,data/fulltext/1st-rasta-conference-28-29-march-2022-abstracts-of-papers-section-4-social-sector-development.txt,1250
1st-rasta-conference-28-29-march-2022-abstracts-of-papers-section-3-technology-and-public-service-delivery,1st RASTA Conference 28-29 March 2022: Abstracts of Papers (Section 3: Technology and Public Service Delivery),2022-06-06,2022-06,2022,Policy and Research,Policy and Research; P &amp; R Vol.3 Issue 3,,,,https://pide.org.pk/research/1st-rasta-conference-28-29-march-2022-abstracts-of-papers-section-3-technology-and-public-service-delivery/,https://file.pide.org.pk/uploads/discourse-vol3i3-19-section-3-technology-and-public-service-delivery.pdf,,,pdfs/2022/06/discourse-vol3i3-19-section-3-technology-and-public-service-delivery.pdf,data/fulltext/1st-rasta-conference-28-29-march-2022-abstracts-of-papers-section-3-technology-and-public-service-delivery.txt,995
1st-rasta-conference-28-29-march-2022-abstracts-of-papers-section-2-urban-development,1st RASTA Conference 28-29 March 2022: Abstracts of Papers (Section 2: Urban Development),2022-06-06,2022-06,2022,Policy and Research,Policy and Research; P &amp; R Vol.3 Issue 3,,,,https://pide.org.pk/research/1st-rasta-conference-28-29-march-2022-abstracts-of-papers-section-2-urban-development/,https://file.pide.org.pk/uploads/discourse-vol3i3-18-section-2-urban-development.pdf,,,pdfs/2022/06/discourse-vol3i3-18-section-2-urban-development.pdf,data/fulltext/1st-rasta-conference-28-29-march-2022-abstracts-of-papers-section-2-urban-development.txt,644
1st-rasta-conference-28-29-march-2022-abstracts-of-papers-section-1-energy-issues,1st RASTA Conference 28-29 March 2022: Abstracts of Papers (Section 1: Energy Issues),2022-06-06,2022-06,2022,Policy and Research,Policy and Research; P &amp; R Vol.3 Issue 3,,,,https://pide.org.pk/research/1st-rasta-conference-28-29-march-2022-abstracts-of-papers-section-1-energy-issues/,https://file.pide.org.pk/uploads/discourse-vol3i3-17-section-1-energy-issues.pdf,,,pdfs/2022/06/discourse-vol3i3-17-section-1-energy-issues.pdf,data/fulltext/1st-rasta-conference-28-29-march-2022-abstracts-of-papers-section-1-energy-issues.txt,856
khnowledge-archives-volume-ii,Khnowledge Archives – Volume II,2022-06-05,2022-06,2022,Book,Books,,,,https://pide.org.pk/research/khnowledge-archives-volume-ii/,https://file.pide.org.pk/pdfpideresearch/book-69-khnowledge-archives-volume-ii.pdf,,,pdfs/2022/06/book-69-khnowledge-archives-volume-ii.pdf,data/fulltext/khnowledge-archives-volume-ii.txt,649
the-real-estate-price-quandary-issues-and-way-forward,The Real Estate Price Quandary: Issues and Way forward (PIDE Knowledge Brief No. 72:2022),2022-06-03,2022-06,2022,Knowledge Brief,Knowledge Brief; Center for Governance‚ Markets and Regulatory Analysis,Ahmed Waqar Qasim,,,https://pide.org.pk/research/the-real-estate-price-quandary-issues-and-way-forward/,https://file.pide.org.pk/uploads/kb-072-the-real-estate-price-quandary-issues-and-way-forward.pdf,,,pdfs/2022/06/kb-072-the-real-estate-price-quandary-issues-and-way-forward.pdf,data/fulltext/the-real-estate-price-quandary-issues-and-way-forward.txt,1392
media-coverage-of-rasta-2nd-conference-1st-day,Media Coverage of RASTA 2nd Conference – 1st Day,2022-06-03,2022-06,2022,PIDE in Press,PIDE in Press,,,,https://pide.org.pk/research/media-coverage-of-rasta-2nd-conference-1st-day/,,,,,data/fulltext/media-coverage-of-rasta-2nd-conference-1st-day.txt,63
environmental-impact-assessment-eia-in-the-textile-industry-a-comparative-study-of-pakistan-and-bangladesh,Environmental Impact Assessment (EIA) in the Textile Industry – A Comparative Study of Pakistan and Bangladesh,2022-06-02,2022-06,2022,Blog; Recent Publications,Blog; Center for Industry‚ Trade &amp; Digital Economy,Shahid Sattar; Amena Urooj,Pakistan; Bangladesh; Waste Water; Environmental Impact Assessment; Quality Management System; Textile Industry,,https://pide.org.pk/research/environmental-impact-assessment-eia-in-the-textile-industry-a-comparative-study-of-pakistan-and-bangladesh/,,,https://www.ilo.org/wcmsp5/groups/public/---asia/---ro-bangkok/documents/meetingdocument/wcms_579469.pdf; https://www.ilo.org/wcmsp5/groups/public/---asia/---ro-bangkok/documents/publication/wcms_802429.pdf; https://wwfasia.awsassets.panda.org/downloads/review_of_existing_environmental_laws.pdf,,data/fulltext/environmental-impact-assessment-eia-in-the-textile-industry-a-comparative-study-of-pakistan-and-bangladesh.txt,2222
literature-as-a-creative-industry,Literature as a Creative Industry,2022-06-01,2022-06,2022,Webinars Brief,Webinars Brief; Center for Sustainable Futures; Center for Social and Behavioral Analysis,Abbas Moosvi,,,https://pide.org.pk/research/literature-as-a-creative-industry/,https://file.pide.org.pk/uploads/wb-115-literature-as-a-creative-industry.pdf,,,pdfs/2022/06/wb-115-literature-as-a-creative-industry.pdf,data/fulltext/literature-as-a-creative-industry.txt,1575
will-the-import-ban-prove-its-effectiveness,Will The Import Ban Prove Its Effectiveness?,2022-05-31,2022-05,2022,Policy Viewpoint,Policy Viewpoint; Center for Industry‚ Trade &amp; Digital Economy,Mohammad Shaaf Najib,,,https://pide.org.pk/research/will-the-import-ban-prove-its-effectiveness/,https://file.pide.org.pk/uploads/pv-39-will-the-import-ban-prove-its-effectiveness.pdf,,https://www.commerce.gov.pk/wp-content/uploads/2022/05/SRO-Ban-on-Import-of-Luxury-and-N_essential-Items.pdf; https://www.commerce.gov.pk/wp-content/uploads/2022/04/IPO-2022-SRO-No.-545I-2022-dt.-22.4-2022.pdf,pdfs/2022/05/pv-39-will-the-import-ban-prove-its-effectiveness.pdf,data/fulltext/will-the-import-ban-prove-its-effectiveness.txt,1527
pide-rasta-to-hold-two-day-conference-on-policy-issues,PIDE-RASTA To Hold Two-day Conference On Policy Issues,2022-05-31,2022-05,2022,PIDE in Press,PIDE in Press,,,,https://pide.org.pk/research/pide-rasta-to-hold-two-day-conference-on-policy-issues/,,,,,data/fulltext/pide-rasta-to-hold-two-day-conference-on-policy-issues.txt,6
development-through-the-services-paradigm,Development through the services paradigm,2022-05-30,2022-05,2022,PIDE in Press,PIDE in Press,Aqsa Gul,,,https://pide.org.pk/research/development-through-the-services-paradigm/,https://file.pide.org.pk/uploads/pip-0357-development-through-the-services-paradigm.pdf,,,pdfs/2022/05/pip-0357-development-through-the-services-paradigm.pdf,data/fulltext/development-through-the-services-paradigm.txt,1117
an-analysis-of-the-real-estate-brokerage-market-in-pakistan,An Analysis of the Real Estate Brokerage Market in Pakistan,2022-05-30,2022-05,2022,Working Paper; Recent Publications,Working Paper; Center for Governance‚ Markets and Regulatory Analysis,Raja Rafi Ullah; Mohammad Shaaf Najib,,,https://pide.org.pk/research/an-analysis-of-the-real-estate-brokerage-market-in-pakistan/,https://file.pide.org.pk/uploads/wp-0216-an-analysis-of-the-real-estate-brokerage-market-in-pakistan.pdf,,,pdfs/2022/05/wp-0216-an-analysis-of-the-real-estate-brokerage-market-in-pakistan.pdf,data/fulltext/an-analysis-of-the-real-estate-brokerage-market-in-pakistan.txt,216
nudging-pakistan-railways,Nudging Pakistan Railways (PIDE Knowledge Brief No. 71:2022),2022-05-27,2022-05,2022,Knowledge Brief,Knowledge Brief; Center for Energy‚ Logistics‚ and Infrastructure,Saba Anwar,,,https://pide.org.pk/research/nudging-pakistan-railways/,https://file.pide.org.pk/uploads/kb-071-nudging-pakistan-railways.pdf,,,pdfs/2022/05/kb-071-nudging-pakistan-railways.pdf,data/fulltext/nudging-pakistan-railways.txt,2204
pakistans-income-tax-amendment-ordinance-2022-aka-industrial-policy-package,"Pakistan’s Income Tax (Amendment) Ordinance, 2022 aka “Industrial Policy Package”",2022-05-25,2022-05,2022,Knowledge Brief,Knowledge Brief; Macro Policy Lab; Center for Industry‚ Trade &amp; Digital Economy,Usman Qadir; Iftikhar Ahmad,,,https://pide.org.pk/research/pakistans-income-tax-amendment-ordinance-2022-aka-industrial-policy-package/,https://file.pide.org.pk/uploads/kb-070-pakistans-income-tax-amendment-ordinance-2022-aka-industrial-policy-package.pdf,,,pdfs/2022/05/kb-070-pakistans-income-tax-amendment-ordinance-2022-aka-industrial-policy-package.pdf,data/fulltext/pakistans-income-tax-amendment-ordinance-2022-aka-industrial-policy-package.txt,2168
the-crypto-conundrum-and-pakistan,The Crypto Conundrum and Pakistan!,2022-05-22,2022-05,2022,PIDE in Press,PIDE in Press,Aiman Shakeel Abbasi,,,https://pide.org.pk/research/the-crypto-conundrum-and-pakistan/,https://file.pide.org.pk/uploads/pip-0356-the-crypto-conundrum-and-pakistan.pdf,,,pdfs/2022/05/pip-0356-the-crypto-conundrum-and-pakistan.pdf,data/fulltext/the-crypto-conundrum-and-pakistan.txt,761
gender-sensitization-and-social-change,Gender Sensitization and Social Change,2022-05-22,2022-05,2022,PIDE in Press,PIDE in Press,Iqra Munawar,,,https://pide.org.pk/research/gender-sensitization-and-social-change/,,,,,,0
an-interest-free-economy,An interest-free economy?,2022-05-22,2022-05,2022,PIDE in Press,PIDE in Press,Shahid Mehmood,,,https://pide.org.pk/research/an-interest-free-economy/,https://file.pide.org.pk/uploads/pip-0355-an-interest-free-economy.pdf,,,pdfs/2022/05/pip-0355-an-interest-free-economy.pdf,data/fulltext/an-interest-free-economy.txt,1032
pakistans-economy-in-the-intensive-care-ward,Pakistan’s Economy in the ‘Intensive Care’ ward,2022-05-20,2022-05,2022,PIDE in Press,PIDE in Press,,,,https://pide.org.pk/research/pakistans-economy-in-the-intensive-care-ward/,https://file.pide.org.pk/uploads/pip-0353-pakistans-economy-in-the-intensive-care-ward.pdf,,,pdfs/2022/05/pip-0353-pakistans-economy-in-the-intensive-care-ward.pdf,data/fulltext/pakistans-economy-in-the-intensive-care-ward.txt,805
availing-of-the-net-metering-facility-impact-of-bois-reforms,Availing of the Net-metering Facility: Impact of BOI’s reforms,2022-05-20,2022-05,2022,PIDE Analytics,PIDE Analytics; Center for Energy‚ Logistics‚ and Infrastructure,Abdul Haseeb; Ahmed Waqar Qasim,,,https://pide.org.pk/research/availing-of-the-net-metering-facility-impact-of-bois-reforms/,https://file.pide.org.pk/uploads/pa-03-availing-of-the-net-metering-facility-impact-of-bois-reforms.pdf,,,pdfs/2022/05/pa-03-availing-of-the-net-metering-facility-impact-of-bois-reforms.pdf,data/fulltext/availing-of-the-net-metering-facility-impact-of-bois-reforms.txt,1284
invest-in-future-prioritizing-youth-family-planning,Invest in Future: Prioritizing Youth Family Planning,2022-05-19,2022-05,2022,Policy Viewpoint,Policy Viewpoint; Center for Sustainable Futures; Center for Social and Behavioral Analysis,Saima Bashir,,,https://pide.org.pk/research/invest-in-future-prioritizing-youth-family-planning/,https://file.pide.org.pk/uploads/pv-38-invest-in-future-prioritizing-youth-family-planning.pdf,,,pdfs/2022/05/pv-38-invest-in-future-prioritizing-youth-family-planning.pdf,data/fulltext/invest-in-future-prioritizing-youth-family-planning.txt,1491
fy22-budget-deficit-likely-to-stand-at-9pc-of-gdp-highest-ever-in-countrys-history,FY22 budget deficit likely to stand at 9pc of GDP — highest-ever in country’s history,2022-05-19,2022-05,2022,PIDE in Press,PIDE in Press,,,,https://pide.org.pk/research/fy22-budget-deficit-likely-to-stand-at-9pc-of-gdp-highest-ever-in-countrys-history/,https://file.pide.org.pk/uploads/pip-0352-fy22-budget-deficit-likely-to-stand-at-9pc-of-gdp-highest-ever-in-countrys-history.pdf,,,pdfs/2022/05/pip-0352-fy22-budget-deficit-likely-to-stand-at-9pc-of-gdp-highest-ever-in-countrys-history.pdf,data/fulltext/fy22-budget-deficit-likely-to-stand-at-9pc-of-gdp-highest-ever-in-countrys-history.txt,1172
the-determinants-of-total-factor-productivity-growth-in-pakistan-an-exploration,The Determinants of Total Factor Productivity Growth in Pakistan: An Exploration,2022-05-18,2022-05,2022,Working Paper,Working Paper; Macro Policy Lab,Omer Siddique,GDP; determinants; Total factor productivity growth,,https://pide.org.pk/research/the-determinants-of-total-factor-productivity-growth-in-pakistan-an-exploration/,https://file.pide.org.pk/uploads/wp-0215-the-determinants-of-total-factor-productivity-growth-in-pakistan-an-exploration.pdf,,,pdfs/2022/05/wp-0215-the-determinants-of-total-factor-productivity-growth-in-pakistan-an-exploration.pdf,data/fulltext/the-determinants-of-total-factor-productivity-growth-in-pakistan-an-exploration.txt,354
arts-and-culture-centers-as-catalysts-for-urban-vibrancy,Arts and Culture Centers as Catalysts for Urban Vibrancy,2022-05-18,2022-05,2022,Webinars Brief,Webinars Brief; Center for Sustainable Futures; Center for Social and Behavioral Analysis,Abbas Moosvi,,,https://pide.org.pk/research/arts-and-culture-centers-as-catalysts-for-urban-vibrancy/,https://file.pide.org.pk/uploads/wb-114-arts-and-culture-centers-as-catalysts-for-urban-vibrancy.pdf,,,pdfs/2022/05/wb-114-arts-and-culture-centers-as-catalysts-for-urban-vibrancy.pdf,data/fulltext/arts-and-culture-centers-as-catalysts-for-urban-vibrancy.txt,1402
15-minutes-city,15-Minutes City,2022-05-13,2022-05,2022,Knowledge Brief,Knowledge Brief; Center for Energy‚ Logistics‚ and Infrastructure,Ajmal Kakar,,,https://pide.org.pk/research/15-minutes-city/,https://file.pide.org.pk/uploads/kb-068-15-minutes-city.pdf,,,pdfs/2022/05/kb-068-15-minutes-city.pdf,data/fulltext/15-minutes-city.txt,214
the-role-of-arthi-in-agriculture-marketing-an-exploiter-or-facilitator-of-farmers,The Role of Arthi in Agriculture Marketing: an exploiter or facilitator of farmers?,2022-05-12,2022-05,2022,Knowledge Brief,Knowledge Brief; Center for Agriculture‚ Climate Change and Rural Economy,Abedullah Anjum; Abida Naurin,,,https://pide.org.pk/research/the-role-of-arthi-in-agriculture-marketing-an-exploiter-or-facilitator-of-farmers/,https://file.pide.org.pk/uploads/kb-069-the-role-of-arthi-in-agriculture-marketing-an-exploiter-or-facilitator-of-farmers.pdf,,,pdfs/2022/05/kb-069-the-role-of-arthi-in-agriculture-marketing-an-exploiter-or-facilitator-of-farmers.pdf,data/fulltext/the-role-of-arthi-in-agriculture-marketing-an-exploiter-or-facilitator-of-farmers.txt,2386
understanding-elite-capture,Understanding Elite Capture,2022-05-11,2022-05,2022,Knowledge Brief,Knowledge Brief,Fahd Zulfiqar; Abbas Moosvi,,,https://pide.org.pk/research/understanding-elite-capture/,https://file.pide.org.pk/uploads/kb-067-understanding-elite-capture.pdf,,,pdfs/2022/05/kb-067-understanding-elite-capture.pdf,data/fulltext/understanding-elite-capture.txt,4443
pide-irs-sign-mou,"PIDE, IRS sign MOU",2022-05-11,2022-05,2022,PIDE in Press,PIDE in Press,,,,https://pide.org.pk/research/pide-irs-sign-mou/,,,,,data/fulltext/pide-irs-sign-mou.txt,6
incubating-grassroots-politics,Incubating grassroots politics,2022-05-11,2022-05,2022,PIDE in Press,PIDE in Press,Abbas Moosvi,,,https://pide.org.pk/research/incubating-grassroots-politics/,https://file.pide.org.pk/uploads/pip-0351-incubating-grassroots-politics.pdf,,,pdfs/2022/05/pip-0351-incubating-grassroots-politics.pdf,data/fulltext/incubating-grassroots-politics.txt,703
macroeconomic-challenges-post-covid,Macroeconomic Challenges Post-covid,2022-04-29,2022-04,2022,Webinars Brief,Webinars Brief; Macro Policy Lab,Abdul Qadir,,,https://pide.org.pk/research/macroeconomic-challenges-post-covid/,https://file.pide.org.pk/uploads/wb-113-macroeconomic-challenges-post-covid.pdf,,,pdfs/2022/04/wb-113-macroeconomic-challenges-post-covid.pdf,data/fulltext/macroeconomic-challenges-post-covid.txt,1435
the-elite-capture,The ‘Elite capture’,2022-04-28,2022-04,2022,PIDE in Press,PIDE in Press,,,,https://pide.org.pk/research/the-elite-capture/,https://file.pide.org.pk/uploads/pip-0348-the-elite-capture.pdf,,,pdfs/2022/04/pip-0348-the-elite-capture.pdf,data/fulltext/the-elite-capture.txt,830
pide-unveils-much-awaited-sludge-audit,PIDE unveils much-awaited Sludge Audit,2022-04-27,2022-04,2022,PIDE in Press,PIDE in Press,,,,https://pide.org.pk/research/pide-unveils-much-awaited-sludge-audit/,https://file.pide.org.pk/uploads/pip-0347-pide-unveils-much-awaited-sludge-audit.pdf,,,pdfs/2022/04/pip-0347-pide-unveils-much-awaited-sludge-audit.pdf,data/fulltext/pide-unveils-much-awaited-sludge-audit.txt,463
pide-knowledge-archives-vol-i,PIDE Knowledge Archives: Vol – I,2022-04-27,2022-04,2022,Book,Books,,,,https://pide.org.pk/research/pide-knowledge-archives-vol-i/,https://file.pide.org.pk/uploads/book-49-pide-knowledge-archives-vol-1.pdf,,,pdfs/2022/04/book-49-pide-knowledge-archives-vol-1.pdf,data/fulltext/pide-knowledge-archives-vol-i.txt,650
inefficient-private-sector-lives-off-taxpayers-money-ex-sbp-governor,Inefficient private sector lives off taxpayers’ money: ex-SBP governor,2022-04-27,2022-04,2022,PIDE in Press,PIDE in Press,,,,https://pide.org.pk/research/inefficient-private-sector-lives-off-taxpayers-money-ex-sbp-governor/,https://file.pide.org.pk/uploads/pip-0346-inefficient-private-sector-lives-off-taxpayers-money-ex-sbp-governor.pdf,,,pdfs/2022/04/pip-0346-inefficient-private-sector-lives-off-taxpayers-money-ex-sbp-governor.pdf,data/fulltext/inefficient-private-sector-lives-off-taxpayers-money-ex-sbp-governor.txt,532
development-research-and-policy-the-emergence-of-a-research-agenda-through-webinars-at-pide,Development Research and Policy: The Emergence of a Research Agenda through Webinars at PIDE,2022-04-27,2022-04,2022,Book,Books,,,,https://pide.org.pk/research/development-research-and-policy-the-emergence-of-a-research-agenda-through-webinars-at-pide/,https://file.pide.org.pk/uploads/book-51-development-research-and-policy-the-emergence-of-a-research-agenda-through-webinars-at-pide.pdf,,,pdfs/2022/04/book-51-development-research-and-policy-the-emergence-of-a-research-agenda-through-webinars-at-pide.pdf,data/fulltext/development-research-and-policy-the-emergence-of-a-research-agenda-through-webinars-at-pide.txt,282
kya-mehangai-ka-boojh-sirf-ameer-tabqe-parhi-parhega-dr-nadeem-ul-haque-kya-kehte-hain-aaj-news,Kya mehangai ka boojh sirf ameer tabqe parhi parhega?| Dr. Nadeem ul Haque kya kehte hain?| Aaj News,2022-04-26,2022-04,2022,PIDE in Press,PIDE in Press,Nadeem Ul Haque,,,https://pide.org.pk/research/kya-mehangai-ka-boojh-sirf-ameer-tabqe-parhi-parhega-dr-nadeem-ul-haque-kya-kehte-hain-aaj-news/,,,,,data/fulltext/kya-mehangai-ka-boojh-sirf-ameer-tabqe-parhi-parhega-dr-nadeem-ul-haque-kya-kehte-hain-aaj-news.txt,18
food-subsidies-programs-in-pakistan-a-review,Food Subsidies Programs In Pakistan: A Review,2022-04-26,2022-04,2022,Knowledge Brief,Knowledge Brief; Center for Agriculture‚ Climate Change and Rural Economy,Nasir Iqbal,,,https://pide.org.pk/research/food-subsidies-programs-in-pakistan-a-review/,https://file.pide.org.pk/uploads/kb-066-food-subsidies-programs-in-pakistan-a-review.pdf,,https://www.pbs.gov.pk/sites/default/files/pslm/publications/hies2018-19/hies_2018-19_writeup.pdf; https://www.finance.gov.pk/publications/SOEs_Triage_03032021.pdf,pdfs/2022/04/kb-066-food-subsidies-programs-in-pakistan-a-review.pdf,data/fulltext/food-subsidies-programs-in-pakistan-a-review.txt,3163
business-and-investment-issues-in-pakistan,Business and Investment Issues in Pakistan,2022-04-25,2022-04,2022,Webinars Brief,Webinars Brief; Macro Policy Lab,Usman Ahmad; Amena Urooj; Uzma Zia,Low investment; onerous tax policy; business control; volatile policy; politically captured economy,,https://pide.org.pk/research/business-and-investment-issues-in-pakistan/,https://file.pide.org.pk/uploads/wb-112-business-and-investment-issues-in-pakistan.pdf,,https://beoe.gov.pk/files/statistics/yearly-reports/2019/2019-full.pdf,pdfs/2022/04/wb-112-business-and-investment-issues-in-pakistan.pdf,data/fulltext/business-and-investment-issues-in-pakistan.txt,2003
pide-sludge-audit-vol-1,PIDE SLUDGE AUDIT VOL – 1,2022-04-21,2022-04,2022,Sludge Audits; Sludge Series,Sludge Audits; Rasta Sludge Series; Center for Governance‚ Markets and Regulatory Analysis,Nadeem Ul Haque; Ahmed Waqar Qasim; Idrees Khawaja,,,https://pide.org.pk/research/pide-sludge-audit-vol-1/,https://pide.org.pk/rasta/wp-content/uploads/pide-sludge-audit-vol-1.pdf,,,pdfs/2022/04/pide-sludge-audit-vol-1.pdf,data/fulltext/pide-sludge-audit-vol-1.txt,165
social-science-research-do-we-need-to-dig-deeper,Social Science Research: Do We Need to Dig Deeper?,2022-04-19,2022-04,2022,Blog,Blog; Center for Sustainable Futures; Center for Social and Behavioral Analysis,Omer Siddique,Economics; Social Science; Research,,https://pide.org.pk/research/social-science-research-do-we-need-to-dig-deeper/,,,,,data/fulltext/social-science-research-do-we-need-to-dig-deeper.txt,814
media-coverage-on-informal-conversation-on-pakistan-economy,Media Coverage on “Informal Conversation on Pakistan Economy”,2022-04-19,2022-04,2022,PIDE in Press,PIDE in Press,,,,https://pide.org.pk/research/media-coverage-on-informal-conversation-on-pakistan-economy/,,,,,data/fulltext/media-coverage-on-informal-conversation-on-pakistan-economy.txt,34
khan-anti-imperial-or-just-anti-west,Khan: anti-imperial or just anti-West?,2022-04-19,2022-04,2022,PIDE in Press,PIDE in Press,Abbas Moosvi,,,https://pide.org.pk/research/khan-anti-imperial-or-just-anti-west/,https://file.pide.org.pk/uploads/pip-0344-khan-anti-imperial-or-just-anti-west.pdf,,,pdfs/2022/04/pip-0344-khan-anti-imperial-or-just-anti-west.pdf,data/fulltext/khan-anti-imperial-or-just-anti-west.txt,698
pide-hosts-session-on-conversation-on-economy,PIDE hosts session on conversation on economy,2022-04-18,2022-04,2022,PIDE in Press,PIDE in Press,,,,https://pide.org.pk/research/pide-hosts-session-on-conversation-on-economy/,https://file.pide.org.pk/uploads/pip-0343-pide-hosts-session-on-conversation-on-economy.pdf,,,pdfs/2022/04/pip-0343-pide-hosts-session-on-conversation-on-economy.pdf,data/fulltext/pide-hosts-session-on-conversation-on-economy.txt,453
need-stressed-for-fiscal-and-monetary-analysis,Need stressed for fiscal and monetary analysis,2022-04-18,2022-04,2022,PIDE in Press,PIDE in Press,,,,https://pide.org.pk/research/need-stressed-for-fiscal-and-monetary-analysis/,https://file.pide.org.pk/uploads/pip-0342-need-stressed-for-fiscal-and-monetary-analysis.pdf,,,pdfs/2022/04/pip-0342-need-stressed-for-fiscal-and-monetary-analysis.pdf,data/fulltext/need-stressed-for-fiscal-and-monetary-analysis.txt,375
engineering-electronics-related-industries-experts-underline-need-for-expanding-industrial-base,"Engineering-, electronics-related industries: Experts underline need for expanding industrial base",2022-04-17,2022-04,2022,PIDE in Press,PIDE in Press,,,,https://pide.org.pk/research/engineering-electronics-related-industries-experts-underline-need-for-expanding-industrial-base/,https://file.pide.org.pk/uploads/pip-0341-engineering-electronics-related-industries-experts-underline-need-for-expanding-industrial-base.pdf,,,pdfs/2022/04/pip-0341-engineering-electronics-related-industries-experts-underline-need-for-expanding-industrial-base.pdf,data/fulltext/engineering-electronics-related-industries-experts-underline-need-for-expanding-industrial-base.txt,732
bilateral-free-trade-agreements-ftas-for-trade-promotion-boon-or-bane-for-pakistan,Bilateral Free Trade Agreements (FTAs) for Trade Promotion: Boon or Bane for Pakistan?,2022-04-14,2022-04,2022,Working Paper,Working Paper; Center for Industry‚ Trade &amp; Digital Economy,Farhat Mahmood,Pakistan; Exports; IMPORTS; South Asia; FTA,,https://pide.org.pk/research/bilateral-free-trade-agreements-ftas-for-trade-promotion-boon-or-bane-for-pakistan/,https://file.pide.org.pk/uploads/wp-0214-bilateral-free-trade-agreements-for-trade-promotion-boon-or-bane-for-pakistan.pdf,,,pdfs/2022/04/wp-0214-bilateral-free-trade-agreements-for-trade-promotion-boon-or-bane-for-pakistan.pdf,data/fulltext/bilateral-free-trade-agreements-ftas-for-trade-promotion-boon-or-bane-for-pakistan.txt,284
a-lecture-by-keith-hartley-professor-emeritus-economics-department-at-the-university-of-york,"A Lecture By Keith Hartley, Professor Emeritus, Economics Department At The University of York.",2022-04-13,2022-04,2022,Webinars Brief,Webinars Brief,Fida Muhammad Khan,,,https://pide.org.pk/research/a-lecture-by-keith-hartley-professor-emeritus-economics-department-at-the-university-of-york/,https://file.pide.org.pk/uploads/wb-111-a-lecture-by-keith-hartley-professor-emeritus-economics-department-at-the-university-of-york.pdf,,,pdfs/2022/04/wb-111-a-lecture-by-keith-hartley-professor-emeritus-economics-department-at-the-university-of-york.pdf,data/fulltext/a-lecture-by-keith-hartley-professor-emeritus-economics-department-at-the-university-of-york.txt,1272
snc-and-my-right-of-freedom-to-choose,SNC and My Right of Freedom to Choose?,2022-04-12,2022-04,2022,Blog,Blog; Center for Sustainable Futures,Fida Muhammad,,,https://pide.org.pk/research/snc-and-my-right-of-freedom-to-choose/,https://file.pide.org.pk/uploads/blog-151-snc-and-my-right-of-freedom-to-choose.pdf,,,pdfs/2022/04/blog-151-snc-and-my-right-of-freedom-to-choose.pdf,data/fulltext/snc-and-my-right-of-freedom-to-choose.txt,717
do-not-reload-the-70s,Do not reload the 70s!,2022-04-11,2022-04,2022,PIDE in Press,PIDE in Press,Mohammad Shaaf Najib,,,https://pide.org.pk/research/do-not-reload-the-70s/,https://file.pide.org.pk/uploads/pip-0339-do-not-reload-the-70s.pdf,,,pdfs/2022/04/pip-0339-do-not-reload-the-70s.pdf,data/fulltext/do-not-reload-the-70s.txt,945
cash-poor-perk-rich-government-officials,"Cash poor, perk rich government officials",2022-04-11,2022-04,2022,PIDE in Press,PIDE in Press,Abida Naurin,,,https://pide.org.pk/research/cash-poor-perk-rich-government-officials/,https://file.pide.org.pk/uploads/pip-0340-cash-poor-perk-rich-government-officials.pdf,,,pdfs/2022/04/pip-0340-cash-poor-perk-rich-government-officials.pdf,data/fulltext/cash-poor-perk-rich-government-officials.txt,1134
the-enigma-of-judicial-hold-ups,The enigma of judicial hold-ups,2022-04-10,2022-04,2022,PIDE in Press,PIDE in Press,Saddam Hussein,,,https://pide.org.pk/research/the-enigma-of-judicial-hold-ups/,https://file.pide.org.pk/uploads/pip-0338-the-enigma-of-judicial-hold-ups.pdf,,,pdfs/2022/04/pip-0338-the-enigma-of-judicial-hold-ups.pdf,data/fulltext/the-enigma-of-judicial-hold-ups.txt,946
is-corruption-the-cause,Is corruption the cause,2022-04-09,2022-04,2022,PIDE in Press,PIDE in Press,Madeeha Gohar Qureshi,,,https://pide.org.pk/research/is-corruption-the-cause/,https://file.pide.org.pk/uploads/pip-0337-is-corruption-the-cause.pdf,,,pdfs/2022/04/pip-0337-is-corruption-the-cause.pdf,data/fulltext/is-corruption-the-cause.txt,637
does-fixing-high-minimum-support-price-msp-of-wheat-a-source-of-inflation-or-high-prices-itself-a-victim-of-inflation,Does Fixing High Minimum Support Price (MSP) Of Wheat A Source Of Inflation Or High Prices Itself A Victim Of Inflation?,2022-04-09,2022-04,2022,Knowledge Brief,Knowledge Brief; Macro Policy Lab; Center for Agriculture‚ Climate Change and Rural Economy,Abedullah Anjum,,,https://pide.org.pk/research/does-fixing-high-minimum-support-price-msp-of-wheat-a-source-of-inflation-or-high-prices-itself-a-victim-of-inflation/,https://file.pide.org.pk/uploads/kb-065-does-fixing-high-minimum-support-price-of-wheat-a-source-of-inflation-or-high-prices-itself-a-victim-of-inflation.pdf,,,pdfs/2022/04/kb-065-does-fixing-high-minimum-support-price-of-wheat-a-source-of-inflation-or-high-prices-itself-a-victim-of-inflation.pdf,data/fulltext/does-fixing-high-minimum-support-price-msp-of-wheat-a-source-of-inflation-or-high-prices-itself-a-victim-of-inflation.txt,1234
ameliorating-drug-shortages-in-pakistan,Ameliorating Drug Shortages In Pakistan,2022-04-09,2022-04,2022,Policy Viewpoint,Policy Viewpoint; Center for Sustainable Futures; Center for Governance‚ Markets and Regulatory Analysis,Shahid Mahmood,,,https://pide.org.pk/research/ameliorating-drug-shortages-in-pakistan/,https://file.pide.org.pk/uploads/pv-37-ameliorating-drug-shortages-in-pakistan.pdf,,,pdfs/2022/04/pv-37-ameliorating-drug-shortages-in-pakistan.pdf,data/fulltext/ameliorating-drug-shortages-in-pakistan.txt,1916
dire-need-of-constitutional-reforms,Dire need of constitutional reforms,2022-04-06,2022-04,2022,PIDE in Press,PIDE in Press,Ajmal Kakar,,,https://pide.org.pk/research/dire-need-of-constitutional-reforms/,https://file.pide.org.pk/uploads/pip-0335-dire-need-of-constitutional-reforms.pdf,,,pdfs/2022/04/pip-0335-dire-need-of-constitutional-reforms.pdf,data/fulltext/dire-need-of-constitutional-reforms.txt,778
local-research-for-local-problems,Local research for local problems,2022-04-05,2022-04,2022,PIDE in Press,PIDE in Press,Abbas Moosvi,,,https://pide.org.pk/research/local-research-for-local-problems/,https://file.pide.org.pk/uploads/pip-0334-local-research-for-local-problems.pdf,,,pdfs/2022/04/pip-0334-local-research-for-local-problems.pdf,data/fulltext/local-research-for-local-problems.txt,685
socio-economic-impact-of-ride-hailing-overcoming-barriers-to-mobility,Socio-Economic Impact of Ride Hailing: Overcoming Barriers to Mobility,2022-04-04,2022-04,2022,Webinars Brief,Webinars Brief; Center for Sustainable Futures; Center for Energy‚ Logistics‚ and Infrastructure,Irum Bhatti,,,https://pide.org.pk/research/socio-economic-impact-of-ride-hailing-overcoming-barriers-to-mobility/,https://file.pide.org.pk/uploads/wb-110-socio-economic-impact-of-ride-hailing-overcoming-barriers-to-mobility.pdf,,,pdfs/2022/04/wb-110-socio-economic-impact-of-ride-hailing-overcoming-barriers-to-mobility.pdf,data/fulltext/socio-economic-impact-of-ride-hailing-overcoming-barriers-to-mobility.txt,934
justice-beyond-means,Justice beyond means,2022-04-04,2022-04,2022,PIDE in Press,PIDE in Press,Saddam Hussein,,,https://pide.org.pk/research/justice-beyond-means/,https://file.pide.org.pk/uploads/pip-0333-justice-beyond-means.pdf,,,pdfs/2022/04/pip-0333-justice-beyond-means.pdf,data/fulltext/justice-beyond-means.txt,1193
the-age-affect-relationship-and-potential-consequences-for-decision-making,The Age-Affect Relationship and Potential Consequences for Decision Making,2022-04-01,2022-04,2022,Working Paper,Working Paper; Center for Sustainable Futures,Mariam Mohsin; Saman Nazir,Age; Aging; Emotional Regulation Gerontology,,https://pide.org.pk/research/the-age-affect-relationship-and-potential-consequences-for-decision-making/,https://file.pide.org.pk/uploads/wb-0213-the-age-affect-relationship-and-potential-consequences-for-decision-making.pdf,,,pdfs/2022/04/wb-0213-the-age-affect-relationship-and-potential-consequences-for-decision-making.pdf,data/fulltext/the-age-affect-relationship-and-potential-consequences-for-decision-making.txt,612
media-coverage-of-rasta-conference,Media Coverage of RASTA Conference,2022-04-01,2022-04,2022,PIDE in Press,PIDE in Press,PIDE,,,https://pide.org.pk/research/media-coverage-of-rasta-conference/,https://file.pide.org.pk/uploads/pip-0332-media-coverage-RASTA-conference.pdf,,,pdfs/2022/04/pip-0332-media-coverage-RASTA-conference.pdf,data/fulltext/media-coverage-of-rasta-conference.txt,23
plotistan-subsidized-land-giveaways-and-public-land-management-in-pakistan,Plotistan – Subsidized Land Giveaways and Public Land Management in Pakistan,2022-03-31,2022-03,2022,Webinars Brief,Webinars Brief; Center for Governance‚ Markets and Regulatory Analysis; Center for Energy‚ Logistics‚ and Infrastructure,Irum Bhatti,,,https://pide.org.pk/research/plotistan-subsidized-land-giveaways-and-public-land-management-in-pakistan/,https://file.pide.org.pk/uploads/wb-109-plotistan-subsidized-land-giveaways-and-public-land-management.pdf,,,pdfs/2022/03/wb-109-plotistan-subsidized-land-giveaways-and-public-land-management.pdf,data/fulltext/plotistan-subsidized-land-giveaways-and-public-land-management-in-pakistan.txt,897
oil-and-the-dollars-hegemony,Oil and the dollar’s hegemony,2022-03-31,2022-03,2022,PIDE in Press,PIDE in Press,Shahid Mehmood,,,https://pide.org.pk/research/oil-and-the-dollars-hegemony/,https://file.pide.org.pk/uploads/pip-0330-oil-and-the-dollars-hegemony.pdf,,,pdfs/2022/03/pip-0330-oil-and-the-dollars-hegemony.pdf,data/fulltext/oil-and-the-dollars-hegemony.txt,1016
the-sun-is-about-to-set-on-imran-khans-government,The Sun Is About To Set On Imran Khan’s Government,2022-03-30,2022-03,2022,PIDE in Press,PIDE in Press,Usman Ahmad; Sara Azam,,,https://pide.org.pk/research/the-sun-is-about-to-set-on-imran-khans-government/,https://file.pide.org.pk/uploads/pip-0404-the-sun-is-about-to-set-on-imran-khans-government.pdf,,,pdfs/2022/03/pip-0404-the-sun-is-about-to-set-on-imran-khans-government.pdf,data/fulltext/the-sun-is-about-to-set-on-imran-khans-government.txt,620
all-downstream-democracy,All downstream democracy,2022-03-29,2022-03,2022,PIDE in Press,PIDE in Press,Abbas Moosvi,,,https://pide.org.pk/research/all-downstream-democracy/,https://file.pide.org.pk/uploads/pip-0331-all-downstream-democracy.pdf,,,pdfs/2022/03/pip-0331-all-downstream-democracy.pdf,data/fulltext/all-downstream-democracy.txt,693
vertical-urbanisation,Vertical urbanisation,2022-03-28,2022-03,2022,PIDE in Press,PIDE in Press,Obaid Khan,,,https://pide.org.pk/research/vertical-urbanisation/,https://file.pide.org.pk/uploads/pip-0329-vertical-urbanization.pdf,,,pdfs/2022/03/pip-0329-vertical-urbanization.pdf,data/fulltext/vertical-urbanisation.txt,670
policies-vs-packages,Policies vs packages,2022-03-28,2022-03,2022,PIDE in Press,PIDE in Press,Saud Ahmed Khan,,,https://pide.org.pk/research/policies-vs-packages/,https://file.pide.org.pk/uploads/pip-0328-policies-vs-packages.pdf,,,pdfs/2022/03/pip-0328-policies-vs-packages.pdf,data/fulltext/policies-vs-packages.txt,858
moot-on-energy-issues-development,"Moot on energy issues, development",2022-03-27,2022-03,2022,PIDE in Press,PIDE in Press,,,,https://pide.org.pk/research/moot-on-energy-issues-development/,,,,,,0
political-economics,Political economics,2022-03-26,2022-03,2022,PIDE in Press,PIDE in Press,Nasir Iqbal,,,https://pide.org.pk/research/political-economics/,https://file.pide.org.pk/uploads/pip-0327-political-economics.pdf,,,pdfs/2022/03/pip-0327-political-economics.pdf,data/fulltext/political-economics.txt,920
economics-of-political-strikes,Economics of Political Strikes,2022-03-25,2022-03,2022,Blog,Blog; Center for Social and Behavioral Analysis; Center for Governance‚ Markets and Regulatory Analysis,Nasir Iqbal,Pakistan; GDP Growth; Political Stability; Economic Loss; Political strikes,,https://pide.org.pk/research/economics-of-political-strikes/,https://file.pide.org.pk/uploads/blog-economics-of-political-strikes.pdf,,https://www.theigc.org/wp-content/uploads/2015/06/Ahsan-and-Iqbal-2015-Working-paper.pdf,pdfs/2022/03/blog-economics-of-political-strikes.pdf,data/fulltext/economics-of-political-strikes.txt,863
pakistan-should-open-up-aerospace-industry-to-private-sector,Pakistan should open up aerospace industry to private sector,2022-03-21,2022-03,2022,PIDE in Press,PIDE in Press,,,,https://pide.org.pk/research/pakistan-should-open-up-aerospace-industry-to-private-sector/,https://file.pide.org.pk/uploads/pip-0325-pakistan-should-open-up-aerospace-industry-to-private-sector.pdf,,,pdfs/2022/03/pip-0325-pakistan-should-open-up-aerospace-industry-to-private-sector.pdf,data/fulltext/pakistan-should-open-up-aerospace-industry-to-private-sector.txt,380
criminalisation-of-street-vendors,Criminalisation of street vendors,2022-03-21,2022-03,2022,PIDE in Press,PIDE in Press,Abbas Moosvi,,,https://pide.org.pk/research/criminalisation-of-street-vendors/,https://file.pide.org.pk/uploads/pip-0326-criminalisation-of-street-vendors.pdf,,,pdfs/2022/03/pip-0326-criminalisation-of-street-vendors.pdf,data/fulltext/criminalisation-of-street-vendors.txt,676
no-space-for-the-youth,No space for the youth,2022-03-18,2022-03,2022,PIDE in Press,PIDE in Press,Abida Naurin,,,https://pide.org.pk/research/no-space-for-the-youth/,https://file.pide.org.pk/uploads/pip-0324-no-space-for-the-youth.pdf,,,pdfs/2022/03/pip-0324-no-space-for-the-youth.pdf,data/fulltext/no-space-for-the-youth.txt,861
master-plan-for-the-youth,Master Plan for the Youth?,2022-03-18,2022-03,2022,PIDE in Press,PIDE in Press,Mohammad Shaaf Najib,,,https://pide.org.pk/research/master-plan-for-the-youth/,https://file.pide.org.pk/uploads/pip-0323-master-plan-for-the-youth.pdf,,,pdfs/2022/03/pip-0323-master-plan-for-the-youth.pdf,,0
fbrs-pos-integration-digitalisation-of-business-transactions-and-associated-challenges,FBR’s POS Integration: Digitalisation of Business Transactions and Associated Challenges,2022-03-18,2022-03,2022,Knowledge Brief,Knowledge Brief; Macro Policy Lab; Center for Industry‚ Trade &amp; Digital Economy,Ghulam Nabi,,,https://pide.org.pk/research/fbrs-pos-integration-digitalisation-of-business-transactions-and-associated-challenges/,https://file.pide.org.pk/uploads/kb-064-fbr-s-pos-integration-digitalisation-of-business-transactions-and-associated-challenges.pdf,,,pdfs/2022/03/kb-064-fbr-s-pos-integration-digitalisation-of-business-transactions-and-associated-challenges.pdf,data/fulltext/fbrs-pos-integration-digitalisation-of-business-transactions-and-associated-challenges.txt,3098
property-rights-in-pakistan-laws-regulations-transfers-enforcement,"Property Rights In Pakistan: Laws, Regulations, Transfers & Enforcement",2022-03-17,2022-03,2022,Knowledge Brief,Knowledge Brief; Center for Governance‚ Markets and Regulatory Analysis,Raja Rafi Ullah; Mohammad Shaaf Najib,,,https://pide.org.pk/research/property-rights-in-pakistan-laws-regulations-transfers-enforcement/,https://file.pide.org.pk/uploads/kb-063-property-rights-in-pakistan-laws-regulations-transfers-and-enforcement.pdf,,,pdfs/2022/03/kb-063-property-rights-in-pakistan-laws-regulations-transfers-and-enforcement.pdf,data/fulltext/property-rights-in-pakistan-laws-regulations-transfers-enforcement.txt,2643
is-pakistan-entering-into-the-digital-currency-ecosystem,Is Pakistan Entering into the Digital Currency Ecosystem?,2022-03-16,2022-03,2022,Knowledge Brief,Knowledge Brief; Center for Industry‚ Trade &amp; Digital Economy,Saddam Hussein; Abdul Jalil,,,https://pide.org.pk/research/is-pakistan-entering-into-the-digital-currency-ecosystem/,https://file.pide.org.pk/uploads/kb-062-is-pakistan-entering-into-the-digital-currency-ecosystem.pdf,,,pdfs/2022/03/kb-062-is-pakistan-entering-into-the-digital-currency-ecosystem.pdf,data/fulltext/is-pakistan-entering-into-the-digital-currency-ecosystem.txt,2772
transformation-of-street-vending-in-islamabad-lessons-for-urban-pakistan,Transformation of Street Vending in Islamabad & Lessons for Urban Pakistan,2022-03-11,2022-03,2022,Webinars Brief,Webinars Brief; Center for Sustainable Futures,Anum Shoaib Abbasi,,,https://pide.org.pk/research/transformation-of-street-vending-in-islamabad-lessons-for-urban-pakistan/,https://file.pide.org.pk/uploads/wb-108-transformation-of-street-vending-in-islamabad-and-lessons-for-urban-pakistan.pdf,,,pdfs/2022/03/wb-108-transformation-of-street-vending-in-islamabad-and-lessons-for-urban-pakistan.pdf,data/fulltext/transformation-of-street-vending-in-islamabad-lessons-for-urban-pakistan.txt,734
what-is-holding-back-milk-production-potential-in-pakistan-2,What is Holding Back Milk Production Potential in Pakistan? (PIDE Knowledge Brief No. 61:2022),2022-03-09,2022-03,2022,Knowledge Brief,Knowledge Brief; Center for Industry‚ Trade &amp; Digital Economy,Abdus Sattar,,,https://pide.org.pk/research/what-is-holding-back-milk-production-potential-in-pakistan-2/,https://file.pide.org.pk/uploads/kb-061-what-is-holding-back-milk-production-potential-in-pakistan.pdf,,https://www.pc.gov.pk/uploads/report/Milk_Cluster_Report.pdf,pdfs/2022/03/kb-061-what-is-holding-back-milk-production-potential-in-pakistan.pdf,data/fulltext/what-is-holding-back-milk-production-potential-in-pakistan-2.txt,1789
restaurant-industry-of-pakistan-opportunities-and-market-dynamics,Restaurant industry of Pakistan: Opportunities and market dynamics,2022-03-09,2022-03,2022,Webinars Brief,Webinars Brief; Center for Industry‚ Trade &amp; Digital Economy,Anum Shoaib Abbasi,,,https://pide.org.pk/research/restaurant-industry-of-pakistan-opportunities-and-market-dynamics/,https://file.pide.org.pk/uploads/wb-107-restaurant-industry-of-pakistan-opportunities-and-market-dynamics.pdf,,,pdfs/2022/03/wb-107-restaurant-industry-of-pakistan-opportunities-and-market-dynamics.pdf,data/fulltext/restaurant-industry-of-pakistan-opportunities-and-market-dynamics.txt,810
water-crisis-in-pakistan-manifestation-causes-and-the-way-forward,"Water Crisis in Pakistan: Manifestation, Causes and the Way Forward",2022-03-08,2022-03,2022,Knowledge Brief,Knowledge Brief; Rasta Knowledge Brief; Center for Agriculture‚ Climate Change and Rural Economy,Nazam Maqbool,,,https://pide.org.pk/research/water-crisis-in-pakistan-manifestation-causes-and-the-way-forward/,https://file.pide.org.pk/uploads/kb-060-water-crisis-in-pakistan-manifestation-causes-and-the-way-forward.pdf,,,pdfs/2022/03/kb-060-water-crisis-in-pakistan-manifestation-causes-and-the-way-forward.pdf,data/fulltext/water-crisis-in-pakistan-manifestation-causes-and-the-way-forward.txt,2955
ncds-account-for-85pc-of-total-disease-burden-among-elderly,NCDs account for 85pc of total disease burden among elderly,2022-03-07,2022-03,2022,PIDE in Press,PIDE in Press,,,,https://pide.org.pk/research/ncds-account-for-85pc-of-total-disease-burden-among-elderly/,,,,,data/fulltext/ncds-account-for-85pc-of-total-disease-burden-among-elderly.txt,2
economic-fallout,Economic fallout,2022-03-07,2022-03,2022,PIDE in Press,PIDE in Press,Abdul Jalil,,,https://pide.org.pk/research/economic-fallout/,https://file.pide.org.pk/uploads/pip-0320-economic-fallout.pdf,,,pdfs/2022/03/pip-0320-economic-fallout.pdf,data/fulltext/economic-fallout.txt,778
22-8m-children-between-5-16-years-of-age-not-attending-school-in-pakistan,22.8m children between 5-16 years of age not attending school in Pakistan,2022-03-07,2022-03,2022,PIDE in Press,PIDE in Press,,,,https://pide.org.pk/research/22-8m-children-between-5-16-years-of-age-not-attending-school-in-pakistan/,https://file.pide.org.pk/uploads/pip-0321-22-8-m-children-between-5-16-years-of-age-not-attending-school-in-pakistan.pdf,,,pdfs/2022/03/pip-0321-22-8-m-children-between-5-16-years-of-age-not-attending-school-in-pakistan.pdf,data/fulltext/22-8m-children-between-5-16-years-of-age-not-attending-school-in-pakistan.txt,629
policy-at-pide,POLICY @ PIDE,2022-03-05,2022-03,2022,Book,Books; Macro Policy Lab,,,,https://pide.org.pk/research/policy-at-pide/,https://file.pide.org.pk/pdfpideresearch/book-70-policy-at-pide.pdf,,,pdfs/2022/03/book-70-policy-at-pide.pdf,data/fulltext/policy-at-pide.txt,595
print-media-news-coverage-graana-pide-mou-signing-ceremony,Print Media News Coverage: Graana & PIDE MOU Signing Ceremony,2022-03-04,2022-03,2022,PIDE in Press,PIDE in Press,,,,https://pide.org.pk/research/print-media-news-coverage-graana-pide-mou-signing-ceremony/,https://file.pide.org.pk/uploads/pip-0317-print-media-news-coverage-graana-and-pide-mou-signing-ceremony.pdf,,,pdfs/2022/03/pip-0317-print-media-news-coverage-graana-and-pide-mou-signing-ceremony.pdf,,0
justice-not-a-fundamental-right-but-a-neoclassical-economic-commodity,Justice: Not a Fundamental Right but a Neoclassical Economic Commodity?,2022-03-04,2022-03,2022,Knowledge Brief,Knowledge Brief; Center for Governance‚ Markets and Regulatory Analysis,Saddam Hussein; Anwar Shah,,,https://pide.org.pk/research/justice-not-a-fundamental-right-but-a-neoclassical-economic-commodity/,https://file.pide.org.pk/uploads/kb-059-justice-not-a-fundamental-right-but-a-neoclassical-economic-commodity.pdf,,,pdfs/2022/03/kb-059-justice-not-a-fundamental-right-but-a-neoclassical-economic-commodity.pdf,data/fulltext/justice-not-a-fundamental-right-but-a-neoclassical-economic-commodity.txt,3209
marriage-market-in-pakistan-consanguinity-educational-assortative-mating-and-fertility,"Marriage Market in Pakistan Consanguinity, Educational Assortative Mating, and Fertility",2022-03-02,2022-03,2022,Working Paper,Working Paper; Center for Sustainable Futures; Center for Governance‚ Markets and Regulatory Analysis,Saima Bashir; Saman Nazir,,,https://pide.org.pk/research/marriage-market-in-pakistan-consanguinity-educational-assortative-mating-and-fertility/,https://file.pide.org.pk/uploads/wp-0212-marriage-market-in-pakistan-consanguinity-educational-assortative-mating-and-fertility.pdf,,,pdfs/2022/03/wp-0212-marriage-market-in-pakistan-consanguinity-educational-assortative-mating-and-fertility.pdf,data/fulltext/marriage-market-in-pakistan-consanguinity-educational-assortative-mating-and-fertility.txt,281
include-opd-in-health-card-program-government-think-tank,Include OPD in Health Card Program: Government Think Tank,2022-03-02,2022-03,2022,PIDE in Press,PIDE in Press,,,,https://pide.org.pk/research/include-opd-in-health-card-program-government-think-tank/,https://file.pide.org.pk/uploads/pip-0316-include-opd-in-health-card-program-government-think-tank.pdf,,,pdfs/2022/03/pip-0316-include-opd-in-health-card-program-government-think-tank.pdf,data/fulltext/include-opd-in-health-card-program-government-think-tank.txt,2
education-reforms,Education reforms,2022-03-02,2022-03,2022,PIDE in Press,PIDE in Press,Muhammad Jehangir Khan,,,https://pide.org.pk/research/education-reforms/,https://file.pide.org.pk/uploads/pip-0315-education-reforms.pdf,,,pdfs/2022/03/pip-0315-education-reforms.pdf,data/fulltext/education-reforms.txt,707
the-necessity-of-inclusive-urban-planning,The necessity of inclusive urban planning,2022-03-01,2022-03,2022,PIDE in Press,PIDE in Press,Muhammad Mohsin Latif Kiani,,,https://pide.org.pk/research/the-necessity-of-inclusive-urban-planning/,https://file.pide.org.pk/uploads/pip-0312-the-necessity-of-inclusive-urban-planning.pdf,,,pdfs/2022/03/pip-0312-the-necessity-of-inclusive-urban-planning.pdf,data/fulltext/the-necessity-of-inclusive-urban-planning.txt,996
housing-housing,"Housing, Housing (Daily Times)",2022-03-01,2022-03,2022,PIDE in Press,PIDE in Press,Abida Naurin,,,https://pide.org.pk/research/housing-housing/,,,,,,0
collective-mobility,Collective mobility,2022-03-01,2022-03,2022,PIDE in Press,PIDE in Press,Aqeel Chaudhry; Adnan Saqib,,,https://pide.org.pk/research/collective-mobility/,https://file.pide.org.pk/uploads/pip-0313-collective-mobility.pdf,,,pdfs/2022/03/pip-0313-collective-mobility.pdf,data/fulltext/collective-mobility.txt,981
sme-sector-in-pakistan-mapping-the-policy-framework-opportunities-and-constraints,"SME Sector in Pakistan: Mapping the Policy Framework, Opportunities and Constraints",2022-02-28,2022-02,2022,Book,Book 48 Evaluations Of Regulatory Authorities Government Packages And Policies; Center for Industry‚ Trade &amp; Digital Economy; Center for Social and Behavioral Analysis,Saba Anwar; Iftikhar Ahmad; Fizzah Khalid Butt; Muhammad Umair Ghani,,,https://pide.org.pk/research/sme-sector-in-pakistan-mapping-the-policy-framework-opportunities-and-constraints/,https://file.pide.org.pk/uploads/book-48-chapter-7-sme-sector-in-pakistan-mapping-the-policy-framework-opportunities-and-constraints.pdf,,,pdfs/2022/02/book-48-chapter-7-sme-sector-in-pakistan-mapping-the-policy-framework-opportunities-and-constraints.pdf,data/fulltext/sme-sector-in-pakistan-mapping-the-policy-framework-opportunities-and-constraints.txt,134
regulating-the-pharmaceutical-industry-an-analysis-of-the-drug-regulatory-authority-of-pakistan-drap,Regulating the Pharmaceutical Industry: An Analysis of the Drug Regulatory Authority of Pakistan (DRAP),2022-02-28,2022-02,2022,Book,Book 48 Evaluations Of Regulatory Authorities Government Packages And Policies; Center for Industry‚ Trade &amp; Digital Economy; Center for Social and Behavioral Analysis,Shahid Mehmood,,,https://pide.org.pk/research/regulating-the-pharmaceutical-industry-an-analysis-of-the-drug-regulatory-authority-of-pakistan-drap/,https://file.pide.org.pk/uploads/book-48-chapter-2-regulating-the-pharmaceutical-industry-an-analysis-of-the-drug-regulatory-authority-of-pakistan.pdf,,,pdfs/2022/02/book-48-chapter-2-regulating-the-pharmaceutical-industry-an-analysis-of-the-drug-regulatory-authority-of-pakistan.pdf,data/fulltext/regulating-the-pharmaceutical-industry-an-analysis-of-the-drug-regulatory-authority-of-pakistan-drap.txt,157
prime-ministers-construction-package-an-evaluation,Prime Minister’s Construction Package — An Evaluation,2022-02-28,2022-02,2022,Book,Book 48 Evaluations Of Regulatory Authorities Government Packages And Policies; Center for Social and Behavioral Analysis; Center for Energy‚ Logistics‚ and Infrastructure,Hafeez Ur Rehman Hadi; Lubna Hasan; Hafiz Hanzla Jalil,,,https://pide.org.pk/research/prime-ministers-construction-package-an-evaluation/,https://file.pide.org.pk/uploads/book-48-chapter-5-prime-ministers-construction-package-an-evaluation.pdf,,,pdfs/2022/02/book-48-chapter-5-prime-ministers-construction-package-an-evaluation.pdf,data/fulltext/prime-ministers-construction-package-an-evaluation.txt,96
pakistan-electronic-media-regulatory-authority-pemra,Pakistan Electronic Media Regulatory Authority (PEMRA),2022-02-28,2022-02,2022,Book,Book 48 Evaluations Of Regulatory Authorities Government Packages And Policies; Center for Social and Behavioral Analysis; Center for Governance‚ Markets and Regulatory Analysis,Fahd Zulfiqar; Fida Muhammad Khan,,,https://pide.org.pk/research/pakistan-electronic-media-regulatory-authority-pemra/,https://file.pide.org.pk/uploads/book-48-chapter-6-pakistan-electronic-media-regulatory-authority.pdf,,,pdfs/2022/02/book-48-chapter-6-pakistan-electronic-media-regulatory-authority.pdf,data/fulltext/pakistan-electronic-media-regulatory-authority-pemra.txt,140
national-electric-power-regulatory-authority-nepra,National Electric Power Regulatory Authority (NEPRA),2022-02-28,2022-02,2022,Book,Book 48 Evaluations Of Regulatory Authorities Government Packages And Policies; Center for Social and Behavioral Analysis; Center for Governance‚ Markets and Regulatory Analysis,Afia Malik,,,https://pide.org.pk/research/national-electric-power-regulatory-authority-nepra/,https://file.pide.org.pk/uploads/book-48-chapter-4-national-electric-power-regulatory-authority.pdf,,,pdfs/2022/02/book-48-chapter-4-national-electric-power-regulatory-authority.pdf,data/fulltext/national-electric-power-regulatory-authority-nepra.txt,108
market-regulations-competition-policy-and-the-role-of-competition-commission-of-pakistan-ccp,"Market Regulations, Competition Policy and the Role of Competition Commission of Pakistan (CCP)",2022-02-28,2022-02,2022,Book,Book 48 Evaluations Of Regulatory Authorities Government Packages And Policies; Center for Governance‚ Markets and Regulatory Analysis,Karim Khan; Ahmad Fraz,,,https://pide.org.pk/research/market-regulations-competition-policy-and-the-role-of-competition-commission-of-pakistan-ccp/,https://file.pide.org.pk/uploads/book-48-chapter-1-market-regulations-competition-policy-and-the-role-of-competition-commission-of-pakistan.pdf,,,pdfs/2022/02/book-48-chapter-1-market-regulations-competition-policy-and-the-role-of-competition-commission-of-pakistan.pdf,data/fulltext/market-regulations-competition-policy-and-the-role-of-competition-commission-of-pakistan-ccp.txt,224
islamabad-real-estate-regulatory-authority-an-evaluation,Islamabad Real Estate Regulatory Authority: An Evaluation,2022-02-28,2022-02,2022,Book,Book 48 Evaluations Of Regulatory Authorities Government Packages And Policies; Center for Social and Behavioral Analysis; Center for Energy‚ Logistics‚ and Infrastructure,Ahmed Waqar Qasim; Mohsin Kyani,,,https://pide.org.pk/research/islamabad-real-estate-regulatory-authority-an-evaluation/,https://file.pide.org.pk/uploads/book-48-chapter-8-islamabad-real-estate-regulatory-authority-an-evaluation.pdf,,,pdfs/2022/02/book-48-chapter-8-islamabad-real-estate-regulatory-authority-an-evaluation.pdf,data/fulltext/islamabad-real-estate-regulatory-authority-an-evaluation.txt,70
introduction,Introduction,2022-02-28,2022-02,2022,Book,Book 48 Evaluations Of Regulatory Authorities Government Packages And Policies; Center for Social and Behavioral Analysis; Center for Governance‚ Markets and Regulatory Analysis,Tariq Husain,,,https://pide.org.pk/research/introduction/,https://file.pide.org.pk/uploads/book-48-introduction.pdf,,,pdfs/2022/02/book-48-introduction.pdf,data/fulltext/introduction.txt,144
evaluations-of-regulatory-authorities-government-packages-and-policies,"Evaluations Of Regulatory Authorities, Government Packages, And Policies",2022-02-28,2022-02,2022,Book,Books; Center for Social and Behavioral Analysis,,,,https://pide.org.pk/research/evaluations-of-regulatory-authorities-government-packages-and-policies/,https://file.pide.org.pk/uploads/book-48-evaluations-of-regulatory-authorities-government-packages-and-policies.pdf,,,pdfs/2022/02/book-48-evaluations-of-regulatory-authorities-government-packages-and-policies.pdf,data/fulltext/evaluations-of-regulatory-authorities-government-packages-and-policies.txt,102
evaluation-of-naya-pakistan-housing,Evaluation of Naya Pakistan Housing,2022-02-28,2022-02,2022,Book,Book 48 Evaluations Of Regulatory Authorities Government Packages And Policies; Center for Social and Behavioral Analysis; Center for Energy‚ Logistics‚ and Infrastructure,Ayaz Ahmed,,,https://pide.org.pk/research/evaluation-of-naya-pakistan-housing/,https://file.pide.org.pk/uploads/book-48-chapter-3-evaluation-of-naya-pakistan-housing.pdf,,,pdfs/2022/02/book-48-chapter-3-evaluation-of-naya-pakistan-housing.pdf,data/fulltext/evaluation-of-naya-pakistan-housing.txt,141
acknowledgement,Acknowledgement,2022-02-28,2022-02,2022,Book,Book 48 Evaluations Of Regulatory Authorities Government Packages And Policies; Center for Social and Behavioral Analysis; Center for Governance‚ Markets and Regulatory Analysis,Fahd Zulfiqar,,,https://pide.org.pk/research/acknowledgement/,https://file.pide.org.pk/uploads/book-48-acknowledgement.pdf,,,pdfs/2022/02/book-48-acknowledgement.pdf,data/fulltext/acknowledgement.txt,190
student-unions-now,Student unions now,2022-02-25,2022-02,2022,PIDE in Press,PIDE in Press,Abbas Moosvi,,,https://pide.org.pk/research/student-unions-now/,https://file.pide.org.pk/uploads/pip-0311-student-unions-now.pdf,,,pdfs/2022/02/pip-0311-student-unions-now.pdf,data/fulltext/student-unions-now.txt,644
potential-role-of-sehat-sahulat-program-ssp-in-reducing-catastrophic-health-expenditirues-suggestions-and-way-forward,Potential Role of Sehat Sahulat Program (SSP) in Reducing Catastrophic Health Expenditirues: Suggestions and Way Forward,2022-02-25,2022-02,2022,Knowledge Brief,Knowledge Brief; Center for Sustainable Futures; Center for Social and Behavioral Analysis,Shujaat Farooq; Nabila Kunwal,,,https://pide.org.pk/research/potential-role-of-sehat-sahulat-program-ssp-in-reducing-catastrophic-health-expenditirues-suggestions-and-way-forward/,https://file.pide.org.pk/uploads/kb-058-potential-role-of-sehat-sahulat-program-in-reducing-catastrophic-health-expenditirues.pdf,,,pdfs/2022/02/kb-058-potential-role-of-sehat-sahulat-program-in-reducing-catastrophic-health-expenditirues.pdf,data/fulltext/potential-role-of-sehat-sahulat-program-ssp-in-reducing-catastrophic-health-expenditirues-suggestions-and-way-forward.txt,1275
burden-of-diseases-among-elderly-in-pakistan,Burden of Diseases among Elderly in Pakistan,2022-02-24,2022-02,2022,Knowledge Brief,Knowledge Brief; Center for Sustainable Futures,Saima Bashir; Saman Nazir,,,https://pide.org.pk/research/burden-of-diseases-among-elderly-in-pakistan/,https://file.pide.org.pk/uploads/kb-057-burden-of-diseases-among-elderly-in-pakistan.pdf,,,pdfs/2022/02/kb-057-burden-of-diseases-among-elderly-in-pakistan.pdf,data/fulltext/burden-of-diseases-among-elderly-in-pakistan.txt,1241
taxing-tobacco-products,Taxing tobacco products,2022-02-23,2022-02,2022,PIDE in Press,PIDE in Press,,,,https://pide.org.pk/research/taxing-tobacco-products/,https://file.pide.org.pk/uploads/pip-0310-taxing-tobacco-products.pdf,,,pdfs/2022/02/pip-0310-taxing-tobacco-products.pdf,data/fulltext/taxing-tobacco-products.txt,346
smog-the-fifth-season-in-pakistan,Smog The fifth season in Pakistan,2022-02-23,2022-02,2022,Policy and Research,Policy and Research; P &amp; R Vol.3 Issue 2,Abedullah Anjum; Farah Naz,,,https://pide.org.pk/research/smog-the-fifth-season-in-pakistan/,https://file.pide.org.pk/uploads/par-vol3i2-02-smog-the-fifth-season-in-pakistan.pdf,,,pdfs/2022/02/par-vol3i2-02-smog-the-fifth-season-in-pakistan.pdf,data/fulltext/smog-the-fifth-season-in-pakistan.txt,964
post-covid-19-lockdown-air-quality-analysis-in-most-polluted-cities-of-the-globe,Post Covid-19 Lockdown & Air Quality Analysis in Most Polluted Cities of the Globe,2022-02-23,2022-02,2022,Policy and Research,Policy and Research; P &amp; R Vol.3 Issue 2,Abedullah Anjum; Yahya Khan,,,https://pide.org.pk/research/post-covid-19-lockdown-air-quality-analysis-in-most-polluted-cities-of-the-globe/,https://file.pide.org.pk/uploads/par-vol3i2-01-post-covid-19-lockdown-and-air-quality-analysis.pdf,,,pdfs/2022/02/par-vol3i2-01-post-covid-19-lockdown-and-air-quality-analysis.pdf,data/fulltext/post-covid-19-lockdown-air-quality-analysis-in-most-polluted-cities-of-the-globe.txt,959
pollution-and-climate-change-policy-research-pr-vol-3-issue-2,"Pollution and Climate Change – Policy & Research (P&R) Vol 3, Issue 2",2022-02-23,2022-02,2022,Policy and Research,Policy and Research; P &amp; R Magazine,,,,https://pide.org.pk/research/pollution-and-climate-change-policy-research-pr-vol-3-issue-2/,https://file.pide.org.pk/uploads/par-vol3i2.pdf,,,pdfs/2022/02/par-vol3i2.pdf,data/fulltext/pollution-and-climate-change-policy-research-pr-vol-3-issue-2.txt,89
pide-in-dawn-editorial,PIDE in DAWN Editorial,2022-02-23,2022-02,2022,PIDE in Press,PIDE in Press,,,,https://pide.org.pk/research/pide-in-dawn-editorial/,,,,,data/fulltext/pide-in-dawn-editorial.txt,729
green-finance-an-islamic-way-to-rescue-the-nature,Green Finance An Islamic Way to Rescue the Nature,2022-02-23,2022-02,2022,Policy and Research,Policy and Research; P &amp; R Vol.3 Issue 2,Ahmad Fraz,,,https://pide.org.pk/research/green-finance-an-islamic-way-to-rescue-the-nature/,https://file.pide.org.pk/uploads/par-vol3i2-05-green-finance-an-islamic-way-to-rescue-the-nature.pdf,,,pdfs/2022/02/par-vol3i2-05-green-finance-an-islamic-way-to-rescue-the-nature.pdf,data/fulltext/green-finance-an-islamic-way-to-rescue-the-nature.txt,1023
corporate-accountability-a-conduit-to-combat-climate-change,Corporate Accountability: A Conduit to Combat Climate Change,2022-02-23,2022-02,2022,Policy and Research,Policy and Research; P &amp; R Vol.3 Issue 2,Anjeela Khurram,,,https://pide.org.pk/research/corporate-accountability-a-conduit-to-combat-climate-change/,https://file.pide.org.pk/uploads/par-vol3i2-06-corporate-accountability-a-conduit-to-combat-climate-change.pdf,,,pdfs/2022/02/par-vol3i2-06-corporate-accountability-a-conduit-to-combat-climate-change.pdf,data/fulltext/corporate-accountability-a-conduit-to-combat-climate-change.txt,776
climate-change-water-scarcity,Climate Change & Water Scarcity,2022-02-23,2022-02,2022,Policy and Research,Policy and Research; P &amp; R Vol.3 Issue 2,Ghulam Nabi,,,https://pide.org.pk/research/climate-change-water-scarcity/,https://file.pide.org.pk/uploads/par-vol3i2-04-climate-change-and-water-scarcity.pdf,,https://www.redd-pakistan.org/wp-content/uploads/2015/08/REDD-Strategy-V1.1.pdf; http://www.finance.gov.pk/survey/chapters_18/02-Agriculture.pdf,pdfs/2022/02/par-vol3i2-04-climate-change-and-water-scarcity.pdf,data/fulltext/climate-change-water-scarcity.txt,1161
a-smart-shift-from-private-cars-to-public-transport-can-help-to-reduce-smog-air-pollution-in-pakistan-2,A Smart Shift from Private Cars to Public Transport Can Help to Reduce Smog/Air Pollution in Pakistan (P & R Vol.3 Issue 2),2022-02-23,2022-02,2022,Policy and Research,Policy and Research; P &amp; R Vol.3 Issue 2,Abedullah Anjum,,,https://pide.org.pk/research/a-smart-shift-from-private-cars-to-public-transport-can-help-to-reduce-smog-air-pollution-in-pakistan-2/,https://file.pide.org.pk/uploads/par-vol3i2-03-a-smart-shift-from-private-cars-to-public-transport.pdf,,,pdfs/2022/02/par-vol3i2-03-a-smart-shift-from-private-cars-to-public-transport.pdf,data/fulltext/a-smart-shift-from-private-cars-to-public-transport-can-help-to-reduce-smog-air-pollution-in-pakistan-2.txt,2063
a-revolution-of-our-own,A revolution of our own,2022-02-22,2022-02,2022,PIDE in Press,PIDE in Press,Abdul Jalil,,,https://pide.org.pk/research/a-revolution-of-our-own/,https://file.pide.org.pk/uploads/pip-0308-a-revolution-of-our-own.pdf,,,pdfs/2022/02/pip-0308-a-revolution-of-our-own.pdf,data/fulltext/a-revolution-of-our-own.txt,921
thoughts-on-integrated-generation-capacity-expansion-plan-igcep-2021-30,Thoughts on Integrated Generation Capacity Expansion Plan (IGCEP) 2021-30,2022-02-21,2022-02,2022,Knowledge Brief,Knowledge Brief; Center for Governance‚ Markets and Regulatory Analysis,Afia Malik; Usman Ahmad,,,https://pide.org.pk/research/thoughts-on-integrated-generation-capacity-expansion-plan-igcep-2021-30/,https://file.pide.org.pk/uploads/kb-056-thoughts-on-integrated-generation-capacity-expansion-plan-igcep-2021-30.pdf,,,pdfs/2022/02/kb-056-thoughts-on-integrated-generation-capacity-expansion-plan-igcep-2021-30.pdf,data/fulltext/thoughts-on-integrated-generation-capacity-expansion-plan-igcep-2021-30.txt,2892
music-as-a-creative-industry,Music As A Creative Industry,2022-02-14,2022-02,2022,Webinars Brief,Webinars Brief; Center for Industry‚ Trade &amp; Digital Economy; Center for Social and Behavioral Analysis,Abbas Moosvi,,,https://pide.org.pk/research/music-as-a-creative-industry/,https://file.pide.org.pk/uploads/wb-106-music-as-a-creative-industry.pdf,,,pdfs/2022/02/wb-106-music-as-a-creative-industry.pdf,data/fulltext/music-as-a-creative-industry.txt,1434
economy-of-love-what-the-valentines-day-brings-to-the-economy,Economy of Love What the Valentine’s Day Brings to the Economy,2022-02-14,2022-02,2022,Knowledge Brief,Knowledge Brief; Center for Social and Behavioral Analysis,Fahd Zulfiqar,,,https://pide.org.pk/research/economy-of-love-what-the-valentines-day-brings-to-the-economy/,https://file.pide.org.pk/uploads/kb-055-economy-of-love-what-the-valentine-s-day-brings-to-the-economy.pdf,,,pdfs/2022/02/kb-055-economy-of-love-what-the-valentine-s-day-brings-to-the-economy.pdf,data/fulltext/economy-of-love-what-the-valentines-day-brings-to-the-economy.txt,2404
monetising-performance,Monetising performance,2022-02-12,2022-02,2022,PIDE in Press,PIDE in Press,Raja Rafi Ullah,,,https://pide.org.pk/research/monetising-performance/,https://file.pide.org.pk/uploads/pip-0307-monetising-performance.pdf,,,pdfs/2022/02/pip-0307-monetising-performance.pdf,data/fulltext/monetising-performance.txt,967
balochistan-the-unrealised-potential,Balochistan: The Unrealised Potential,2022-02-12,2022-02,,Knowledge Brief,Knowledge Brief; Center for Governance‚ Markets and Regulatory Analysis,Omer Siddique; Muhammad Ahsan Achakzai,,,https://pide.org.pk/research/balochistan-the-unrealised-potential/,https://file.pide.org.pk/uploads/kb-054-balochistan-the-unrealised-potential.pdf,,,pdfs/2022/02/kb-054-balochistan-the-unrealised-potential.pdf,data/fulltext/balochistan-the-unrealised-potential.txt,2645
roads-wider-roads-corridors-signal-free-highway-and-then-a-tale-of-srinagar-highway,Roads – Wider Roads – Corridors – Signal-Free Highway and Then A Tale of Srinagar Highway,2022-02-11,2022-02,2022,Blog,Blog; Center for Energy‚ Logistics‚ and Infrastructure,PIDE Centre for Urban Research,CDA; Islamabad; PIDE Centre For Urban Research; Srinagar Highway; Traffic Congestion,,https://pide.org.pk/research/roads-wider-roads-corridors-signal-free-highway-and-then-a-tale-of-srinagar-highway/,,,https://homepage.ruhr-uni-bochum.de/Dietrich.Braess/Paradox-BNW.pdf,,data/fulltext/roads-wider-roads-corridors-signal-free-highway-and-then-a-tale-of-srinagar-highway.txt,841
a-smart-shift-from-private-cars-to-public-transport-can-help-to-reduce-smog-air-pollution-in-pakistan,A Smart Shift from Private Cars to Public Transport Can Help to Reduce Smog/Air Pollution in Pakistan (PIDE Knowledge Brief No. 53:2022),2022-02-11,2022-02,2022,Knowledge Brief,Knowledge Brief; Center for Energy‚ Logistics‚ and Infrastructure,Abedullah Anjum,,,https://pide.org.pk/research/a-smart-shift-from-private-cars-to-public-transport-can-help-to-reduce-smog-air-pollution-in-pakistan/,https://file.pide.org.pk/uploads/kb-053-a-smart-shift-from-private-cars-to-public-transport-can-help-to-reduce-smog-air-pollution-in-pakistan.pdf,,,pdfs/2022/02/kb-053-a-smart-shift-from-private-cars-to-public-transport-can-help-to-reduce-smog-air-pollution-in-pakistan.pdf,data/fulltext/a-smart-shift-from-private-cars-to-public-transport-can-help-to-reduce-smog-air-pollution-in-pakistan.txt,2237
privatisation-of-electricity-distribution-companies-a-way-forward,Privatisation of Electricity Distribution Companies—A Way Forward?,2022-02-10,2022-02,2022,Knowledge Brief,Knowledge Brief; Center for Governance‚ Markets and Regulatory Analysis; Center for Energy‚ Logistics‚ and Infrastructure,Afia Malik,,,https://pide.org.pk/research/privatisation-of-electricity-distribution-companies-a-way-forward/,https://file.pide.org.pk/uploads/kb-052-privatisation-of-electricity-distribution-companies-a-way-forward.pdf,,,pdfs/2022/02/kb-052-privatisation-of-electricity-distribution-companies-a-way-forward.pdf,data/fulltext/privatisation-of-electricity-distribution-companies-a-way-forward.txt,3746
newspaper-editorials-on-pides-report,Newspaper Editorials on  PIDE’s Report,2022-02-09,2022-02,2022,PIDE in Press,PIDE in Press,,,,https://pide.org.pk/research/newspaper-editorials-on-pides-report/,,,,,data/fulltext/newspaper-editorials-on-pides-report.txt,48
the-assumed-shortage-of-housing-in-pakistan,The Assumed Shortage of Housing in Pakistan (PIDE Policy Viewpoint 36:2022),2022-02-08,2022-02,2022,Policy Viewpoint,Policy Viewpoint; Center for Energy‚ Logistics‚ and Infrastructure,Durr-e-Nayab,,,https://pide.org.pk/research/the-assumed-shortage-of-housing-in-pakistan/,https://file.pide.org.pk/uploads/pv-36-the-assumed-shortage-of-housing-in-pakistan.pdf,,,pdfs/2022/02/pv-36-the-assumed-shortage-of-housing-in-pakistan.pdf,data/fulltext/the-assumed-shortage-of-housing-in-pakistan.txt,1545
pakistan-opportunity-to-excel-now-and-the-future-2,Media Coverage: Pakistan Opportunity to Excel: Now and the Future,2022-02-08,2022-02,2022,PIDE in Press,PIDE in Press,,,,https://pide.org.pk/research/pakistan-opportunity-to-excel-now-and-the-future-2/,https://file.pide.org.pk/uploads/pip-0306-pakistan-opportunity-to-excel-now-and-the-future.pdf,,,pdfs/2022/02/pip-0306-pakistan-opportunity-to-excel-now-and-the-future.pdf,,0
pide-on-gender,PIDE On Gender,2022-02-07,2022-02,2022,Book,Books; Center for Sustainable Futures,,,,https://pide.org.pk/research/pide-on-gender/,https://file.pide.org.pk/uploads/book-47-pide-on-gender.pdf,,,pdfs/2022/02/book-47-pide-on-gender.pdf,,0
the-kids-arent-alright,The kids aren’t alright,2022-02-06,2022-02,2022,PIDE in Press,PIDE in Press,Abbas Moosvi,,,https://pide.org.pk/research/the-kids-arent-alright/,https://file.pide.org.pk/uploads/pip-0304-the-kids-arent-alright.pdf,,,pdfs/2022/02/pip-0304-the-kids-arent-alright.pdf,data/fulltext/the-kids-arent-alright.txt,661
spending-public-money-where-it-makes-more-sense-universal-health-coverage-uhc-in-pakistan,Spending Public Money Where It Makes More Sense! Universal Health Coverage (UHC) in Pakistan,2022-02-04,2022-02,2022,Blog,Blog; Center for Sustainable Futures; Macro Policy Lab,Syeda Anam Fatima Rizvi,Public Spending; Sehat Sahulat Program; Health Insurance; Universal Health Coverage,,https://pide.org.pk/research/spending-public-money-where-it-makes-more-sense-universal-health-coverage-uhc-in-pakistan/,,,https://extranet.who.int/countryplanningcycles/sites/default/files/planning_cycle_repository/pakistan/national_health_vision_2016-25_30-08-2016.pdf; http://www.finance.gov.pk/poverty/PRSP-II.pdf; https://na.gov.pk/uploads/documents/1302138356_934.pdf; https://na.gov.pk/uploads/documents/1333523681_951.pdf,,data/fulltext/spending-public-money-where-it-makes-more-sense-universal-health-coverage-uhc-in-pakistan.txt,681
primary-school-literacy-a-case-study-of-the-educate-a-child-initiative,Primary School Literacy: A Case Study of the Educate a Child Initiative,2022-02-02,2022-02,2022,Knowledge Brief,Knowledge Brief; Center for Sustainable Futures,Abbas Moosvi,,,https://pide.org.pk/research/primary-school-literacy-a-case-study-of-the-educate-a-child-initiative/,https://file.pide.org.pk/uploads/kb-051-primary-school-literacy-a-case-study-of-the-educate-a-child-initiative.pdf,,,pdfs/2022/02/kb-051-primary-school-literacy-a-case-study-of-the-educate-a-child-initiative.pdf,data/fulltext/primary-school-literacy-a-case-study-of-the-educate-a-child-initiative.txt,2539
food-inflation-what-stimulates-it-in-the-short-run-and-the-long-run,Food Inflation: What Stimulates It In the Short-Run and the Long-Run?,2022-02-01,2022-02,2022,Blog,Blog; Macro Policy Lab,Abedullah Anjum; Junaid Nasrullah,Oil Prices; Devaluation; Government Footprint; FOOD INFLATION; ELECTRICITY PRICES; R&amp;D SPENDING,,https://pide.org.pk/research/food-inflation-what-stimulates-it-in-the-short-run-and-the-long-run/,,,,,data/fulltext/food-inflation-what-stimulates-it-in-the-short-run-and-the-long-run.txt,1040
international-day-of-a-girl-child,International Day of a Girl Child,2022-01-31,2022-01,2022,Webinars Brief,Webinars Brief; Center for Sustainable Futures,Aneesa Masood,,,https://pide.org.pk/research/international-day-of-a-girl-child/,https://file.pide.org.pk/uploads/wb-105-international-day-of-a-girl-child.pdf,,,pdfs/2022/01/wb-105-international-day-of-a-girl-child.pdf,data/fulltext/international-day-of-a-girl-child.txt,1175
a-critical-appraisal-of-tax-expenditures-in-pakistan,A Critical Appraisal of Tax Expenditures in Pakistan,2022-01-26,2022-01,2022,Knowledge Brief,Knowledge Brief; Macro Policy Lab,Mahmood Khalid; Naseem Faraz,,,https://pide.org.pk/research/a-critical-appraisal-of-tax-expenditures-in-pakistan/,https://file.pide.org.pk/uploads/kb-050-a-critical-appraisal-of-tax-expenditures-in-pakistan.pdf,,,pdfs/2022/01/kb-050-a-critical-appraisal-of-tax-expenditures-in-pakistan.pdf,data/fulltext/a-critical-appraisal-of-tax-expenditures-in-pakistan.txt,1911
the-war-on-ordinary-people,The war on ordinary people,2022-01-24,2022-01,2022,PIDE in Press,PIDE in Press,Abbas Moosvi,,,https://pide.org.pk/research/the-war-on-ordinary-people/,https://file.pide.org.pk/uploads/pip-0303-the-war-on-ordinary-people.pdf,,,pdfs/2022/01/pip-0303-the-war-on-ordinary-people.pdf,data/fulltext/the-war-on-ordinary-people.txt,718
fighting-corruption,Fighting corruption,2022-01-24,2022-01,2022,PIDE in Press,PIDE in Press,Saddam Hussein,,,https://pide.org.pk/research/fighting-corruption/,https://file.pide.org.pk/uploads/pip-0302-fighting-corruption.pdf,,,pdfs/2022/01/pip-0302-fighting-corruption.pdf,data/fulltext/fighting-corruption.txt,1133
technology-and-development,Technology and Development,2022-01-21,2022-01,2022,Webinars Brief,Webinars Brief; Center for Industry‚ Trade &amp; Digital Economy,Aneesa Masood,,,https://pide.org.pk/research/technology-and-development/,https://file.pide.org.pk/uploads/wb-104-technology-and-development.pdf,,,pdfs/2022/01/wb-104-technology-and-development.pdf,data/fulltext/technology-and-development.txt,799
the-scrap-economy,The Scrap Economy,2022-01-18,2022-01,2022,Policy and Research,Policy and Research; P &amp; R Vol.3 Issue 1,Farah Naz,,,https://pide.org.pk/research/the-scrap-economy/,https://file.pide.org.pk/uploads/par-vol3i1-08-the-scrap-economy.pdf,,,2022/par-vol3i1-08-the-scrap-economy.pdf,data/fulltext/the-scrap-economy.txt,569
socio-economics-financial-impacts-of-environmental-degradation-in-pakistan,Socio-economics & Financial Impacts Of Environmental Degradation In Pakistan,2022-01-18,2022-01,2022,Policy and Research; Must Read,Policy and Research; P &amp; R Vol.3 Issue 1,Muhammad Ali Zaib,,,https://pide.org.pk/research/socio-economics-financial-impacts-of-environmental-degradation-in-pakistan/,https://file.pide.org.pk/uploads/par-vol3i1-15-socioeconomic-and-financial-impacts-of-environmental-degradation-in-pakistan.pdf,,,2022/par-vol3i1-15-socioeconomic-and-financial-impacts-of-environmental-degradation-in-pakistan.pdf,data/fulltext/socio-economics-financial-impacts-of-environmental-degradation-in-pakistan.txt,817
pakistans-shadow-economy-the-impact-of-global-financial-crisis-and-covid-19,Pakistan’s Shadow Economy: “the Impact Of Global Financial Crisis And Covid-19”,2022-01-18,2022-01,2022,Policy and Research; Must Read,Policy and Research; P &amp; R Vol.3 Issue 1,Hudda Najeeb Luni,,,https://pide.org.pk/research/pakistans-shadow-economy-the-impact-of-global-financial-crisis-and-covid-19/,https://file.pide.org.pk/uploads/par-vol3i1-07-pakistans-shadow-economy-the-impact-of-global-financial-crisis-and-covid-19.pdf,,,2022/par-vol3i1-07-pakistans-shadow-economy-the-impact-of-global-financial-crisis-and-covid-19.pdf,data/fulltext/pakistans-shadow-economy-the-impact-of-global-financial-crisis-and-covid-19.txt,765
nudge-by-richard-h-thaler-and-cass-r-sustein-book-review,Nudge By Richard H. Thaler And Cass R. Sustein (Book Review),2022-01-18,2022-01,2022,Policy and Research,Policy and Research; P &amp; R Vol.3 Issue 1,Muhammad Azwar Aslam,,,https://pide.org.pk/research/nudge-by-richard-h-thaler-and-cass-r-sustein-book-review/,https://file.pide.org.pk/uploads/par-vol3i1-04-nudge-by-richard-h-thaler-and-class-r-sunstein.pdf,,,2022/par-vol3i1-04-nudge-by-richard-h-thaler-and-class-r-sunstein.pdf,data/fulltext/nudge-by-richard-h-thaler-and-cass-r-sustein-book-review.txt,387
media-building-narratives,Media: Building Narratives,2022-01-18,2022-01,2022,Policy and Research,Policy and Research; P &amp; R Vol.3 Issue 1,Sumaiyah Taif,,,https://pide.org.pk/research/media-building-narratives/,https://file.pide.org.pk/uploads/par-vol3i1-16-media-building-narratives.pdf,,,2022/par-vol3i1-16-media-building-narratives.pdf,data/fulltext/media-building-narratives.txt,640
is-pakistan-diversifying-its-agriculture-production,Is Pakistan Diversifying Its Agriculture Production?,2022-01-18,2022-01,2022,Policy and Research; Must Read,Policy and Research; P &amp; R Vol.3 Issue 1,Muhammad Faheem Jan,,,https://pide.org.pk/research/is-pakistan-diversifying-its-agriculture-production/,https://file.pide.org.pk/uploads/par-vol3i1-14-is-pakistan-diversifying-its-agricultural-production.pdf,,,2022/par-vol3i1-14-is-pakistan-diversifying-its-agricultural-production.pdf,data/fulltext/is-pakistan-diversifying-its-agriculture-production.txt,723
interview-with-hassan-khawar-2,Interview With Hassan Khawar (P & R Vol.3 Issue 1),2022-01-18,2022-01,2022,Policy and Research,Policy and Research; P &amp; R Vol.3 Issue 1,,,,https://pide.org.pk/research/interview-with-hassan-khawar-2/,https://file.pide.org.pk/uploads/par-vol3i1-01-interview-with-hassan-khawar.pdf,,,pdfs/2022/01/par-vol3i1-01-interview-with-hassan-khawar.pdf,data/fulltext/interview-with-hassan-khawar-2.txt,2414
interview-with-dr-anwar-shah,Interview With Dr. Anwar Shah,2022-01-18,2022-01,2022,Policy and Research,Policy and Research; P &amp; R Vol.3 Issue 1,,,,https://pide.org.pk/research/interview-with-dr-anwar-shah/,https://file.pide.org.pk/uploads/par-vol3i1-02-interview-with-dr-anwar-shah.pdf,,,pdfs/2022/01/par-vol3i1-02-interview-with-dr-anwar-shah.pdf,data/fulltext/interview-with-dr-anwar-shah.txt,1315
interview-with-akbar-ali-street-vendor,Interview With Akbar Ali (Street Vendor),2022-01-18,2022-01,2022,Policy and Research,Policy and Research; P &amp; R Vol.3 Issue 1,,,,https://pide.org.pk/research/interview-with-akbar-ali-street-vendor/,https://file.pide.org.pk/uploads/par-vol3i1-03-interview-with-akbar-ali-street-vendor.pdf,,,2022/par-vol3i1-03-interview-with-akbar-ali-street-vendor.pdf,data/fulltext/interview-with-akbar-ali-street-vendor.txt,1199
informal-economy-of-pakistan-policy-research-pr-vol-3-issue-1,"Informal Economy of Pakistan – Policy & Research (P&R) Vol 3, Issue 1",2022-01-18,2022-01,2022,Policy and Research,Policy and Research; P &amp; R Magazine,,,,https://pide.org.pk/research/informal-economy-of-pakistan-policy-research-pr-vol-3-issue-1/,https://file.pide.org.pk/uploads/par-vol3i1.pdf,,,pdfs/2022/01/par-vol3i1.pdf,data/fulltext/informal-economy-of-pakistan-policy-research-pr-vol-3-issue-1.txt,162
informal-economic-activities-and-fabrication-of-inflation,Informal Economic Activities And Fabrication Of Inflation,2022-01-18,2022-01,2022,Policy and Research,Policy and Research; P &amp; R Vol.3 Issue 1,Maryam Zohra,,,https://pide.org.pk/research/informal-economic-activities-and-fabrication-of-inflation/,https://file.pide.org.pk/uploads/par-vol3i1-10-informal-economic-activities-and-fabrication-of-inflation.pdf,,,2022/par-vol3i1-10-informal-economic-activities-and-fabrication-of-inflation.pdf,data/fulltext/informal-economic-activities-and-fabrication-of-inflation.txt,730
economics-is-not-the-science-for-humanity,Economics Is Not The Science For Humanity,2022-01-18,2022-01,2022,Policy and Research,Policy and Research; P &amp; R Vol.3 Issue 1,Muhammad Safwan Abbasi,,,https://pide.org.pk/research/economics-is-not-the-science-for-humanity/,https://file.pide.org.pk/uploads/par-vol3i1-11-economics-is-not-the-science-for-humanity.pdf,,,2022/par-vol3i1-11-economics-is-not-the-science-for-humanity.pdf,data/fulltext/economics-is-not-the-science-for-humanity.txt,851
discover-your-passion-to-become-an-entrepreneur,Discover Your Passion To Become An Entrepreneur,2022-01-18,2022-01,2022,Policy and Research,Policy and Research; P &amp; R Vol.3 Issue 1,Amna Shakeel,,,https://pide.org.pk/research/discover-your-passion-to-become-an-entrepreneur/,https://file.pide.org.pk/uploads/par-vol3i1-12-discover-your-passion-to-become-an-entrepreneur.pdf,,,2022/par-vol3i1-12-discover-your-passion-to-become-an-entrepreneur.pdf,data/fulltext/discover-your-passion-to-become-an-entrepreneur.txt,527
coronavirus-and-women-in-the-economy-the-socio-economic-crisis-of-female-domestic-workers-in-pakistan,Coronavirus And Women In The Economy: The Socio-economic Crisis Of Female Domestic Workers In Pakistan,2022-01-18,2022-01,2022,Policy and Research,Policy and Research; P &amp; R Vol.3 Issue 1,Lutf Ullah Khan,,,https://pide.org.pk/research/coronavirus-and-women-in-the-economy-the-socio-economic-crisis-of-female-domestic-workers-in-pakistan/,https://file.pide.org.pk/uploads/par-vol3i1-09-coronavirus-and-women-in-the-economy-the-socioeconomic-crisis-of-female-domestic-workers-in-pakistan.pdf,,https://think-asia.org/bitstream/handle/11540/13335/Covid-19-The-New-Normal-for-Women-in-the-Economy-in-Pakistan.pdf,2022/par-vol3i1-09-coronavirus-and-women-in-the-economy-the-socioeconomic-crisis-of-female-domestic-workers-in-pakistan.pdf,data/fulltext/coronavirus-and-women-in-the-economy-the-socio-economic-crisis-of-female-domestic-workers-in-pakistan.txt,843
capital-in-twenty-first-century-by-thomas-piketty-book-review,Capital In Twenty First Century By Thomas Piketty (Book Review),2022-01-18,2022-01,2022,Policy and Research,Policy and Research; P &amp; R Vol.3 Issue 1,Muhammad Safwan,,,https://pide.org.pk/research/capital-in-twenty-first-century-by-thomas-piketty-book-review/,https://file.pide.org.pk/uploads/par-vol3i1-05-capital-in-twenty-first-century-by-thomas-piketty.pdf,,,2022/par-vol3i1-05-capital-in-twenty-first-century-by-thomas-piketty.pdf,data/fulltext/capital-in-twenty-first-century-by-thomas-piketty-book-review.txt,932
bridging-the-finance-and-the-tech-industry-towards-informality,Bridging The Finance And The Tech Industry Towards Informality,2022-01-18,2022-01,2022,Policy and Research; Must Read,Policy and Research; P &amp; R Vol.3 Issue 1,Muhammad Khurram Shabbir,,,https://pide.org.pk/research/bridging-the-finance-and-the-tech-industry-towards-informality/,https://file.pide.org.pk/uploads/par-vol3i1-06-bridging-the-finance-and-the-tech-industry.pdf,,,2022/par-vol3i1-06-bridging-the-finance-and-the-tech-industry.pdf,data/fulltext/bridging-the-finance-and-the-tech-industry-towards-informality.txt,844
a-glance-at-socio-economic-realities-of-jogi-community,A Glance At Socio-economic Realities Of Jogi Community,2022-01-18,2022-01,2022,Policy and Research,Policy and Research; P &amp; R Vol.3 Issue 1,Shamouna Mehak,,,https://pide.org.pk/research/a-glance-at-socio-economic-realities-of-jogi-community/,https://file.pide.org.pk/uploads/par-vol3i1-13-a-glance-at-socio-economic-realities-of-jogi-community.pdf,,,2022/par-vol3i1-13-a-glance-at-socio-economic-realities-of-jogi-community.pdf,data/fulltext/a-glance-at-socio-economic-realities-of-jogi-community.txt,932
a-new-economic-model,A new economic model,2022-01-17,2022-01,2022,PIDE in Press,PIDE in Press,Nasir Iqbal; Muhammad Aqeel Anwar,,,https://pide.org.pk/research/a-new-economic-model/,https://file.pide.org.pk/uploads/pip-0301-a-new-economic-model.pdf,,,pdfs/2022/01/pip-0301-a-new-economic-model.pdf,data/fulltext/a-new-economic-model.txt,960
an-economic-collapse,An economic collapse?,2022-01-14,2022-01,2022,PIDE in Press,PIDE in Press,Shahid Mehmood,,,https://pide.org.pk/research/an-economic-collapse/,https://file.pide.org.pk/uploads/pip-0300-an-economic-collapse.pdf,,,pdfs/2022/01/pip-0300-an-economic-collapse.pdf,data/fulltext/an-economic-collapse.txt,1030
schools-in-pakistan-types-and-fees-monthly,Schools in Pakistan: Types and Fees (Monthly),2022-01-12,2022-01,2022,PIDE Analytics,PIDE Analytics; Center for Sustainable Futures,Muhammad Jehangir Khan,,,https://pide.org.pk/research/schools-in-pakistan-types-and-fees-monthly/,https://file.pide.org.pk/uploads/pa-02-schools-in-pakistan-types-and-fees-monthly.pdf,,,2022/pa-02-schools-in-pakistan-types-and-fees-monthly.pdf,,0
the-paradox-of-housing-societies-in-pakistan,The Paradox of Housing Societies in Pakistan,2022-01-11,2022-01,2022,Webinars Brief,Webinars Brief; Center for Governance‚ Markets and Regulatory Analysis; Center for Energy‚ Logistics‚ and Infrastructure,Syed Saddam Haider,,,https://pide.org.pk/research/the-paradox-of-housing-societies-in-pakistan/,https://file.pide.org.pk/uploads/wb-103-the-paradox-of-housing-societies-in-pakistan.pdf,,,2022/wb-103-the-paradox-of-housing-societies-in-pakistan.pdf,data/fulltext/the-paradox-of-housing-societies-in-pakistan.txt,1129
extraction-thy-name-is-development,"Extraction, thy name is development",2022-01-11,2022-01,2022,PIDE in Press,PIDE in Press,Abbas Moosvi,,,https://pide.org.pk/research/extraction-thy-name-is-development/,https://file.pide.org.pk/uploads/pip-0299-extraction-thy-name-is-development.pdf,,,pdfs/2022/01/pip-0299-extraction-thy-name-is-development.pdf,data/fulltext/extraction-thy-name-is-development.txt,678
targeting-methods,Targeting methods,2022-01-10,2022-01,2022,PIDE in Press,PIDE in Press,Ghulam Mustafa,,,https://pide.org.pk/research/targeting-methods/,,,,,data/fulltext/targeting-methods.txt,924
power-sector-effective-regulation-not-regulatory-burden,Power Sector: Effective Regulation not Regulatory Burden,2022-01-07,2022-01,2022,Policy Viewpoint,Policy Viewpoint; Center for Governance‚ Markets and Regulatory Analysis; Center for Energy‚ Logistics‚ and Infrastructure,Afia Malik,,,https://pide.org.pk/research/power-sector-effective-regulation-not-regulatory-burden/,https://file.pide.org.pk/uploads/pv-35-power-sector-effective-regulation-not-regulatory-burden.pdf,,https://www.adb.org/sites/default/files/linked-documents/49423-005-ssa.pdf,2022/pv-35-power-sector-effective-regulation-not-regulatory-burden.pdf,data/fulltext/power-sector-effective-regulation-not-regulatory-burden.txt,1333
ptis-mini-budget-is-the-right-decision-at-the-wrong-time,PTI’s mini-budget is the right decision at the wrong time,2022-01-06,2022-01,2022,PIDE in Press,PIDE in Press,Muhammad Saood Abdullah Khan,,,https://pide.org.pk/research/ptis-mini-budget-is-the-right-decision-at-the-wrong-time/,https://file.pide.org.pk/uploads/pip-0297-ptis-mini-budget-is-the-right-decision-at-the-wrong-time.pdf,,,pdfs/2022/01/pip-0297-ptis-mini-budget-is-the-right-decision-at-the-wrong-time.pdf,data/fulltext/ptis-mini-budget-is-the-right-decision-at-the-wrong-time.txt,655
underrepresentation-of-developing-country-researchers-in-development-research,Underrepresentation of Developing Country Researchers in Development Research,2022-01-05,2022-01,2022,Webinars Brief,Webinars Brief; Center for Sustainable Futures,Gahssan Mehmood,,,https://pide.org.pk/research/underrepresentation-of-developing-country-researchers-in-development-research/,https://file.pide.org.pk/uploads/wb-102-underrepresentation-of-developing-country-researchers-in-development-research.pdf,,,2022/wb-102-underrepresentation-of-developing-country-researchers-in-development-research.pdf,data/fulltext/underrepresentation-of-developing-country-researchers-in-development-research.txt,852
imf-and-its-discontents,IMF and its discontents,2022-01-04,2022-01,2022,PIDE in Press,PIDE in Press,Abdul Jalil,,,https://pide.org.pk/research/imf-and-its-discontents/,https://file.pide.org.pk/uploads/pip-0296-imf-and-its-discontents.pdf,,,pdfs/2022/01/pip-0296-imf-and-its-discontents.pdf,data/fulltext/imf-and-its-discontents.txt,779
pakistan-opportunity-to-excel-now-and-the-future,Pakistan Opportunity To Excel: Now And The Future (PIDE Monograph),2022-01-03,2022-01,2022,Monograph Series,Monograph Series; Center for Sustainable Futures,Nadeem Ul Haque; Durr-e-Nayab,,,https://pide.org.pk/research/pakistan-opportunity-to-excel-now-and-the-future/,https://file.pide.org.pk/uploads/um-07-pakistan-opportunity-to-excel-now-and-the-future.pdf,,,2022/um-07-pakistan-opportunity-to-excel-now-and-the-future.pdf,data/fulltext/pakistan-opportunity-to-excel-now-and-the-future.txt,126
31-seth-companies-control-pakistan-stock-exchange-pide-study,’31 SETH’ Companies Control Pakistan Stock Exchange: PIDE Study,2022-01-03,2022-01,2022,PIDE in Press,PIDE in Press,,,,https://pide.org.pk/research/31-seth-companies-control-pakistan-stock-exchange-pide-study/,,,,,,0
